
==========================================================================================
INICIO CSV: vehicles_step_sim_10 | runs=100 | source=vehicles_step_sim_10.csv
==========================================================================================

[csv-worker_1] [vehicles_step_sim_10] ===== LOG RUN 001 INICIO =====
======================================================================
🚗 PROCESSAMENTO SUMO → E1 REGISTRY (OFFSET ALEATÓRIO - veh0)
======================================================================
📄 Entrada: ../data/vehicles_step_sim_10.csv
🏭 Consumo fabricante: 12.0 km/l
💰 Preço carbono: R$ 50.0/ton
⭕ Raio máximo do offset aleatório: 2.0 km
🎲 Offset gerado aleatoriamente:
   Ângulo: 202.2°
   Distância: 1.2260 km
   offset_x (lat): -0.010197°  |  offset_y (lon): -0.004160°
📊 Row stepping: Processando todas as linhas
🗺️  Map matching: ATIVADO (raio 1500m) - pontos snapped para ruas
📐 Cálculo de distância: HAVERSINE PURO dos pontos COM snap (consistência)
======================================================================

📊 Carregando dados SUMO...
   Total de registros no arquivo: 323
   Veículos únicos: 1
   🚙 Vehicle selecionado: carro_1000

🔄 Agregando viagens por vehicle_id...

💾 Dados agregados salvos em: ../data/offset_batch/vehicles_step_sim_10/run_001.csv
[csv-worker_1] [vehicles_step_sim_10] ===== LOG RUN 001 FIM =====

[csv-worker_1] [vehicles_step_sim_10] ===== LOG RUN 002 INICIO =====
======================================================================
🚗 PROCESSAMENTO SUMO → E1 REGISTRY (OFFSET ALEATÓRIO - veh0)
======================================================================
📄 Entrada: ../data/vehicles_step_sim_10.csv
🏭 Consumo fabricante: 12.0 km/l
💰 Preço carbono: R$ 50.0/ton
⭕ Raio máximo do offset aleatório: 2.0 km
🎲 Offset gerado aleatoriamente:
   Ângulo: 85.0°
   Distância: 1.2036 km
   offset_x (lat): 0.000938°  |  offset_y (lon): 0.010771°
📊 Row stepping: Processando todas as linhas
🗺️  Map matching: ATIVADO (raio 1500m) - pontos snapped para ruas
📐 Cálculo de distância: HAVERSINE PURO dos pontos COM snap (consistência)
======================================================================

📊 Carregando dados SUMO...
   Total de registros no arquivo: 301
   Veículos únicos: 1
   🚙 Vehicle selecionado: carro_1000

🔄 Agregando viagens por vehicle_id...
  📐 SUMO_carro_1000: Calculando distâncias com Haversine direto (SEM routing API)
      Original: 155 pontos → 1.4242 km (Haversine)
      Offset:   155 pontos → 1.5179 km (Haversine)

🚙 Veículo: SUMO_carro_1000
   Modelo: HBEFA4/PC_petrol_Euro-6ab
   Segmentos: 155
   📏 Distância: 1.424 km (city: 1.424, highway: 0.000)
   ⛽ Combustível: 10.127 l
   🏭 CO2 real: 23393.7 g
   🎯 CO2 meta: 274.2 g
   📊 Delta: -23119.5 g
   💰 Valor E1: R$ -1.1560
   🧭 Tentativas map matching: 157

   🔑 OFFSET DETERMINÍSTICO (x=-0.003939346983959394°, y=0.003828707632826109°, max=2.0km):
   📍 Start Original:  (40.775644, -73.960687)
   🔒 Start Protegido: (40.771451, -73.956604) ✓ 0.54 km | ✓ MAP MATCHED
   📏 Deslocamento final: 579.9 metros
   📍 End Original:    (40.775671, -73.960433)
   🔒 End Protegido:   (40.771581, -73.956361) ✓ 0.54 km | ✓ MAP MATCHED
   📏 Deslocamento final: 570.3 metros

   📐 ANÁLISE DE DISTÂNCIA DO TRAJETO (HAVERSINE DOS PONTOS ARMAZENADOS):
   ✨ 129 pontos privados duplicados foram separados para garantir visualização 1:1.
   ℹ️  Dica: use --debug-map-matching para ver tentativas detalhadas de re-snap.
   🔢 Pontos unicos original/offset: 155/26 (Δ -129, -83.2% )
   📍 Trajeto original: 1.424 km (linha reta entre pontos GPS)
   🔒 Trajeto com offset: 1.518 km (linha reta entre pontos COM snap)
   📊 Diferença: +0.094 km (+6.6%)

======================================================================
📊 ESTATÍSTICAS FINAIS
======================================================================
Viagens processadas: 1
Distância total: 1.42 km
Combustível total: 10.13 l
CO2 real total: 23393.7 g
CO2 meta total: 274.2 g
Delta CO2: -23119.5 g
Valor E1 total: R$ -1.16

💰 Créditos: R$ 0.00
💸 Débitos: R$ 1.16
📈 Saldo líquido: R$ -1.16

🗺️  MAP MATCHING:
   Pontos processados: 155
   Snaps tentados: 155 (100.0%)
   Snaps bem-sucedidos: 155 (100.0%)
   Snaps forçados (>100m): 155 (100.0%)
   ✅ TODOS os pontos estão em ruas (FORCE_SNAP=True)
======================================================================

💾 Dados agregados salvos em: ../data/offset_batch/vehicles_step_sim_10/run_002.csv
[csv-worker_1] [vehicles_step_sim_10] ===== LOG RUN 002 FIM =====

[csv-worker_1] [vehicles_step_sim_10] ===== LOG RUN 003 INICIO =====
======================================================================
🚗 PROCESSAMENTO SUMO → E1 REGISTRY (OFFSET ALEATÓRIO - veh0)
======================================================================
📄 Entrada: ../data/vehicles_step_sim_10.csv
🏭 Consumo fabricante: 12.0 km/l
💰 Preço carbono: R$ 50.0/ton
⭕ Raio máximo do offset aleatório: 2.0 km
🎲 Offset gerado aleatoriamente:
   Ângulo: 135.5°
   Distância: 1.4769 km
   offset_x (lat): -0.009455°  |  offset_y (lon): 0.009306°
📊 Row stepping: Processando todas as linhas
🗺️  Map matching: ATIVADO (raio 1500m) - pontos snapped para ruas
📐 Cálculo de distância: HAVERSINE PURO dos pontos COM snap (consistência)
======================================================================

📊 Carregando dados SUMO...
   Total de registros no arquivo: 301
   Veículos únicos: 1
   🚙 Vehicle selecionado: carro_1000

🔄 Agregando viagens por vehicle_id...
  📐 SUMO_carro_1000: Calculando distâncias com Haversine direto (SEM routing API)
      Original: 300 pontos → 3.1542 km (Haversine)
      Offset:   300 pontos → 3.6586 km (Haversine)

🚙 Veículo: SUMO_carro_1000
   Modelo: HBEFA4/PC_petrol_Euro-6ab
   Segmentos: 300
   📏 Distância: 3.158 km (city: 2.541, highway: 0.617)
   ⛽ Combustível: 49.984 l
   🏭 CO2 real: 115462.6 g
   🎯 CO2 meta: 608.0 g
   📊 Delta: -114854.6 g
   💰 Valor E1: R$ -5.7427
   🧭 Tentativas map matching: 302

   🔑 OFFSET DETERMINÍSTICO (x=-0.006534771335481142°, y=0.011590067963020163°, max=2.0km):
   📍 Start Original:  (40.775644, -73.960687)
   🔒 Start Protegido: (40.769072, -73.948916) ✓ 1.22 km | ✓ MAP MATCHED
   📏 Deslocamento final: 1232.8 metros
   📍 End Original:    (40.773912, -73.961904)
   🔒 End Protegido:   (40.767317, -73.950273) ✓ 1.22 km | ✓ MAP MATCHED
   📏 Deslocamento final: 1225.0 metros

   📐 ANÁLISE DE DISTÂNCIA DO TRAJETO (HAVERSINE DOS PONTOS ARMAZENADOS):
   ✨ 242 pontos privados duplicados foram separados para garantir visualização 1:1.
   ℹ️  Dica: use --debug-map-matching para ver tentativas detalhadas de re-snap.
   🔢 Pontos unicos original/offset: 299/58 (Δ -241, -80.6% )
   📍 Trajeto original: 3.154 km (linha reta entre pontos GPS)
   🔒 Trajeto com offset: 3.659 km (linha reta entre pontos COM snap)
   📊 Diferença: +0.504 km (+16.0%)

======================================================================
📊 ESTATÍSTICAS FINAIS
======================================================================
Viagens processadas: 1
Distância total: 3.16 km
Combustível total: 49.98 l
CO2 real total: 115462.6 g
CO2 meta total: 608.0 g
Delta CO2: -114854.6 g
Valor E1 total: R$ -5.74

💰 Créditos: R$ 0.00
💸 Débitos: R$ 5.74
📈 Saldo líquido: R$ -5.74

🗺️  MAP MATCHING:
   Pontos processados: 300
   Snaps tentados: 300 (100.0%)
   Snaps bem-sucedidos: 300 (100.0%)
   Snaps forçados (>100m): 300 (100.0%)
   ✅ TODOS os pontos estão em ruas (FORCE_SNAP=True)
======================================================================

💾 Dados agregados salvos em: ../data/offset_batch/vehicles_step_sim_10/run_003.csv
[csv-worker_1] [vehicles_step_sim_10] ===== LOG RUN 003 FIM =====

[csv-worker_1] [vehicles_step_sim_10] ===== LOG RUN 004 INICIO =====
======================================================================
🚗 PROCESSAMENTO SUMO → E1 REGISTRY (OFFSET ALEATÓRIO - veh0)
======================================================================
📄 Entrada: ../data/vehicles_step_sim_10.csv
🏭 Consumo fabricante: 12.0 km/l
💰 Preço carbono: R$ 50.0/ton
⭕ Raio máximo do offset aleatório: 2.0 km
🎲 Offset gerado aleatoriamente:
   Ângulo: 71.5°
   Distância: 0.5926 km
   offset_x (lat): 0.001692°  |  offset_y (lon): 0.005048°
📊 Row stepping: Processando todas as linhas
🗺️  Map matching: ATIVADO (raio 1500m) - pontos snapped para ruas
📐 Cálculo de distância: HAVERSINE PURO dos pontos COM snap (consistência)
======================================================================

📊 Carregando dados SUMO...
   Total de registros no arquivo: 301
   Veículos únicos: 1
   🚙 Vehicle selecionado: carro_1000

🔄 Agregando viagens por vehicle_id...
  📐 SUMO_carro_1000: Calculando distâncias com Haversine direto (SEM routing API)
      Original: 312 pontos → 3.1845 km (Haversine)
      Offset:   312 pontos → 2.9554 km (Haversine)

🚙 Veículo: SUMO_carro_1000
   Modelo: HBEFA4/PC_petrol_Euro-6ab
   Segmentos: 312
   📏 Distância: 3.190 km (city: 2.602, highway: 0.587)
   ⛽ Combustível: 54.577 l
   🏭 CO2 real: 126071.8 g
   🎯 CO2 meta: 614.1 g
   📊 Delta: -125457.8 g
   💰 Valor E1: R$ -6.2729
   🧭 Tentativas map matching: 314

   🔑 OFFSET DETERMINÍSTICO (x=0.01692239459278796°, y=0.00504802643689563°, max=2.0km):
   📍 Start Original:  (40.775644, -73.960687)
   🔒 Start Protegido: (40.791632, -73.953043) ✓ 1.93 km | ✓ MAP MATCHED
   📏 Deslocamento final: 1892.9 metros
   📍 End Original:    (40.771637, -73.963520)
   🔒 End Protegido:   (40.789586, -73.957639) ✓ 1.93 km | ✓ MAP MATCHED
   📏 Deslocamento final: 2058.7 metros

   📐 ANÁLISE DE DISTÂNCIA DO TRAJETO (HAVERSINE DOS PONTOS ARMAZENADOS):
   ✨ 272 pontos privados duplicados foram separados para garantir visualização 1:1.
   ℹ️  Dica: use --debug-map-matching para ver tentativas detalhadas de re-snap.
   🔢 Pontos unicos original/offset: 312/40 (Δ -272, -87.2% )
   📍 Trajeto original: 3.185 km (linha reta entre pontos GPS)
   🔒 Trajeto com offset: 2.955 km (linha reta entre pontos COM snap)
   📊 Diferença: -0.229 km (-7.2%)

======================================================================
📊 ESTATÍSTICAS FINAIS
======================================================================
Viagens processadas: 1
Distância total: 3.19 km
Combustível total: 54.58 l
CO2 real total: 126071.8 g
CO2 meta total: 614.1 g
Delta CO2: -125457.8 g
Valor E1 total: R$ -6.27

💰 Créditos: R$ 0.00
💸 Débitos: R$ 6.27
📈 Saldo líquido: R$ -6.27

🗺️  MAP MATCHING:
   Pontos processados: 312
   Snaps tentados: 312 (100.0%)
   Snaps bem-sucedidos: 312 (100.0%)
   Snaps forçados (>100m): 312 (100.0%)
   ✅ TODOS os pontos estão em ruas (FORCE_SNAP=True)
======================================================================

💾 Dados agregados salvos em: ../data/offset_batch/vehicles_step_sim_10/run_004.csv
[csv-worker_1] [vehicles_step_sim_10] ===== LOG RUN 004 FIM =====

[csv-worker_1] [vehicles_step_sim_10] ===== LOG RUN 005 INICIO =====
======================================================================
🚗 PROCESSAMENTO SUMO → E1 REGISTRY (OFFSET ALEATÓRIO - veh0)
======================================================================
📄 Entrada: ../data/vehicles_step_sim_10.csv
🏭 Consumo fabricante: 12.0 km/l
💰 Preço carbono: R$ 50.0/ton
⭕ Raio máximo do offset aleatório: 2.0 km
🎲 Offset gerado aleatoriamente:
   Ângulo: 153.5°
   Distância: 0.4381 km
   offset_x (lat): -0.003521°  |  offset_y (lon): 0.001759°
📊 Row stepping: Processando todas as linhas
🗺️  Map matching: ATIVADO (raio 1500m) - pontos snapped para ruas
📐 Cálculo de distância: HAVERSINE PURO dos pontos COM snap (consistência)
======================================================================

📊 Carregando dados SUMO...
   Total de registros no arquivo: 301
   Veículos únicos: 1
   🚙 Vehicle selecionado: carro_1000

🔄 Agregando viagens por vehicle_id...
  📐 SUMO_carro_1000: Calculando distâncias com Haversine direto (SEM routing API)
      Original: 222 pontos → 1.9688 km (Haversine)
      Offset:   222 pontos → 1.2925 km (Haversine)

🚙 Veículo: SUMO_carro_1000
   Modelo: HBEFA4/PC_petrol_Euro-6ab
   Segmentos: 222
   📏 Distância: 1.973 km (city: 1.973, highway: 0.000)
   ⛽ Combustível: 24.219 l
   🏭 CO2 real: 55946.2 g
   🎯 CO2 meta: 379.8 g
   📊 Delta: -55566.4 g
   💰 Valor E1: R$ -2.7783
   🧭 Tentativas map matching: 224

   🔑 OFFSET DETERMINÍSTICO (x=0.01063320981684195°, y=0.0016406776924575244°, max=2.0km):
   📍 Start Original:  (40.775644, -73.960687)
   🔒 Start Protegido: (40.785401, -73.957595) ✓ 1.19 km | ✓ MAP MATCHED
   📏 Deslocamento final: 1117.0 metros
   📍 End Original:    (40.772651, -73.962544)
   🔒 End Protegido:   (40.782786, -73.959495) ✓ 1.19 km | ✓ MAP MATCHED
   📏 Deslocamento final: 1157.1 metros

   📐 ANÁLISE DE DISTÂNCIA DO TRAJETO (HAVERSINE DOS PONTOS ARMAZENADOS):
   ✨ 201 pontos privados duplicados foram separados para garantir visualização 1:1.
   ℹ️  Dica: use --debug-map-matching para ver tentativas detalhadas de re-snap.
   🔢 Pontos unicos original/offset: 221/21 (Δ -200, -90.5% )
   📍 Trajeto original: 1.969 km (linha reta entre pontos GPS)
   🔒 Trajeto com offset: 1.293 km (linha reta entre pontos COM snap)
   📊 Diferença: -0.676 km (-34.3%)

======================================================================
📊 ESTATÍSTICAS FINAIS
======================================================================
Viagens processadas: 1
Distância total: 1.97 km
Combustível total: 24.22 l
CO2 real total: 55946.2 g
CO2 meta total: 379.8 g
Delta CO2: -55566.4 g
Valor E1 total: R$ -2.78

💰 Créditos: R$ 0.00
💸 Débitos: R$ 2.78
📈 Saldo líquido: R$ -2.78

🗺️  MAP MATCHING:
   Pontos processados: 222
   Snaps tentados: 222 (100.0%)
   Snaps bem-sucedidos: 222 (100.0%)
   Snaps forçados (>100m): 222 (100.0%)
   ✅ TODOS os pontos estão em ruas (FORCE_SNAP=True)
======================================================================

💾 Dados agregados salvos em: ../data/offset_batch/vehicles_step_sim_10/run_005.csv
[csv-worker_1] [vehicles_step_sim_10] ===== LOG RUN 005 FIM =====

[csv-worker_1] [vehicles_step_sim_10] ===== LOG RUN 006 INICIO =====
======================================================================
🚗 PROCESSAMENTO SUMO → E1 REGISTRY (OFFSET ALEATÓRIO - veh0)
======================================================================
📄 Entrada: ../data/vehicles_step_sim_10.csv
🏭 Consumo fabricante: 12.0 km/l
💰 Preço carbono: R$ 50.0/ton
⭕ Raio máximo do offset aleatório: 2.0 km
🎲 Offset gerado aleatoriamente:
   Ângulo: 205.0°
   Distância: 1.3111 km
   offset_x (lat): -0.010675°  |  offset_y (lon): -0.004976°
📊 Row stepping: Processando todas as linhas
🗺️  Map matching: ATIVADO (raio 1500m) - pontos snapped para ruas
📐 Cálculo de distância: HAVERSINE PURO dos pontos COM snap (consistência)
======================================================================

📊 Carregando dados SUMO...
   Total de registros no arquivo: 301
   Veículos únicos: 1
   🚙 Vehicle selecionado: carro_1000

🔄 Agregando viagens por vehicle_id...
  📐 SUMO_carro_1000: Calculando distâncias com Haversine direto (SEM routing API)
      Original: 312 pontos → 3.1845 km (Haversine)
      Offset:   312 pontos → 3.2642 km (Haversine)

🚙 Veículo: SUMO_carro_1000
   Modelo: HBEFA4/PC_petrol_Euro-6ab
   Segmentos: 312
   📏 Distância: 3.190 km (city: 2.602, highway: 0.587)
   ⛽ Combustível: 54.577 l
   🏭 CO2 real: 126071.8 g
   🎯 CO2 meta: 614.1 g
   📊 Delta: -125457.8 g
   💰 Valor E1: R$ -6.2729
   🧭 Tentativas map matching: 314

   🔑 OFFSET DETERMINÍSTICO (x=0.00460858380317048°, y=-0.0021653174385135652°, max=2.0km):
   📍 Start Original:  (40.775644, -73.960687)
   🔒 Start Protegido: (40.780752, -73.961950) ✓ 0.54 km | ✓ MAP MATCHED
   📏 Deslocamento final: 578.5 metros
   📍 End Original:    (40.771637, -73.963520)
   🔒 End Protegido:   (40.775734, -73.964638) ✓ 0.54 km | ✓ MAP MATCHED
   📏 Deslocamento final: 465.7 metros

   📐 ANÁLISE DE DISTÂNCIA DO TRAJETO (HAVERSINE DOS PONTOS ARMAZENADOS):
   ✨ 267 pontos privados duplicados foram separados para garantir visualização 1:1.
   ℹ️  Dica: use --debug-map-matching para ver tentativas detalhadas de re-snap.
   🔢 Pontos unicos original/offset: 312/45 (Δ -267, -85.6% )
   📍 Trajeto original: 3.185 km (linha reta entre pontos GPS)
   🔒 Trajeto com offset: 3.264 km (linha reta entre pontos COM snap)
   📊 Diferença: +0.080 km (+2.5%)

======================================================================
📊 ESTATÍSTICAS FINAIS
======================================================================
Viagens processadas: 1
Distância total: 3.19 km
Combustível total: 54.58 l
CO2 real total: 126071.8 g
CO2 meta total: 614.1 g
Delta CO2: -125457.8 g
Valor E1 total: R$ -6.27

💰 Créditos: R$ 0.00
💸 Débitos: R$ 6.27
📈 Saldo líquido: R$ -6.27

🗺️  MAP MATCHING:
   Pontos processados: 312
   Snaps tentados: 312 (100.0%)
   Snaps bem-sucedidos: 312 (100.0%)
   Snaps forçados (>100m): 312 (100.0%)
   ✅ TODOS os pontos estão em ruas (FORCE_SNAP=True)
======================================================================

💾 Dados agregados salvos em: ../data/offset_batch/vehicles_step_sim_10/run_006.csv
[csv-worker_1] [vehicles_step_sim_10] ===== LOG RUN 006 FIM =====

[csv-worker_1] [vehicles_step_sim_10] ===== LOG RUN 007 INICIO =====
======================================================================
🚗 PROCESSAMENTO SUMO → E1 REGISTRY (OFFSET ALEATÓRIO - veh0)
======================================================================
📄 Entrada: ../data/vehicles_step_sim_10.csv
🏭 Consumo fabricante: 12.0 km/l
💰 Preço carbono: R$ 50.0/ton
⭕ Raio máximo do offset aleatório: 2.0 km
🎲 Offset gerado aleatoriamente:
   Ângulo: 331.6°
   Distância: 1.2364 km
   offset_x (lat): 0.009772°  |  offset_y (lon): -0.005279°
📊 Row stepping: Processando todas as linhas
🗺️  Map matching: ATIVADO (raio 1500m) - pontos snapped para ruas
📐 Cálculo de distância: HAVERSINE PURO dos pontos COM snap (consistência)
======================================================================

📊 Carregando dados SUMO...
   Total de registros no arquivo: 301
   Veículos únicos: 1
   🚙 Vehicle selecionado: carro_1000

🔄 Agregando viagens por vehicle_id...
  📐 SUMO_carro_1000: Calculando distâncias com Haversine direto (SEM routing API)
      Original: 222 pontos → 1.9688 km (Haversine)
      Offset:   222 pontos → 2.6477 km (Haversine)

🚙 Veículo: SUMO_carro_1000
   Modelo: HBEFA4/PC_petrol_Euro-6ab
   Segmentos: 222
   📏 Distância: 1.973 km (city: 1.973, highway: 0.000)
   ⛽ Combustível: 24.219 l
   🏭 CO2 real: 55946.2 g
   🎯 CO2 meta: 379.8 g
   📊 Delta: -55566.4 g
   💰 Valor E1: R$ -2.7783
   🧭 Tentativas map matching: 224

   🔑 OFFSET DETERMINÍSTICO (x=0.01434260679968506°, y=-0.00763526462156835°, max=2.0km):
   📍 Start Original:  (40.775644, -73.960687)
   🔒 Start Protegido: (40.790256, -73.969264) ✓ 1.72 km | ✓ MAP MATCHED
   📏 Deslocamento final: 1780.1 metros
   📍 End Original:    (40.772651, -73.962544)
   🔒 End Protegido:   (40.787740, -73.971096) ✓ 1.72 km | ✓ MAP MATCHED
   📏 Deslocamento final: 1827.9 metros

   📐 ANÁLISE DE DISTÂNCIA DO TRAJETO (HAVERSINE DOS PONTOS ARMAZENADOS):
   ✨ 195 pontos privados duplicados foram separados para garantir visualização 1:1.
   ℹ️  Dica: use --debug-map-matching para ver tentativas detalhadas de re-snap.
   🔢 Pontos unicos original/offset: 221/27 (Δ -194, -87.8% )
   📍 Trajeto original: 1.969 km (linha reta entre pontos GPS)
   🔒 Trajeto com offset: 2.648 km (linha reta entre pontos COM snap)
   📊 Diferença: +0.679 km (+34.5%)

======================================================================
📊 ESTATÍSTICAS FINAIS
======================================================================
Viagens processadas: 1
Distância total: 1.97 km
Combustível total: 24.22 l
CO2 real total: 55946.2 g
CO2 meta total: 379.8 g
Delta CO2: -55566.4 g
Valor E1 total: R$ -2.78

💰 Créditos: R$ 0.00
💸 Débitos: R$ 2.78
📈 Saldo líquido: R$ -2.78

🗺️  MAP MATCHING:
   Pontos processados: 222
   Snaps tentados: 222 (100.0%)
   Snaps bem-sucedidos: 222 (100.0%)
   Snaps forçados (>100m): 222 (100.0%)
   ✅ TODOS os pontos estão em ruas (FORCE_SNAP=True)
======================================================================

💾 Dados agregados salvos em: ../data/offset_batch/vehicles_step_sim_10/run_007.csv
[csv-worker_1] [vehicles_step_sim_10] ===== LOG RUN 007 FIM =====

[csv-worker_1] [vehicles_step_sim_10] ===== LOG RUN 008 INICIO =====
======================================================================
🚗 PROCESSAMENTO SUMO → E1 REGISTRY (OFFSET ALEATÓRIO - veh0)
======================================================================
📄 Entrada: ../data/vehicles_step_sim_10.csv
🏭 Consumo fabricante: 12.0 km/l
💰 Preço carbono: R$ 50.0/ton
⭕ Raio máximo do offset aleatório: 2.0 km
🎲 Offset gerado aleatoriamente:
   Ângulo: 328.8°
   Distância: 1.8313 km
   offset_x (lat): 0.014073°  |  offset_y (lon): -0.008519°
📊 Row stepping: Processando todas as linhas
🗺️  Map matching: ATIVADO (raio 1500m) - pontos snapped para ruas
📐 Cálculo de distância: HAVERSINE PURO dos pontos COM snap (consistência)
======================================================================

📊 Carregando dados SUMO...
   Total de registros no arquivo: 301
   Veículos únicos: 1
   🚙 Vehicle selecionado: carro_1000

🔄 Agregando viagens por vehicle_id...
  📐 SUMO_carro_1000: Calculando distâncias com Haversine direto (SEM routing API)
      Original: 337 pontos → 3.3706 km (Haversine)
      Offset:   337 pontos → 3.7235 km (Haversine)

🚙 Veículo: SUMO_carro_1000
   Modelo: HBEFA4/PC_petrol_Euro-6ab
   Segmentos: 337
   📏 Distância: 3.379 km (city: 3.069, highway: 0.310)
   ⛽ Combustível: 58.616 l
   🏭 CO2 real: 135402.3 g
   🎯 CO2 meta: 650.5 g
   📊 Delta: -134751.8 g
   💰 Valor E1: R$ -6.7376
   🧭 Tentativas map matching: 339

   🔑 OFFSET DETERMINÍSTICO (x=-0.01187271979761672°, y=-0.012889104425558767°, max=2.0km):
   📍 Start Original:  (40.775644, -73.960687)
   🔒 Start Protegido: (40.763704, -73.973613) ✓ 1.71 km | ✓ MAP MATCHED
   📏 Deslocamento final: 1718.7 metros
   📍 End Original:    (40.774801, -73.960637)
   🔒 End Protegido:   (40.762920, -73.973849) ✓ 1.71 km | ✓ MAP MATCHED
   📏 Deslocamento final: 1729.2 metros

   📐 ANÁLISE DE DISTÂNCIA DO TRAJETO (HAVERSINE DOS PONTOS ARMAZENADOS):
   ✨ 246 pontos privados duplicados foram separados para garantir visualização 1:1.
   ℹ️  Dica: use --debug-map-matching para ver tentativas detalhadas de re-snap.
   🔢 Pontos unicos original/offset: 337/91 (Δ -246, -73.0% )
   📍 Trajeto original: 3.371 km (linha reta entre pontos GPS)
   🔒 Trajeto com offset: 3.723 km (linha reta entre pontos COM snap)
   📊 Diferença: +0.353 km (+10.5%)

======================================================================
📊 ESTATÍSTICAS FINAIS
======================================================================
Viagens processadas: 1
Distância total: 3.38 km
Combustível total: 58.62 l
CO2 real total: 135402.3 g
CO2 meta total: 650.5 g
Delta CO2: -134751.8 g
Valor E1 total: R$ -6.74

💰 Créditos: R$ 0.00
💸 Débitos: R$ 6.74
📈 Saldo líquido: R$ -6.74

🗺️  MAP MATCHING:
   Pontos processados: 337
   Snaps tentados: 337 (100.0%)
   Snaps bem-sucedidos: 337 (100.0%)
   Snaps forçados (>100m): 337 (100.0%)
   ✅ TODOS os pontos estão em ruas (FORCE_SNAP=True)
======================================================================

💾 Dados agregados salvos em: ../data/offset_batch/vehicles_step_sim_10/run_008.csv
[csv-worker_1] [vehicles_step_sim_10] ===== LOG RUN 008 FIM =====

[csv-worker_1] [vehicles_step_sim_10] ===== LOG RUN 009 INICIO =====
======================================================================
🚗 PROCESSAMENTO SUMO → E1 REGISTRY (OFFSET ALEATÓRIO - veh0)
======================================================================
📄 Entrada: ../data/vehicles_step_sim_10.csv
🏭 Consumo fabricante: 12.0 km/l
💰 Preço carbono: R$ 50.0/ton
⭕ Raio máximo do offset aleatório: 2.0 km
🎲 Offset gerado aleatoriamente:
   Ângulo: 272.3°
   Distância: 1.1290 km
   offset_x (lat): 0.000410°  |  offset_y (lon): -0.010134°
📊 Row stepping: Processando todas as linhas
🗺️  Map matching: ATIVADO (raio 1500m) - pontos snapped para ruas
📐 Cálculo de distância: HAVERSINE PURO dos pontos COM snap (consistência)
======================================================================

📊 Carregando dados SUMO...
   Total de registros no arquivo: 301
   Veículos únicos: 1
   🚙 Vehicle selecionado: carro_1000

🔄 Agregando viagens por vehicle_id...
  📐 SUMO_carro_1000: Calculando distâncias com Haversine direto (SEM routing API)
      Original: 337 pontos → 3.3706 km (Haversine)
      Offset:   337 pontos → 3.9292 km (Haversine)

🚙 Veículo: SUMO_carro_1000
   Modelo: HBEFA4/PC_petrol_Euro-6ab
   Segmentos: 337
   📏 Distância: 3.379 km (city: 3.069, highway: 0.310)
   ⛽ Combustível: 58.616 l
   🏭 CO2 real: 135402.3 g
   🎯 CO2 meta: 650.5 g
   📊 Delta: -134751.8 g
   💰 Valor E1: R$ -6.7376
   🧭 Tentativas map matching: 339

   🔑 OFFSET DETERMINÍSTICO (x=-0.004979968025064523°, y=-0.010346834853401373°, max=2.0km):
   📍 Start Original:  (40.775644, -73.960687)
   🔒 Start Protegido: (40.769845, -73.968945) ✓ 1.03 km | ✓ MAP MATCHED
   📏 Deslocamento final: 949.4 metros
   📍 End Original:    (40.774801, -73.960637)
   🔒 End Protegido:   (40.768813, -73.970794) ✓ 1.03 km | ✓ MAP MATCHED
   📏 Deslocamento final: 1085.2 metros

   📐 ANÁLISE DE DISTÂNCIA DO TRAJETO (HAVERSINE DOS PONTOS ARMAZENADOS):
   ✨ 275 pontos privados duplicados foram separados para garantir visualização 1:1.
   ℹ️  Dica: use --debug-map-matching para ver tentativas detalhadas de re-snap.
   🔢 Pontos unicos original/offset: 337/62 (Δ -275, -81.6% )
   📍 Trajeto original: 3.371 km (linha reta entre pontos GPS)
   🔒 Trajeto com offset: 3.929 km (linha reta entre pontos COM snap)
   📊 Diferença: +0.559 km (+16.6%)

======================================================================
📊 ESTATÍSTICAS FINAIS
======================================================================
Viagens processadas: 1
Distância total: 3.38 km
Combustível total: 58.62 l
CO2 real total: 135402.3 g
CO2 meta total: 650.5 g
Delta CO2: -134751.8 g
Valor E1 total: R$ -6.74

💰 Créditos: R$ 0.00
💸 Débitos: R$ 6.74
📈 Saldo líquido: R$ -6.74

🗺️  MAP MATCHING:
   Pontos processados: 337
   Snaps tentados: 337 (100.0%)
   Snaps bem-sucedidos: 337 (100.0%)
   Snaps forçados (>100m): 337 (100.0%)
   ✅ TODOS os pontos estão em ruas (FORCE_SNAP=True)
======================================================================

💾 Dados agregados salvos em: ../data/offset_batch/vehicles_step_sim_10/run_009.csv
[csv-worker_1] [vehicles_step_sim_10] ===== LOG RUN 009 FIM =====

[csv-worker_1] [vehicles_step_sim_10] ===== LOG RUN 010 INICIO =====
======================================================================
🚗 PROCESSAMENTO SUMO → E1 REGISTRY (OFFSET ALEATÓRIO - veh0)
======================================================================
📄 Entrada: ../data/vehicles_step_sim_10.csv
🏭 Consumo fabricante: 12.0 km/l
💰 Preço carbono: R$ 50.0/ton
⭕ Raio máximo do offset aleatório: 2.0 km
🎲 Offset gerado aleatoriamente:
   Ângulo: 157.6°
   Distância: 1.9716 km
   offset_x (lat): -0.016372°  |  offset_y (lon): 0.006755°
📊 Row stepping: Processando todas as linhas
🗺️  Map matching: ATIVADO (raio 1500m) - pontos snapped para ruas
📐 Cálculo de distância: HAVERSINE PURO dos pontos COM snap (consistência)
======================================================================

📊 Carregando dados SUMO...
   Total de registros no arquivo: 301
   Veículos únicos: 1
   🚙 Vehicle selecionado: carro_1000

🔄 Agregando viagens por vehicle_id...
  📐 SUMO_carro_1000: Calculando distâncias com Haversine direto (SEM routing API)
      Original: 324 pontos → 3.1629 km (Haversine)
      Offset:   324 pontos → 4.0138 km (Haversine)

🚙 Veículo: SUMO_carro_1000
   Modelo: HBEFA4/PC_petrol_Euro-6ab
   Segmentos: 324
   📏 Distância: 3.166 km (city: 3.024, highway: 0.142)
   ⛽ Combustível: 49.530 l
   🏭 CO2 real: 114414.1 g
   🎯 CO2 meta: 609.4 g
   📊 Delta: -113804.6 g
   💰 Valor E1: R$ -5.6902
   🧭 Tentativas map matching: 326

   🔑 OFFSET DETERMINÍSTICO (x=-0.009584591131693314°, y=-0.004132056486130416°, max=2.0km):
   📍 Start Original:  (40.775644, -73.960687)
   🔒 Start Protegido: (40.765949, -73.965350) ✓ 1.12 km | ✓ MAP MATCHED
   📏 Deslocamento final: 1148.5 metros
   📍 End Original:    (40.772251, -73.963071)
   🔒 End Protegido:   (40.762577, -73.967025) ✓ 1.12 km | ✓ MAP MATCHED
   📏 Deslocamento final: 1127.2 metros

   📐 ANÁLISE DE DISTÂNCIA DO TRAJETO (HAVERSINE DOS PONTOS ARMAZENADOS):
   ✨ 264 pontos privados duplicados foram separados para garantir visualização 1:1.
   ℹ️  Dica: use --debug-map-matching para ver tentativas detalhadas de re-snap.
   🔢 Pontos unicos original/offset: 324/60 (Δ -264, -81.5% )
   📍 Trajeto original: 3.163 km (linha reta entre pontos GPS)
   🔒 Trajeto com offset: 4.014 km (linha reta entre pontos COM snap)
   📊 Diferença: +0.851 km (+26.9%)

======================================================================
📊 ESTATÍSTICAS FINAIS
======================================================================
Viagens processadas: 1
Distância total: 3.17 km
Combustível total: 49.53 l
CO2 real total: 114414.1 g
CO2 meta total: 609.4 g
Delta CO2: -113804.6 g
Valor E1 total: R$ -5.69

💰 Créditos: R$ 0.00
💸 Débitos: R$ 5.69
📈 Saldo líquido: R$ -5.69

🗺️  MAP MATCHING:
   Pontos processados: 324
   Snaps tentados: 324 (100.0%)
   Snaps bem-sucedidos: 324 (100.0%)
   Snaps forçados (>100m): 324 (100.0%)
   ✅ TODOS os pontos estão em ruas (FORCE_SNAP=True)
======================================================================

💾 Dados agregados salvos em: ../data/offset_batch/vehicles_step_sim_10/run_010.csv
[csv-worker_1] [vehicles_step_sim_10] ===== LOG RUN 010 FIM =====

[csv-worker_1] [vehicles_step_sim_10] ===== LOG RUN 011 INICIO =====
======================================================================
🚗 PROCESSAMENTO SUMO → E1 REGISTRY (OFFSET ALEATÓRIO - veh0)
======================================================================
📄 Entrada: ../data/vehicles_step_sim_10.csv
🏭 Consumo fabricante: 12.0 km/l
💰 Preço carbono: R$ 50.0/ton
⭕ Raio máximo do offset aleatório: 2.0 km
🎲 Offset gerado aleatoriamente:
   Ângulo: 28.1°
   Distância: 1.8332 km
   offset_x (lat): 0.014530°  |  offset_y (lon): 0.007750°
📊 Row stepping: Processando todas as linhas
🗺️  Map matching: ATIVADO (raio 1500m) - pontos snapped para ruas
📐 Cálculo de distância: HAVERSINE PURO dos pontos COM snap (consistência)
======================================================================

📊 Carregando dados SUMO...
   Total de registros no arquivo: 301
   Veículos únicos: 1
   🚙 Vehicle selecionado: carro_1000

🔄 Agregando viagens por vehicle_id...
  📐 SUMO_carro_1000: Calculando distâncias com Haversine direto (SEM routing API)
      Original: 222 pontos → 1.9688 km (Haversine)
      Offset:   222 pontos → 2.4412 km (Haversine)

🚙 Veículo: SUMO_carro_1000
   Modelo: HBEFA4/PC_petrol_Euro-6ab
   Segmentos: 222
   📏 Distância: 1.973 km (city: 1.973, highway: 0.000)
   ⛽ Combustível: 24.219 l
   🏭 CO2 real: 55946.2 g
   🎯 CO2 meta: 379.8 g
   📊 Delta: -55566.4 g
   💰 Valor E1: R$ -2.7783
   🧭 Tentativas map matching: 224

   🔑 OFFSET DETERMINÍSTICO (x=-0.009336036712825171°, y=-0.0017979390026384608°, max=2.0km):
   📍 Start Original:  (40.775644, -73.960687)
   🔒 Start Protegido: (40.766496, -73.962798) ✓ 1.05 km | ✓ MAP MATCHED
   📏 Deslocamento final: 1033.8 metros
   📍 End Original:    (40.772651, -73.962544)
   🔒 End Protegido:   (40.763218, -73.964703) ✓ 1.05 km | ✓ MAP MATCHED
   📏 Deslocamento final: 1065.8 metros

   📐 ANÁLISE DE DISTÂNCIA DO TRAJETO (HAVERSINE DOS PONTOS ARMAZENADOS):
   ✨ 179 pontos privados duplicados foram separados para garantir visualização 1:1.
   ℹ️  Dica: use --debug-map-matching para ver tentativas detalhadas de re-snap.
   🔢 Pontos unicos original/offset: 221/43 (Δ -178, -80.5% )
   📍 Trajeto original: 1.969 km (linha reta entre pontos GPS)
   🔒 Trajeto com offset: 2.441 km (linha reta entre pontos COM snap)
   📊 Diferença: +0.472 km (+24.0%)

======================================================================
📊 ESTATÍSTICAS FINAIS
======================================================================
Viagens processadas: 1
Distância total: 1.97 km
Combustível total: 24.22 l
CO2 real total: 55946.2 g
CO2 meta total: 379.8 g
Delta CO2: -55566.4 g
Valor E1 total: R$ -2.78

💰 Créditos: R$ 0.00
💸 Débitos: R$ 2.78
📈 Saldo líquido: R$ -2.78

🗺️  MAP MATCHING:
   Pontos processados: 222
   Snaps tentados: 222 (100.0%)
   Snaps bem-sucedidos: 222 (100.0%)
   Snaps forçados (>100m): 222 (100.0%)
   ✅ TODOS os pontos estão em ruas (FORCE_SNAP=True)
======================================================================

💾 Dados agregados salvos em: ../data/offset_batch/vehicles_step_sim_10/run_011.csv
[csv-worker_1] [vehicles_step_sim_10] ===== LOG RUN 011 FIM =====

[csv-worker_1] [vehicles_step_sim_10] ===== LOG RUN 012 INICIO =====
======================================================================
🚗 PROCESSAMENTO SUMO → E1 REGISTRY (OFFSET ALEATÓRIO - veh0)
======================================================================
📄 Entrada: ../data/vehicles_step_sim_10.csv
🏭 Consumo fabricante: 12.0 km/l
💰 Preço carbono: R$ 50.0/ton
⭕ Raio máximo do offset aleatório: 2.0 km
🎲 Offset gerado aleatoriamente:
   Ângulo: 49.8°
   Distância: 1.4208 km
   offset_x (lat): 0.008236°  |  offset_y (lon): 0.009750°
📊 Row stepping: Processando todas as linhas
🗺️  Map matching: ATIVADO (raio 1500m) - pontos snapped para ruas
📐 Cálculo de distância: HAVERSINE PURO dos pontos COM snap (consistência)
======================================================================

📊 Carregando dados SUMO...
   Total de registros no arquivo: 301
   Veículos únicos: 1
   🚙 Vehicle selecionado: carro_1000

🔄 Agregando viagens por vehicle_id...
  📐 SUMO_carro_1000: Calculando distâncias com Haversine direto (SEM routing API)
      Original: 222 pontos → 1.9688 km (Haversine)
      Offset:   222 pontos → 1.3629 km (Haversine)

🚙 Veículo: SUMO_carro_1000
   Modelo: HBEFA4/PC_petrol_Euro-6ab
   Segmentos: 222
   📏 Distância: 1.973 km (city: 1.973, highway: 0.000)
   ⛽ Combustível: 24.219 l
   🏭 CO2 real: 55946.2 g
   🎯 CO2 meta: 379.8 g
   📊 Delta: -55566.4 g
   💰 Valor E1: R$ -2.7783
   🧭 Tentativas map matching: 224

   🔑 OFFSET DETERMINÍSTICO (x=0.015995260446688926°, y=-0.005311890352920034°, max=2.0km):
   📍 Start Original:  (40.775644, -73.960687)
   🔒 Start Protegido: (40.791048, -73.965306) ✓ 1.84 km | ✓ MAP MATCHED
   📏 Deslocamento final: 1758.5 metros
   📍 End Original:    (40.772651, -73.962544)
   🔒 End Protegido:   (40.788547, -73.967136) ✓ 1.84 km | ✓ MAP MATCHED
   📏 Deslocamento final: 1811.4 metros

   📐 ANÁLISE DE DISTÂNCIA DO TRAJETO (HAVERSINE DOS PONTOS ARMAZENADOS):
   ✨ 198 pontos privados duplicados foram separados para garantir visualização 1:1.
   ℹ️  Dica: use --debug-map-matching para ver tentativas detalhadas de re-snap.
   🔢 Pontos unicos original/offset: 221/24 (Δ -197, -89.1% )
   📍 Trajeto original: 1.969 km (linha reta entre pontos GPS)
   🔒 Trajeto com offset: 1.363 km (linha reta entre pontos COM snap)
   📊 Diferença: -0.606 km (-30.8%)

======================================================================
📊 ESTATÍSTICAS FINAIS
======================================================================
Viagens processadas: 1
Distância total: 1.97 km
Combustível total: 24.22 l
CO2 real total: 55946.2 g
CO2 meta total: 379.8 g
Delta CO2: -55566.4 g
Valor E1 total: R$ -2.78

💰 Créditos: R$ 0.00
💸 Débitos: R$ 2.78
📈 Saldo líquido: R$ -2.78

🗺️  MAP MATCHING:
   Pontos processados: 222
   Snaps tentados: 222 (100.0%)
   Snaps bem-sucedidos: 222 (100.0%)
   Snaps forçados (>100m): 222 (100.0%)
   ✅ TODOS os pontos estão em ruas (FORCE_SNAP=True)
======================================================================

💾 Dados agregados salvos em: ../data/offset_batch/vehicles_step_sim_10/run_012.csv
[csv-worker_1] [vehicles_step_sim_10] ===== LOG RUN 012 FIM =====

[csv-worker_1] [vehicles_step_sim_10] ===== LOG RUN 013 INICIO =====
======================================================================
🚗 PROCESSAMENTO SUMO → E1 REGISTRY (OFFSET ALEATÓRIO - veh0)
======================================================================
📄 Entrada: ../data/vehicles_step_sim_10.csv
🏭 Consumo fabricante: 12.0 km/l
💰 Preço carbono: R$ 50.0/ton
⭕ Raio máximo do offset aleatório: 2.0 km
🎲 Offset gerado aleatoriamente:
   Ângulo: 329.7°
   Distância: 1.0090 km
   offset_x (lat): 0.007824°  |  offset_y (lon): -0.004575°
📊 Row stepping: Processando todas as linhas
🗺️  Map matching: ATIVADO (raio 1500m) - pontos snapped para ruas
📐 Cálculo de distância: HAVERSINE PURO dos pontos COM snap (consistência)
======================================================================

📊 Carregando dados SUMO...
   Total de registros no arquivo: 301
   Veículos únicos: 1
   🚙 Vehicle selecionado: carro_1000

🔄 Agregando viagens por vehicle_id...
  📐 SUMO_carro_1000: Calculando distâncias com Haversine direto (SEM routing API)
      Original: 323 pontos → 2.9161 km (Haversine)
      Offset:   323 pontos → 2.1103 km (Haversine)

🚙 Veículo: SUMO_carro_1000
   Modelo: HBEFA4/PC_petrol_Euro-6ab
   Segmentos: 323
   📏 Distância: 2.926 km (city: 2.764, highway: 0.161)
   ⛽ Combustível: 54.094 l
   🏭 CO2 real: 124958.0 g
   🎯 CO2 meta: 563.2 g
   📊 Delta: -124394.9 g
   💰 Valor E1: R$ -6.2197
   🧭 Tentativas map matching: 325

   🔑 OFFSET DETERMINÍSTICO (x=0.016671156441822824°, y=0.002491384710471122°, max=2.0km):
   📍 Start Original:  (40.775644, -73.960687)
   🔒 Start Protegido: (40.790103, -73.959010) ✓ 1.87 km | ✓ MAP MATCHED
   📏 Deslocamento final: 1615.9 metros
   📍 End Original:    (40.774046, -73.961617)
   🔒 End Protegido:   (40.790149, -73.959226) ✓ 1.87 km | ✓ MAP MATCHED
   📏 Deslocamento final: 1803.9 metros

   📐 ANÁLISE DE DISTÂNCIA DO TRAJETO (HAVERSINE DOS PONTOS ARMAZENADOS):
   ✨ 305 pontos privados duplicados foram separados para garantir visualização 1:1.
   ℹ️  Dica: use --debug-map-matching para ver tentativas detalhadas de re-snap.
   🔢 Pontos unicos original/offset: 320/18 (Δ -302, -94.4% )
   📍 Trajeto original: 2.916 km (linha reta entre pontos GPS)
   🔒 Trajeto com offset: 2.110 km (linha reta entre pontos COM snap)
   📊 Diferença: -0.806 km (-27.6%)

======================================================================
📊 ESTATÍSTICAS FINAIS
======================================================================
Viagens processadas: 1
Distância total: 2.93 km
Combustível total: 54.09 l
CO2 real total: 124958.0 g
CO2 meta total: 563.2 g
Delta CO2: -124394.9 g
Valor E1 total: R$ -6.22

💰 Créditos: R$ 0.00
💸 Débitos: R$ 6.22
📈 Saldo líquido: R$ -6.22

🗺️  MAP MATCHING:
   Pontos processados: 323
   Snaps tentados: 323 (100.0%)
   Snaps bem-sucedidos: 323 (100.0%)
   Snaps forçados (>100m): 323 (100.0%)
   ✅ TODOS os pontos estão em ruas (FORCE_SNAP=True)
======================================================================

💾 Dados agregados salvos em: ../data/offset_batch/vehicles_step_sim_10/run_013.csv
[csv-worker_1] [vehicles_step_sim_10] ===== LOG RUN 013 FIM =====

[csv-worker_1] [vehicles_step_sim_10] ===== LOG RUN 014 INICIO =====
======================================================================
🚗 PROCESSAMENTO SUMO → E1 REGISTRY (OFFSET ALEATÓRIO - veh0)
======================================================================
📄 Entrada: ../data/vehicles_step_sim_10.csv
🏭 Consumo fabricante: 12.0 km/l
💰 Preço carbono: R$ 50.0/ton
⭕ Raio máximo do offset aleatório: 2.0 km
🎲 Offset gerado aleatoriamente:
   Ângulo: 338.2°
   Distância: 1.9621 km
   offset_x (lat): 0.016366°  |  offset_y (lon): -0.006544°
📊 Row stepping: Processando todas as linhas
🗺️  Map matching: ATIVADO (raio 1500m) - pontos snapped para ruas
📐 Cálculo de distância: HAVERSINE PURO dos pontos COM snap (consistência)
======================================================================

📊 Carregando dados SUMO...
   Total de registros no arquivo: 301
   Veículos únicos: 1
   🚙 Vehicle selecionado: carro_1000

🔄 Agregando viagens por vehicle_id...
  📐 SUMO_carro_1000: Calculando distâncias com Haversine direto (SEM routing API)
      Original: 155 pontos → 1.4242 km (Haversine)
      Offset:   155 pontos → 0.8110 km (Haversine)

🚙 Veículo: SUMO_carro_1000
   Modelo: HBEFA4/PC_petrol_Euro-6ab
   Segmentos: 155
   📏 Distância: 1.424 km (city: 1.424, highway: 0.000)
   ⛽ Combustível: 10.127 l
   🏭 CO2 real: 23393.7 g
   🎯 CO2 meta: 274.2 g
   📊 Delta: -23119.5 g
   💰 Valor E1: R$ -1.1560
   🧭 Tentativas map matching: 157

   🔑 OFFSET DETERMINÍSTICO (x=-0.0032646021495604423°, y=0.016348647422751276°, max=2.0km):
   📍 Start Original:  (40.775644, -73.960687)
   🔒 Start Protegido: (40.772667, -73.944867) ✓ 1.43 km | ✓ MAP MATCHED
   📏 Deslocamento final: 1374.2 metros
   📍 End Original:    (40.775671, -73.960433)
   🔒 End Protegido:   (40.772842, -73.944695) ✓ 1.43 km | ✓ MAP MATCHED
   📏 Deslocamento final: 1363.6 metros

   📐 ANÁLISE DE DISTÂNCIA DO TRAJETO (HAVERSINE DOS PONTOS ARMAZENADOS):
   ✨ 140 pontos privados duplicados foram separados para garantir visualização 1:1.
   ℹ️  Dica: use --debug-map-matching para ver tentativas detalhadas de re-snap.
   🔢 Pontos unicos original/offset: 155/15 (Δ -140, -90.3% )
   📍 Trajeto original: 1.424 km (linha reta entre pontos GPS)
   🔒 Trajeto com offset: 0.811 km (linha reta entre pontos COM snap)
   📊 Diferença: -0.613 km (-43.1%)

======================================================================
📊 ESTATÍSTICAS FINAIS
======================================================================
Viagens processadas: 1
Distância total: 1.42 km
Combustível total: 10.13 l
CO2 real total: 23393.7 g
CO2 meta total: 274.2 g
Delta CO2: -23119.5 g
Valor E1 total: R$ -1.16

💰 Créditos: R$ 0.00
💸 Débitos: R$ 1.16
📈 Saldo líquido: R$ -1.16

🗺️  MAP MATCHING:
   Pontos processados: 155
   Snaps tentados: 155 (100.0%)
   Snaps bem-sucedidos: 155 (100.0%)
   Snaps forçados (>100m): 155 (100.0%)
   ✅ TODOS os pontos estão em ruas (FORCE_SNAP=True)
======================================================================

💾 Dados agregados salvos em: ../data/offset_batch/vehicles_step_sim_10/run_014.csv
[csv-worker_1] [vehicles_step_sim_10] ===== LOG RUN 014 FIM =====

[csv-worker_1] [vehicles_step_sim_10] ===== LOG RUN 015 INICIO =====
======================================================================
🚗 PROCESSAMENTO SUMO → E1 REGISTRY (OFFSET ALEATÓRIO - veh0)
======================================================================
📄 Entrada: ../data/vehicles_step_sim_10.csv
🏭 Consumo fabricante: 12.0 km/l
💰 Preço carbono: R$ 50.0/ton
⭕ Raio máximo do offset aleatório: 2.0 km
🎲 Offset gerado aleatoriamente:
   Ângulo: 155.0°
   Distância: 1.3838 km
   offset_x (lat): -0.011270°  |  offset_y (lon): 0.005245°
📊 Row stepping: Processando todas as linhas
🗺️  Map matching: ATIVADO (raio 1500m) - pontos snapped para ruas
📐 Cálculo de distância: HAVERSINE PURO dos pontos COM snap (consistência)
======================================================================

📊 Carregando dados SUMO...
   Total de registros no arquivo: 301
   Veículos únicos: 1
   🚙 Vehicle selecionado: carro_1000

🔄 Agregando viagens por vehicle_id...
  📐 SUMO_carro_1000: Calculando distâncias com Haversine direto (SEM routing API)
      Original: 222 pontos → 1.9688 km (Haversine)
      Offset:   222 pontos → 2.9702 km (Haversine)

🚙 Veículo: SUMO_carro_1000
   Modelo: HBEFA4/PC_petrol_Euro-6ab
   Segmentos: 222
   📏 Distância: 1.973 km (city: 1.973, highway: 0.000)
   ⛽ Combustível: 24.219 l
   🏭 CO2 real: 55946.2 g
   🎯 CO2 meta: 379.8 g
   📊 Delta: -55566.4 g
   💰 Valor E1: R$ -2.7783
   🧭 Tentativas map matching: 224

   🔑 OFFSET DETERMINÍSTICO (x=-0.00350005338457999°, y=-0.017539790722526767°, max=2.0km):
   📍 Start Original:  (40.775644, -73.960687)
   🔒 Start Protegido: (40.772094, -73.978232) ✓ 1.53 km | ✓ MAP MATCHED
   📏 Deslocamento final: 1530.9 metros
   📍 End Original:    (40.772651, -73.962544)
   🔒 End Protegido:   (40.769351, -73.981015) ✓ 1.53 km | ✓ MAP MATCHED
   📏 Deslocamento final: 1599.9 metros

   📐 ANÁLISE DE DISTÂNCIA DO TRAJETO (HAVERSINE DOS PONTOS ARMAZENADOS):
   ✨ 186 pontos privados duplicados foram separados para garantir visualização 1:1.
   ℹ️  Dica: use --debug-map-matching para ver tentativas detalhadas de re-snap.
   🔢 Pontos unicos original/offset: 221/36 (Δ -185, -83.7% )
   📍 Trajeto original: 1.969 km (linha reta entre pontos GPS)
   🔒 Trajeto com offset: 2.970 km (linha reta entre pontos COM snap)
   📊 Diferença: +1.001 km (+50.9%)

======================================================================
📊 ESTATÍSTICAS FINAIS
======================================================================
Viagens processadas: 1
Distância total: 1.97 km
Combustível total: 24.22 l
CO2 real total: 55946.2 g
CO2 meta total: 379.8 g
Delta CO2: -55566.4 g
Valor E1 total: R$ -2.78

💰 Créditos: R$ 0.00
💸 Débitos: R$ 2.78
📈 Saldo líquido: R$ -2.78

🗺️  MAP MATCHING:
   Pontos processados: 222
   Snaps tentados: 222 (100.0%)
   Snaps bem-sucedidos: 222 (100.0%)
   Snaps forçados (>100m): 222 (100.0%)
   ✅ TODOS os pontos estão em ruas (FORCE_SNAP=True)
======================================================================

💾 Dados agregados salvos em: ../data/offset_batch/vehicles_step_sim_10/run_015.csv
[csv-worker_1] [vehicles_step_sim_10] ===== LOG RUN 015 FIM =====

[csv-worker_1] [vehicles_step_sim_10] ===== LOG RUN 016 INICIO =====
======================================================================
🚗 PROCESSAMENTO SUMO → E1 REGISTRY (OFFSET ALEATÓRIO - veh0)
======================================================================
📄 Entrada: ../data/vehicles_step_sim_10.csv
🏭 Consumo fabricante: 12.0 km/l
💰 Preço carbono: R$ 50.0/ton
⭕ Raio máximo do offset aleatório: 2.0 km
🎲 Offset gerado aleatoriamente:
   Ângulo: 79.5°
   Distância: 0.9214 km
   offset_x (lat): 0.001505°  |  offset_y (lon): 0.008139°
📊 Row stepping: Processando todas as linhas
🗺️  Map matching: ATIVADO (raio 1500m) - pontos snapped para ruas
📐 Cálculo de distância: HAVERSINE PURO dos pontos COM snap (consistência)
======================================================================

📊 Carregando dados SUMO...
   Total de registros no arquivo: 301
   Veículos únicos: 1
   🚙 Vehicle selecionado: carro_1000

🔄 Agregando viagens por vehicle_id...
  📐 SUMO_carro_1000: Calculando distâncias com Haversine direto (SEM routing API)
      Original: 312 pontos → 3.1845 km (Haversine)
      Offset:   312 pontos → 2.2700 km (Haversine)

🚙 Veículo: SUMO_carro_1000
   Modelo: HBEFA4/PC_petrol_Euro-6ab
   Segmentos: 312
   📏 Distância: 3.190 km (city: 2.602, highway: 0.587)
   ⛽ Combustível: 54.577 l
   🏭 CO2 real: 126071.8 g
   🎯 CO2 meta: 614.1 g
   📊 Delta: -125457.8 g
   💰 Valor E1: R$ -6.2729
   🧭 Tentativas map matching: 314

   🔑 OFFSET DETERMINÍSTICO (x=-0.004745787523613229°, y=0.015583164329192642°, max=2.0km):
   📍 Start Original:  (40.775644, -73.960687)
   🔒 Start Protegido: (40.771682, -73.946072) ✓ 1.42 km | ✓ MAP MATCHED
   📏 Deslocamento final: 1308.6 metros
   📍 End Original:    (40.771637, -73.963520)
   🔒 End Protegido:   (40.767752, -73.949727) ✓ 1.42 km | ✓ MAP MATCHED
   📏 Deslocamento final: 1240.7 metros

   📐 ANÁLISE DE DISTÂNCIA DO TRAJETO (HAVERSINE DOS PONTOS ARMAZENADOS):
   ✨ 288 pontos privados duplicados foram separados para garantir visualização 1:1.
   ℹ️  Dica: use --debug-map-matching para ver tentativas detalhadas de re-snap.
   🔢 Pontos unicos original/offset: 312/24 (Δ -288, -92.3% )
   📍 Trajeto original: 3.185 km (linha reta entre pontos GPS)
   🔒 Trajeto com offset: 2.270 km (linha reta entre pontos COM snap)
   📊 Diferença: -0.915 km (-28.7%)

======================================================================
📊 ESTATÍSTICAS FINAIS
======================================================================
Viagens processadas: 1
Distância total: 3.19 km
Combustível total: 54.58 l
CO2 real total: 126071.8 g
CO2 meta total: 614.1 g
Delta CO2: -125457.8 g
Valor E1 total: R$ -6.27

💰 Créditos: R$ 0.00
💸 Débitos: R$ 6.27
📈 Saldo líquido: R$ -6.27

🗺️  MAP MATCHING:
   Pontos processados: 312
   Snaps tentados: 312 (100.0%)
   Snaps bem-sucedidos: 312 (100.0%)
   Snaps forçados (>100m): 312 (100.0%)
   ✅ TODOS os pontos estão em ruas (FORCE_SNAP=True)
======================================================================

💾 Dados agregados salvos em: ../data/offset_batch/vehicles_step_sim_10/run_016.csv
[csv-worker_1] [vehicles_step_sim_10] ===== LOG RUN 016 FIM =====

[csv-worker_1] [vehicles_step_sim_10] ===== LOG RUN 017 INICIO =====
======================================================================
🚗 PROCESSAMENTO SUMO → E1 REGISTRY (OFFSET ALEATÓRIO - veh0)
======================================================================
📄 Entrada: ../data/vehicles_step_sim_10.csv
🏭 Consumo fabricante: 12.0 km/l
💰 Preço carbono: R$ 50.0/ton
⭕ Raio máximo do offset aleatório: 2.0 km
🎲 Offset gerado aleatoriamente:
   Ângulo: 338.3°
   Distância: 1.4922 km
   offset_x (lat): 0.012459°  |  offset_y (lon): -0.004946°
📊 Row stepping: Processando todas as linhas
🗺️  Map matching: ATIVADO (raio 1500m) - pontos snapped para ruas
📐 Cálculo de distância: HAVERSINE PURO dos pontos COM snap (consistência)
======================================================================

📊 Carregando dados SUMO...
   Total de registros no arquivo: 301
   Veículos únicos: 1
   🚙 Vehicle selecionado: carro_1000

🔄 Agregando viagens por vehicle_id...
  📐 SUMO_carro_1000: Calculando distâncias com Haversine direto (SEM routing API)
      Original: 155 pontos → 1.4242 km (Haversine)
      Offset:   155 pontos → 1.4647 km (Haversine)

🚙 Veículo: SUMO_carro_1000
   Modelo: HBEFA4/PC_petrol_Euro-6ab
   Segmentos: 155
   📏 Distância: 1.424 km (city: 1.424, highway: 0.000)
   ⛽ Combustível: 10.127 l
   🏭 CO2 real: 23393.7 g
   🎯 CO2 meta: 274.2 g
   📊 Delta: -23119.5 g
   💰 Valor E1: R$ -1.1560
   🧭 Tentativas map matching: 157

   🔑 OFFSET DETERMINÍSTICO (x=-0.0043467142485926905°, y=-0.007247531653399254°, max=2.0km):
   📍 Start Original:  (40.775644, -73.960687)
   🔒 Start Protegido: (40.771207, -73.967950) ✓ 0.78 km | ✓ MAP MATCHED
   📏 Deslocamento final: 786.7 metros
   📍 End Original:    (40.775671, -73.960433)
   🔒 End Protegido:   (40.771207, -73.967950) ✓ 0.78 km | ✓ MAP MATCHED
   📏 Deslocamento final: 805.3 metros

   📐 ANÁLISE DE DISTÂNCIA DO TRAJETO (HAVERSINE DOS PONTOS ARMAZENADOS):
   ✨ 109 pontos privados duplicados foram separados para garantir visualização 1:1.
   ℹ️  Dica: use --debug-map-matching para ver tentativas detalhadas de re-snap.
   🔢 Pontos unicos original/offset: 155/46 (Δ -109, -70.3% )
   📍 Trajeto original: 1.424 km (linha reta entre pontos GPS)
   🔒 Trajeto com offset: 1.465 km (linha reta entre pontos COM snap)
   📊 Diferença: +0.040 km (+2.8%)

======================================================================
📊 ESTATÍSTICAS FINAIS
======================================================================
Viagens processadas: 1
Distância total: 1.42 km
Combustível total: 10.13 l
CO2 real total: 23393.7 g
CO2 meta total: 274.2 g
Delta CO2: -23119.5 g
Valor E1 total: R$ -1.16

💰 Créditos: R$ 0.00
💸 Débitos: R$ 1.16
📈 Saldo líquido: R$ -1.16

🗺️  MAP MATCHING:
   Pontos processados: 155
   Snaps tentados: 155 (100.0%)
   Snaps bem-sucedidos: 155 (100.0%)
   Snaps forçados (>100m): 155 (100.0%)
   ✅ TODOS os pontos estão em ruas (FORCE_SNAP=True)
======================================================================

💾 Dados agregados salvos em: ../data/offset_batch/vehicles_step_sim_10/run_017.csv
[csv-worker_1] [vehicles_step_sim_10] ===== LOG RUN 017 FIM =====

[csv-worker_1] [vehicles_step_sim_10] ===== LOG RUN 018 INICIO =====
======================================================================
🚗 PROCESSAMENTO SUMO → E1 REGISTRY (OFFSET ALEATÓRIO - veh0)
======================================================================
📄 Entrada: ../data/vehicles_step_sim_10.csv
🏭 Consumo fabricante: 12.0 km/l
💰 Preço carbono: R$ 50.0/ton
⭕ Raio máximo do offset aleatório: 2.0 km
🎲 Offset gerado aleatoriamente:
   Ângulo: 170.1°
   Distância: 1.6688 km
   offset_x (lat): -0.014770°  |  offset_y (lon): 0.002568°
📊 Row stepping: Processando todas as linhas
🗺️  Map matching: ATIVADO (raio 1500m) - pontos snapped para ruas
📐 Cálculo de distância: HAVERSINE PURO dos pontos COM snap (consistência)
======================================================================

📊 Carregando dados SUMO...
   Total de registros no arquivo: 301
   Veículos únicos: 1
   🚙 Vehicle selecionado: carro_1000

🔄 Agregando viagens por vehicle_id...
  📐 SUMO_carro_1000: Calculando distâncias com Haversine direto (SEM routing API)
      Original: 312 pontos → 3.1845 km (Haversine)
      Offset:   312 pontos → 3.3746 km (Haversine)

🚙 Veículo: SUMO_carro_1000
   Modelo: HBEFA4/PC_petrol_Euro-6ab
   Segmentos: 312
   📏 Distância: 3.190 km (city: 2.602, highway: 0.587)
   ⛽ Combustível: 54.577 l
   🏭 CO2 real: 126071.8 g
   🎯 CO2 meta: 614.1 g
   📊 Delta: -125457.8 g
   💰 Valor E1: R$ -6.2729
   🧭 Tentativas map matching: 314

   🔑 OFFSET DETERMINÍSTICO (x=0.012319348472111427°, y=0.008933996548838828°, max=2.0km):
   📍 Start Original:  (40.775644, -73.960687)
   🔒 Start Protegido: (40.787941, -73.951805) ✓ 1.56 km | ✓ MAP MATCHED
   📏 Deslocamento final: 1560.3 metros
   📍 End Original:    (40.771637, -73.963520)
   🔒 End Protegido:   (40.783983, -73.954556) ✓ 1.56 km | ✓ MAP MATCHED
   📏 Deslocamento final: 1568.5 metros

   📐 ANÁLISE DE DISTÂNCIA DO TRAJETO (HAVERSINE DOS PONTOS ARMAZENADOS):
   ✨ 246 pontos privados duplicados foram separados para garantir visualização 1:1.
   ℹ️  Dica: use --debug-map-matching para ver tentativas detalhadas de re-snap.
   🔢 Pontos unicos original/offset: 312/66 (Δ -246, -78.8% )
   📍 Trajeto original: 3.185 km (linha reta entre pontos GPS)
   🔒 Trajeto com offset: 3.375 km (linha reta entre pontos COM snap)
   📊 Diferença: +0.190 km (+6.0%)

======================================================================
📊 ESTATÍSTICAS FINAIS
======================================================================
Viagens processadas: 1
Distância total: 3.19 km
Combustível total: 54.58 l
CO2 real total: 126071.8 g
CO2 meta total: 614.1 g
Delta CO2: -125457.8 g
Valor E1 total: R$ -6.27

💰 Créditos: R$ 0.00
💸 Débitos: R$ 6.27
📈 Saldo líquido: R$ -6.27

🗺️  MAP MATCHING:
   Pontos processados: 312
   Snaps tentados: 312 (100.0%)
   Snaps bem-sucedidos: 312 (100.0%)
   Snaps forçados (>100m): 312 (100.0%)
   ✅ TODOS os pontos estão em ruas (FORCE_SNAP=True)
======================================================================

💾 Dados agregados salvos em: ../data/offset_batch/vehicles_step_sim_10/run_018.csv
[csv-worker_1] [vehicles_step_sim_10] ===== LOG RUN 018 FIM =====

[csv-worker_1] [vehicles_step_sim_10] ===== LOG RUN 019 INICIO =====
======================================================================
🚗 PROCESSAMENTO SUMO → E1 REGISTRY (OFFSET ALEATÓRIO - veh0)
======================================================================
📄 Entrada: ../data/vehicles_step_sim_10.csv
🏭 Consumo fabricante: 12.0 km/l
💰 Preço carbono: R$ 50.0/ton
⭕ Raio máximo do offset aleatório: 2.0 km
🎲 Offset gerado aleatoriamente:
   Ângulo: 217.5°
   Distância: 0.2627 km
   offset_x (lat): -0.001872°  |  offset_y (lon): -0.001437°
📊 Row stepping: Processando todas as linhas
🗺️  Map matching: ATIVADO (raio 1500m) - pontos snapped para ruas
📐 Cálculo de distância: HAVERSINE PURO dos pontos COM snap (consistência)
======================================================================

📊 Carregando dados SUMO...
   Total de registros no arquivo: 301
   Veículos únicos: 1
   🚙 Vehicle selecionado: carro_1000

🔄 Agregando viagens por vehicle_id...
  📐 SUMO_carro_1000: Calculando distâncias com Haversine direto (SEM routing API)
      Original: 131 pontos → 1.4055 km (Haversine)
      Offset:   131 pontos → 2.5424 km (Haversine)

🚙 Veículo: SUMO_carro_1000
   Modelo: HBEFA4/PC_petrol_Euro-6ab
   Segmentos: 131
   📏 Distância: 1.410 km (city: 1.410, highway: 0.000)
   ⛽ Combustível: 12.456 l
   🏭 CO2 real: 28774.3 g
   🎯 CO2 meta: 271.4 g
   📊 Delta: -28502.9 g
   💰 Valor E1: R$ -1.4251
   🧭 Tentativas map matching: 133

   🔑 OFFSET DETERMINÍSTICO (x=0.012262222185544215°, y=-0.0012964940377614884°, max=2.0km):
   📍 Start Original:  (40.775644, -73.960687)
   🔒 Start Protegido: (40.790377, -73.960115) ✓ 1.37 km | ✓ MAP MATCHED
   📏 Deslocamento final: 1640.8 metros
   📍 End Original:    (40.772974, -73.962198)
   🔒 End Protegido:   (40.783555, -73.964557) ✓ 1.37 km | ✓ MAP MATCHED
   📏 Deslocamento final: 1194.5 metros

   📐 ANÁLISE DE DISTÂNCIA DO TRAJETO (HAVERSINE DOS PONTOS ARMAZENADOS):
   ✨ 107 pontos privados duplicados foram separados para garantir visualização 1:1.
   ℹ️  Dica: use --debug-map-matching para ver tentativas detalhadas de re-snap.
   🔢 Pontos unicos original/offset: 130/24 (Δ -106, -81.5% )
   📍 Trajeto original: 1.405 km (linha reta entre pontos GPS)
   🔒 Trajeto com offset: 2.542 km (linha reta entre pontos COM snap)
   📊 Diferença: +1.137 km (+80.9%)

======================================================================
📊 ESTATÍSTICAS FINAIS
======================================================================
Viagens processadas: 1
Distância total: 1.41 km
Combustível total: 12.46 l
CO2 real total: 28774.3 g
CO2 meta total: 271.4 g
Delta CO2: -28502.9 g
Valor E1 total: R$ -1.43

💰 Créditos: R$ 0.00
💸 Débitos: R$ 1.43
📈 Saldo líquido: R$ -1.43

🗺️  MAP MATCHING:
   Pontos processados: 131
   Snaps tentados: 131 (100.0%)
   Snaps bem-sucedidos: 131 (100.0%)
   Snaps forçados (>100m): 131 (100.0%)
   ✅ TODOS os pontos estão em ruas (FORCE_SNAP=True)
======================================================================

💾 Dados agregados salvos em: ../data/offset_batch/vehicles_step_sim_10/run_019.csv
[csv-worker_1] [vehicles_step_sim_10] ===== LOG RUN 019 FIM =====

[csv-worker_1] [vehicles_step_sim_10] ===== LOG RUN 020 INICIO =====
======================================================================
🚗 PROCESSAMENTO SUMO → E1 REGISTRY (OFFSET ALEATÓRIO - veh0)
======================================================================
📄 Entrada: ../data/vehicles_step_sim_10.csv
🏭 Consumo fabricante: 12.0 km/l
💰 Preço carbono: R$ 50.0/ton
⭕ Raio máximo do offset aleatório: 2.0 km
🎲 Offset gerado aleatoriamente:
   Ângulo: 293.1°
   Distância: 1.4030 km
   offset_x (lat): 0.004952°  |  offset_y (lon): -0.011590°
📊 Row stepping: Processando todas as linhas
🗺️  Map matching: ATIVADO (raio 1500m) - pontos snapped para ruas
📐 Cálculo de distância: HAVERSINE PURO dos pontos COM snap (consistência)
======================================================================

📊 Carregando dados SUMO...
   Total de registros no arquivo: 301
   Veículos únicos: 1
   🚙 Vehicle selecionado: carro_1000

🔄 Agregando viagens por vehicle_id...
  📐 SUMO_carro_1000: Calculando distâncias com Haversine direto (SEM routing API)
      Original: 323 pontos → 2.9161 km (Haversine)
      Offset:   323 pontos → 3.1089 km (Haversine)

🚙 Veículo: SUMO_carro_1000
   Modelo: HBEFA4/PC_petrol_Euro-6ab
   Segmentos: 323
   📏 Distância: 2.926 km (city: 2.764, highway: 0.161)
   ⛽ Combustível: 54.094 l
   🏭 CO2 real: 124958.0 g
   🎯 CO2 meta: 563.2 g
   📊 Delta: -124394.9 g
   💰 Valor E1: R$ -6.2197
   🧭 Tentativas map matching: 325

   🔑 OFFSET DETERMINÍSTICO (x=0.0063808945104629824°, y=0.009697080329088044°, max=2.0km):
   📍 Start Original:  (40.775644, -73.960687)
   🔒 Start Protegido: (40.782292, -73.951446) ✓ 1.08 km | ✓ MAP MATCHED
   📏 Deslocamento final: 1074.5 metros
   📍 End Original:    (40.774046, -73.961617)
   🔒 End Protegido:   (40.780696, -73.952438) ✓ 1.08 km | ✓ MAP MATCHED
   📏 Deslocamento final: 1070.9 metros

   📐 ANÁLISE DE DISTÂNCIA DO TRAJETO (HAVERSINE DOS PONTOS ARMAZENADOS):
   ✨ 276 pontos privados duplicados foram separados para garantir visualização 1:1.
   ℹ️  Dica: use --debug-map-matching para ver tentativas detalhadas de re-snap.
   🔢 Pontos unicos original/offset: 320/47 (Δ -273, -85.3% )
   📍 Trajeto original: 2.916 km (linha reta entre pontos GPS)
   🔒 Trajeto com offset: 3.109 km (linha reta entre pontos COM snap)
   📊 Diferença: +0.193 km (+6.6%)

======================================================================
📊 ESTATÍSTICAS FINAIS
======================================================================
Viagens processadas: 1
Distância total: 2.93 km
Combustível total: 54.09 l
CO2 real total: 124958.0 g
CO2 meta total: 563.2 g
Delta CO2: -124394.9 g
Valor E1 total: R$ -6.22

💰 Créditos: R$ 0.00
💸 Débitos: R$ 6.22
📈 Saldo líquido: R$ -6.22

🗺️  MAP MATCHING:
   Pontos processados: 323
   Snaps tentados: 323 (100.0%)
   Snaps bem-sucedidos: 323 (100.0%)
   Snaps forçados (>100m): 323 (100.0%)
   ✅ TODOS os pontos estão em ruas (FORCE_SNAP=True)
======================================================================

💾 Dados agregados salvos em: ../data/offset_batch/vehicles_step_sim_10/run_020.csv
[csv-worker_1] [vehicles_step_sim_10] ===== LOG RUN 020 FIM =====

[csv-worker_1] [vehicles_step_sim_10] ===== LOG RUN 021 INICIO =====
======================================================================
🚗 PROCESSAMENTO SUMO → E1 REGISTRY (OFFSET ALEATÓRIO - veh0)
======================================================================
📄 Entrada: ../data/vehicles_step_sim_10.csv
🏭 Consumo fabricante: 12.0 km/l
💰 Preço carbono: R$ 50.0/ton
⭕ Raio máximo do offset aleatório: 2.0 km
🎲 Offset gerado aleatoriamente:
   Ângulo: 165.4°
   Distância: 1.6614 km
   offset_x (lat): -0.014443°  |  offset_y (lon): 0.003762°
📊 Row stepping: Processando todas as linhas
🗺️  Map matching: ATIVADO (raio 1500m) - pontos snapped para ruas
📐 Cálculo de distância: HAVERSINE PURO dos pontos COM snap (consistência)
======================================================================

📊 Carregando dados SUMO...
   Total de registros no arquivo: 301
   Veículos únicos: 1
   🚙 Vehicle selecionado: carro_1000

🔄 Agregando viagens por vehicle_id...
  📐 SUMO_carro_1000: Calculando distâncias com Haversine direto (SEM routing API)
      Original: 300 pontos → 3.1542 km (Haversine)
      Offset:   300 pontos → 3.9828 km (Haversine)

🚙 Veículo: SUMO_carro_1000
   Modelo: HBEFA4/PC_petrol_Euro-6ab
   Segmentos: 300
   📏 Distância: 3.158 km (city: 2.541, highway: 0.617)
   ⛽ Combustível: 49.984 l
   🏭 CO2 real: 115462.6 g
   🎯 CO2 meta: 608.0 g
   📊 Delta: -114854.6 g
   💰 Valor E1: R$ -5.7427
   🧭 Tentativas map matching: 302

   🔑 OFFSET DETERMINÍSTICO (x=0.005864551421783177°, y=0.012329575637041174°, max=2.0km):
   📍 Start Original:  (40.775644, -73.960687)
   🔒 Start Protegido: (40.781640, -73.948847) ✓ 1.23 km | ✓ MAP MATCHED
   📏 Deslocamento final: 1200.8 metros
   📍 End Original:    (40.773912, -73.961904)
   🔒 End Protegido:   (40.779755, -73.950208) ✓ 1.23 km | ✓ MAP MATCHED
   📏 Deslocamento final: 1181.1 metros

   📐 ANÁLISE DE DISTÂNCIA DO TRAJETO (HAVERSINE DOS PONTOS ARMAZENADOS):
   ✨ 270 pontos privados duplicados foram separados para garantir visualização 1:1.
   ℹ️  Dica: use --debug-map-matching para ver tentativas detalhadas de re-snap.
   🔢 Pontos unicos original/offset: 299/30 (Δ -269, -90.0% )
   📍 Trajeto original: 3.154 km (linha reta entre pontos GPS)
   🔒 Trajeto com offset: 3.983 km (linha reta entre pontos COM snap)
   📊 Diferença: +0.829 km (+26.3%)

======================================================================
📊 ESTATÍSTICAS FINAIS
======================================================================
Viagens processadas: 1
Distância total: 3.16 km
Combustível total: 49.98 l
CO2 real total: 115462.6 g
CO2 meta total: 608.0 g
Delta CO2: -114854.6 g
Valor E1 total: R$ -5.74

💰 Créditos: R$ 0.00
💸 Débitos: R$ 5.74
📈 Saldo líquido: R$ -5.74

🗺️  MAP MATCHING:
   Pontos processados: 300
   Snaps tentados: 300 (100.0%)
   Snaps bem-sucedidos: 300 (100.0%)
   Snaps forçados (>100m): 300 (100.0%)
   ✅ TODOS os pontos estão em ruas (FORCE_SNAP=True)
======================================================================

💾 Dados agregados salvos em: ../data/offset_batch/vehicles_step_sim_10/run_021.csv
[csv-worker_1] [vehicles_step_sim_10] ===== LOG RUN 021 FIM =====

[csv-worker_1] [vehicles_step_sim_10] ===== LOG RUN 022 INICIO =====
======================================================================
🚗 PROCESSAMENTO SUMO → E1 REGISTRY (OFFSET ALEATÓRIO - veh0)
======================================================================
📄 Entrada: ../data/vehicles_step_sim_10.csv
🏭 Consumo fabricante: 12.0 km/l
💰 Preço carbono: R$ 50.0/ton
⭕ Raio máximo do offset aleatório: 2.0 km
🎲 Offset gerado aleatoriamente:
   Ângulo: 310.0°
   Distância: 1.6683 km
   offset_x (lat): 0.009629°  |  offset_y (lon): -0.011484°
📊 Row stepping: Processando todas as linhas
🗺️  Map matching: ATIVADO (raio 1500m) - pontos snapped para ruas
📐 Cálculo de distância: HAVERSINE PURO dos pontos COM snap (consistência)
======================================================================

📊 Carregando dados SUMO...
   Total de registros no arquivo: 301
   Veículos únicos: 1
   🚙 Vehicle selecionado: carro_1000

🔄 Agregando viagens por vehicle_id...
  📐 SUMO_carro_1000: Calculando distâncias com Haversine direto (SEM routing API)
      Original: 222 pontos → 1.9688 km (Haversine)
      Offset:   222 pontos → 1.0957 km (Haversine)

🚙 Veículo: SUMO_carro_1000
   Modelo: HBEFA4/PC_petrol_Euro-6ab
   Segmentos: 222
   📏 Distância: 1.973 km (city: 1.973, highway: 0.000)
   ⛽ Combustível: 24.219 l
   🏭 CO2 real: 55946.2 g
   🎯 CO2 meta: 379.8 g
   📊 Delta: -55566.4 g
   💰 Valor E1: R$ -2.7783
   🧭 Tentativas map matching: 224

   🔑 OFFSET DETERMINÍSTICO (x=5.2059110006786975e-05°, y=-0.008445068341505548°, max=2.0km):
   📍 Start Original:  (40.775644, -73.960687)
   🔒 Start Protegido: (40.774354, -73.965646) ✓ 0.71 km | ✓ MAP MATCHED
   📏 Deslocamento final: 442.0 metros
   📍 End Original:    (40.772651, -73.962544)
   🔒 End Protegido:   (40.771207, -73.967950) ✓ 0.71 km | ✓ MAP MATCHED
   📏 Deslocamento final: 483.3 metros

   📐 ANÁLISE DE DISTÂNCIA DO TRAJETO (HAVERSINE DOS PONTOS ARMAZENADOS):
   ✨ 203 pontos privados duplicados foram separados para garantir visualização 1:1.
   ℹ️  Dica: use --debug-map-matching para ver tentativas detalhadas de re-snap.
   🔢 Pontos unicos original/offset: 221/19 (Δ -202, -91.4% )
   📍 Trajeto original: 1.969 km (linha reta entre pontos GPS)
   🔒 Trajeto com offset: 1.096 km (linha reta entre pontos COM snap)
   📊 Diferença: -0.873 km (-44.3%)

======================================================================
📊 ESTATÍSTICAS FINAIS
======================================================================
Viagens processadas: 1
Distância total: 1.97 km
Combustível total: 24.22 l
CO2 real total: 55946.2 g
CO2 meta total: 379.8 g
Delta CO2: -55566.4 g
Valor E1 total: R$ -2.78

💰 Créditos: R$ 0.00
💸 Débitos: R$ 2.78
📈 Saldo líquido: R$ -2.78

🗺️  MAP MATCHING:
   Pontos processados: 222
   Snaps tentados: 222 (100.0%)
   Snaps bem-sucedidos: 222 (100.0%)
   Snaps forçados (>100m): 222 (100.0%)
   ✅ TODOS os pontos estão em ruas (FORCE_SNAP=True)
======================================================================

💾 Dados agregados salvos em: ../data/offset_batch/vehicles_step_sim_10/run_022.csv
[csv-worker_1] [vehicles_step_sim_10] ===== LOG RUN 022 FIM =====

[csv-worker_1] [vehicles_step_sim_10] ===== LOG RUN 023 INICIO =====
======================================================================
🚗 PROCESSAMENTO SUMO → E1 REGISTRY (OFFSET ALEATÓRIO - veh0)
======================================================================
📄 Entrada: ../data/vehicles_step_sim_10.csv
🏭 Consumo fabricante: 12.0 km/l
💰 Preço carbono: R$ 50.0/ton
⭕ Raio máximo do offset aleatório: 2.0 km
🎲 Offset gerado aleatoriamente:
   Ângulo: 254.5°
   Distância: 0.5501 km
   offset_x (lat): -0.001317°  |  offset_y (lon): -0.004763°
📊 Row stepping: Processando todas as linhas
🗺️  Map matching: ATIVADO (raio 1500m) - pontos snapped para ruas
📐 Cálculo de distância: HAVERSINE PURO dos pontos COM snap (consistência)
======================================================================

📊 Carregando dados SUMO...
   Total de registros no arquivo: 301
   Veículos únicos: 1
   🚙 Vehicle selecionado: carro_1000

🔄 Agregando viagens por vehicle_id...
  📐 SUMO_carro_1000: Calculando distâncias com Haversine direto (SEM routing API)
      Original: 312 pontos → 3.1845 km (Haversine)
      Offset:   312 pontos → 3.3120 km (Haversine)

🚙 Veículo: SUMO_carro_1000
   Modelo: HBEFA4/PC_petrol_Euro-6ab
   Segmentos: 312
   📏 Distância: 3.190 km (city: 2.602, highway: 0.587)
   ⛽ Combustível: 54.577 l
   🏭 CO2 real: 126071.8 g
   🎯 CO2 meta: 614.1 g
   📊 Delta: -125457.8 g
   💰 Valor E1: R$ -6.2729
   🧭 Tentativas map matching: 314

   🔑 OFFSET DETERMINÍSTICO (x=-0.00810177469055598°, y=0.006292863387205069°, max=2.0km):
   📍 Start Original:  (40.775644, -73.960687)
   🔒 Start Protegido: (40.767112, -73.954341) ✓ 1.05 km | ✓ MAP MATCHED
   📏 Deslocamento final: 1090.0 metros
   📍 End Original:    (40.771637, -73.963520)
   🔒 End Protegido:   (40.763273, -73.957061) ✓ 1.05 km | ✓ MAP MATCHED
   📏 Deslocamento final: 1078.7 metros

   📐 ANÁLISE DE DISTÂNCIA DO TRAJETO (HAVERSINE DOS PONTOS ARMAZENADOS):
   ✨ 270 pontos privados duplicados foram separados para garantir visualização 1:1.
   ℹ️  Dica: use --debug-map-matching para ver tentativas detalhadas de re-snap.
   🔢 Pontos unicos original/offset: 312/42 (Δ -270, -86.5% )
   📍 Trajeto original: 3.185 km (linha reta entre pontos GPS)
   🔒 Trajeto com offset: 3.312 km (linha reta entre pontos COM snap)
   📊 Diferença: +0.127 km (+4.0%)

======================================================================
📊 ESTATÍSTICAS FINAIS
======================================================================
Viagens processadas: 1
Distância total: 3.19 km
Combustível total: 54.58 l
CO2 real total: 126071.8 g
CO2 meta total: 614.1 g
Delta CO2: -125457.8 g
Valor E1 total: R$ -6.27

💰 Créditos: R$ 0.00
💸 Débitos: R$ 6.27
📈 Saldo líquido: R$ -6.27

🗺️  MAP MATCHING:
   Pontos processados: 312
   Snaps tentados: 312 (100.0%)
   Snaps bem-sucedidos: 312 (100.0%)
   Snaps forçados (>100m): 312 (100.0%)
   ✅ TODOS os pontos estão em ruas (FORCE_SNAP=True)
======================================================================

💾 Dados agregados salvos em: ../data/offset_batch/vehicles_step_sim_10/run_023.csv
[csv-worker_1] [vehicles_step_sim_10] ===== LOG RUN 023 FIM =====

[csv-worker_1] [vehicles_step_sim_10] ===== LOG RUN 024 INICIO =====
======================================================================
🚗 PROCESSAMENTO SUMO → E1 REGISTRY (OFFSET ALEATÓRIO - veh0)
======================================================================
📄 Entrada: ../data/vehicles_step_sim_10.csv
🏭 Consumo fabricante: 12.0 km/l
💰 Preço carbono: R$ 50.0/ton
⭕ Raio máximo do offset aleatório: 2.0 km
🎲 Offset gerado aleatoriamente:
   Ângulo: 337.1°
   Distância: 1.5212 km
   offset_x (lat): 0.012588°  |  offset_y (lon): -0.005319°
📊 Row stepping: Processando todas as linhas
🗺️  Map matching: ATIVADO (raio 1500m) - pontos snapped para ruas
📐 Cálculo de distância: HAVERSINE PURO dos pontos COM snap (consistência)
======================================================================

📊 Carregando dados SUMO...
   Total de registros no arquivo: 301
   Veículos únicos: 1
   🚙 Vehicle selecionado: carro_1000

🔄 Agregando viagens por vehicle_id...
  📐 SUMO_carro_1000: Calculando distâncias com Haversine direto (SEM routing API)
      Original: 312 pontos → 3.1845 km (Haversine)
      Offset:   312 pontos → 4.2317 km (Haversine)

🚙 Veículo: SUMO_carro_1000
   Modelo: HBEFA4/PC_petrol_Euro-6ab
   Segmentos: 312
   📏 Distância: 3.190 km (city: 2.602, highway: 0.587)
   ⛽ Combustível: 54.577 l
   🏭 CO2 real: 126071.8 g
   🎯 CO2 meta: 614.1 g
   📊 Delta: -125457.8 g
   💰 Valor E1: R$ -6.2729
   🧭 Tentativas map matching: 314

   🔑 OFFSET DETERMINÍSTICO (x=-0.012423444688937753°, y=-0.010956547578646383°, max=2.0km):
   📍 Start Original:  (40.775644, -73.960687)
   🔒 Start Protegido: (40.763030, -73.971828) ✓ 1.66 km | ✓ MAP MATCHED
   📏 Deslocamento final: 1689.2 metros
   📍 End Original:    (40.771637, -73.963520)
   🔒 End Protegido:   (40.759177, -73.974636) ✓ 1.66 km | ✓ MAP MATCHED
   📏 Deslocamento final: 1673.9 metros

   📐 ANÁLISE DE DISTÂNCIA DO TRAJETO (HAVERSINE DOS PONTOS ARMAZENADOS):
   ✨ 241 pontos privados duplicados foram separados para garantir visualização 1:1.
   ℹ️  Dica: use --debug-map-matching para ver tentativas detalhadas de re-snap.
   🔢 Pontos unicos original/offset: 312/71 (Δ -241, -77.2% )
   📍 Trajeto original: 3.185 km (linha reta entre pontos GPS)
   🔒 Trajeto com offset: 4.232 km (linha reta entre pontos COM snap)
   📊 Diferença: +1.047 km (+32.9%)

======================================================================
📊 ESTATÍSTICAS FINAIS
======================================================================
Viagens processadas: 1
Distância total: 3.19 km
Combustível total: 54.58 l
CO2 real total: 126071.8 g
CO2 meta total: 614.1 g
Delta CO2: -125457.8 g
Valor E1 total: R$ -6.27

💰 Créditos: R$ 0.00
💸 Débitos: R$ 6.27
📈 Saldo líquido: R$ -6.27

🗺️  MAP MATCHING:
   Pontos processados: 312
   Snaps tentados: 312 (100.0%)
   Snaps bem-sucedidos: 312 (100.0%)
   Snaps forçados (>100m): 312 (100.0%)
   ✅ TODOS os pontos estão em ruas (FORCE_SNAP=True)
======================================================================

💾 Dados agregados salvos em: ../data/offset_batch/vehicles_step_sim_10/run_024.csv
[csv-worker_1] [vehicles_step_sim_10] ===== LOG RUN 024 FIM =====

[csv-worker_1] [vehicles_step_sim_10] ===== LOG RUN 025 INICIO =====
======================================================================
🚗 PROCESSAMENTO SUMO → E1 REGISTRY (OFFSET ALEATÓRIO - veh0)
======================================================================
📄 Entrada: ../data/vehicles_step_sim_10.csv
🏭 Consumo fabricante: 12.0 km/l
💰 Preço carbono: R$ 50.0/ton
⭕ Raio máximo do offset aleatório: 2.0 km
🎲 Offset gerado aleatoriamente:
   Ângulo: 168.7°
   Distância: 1.2097 km
   offset_x (lat): -0.010657°  |  offset_y (lon): 0.002124°
📊 Row stepping: Processando todas as linhas
🗺️  Map matching: ATIVADO (raio 1500m) - pontos snapped para ruas
📐 Cálculo de distância: HAVERSINE PURO dos pontos COM snap (consistência)
======================================================================

📊 Carregando dados SUMO...
   Total de registros no arquivo: 301
   Veículos únicos: 1
   🚙 Vehicle selecionado: carro_1000

🔄 Agregando viagens por vehicle_id...
  📐 SUMO_carro_1000: Calculando distâncias com Haversine direto (SEM routing API)
      Original: 312 pontos → 3.1845 km (Haversine)
      Offset:   312 pontos → 3.7808 km (Haversine)

🚙 Veículo: SUMO_carro_1000
   Modelo: HBEFA4/PC_petrol_Euro-6ab
   Segmentos: 312
   📏 Distância: 3.190 km (city: 2.602, highway: 0.587)
   ⛽ Combustível: 54.577 l
   🏭 CO2 real: 126071.8 g
   🎯 CO2 meta: 614.1 g
   📊 Delta: -125457.8 g
   💰 Valor E1: R$ -6.2729
   🧭 Tentativas map matching: 314

   🔑 OFFSET DETERMINÍSTICO (x=-0.011094313641412154°, y=-0.00797620135724773°, max=2.0km):
   📍 Start Original:  (40.775644, -73.960687)
   🔒 Start Protegido: (40.764663, -73.968417) ✓ 1.41 km | ✓ MAP MATCHED
   📏 Deslocamento final: 1385.2 metros
   📍 End Original:    (40.771637, -73.963520)
   🔒 End Protegido:   (40.760455, -73.971716) ✓ 1.41 km | ✓ MAP MATCHED
   📏 Deslocamento final: 1423.7 metros

   📐 ANÁLISE DE DISTÂNCIA DO TRAJETO (HAVERSINE DOS PONTOS ARMAZENADOS):
   ✨ 235 pontos privados duplicados foram separados para garantir visualização 1:1.
   ℹ️  Dica: use --debug-map-matching para ver tentativas detalhadas de re-snap.
   🔢 Pontos unicos original/offset: 312/77 (Δ -235, -75.3% )
   📍 Trajeto original: 3.185 km (linha reta entre pontos GPS)
   🔒 Trajeto com offset: 3.781 km (linha reta entre pontos COM snap)
   📊 Diferença: +0.596 km (+18.7%)

======================================================================
📊 ESTATÍSTICAS FINAIS
======================================================================
Viagens processadas: 1
Distância total: 3.19 km
Combustível total: 54.58 l
CO2 real total: 126071.8 g
CO2 meta total: 614.1 g
Delta CO2: -125457.8 g
Valor E1 total: R$ -6.27

💰 Créditos: R$ 0.00
💸 Débitos: R$ 6.27
📈 Saldo líquido: R$ -6.27

🗺️  MAP MATCHING:
   Pontos processados: 312
   Snaps tentados: 312 (100.0%)
   Snaps bem-sucedidos: 312 (100.0%)
   Snaps forçados (>100m): 312 (100.0%)
   ✅ TODOS os pontos estão em ruas (FORCE_SNAP=True)
======================================================================

💾 Dados agregados salvos em: ../data/offset_batch/vehicles_step_sim_10/run_025.csv
[csv-worker_1] [vehicles_step_sim_10] ===== LOG RUN 025 FIM =====

[csv-worker_1] [vehicles_step_sim_10] ===== LOG RUN 026 INICIO =====
======================================================================
🚗 PROCESSAMENTO SUMO → E1 REGISTRY (OFFSET ALEATÓRIO - veh0)
======================================================================
📄 Entrada: ../data/vehicles_step_sim_10.csv
🏭 Consumo fabricante: 12.0 km/l
💰 Preço carbono: R$ 50.0/ton
⭕ Raio máximo do offset aleatório: 2.0 km
🎲 Offset gerado aleatoriamente:
   Ângulo: 185.1°
   Distância: 1.6665 km
   offset_x (lat): -0.014911°  |  offset_y (lon): -0.001329°
📊 Row stepping: Processando todas as linhas
🗺️  Map matching: ATIVADO (raio 1500m) - pontos snapped para ruas
📐 Cálculo de distância: HAVERSINE PURO dos pontos COM snap (consistência)
======================================================================

📊 Carregando dados SUMO...
   Total de registros no arquivo: 301
   Veículos únicos: 1
   🚙 Vehicle selecionado: carro_1000

🔄 Agregando viagens por vehicle_id...
  📐 SUMO_carro_1000: Calculando distâncias com Haversine direto (SEM routing API)
      Original: 299 pontos → 3.0526 km (Haversine)
      Offset:   299 pontos → 3.1124 km (Haversine)

🚙 Veículo: SUMO_carro_1000
   Modelo: HBEFA4/PC_petrol_Euro-6ab
   Segmentos: 299
   📏 Distância: 3.060 km (city: 3.060, highway: 0.000)
   ⛽ Combustível: 48.384 l
   🏭 CO2 real: 111766.0 g
   🎯 CO2 meta: 589.0 g
   📊 Delta: -111177.0 g
   💰 Valor E1: R$ -5.5588
   🧭 Tentativas map matching: 301

   🔑 OFFSET DETERMINÍSTICO (x=-0.012749978924506486°, y=-0.007736511259763987°, max=2.0km):
   📍 Start Original:  (40.775644, -73.960687)
   🔒 Start Protegido: (40.763113, -73.968300) ✓ 1.56 km | ✓ MAP MATCHED
   📏 Deslocamento final: 1535.5 metros
   📍 End Original:    (40.774198, -73.961141)
   🔒 End Protegido:   (40.761544, -73.968688) ✓ 1.56 km | ✓ MAP MATCHED
   📏 Deslocamento final: 1545.7 metros

   📐 ANÁLISE DE DISTÂNCIA DO TRAJETO (HAVERSINE DOS PONTOS ARMAZENADOS):
   ✨ 265 pontos privados duplicados foram separados para garantir visualização 1:1.
   ℹ️  Dica: use --debug-map-matching para ver tentativas detalhadas de re-snap.
   🔢 Pontos unicos original/offset: 299/34 (Δ -265, -88.6% )
   📍 Trajeto original: 3.053 km (linha reta entre pontos GPS)
   🔒 Trajeto com offset: 3.112 km (linha reta entre pontos COM snap)
   📊 Diferença: +0.060 km (+2.0%)

======================================================================
📊 ESTATÍSTICAS FINAIS
======================================================================
Viagens processadas: 1
Distância total: 3.06 km
Combustível total: 48.38 l
CO2 real total: 111766.0 g
CO2 meta total: 589.0 g
Delta CO2: -111177.0 g
Valor E1 total: R$ -5.56

💰 Créditos: R$ 0.00
💸 Débitos: R$ 5.56
📈 Saldo líquido: R$ -5.56

🗺️  MAP MATCHING:
   Pontos processados: 299
   Snaps tentados: 299 (100.0%)
   Snaps bem-sucedidos: 299 (100.0%)
   Snaps forçados (>100m): 299 (100.0%)
   ✅ TODOS os pontos estão em ruas (FORCE_SNAP=True)
======================================================================

💾 Dados agregados salvos em: ../data/offset_batch/vehicles_step_sim_10/run_026.csv
[csv-worker_1] [vehicles_step_sim_10] ===== LOG RUN 026 FIM =====

[csv-worker_1] [vehicles_step_sim_10] ===== LOG RUN 027 INICIO =====
======================================================================
🚗 PROCESSAMENTO SUMO → E1 REGISTRY (OFFSET ALEATÓRIO - veh0)
======================================================================
📄 Entrada: ../data/vehicles_step_sim_10.csv
🏭 Consumo fabricante: 12.0 km/l
💰 Preço carbono: R$ 50.0/ton
⭕ Raio máximo do offset aleatório: 2.0 km
🎲 Offset gerado aleatoriamente:
   Ângulo: 289.9°
   Distância: 1.3161 km
   offset_x (lat): 0.004015°  |  offset_y (lon): -0.011120°
📊 Row stepping: Processando todas as linhas
🗺️  Map matching: ATIVADO (raio 1500m) - pontos snapped para ruas
📐 Cálculo de distância: HAVERSINE PURO dos pontos COM snap (consistência)
======================================================================

📊 Carregando dados SUMO...
   Total de registros no arquivo: 301
   Veículos únicos: 1
   🚙 Vehicle selecionado: carro_1000

🔄 Agregando viagens por vehicle_id...
  📐 SUMO_carro_1000: Calculando distâncias com Haversine direto (SEM routing API)
      Original: 299 pontos → 3.0526 km (Haversine)
      Offset:   299 pontos → 4.0239 km (Haversine)

🚙 Veículo: SUMO_carro_1000
   Modelo: HBEFA4/PC_petrol_Euro-6ab
   Segmentos: 299
   📏 Distância: 3.060 km (city: 3.060, highway: 0.000)
   ⛽ Combustível: 48.384 l
   🏭 CO2 real: 111766.0 g
   🎯 CO2 meta: 589.0 g
   📊 Delta: -111177.0 g
   💰 Valor E1: R$ -5.5588
   🧭 Tentativas map matching: 301

   🔑 OFFSET DETERMINÍSTICO (x=0.004785724770686054°, y=-0.011811156365012631°, max=2.0km):
   📍 Start Original:  (40.775644, -73.960687)
   🔒 Start Protegido: (40.780715, -73.972698) ✓ 1.13 km | ✓ MAP MATCHED
   📏 Deslocamento final: 1159.3 metros
   📍 End Original:    (40.774198, -73.961141)
   🔒 End Protegido:   (40.779376, -73.973674) ✓ 1.13 km | ✓ MAP MATCHED
   📏 Deslocamento final: 1203.5 metros

   📐 ANÁLISE DE DISTÂNCIA DO TRAJETO (HAVERSINE DOS PONTOS ARMAZENADOS):
   ✨ 272 pontos privados duplicados foram separados para garantir visualização 1:1.
   ℹ️  Dica: use --debug-map-matching para ver tentativas detalhadas de re-snap.
   🔢 Pontos unicos original/offset: 299/27 (Δ -272, -91.0% )
   📍 Trajeto original: 3.053 km (linha reta entre pontos GPS)
   🔒 Trajeto com offset: 4.024 km (linha reta entre pontos COM snap)
   📊 Diferença: +0.971 km (+31.8%)

======================================================================
📊 ESTATÍSTICAS FINAIS
======================================================================
Viagens processadas: 1
Distância total: 3.06 km
Combustível total: 48.38 l
CO2 real total: 111766.0 g
CO2 meta total: 589.0 g
Delta CO2: -111177.0 g
Valor E1 total: R$ -5.56

💰 Créditos: R$ 0.00
💸 Débitos: R$ 5.56
📈 Saldo líquido: R$ -5.56

🗺️  MAP MATCHING:
   Pontos processados: 299
   Snaps tentados: 299 (100.0%)
   Snaps bem-sucedidos: 299 (100.0%)
   Snaps forçados (>100m): 299 (100.0%)
   ✅ TODOS os pontos estão em ruas (FORCE_SNAP=True)
======================================================================

💾 Dados agregados salvos em: ../data/offset_batch/vehicles_step_sim_10/run_027.csv
[csv-worker_1] [vehicles_step_sim_10] ===== LOG RUN 027 FIM =====

[csv-worker_1] [vehicles_step_sim_10] ===== LOG RUN 028 INICIO =====
======================================================================
🚗 PROCESSAMENTO SUMO → E1 REGISTRY (OFFSET ALEATÓRIO - veh0)
======================================================================
📄 Entrada: ../data/vehicles_step_sim_10.csv
🏭 Consumo fabricante: 12.0 km/l
💰 Preço carbono: R$ 50.0/ton
⭕ Raio máximo do offset aleatório: 2.0 km
🎲 Offset gerado aleatoriamente:
   Ângulo: 39.1°
   Distância: 1.7906 km
   offset_x (lat): 0.012479°  |  offset_y (lon): 0.010150°
📊 Row stepping: Processando todas as linhas
🗺️  Map matching: ATIVADO (raio 1500m) - pontos snapped para ruas
📐 Cálculo de distância: HAVERSINE PURO dos pontos COM snap (consistência)
======================================================================

📊 Carregando dados SUMO...
   Total de registros no arquivo: 301
   Veículos únicos: 1
   🚙 Vehicle selecionado: carro_1000

🔄 Agregando viagens por vehicle_id...
  📐 SUMO_carro_1000: Calculando distâncias com Haversine direto (SEM routing API)
      Original: 312 pontos → 3.1845 km (Haversine)
      Offset:   312 pontos → 3.5557 km (Haversine)

🚙 Veículo: SUMO_carro_1000
   Modelo: HBEFA4/PC_petrol_Euro-6ab
   Segmentos: 312
   📏 Distância: 3.190 km (city: 2.602, highway: 0.587)
   ⛽ Combustível: 54.577 l
   🏭 CO2 real: 126071.8 g
   🎯 CO2 meta: 614.1 g
   📊 Delta: -125457.8 g
   💰 Valor E1: R$ -6.2729
   🧭 Tentativas map matching: 314

   🔑 OFFSET DETERMINÍSTICO (x=-0.0004244425330322852°, y=0.00033030219230882363°, max=2.0km):
   📍 Start Original:  (40.775644, -73.960687)
   🔒 Start Protegido: (40.775522, -73.960497) ✓ 0.05 km | ✓ MAP MATCHED
   📏 Deslocamento final: 20.9 metros
   📍 End Original:    (40.771637, -73.963520)
   🔒 End Protegido:   (40.771161, -73.963648) ✓ 0.05 km | ✓ MAP MATCHED
   📏 Deslocamento final: 54.1 metros

   📐 ANÁLISE DE DISTÂNCIA DO TRAJETO (HAVERSINE DOS PONTOS ARMAZENADOS):
   ✨ 266 pontos privados duplicados foram separados para garantir visualização 1:1.
   ℹ️  Dica: use --debug-map-matching para ver tentativas detalhadas de re-snap.
   🔢 Pontos unicos original/offset: 312/46 (Δ -266, -85.3% )
   📍 Trajeto original: 3.185 km (linha reta entre pontos GPS)
   🔒 Trajeto com offset: 3.556 km (linha reta entre pontos COM snap)
   📊 Diferença: +0.371 km (+11.7%)

======================================================================
📊 ESTATÍSTICAS FINAIS
======================================================================
Viagens processadas: 1
Distância total: 3.19 km
Combustível total: 54.58 l
CO2 real total: 126071.8 g
CO2 meta total: 614.1 g
Delta CO2: -125457.8 g
Valor E1 total: R$ -6.27

💰 Créditos: R$ 0.00
💸 Débitos: R$ 6.27
📈 Saldo líquido: R$ -6.27

🗺️  MAP MATCHING:
   Pontos processados: 312
   Snaps tentados: 312 (100.0%)
   Snaps bem-sucedidos: 312 (100.0%)
   Snaps forçados (>100m): 10 (3.2%)
   ✅ TODOS os pontos estão em ruas (FORCE_SNAP=True)
======================================================================

💾 Dados agregados salvos em: ../data/offset_batch/vehicles_step_sim_10/run_028.csv
[csv-worker_1] [vehicles_step_sim_10] ===== LOG RUN 028 FIM =====

[csv-worker_1] [vehicles_step_sim_10] ===== LOG RUN 029 INICIO =====
======================================================================
🚗 PROCESSAMENTO SUMO → E1 REGISTRY (OFFSET ALEATÓRIO - veh0)
======================================================================
📄 Entrada: ../data/vehicles_step_sim_10.csv
🏭 Consumo fabricante: 12.0 km/l
💰 Preço carbono: R$ 50.0/ton
⭕ Raio máximo do offset aleatório: 2.0 km
🎲 Offset gerado aleatoriamente:
   Ângulo: 33.1°
   Distância: 1.9122 km
   offset_x (lat): 0.014392°  |  offset_y (lon): 0.009377°
📊 Row stepping: Processando todas as linhas
🗺️  Map matching: ATIVADO (raio 1500m) - pontos snapped para ruas
📐 Cálculo de distância: HAVERSINE PURO dos pontos COM snap (consistência)
======================================================================

📊 Carregando dados SUMO...
   Total de registros no arquivo: 301
   Veículos únicos: 1
   🚙 Vehicle selecionado: carro_1000

🔄 Agregando viagens por vehicle_id...
  📐 SUMO_carro_1000: Calculando distâncias com Haversine direto (SEM routing API)
      Original: 324 pontos → 3.1629 km (Haversine)
      Offset:   324 pontos → 2.7074 km (Haversine)

🚙 Veículo: SUMO_carro_1000
   Modelo: HBEFA4/PC_petrol_Euro-6ab
   Segmentos: 324
   📏 Distância: 3.166 km (city: 3.024, highway: 0.142)
   ⛽ Combustível: 49.530 l
   🏭 CO2 real: 114414.1 g
   🎯 CO2 meta: 609.4 g
   📊 Delta: -113804.6 g
   💰 Valor E1: R$ -5.6902
   🧭 Tentativas map matching: 326

   🔑 OFFSET DETERMINÍSTICO (x=0.0013284155488632642°, y=-0.014758029658072394°, max=2.0km):
   📍 Start Original:  (40.775644, -73.960687)
   🔒 Start Protegido: (40.776943, -73.975442) ✓ 1.25 km | ✓ MAP MATCHED
   📏 Deslocamento final: 1252.2 metros
   📍 End Original:    (40.772251, -73.963071)
   🔒 End Protegido:   (40.773605, -73.977873) ✓ 1.25 km | ✓ MAP MATCHED
   📏 Deslocamento final: 1257.0 metros

   📐 ANÁLISE DE DISTÂNCIA DO TRAJETO (HAVERSINE DOS PONTOS ARMAZENADOS):
   ✨ 296 pontos privados duplicados foram separados para garantir visualização 1:1.
   ℹ️  Dica: use --debug-map-matching para ver tentativas detalhadas de re-snap.
   🔢 Pontos unicos original/offset: 324/28 (Δ -296, -91.4% )
   📍 Trajeto original: 3.163 km (linha reta entre pontos GPS)
   🔒 Trajeto com offset: 2.707 km (linha reta entre pontos COM snap)
   📊 Diferença: -0.455 km (-14.4%)

======================================================================
📊 ESTATÍSTICAS FINAIS
======================================================================
Viagens processadas: 1
Distância total: 3.17 km
Combustível total: 49.53 l
CO2 real total: 114414.1 g
CO2 meta total: 609.4 g
Delta CO2: -113804.6 g
Valor E1 total: R$ -5.69

💰 Créditos: R$ 0.00
💸 Débitos: R$ 5.69
📈 Saldo líquido: R$ -5.69

🗺️  MAP MATCHING:
   Pontos processados: 324
   Snaps tentados: 324 (100.0%)
   Snaps bem-sucedidos: 324 (100.0%)
   Snaps forçados (>100m): 324 (100.0%)
   ✅ TODOS os pontos estão em ruas (FORCE_SNAP=True)
======================================================================

💾 Dados agregados salvos em: ../data/offset_batch/vehicles_step_sim_10/run_029.csv
[csv-worker_1] [vehicles_step_sim_10] ===== LOG RUN 029 FIM =====

[csv-worker_1] [vehicles_step_sim_10] ===== LOG RUN 030 INICIO =====
======================================================================
🚗 PROCESSAMENTO SUMO → E1 REGISTRY (OFFSET ALEATÓRIO - veh0)
======================================================================
📄 Entrada: ../data/vehicles_step_sim_10.csv
🏭 Consumo fabricante: 12.0 km/l
💰 Preço carbono: R$ 50.0/ton
⭕ Raio máximo do offset aleatório: 2.0 km
🎲 Offset gerado aleatoriamente:
   Ângulo: 287.2°
   Distância: 1.2143 km
   offset_x (lat): 0.003227°  |  offset_y (lon): -0.010420°
📊 Row stepping: Processando todas as linhas
🗺️  Map matching: ATIVADO (raio 1500m) - pontos snapped para ruas
📐 Cálculo de distância: HAVERSINE PURO dos pontos COM snap (consistência)
======================================================================

📊 Carregando dados SUMO...
   Total de registros no arquivo: 301
   Veículos únicos: 1
   🚙 Vehicle selecionado: carro_1000

🔄 Agregando viagens por vehicle_id...
  📐 SUMO_carro_1000: Calculando distâncias com Haversine direto (SEM routing API)
      Original: 300 pontos → 3.1542 km (Haversine)
      Offset:   300 pontos → 4.2520 km (Haversine)

🚙 Veículo: SUMO_carro_1000
   Modelo: HBEFA4/PC_petrol_Euro-6ab
   Segmentos: 300
   📏 Distância: 3.158 km (city: 2.541, highway: 0.617)
   ⛽ Combustível: 49.984 l
   🏭 CO2 real: 115462.6 g
   🎯 CO2 meta: 608.0 g
   📊 Delta: -114854.6 g
   💰 Valor E1: R$ -5.7427
   🧭 Tentativas map matching: 302

   🔑 OFFSET DETERMINÍSTICO (x=0.007652626986150323°, y=0.0027318737890417726°, max=2.0km):
   📍 Start Original:  (40.775644, -73.960687)
   🔒 Start Protegido: (40.782840, -73.957518) ✓ 0.88 km | ✓ MAP MATCHED
   📏 Deslocamento final: 844.4 metros
   📍 End Original:    (40.773912, -73.961904)
   🔒 End Protegido:   (40.781198, -73.959607) ✓ 0.88 km | ✓ MAP MATCHED
   📏 Deslocamento final: 833.9 metros

   📐 ANÁLISE DE DISTÂNCIA DO TRAJETO (HAVERSINE DOS PONTOS ARMAZENADOS):
   ✨ 263 pontos privados duplicados foram separados para garantir visualização 1:1.
   ℹ️  Dica: use --debug-map-matching para ver tentativas detalhadas de re-snap.
   🔢 Pontos unicos original/offset: 299/37 (Δ -262, -87.6% )
   📍 Trajeto original: 3.154 km (linha reta entre pontos GPS)
   🔒 Trajeto com offset: 4.252 km (linha reta entre pontos COM snap)
   📊 Diferença: +1.098 km (+34.8%)

======================================================================
📊 ESTATÍSTICAS FINAIS
======================================================================
Viagens processadas: 1
Distância total: 3.16 km
Combustível total: 49.98 l
CO2 real total: 115462.6 g
CO2 meta total: 608.0 g
Delta CO2: -114854.6 g
Valor E1 total: R$ -5.74

💰 Créditos: R$ 0.00
💸 Débitos: R$ 5.74
📈 Saldo líquido: R$ -5.74

🗺️  MAP MATCHING:
   Pontos processados: 300
   Snaps tentados: 300 (100.0%)
   Snaps bem-sucedidos: 300 (100.0%)
   Snaps forçados (>100m): 300 (100.0%)
   ✅ TODOS os pontos estão em ruas (FORCE_SNAP=True)
======================================================================

💾 Dados agregados salvos em: ../data/offset_batch/vehicles_step_sim_10/run_030.csv
[csv-worker_1] [vehicles_step_sim_10] ===== LOG RUN 030 FIM =====

[csv-worker_1] [vehicles_step_sim_10] ===== LOG RUN 031 INICIO =====
======================================================================
🚗 PROCESSAMENTO SUMO → E1 REGISTRY (OFFSET ALEATÓRIO - veh0)
======================================================================
📄 Entrada: ../data/vehicles_step_sim_10.csv
🏭 Consumo fabricante: 12.0 km/l
💰 Preço carbono: R$ 50.0/ton
⭕ Raio máximo do offset aleatório: 2.0 km
🎲 Offset gerado aleatoriamente:
   Ângulo: 302.2°
   Distância: 1.3068 km
   offset_x (lat): 0.006253°  |  offset_y (lon): -0.009935°
📊 Row stepping: Processando todas as linhas
🗺️  Map matching: ATIVADO (raio 1500m) - pontos snapped para ruas
📐 Cálculo de distância: HAVERSINE PURO dos pontos COM snap (consistência)
======================================================================

📊 Carregando dados SUMO...
   Total de registros no arquivo: 301
   Veículos únicos: 1
   🚙 Vehicle selecionado: carro_1000

🔄 Agregando viagens por vehicle_id...
  📐 SUMO_carro_1000: Calculando distâncias com Haversine direto (SEM routing API)
      Original: 300 pontos → 3.1542 km (Haversine)
      Offset:   300 pontos → 7.6534 km (Haversine)

🚙 Veículo: SUMO_carro_1000
   Modelo: HBEFA4/PC_petrol_Euro-6ab
   Segmentos: 300
   📏 Distância: 3.158 km (city: 2.541, highway: 0.617)
   ⛽ Combustível: 49.984 l
   🏭 CO2 real: 115462.6 g
   🎯 CO2 meta: 608.0 g
   📊 Delta: -114854.6 g
   💰 Valor E1: R$ -5.7427
   🧭 Tentativas map matching: 302

   🔑 OFFSET DETERMINÍSTICO (x=0.0036098039102520282°, y=-0.011626928121754714°, max=2.0km):
   📍 Start Original:  (40.775644, -73.960687)
   🔒 Start Protegido: (40.779815, -73.973354) ✓ 1.06 km | ✓ MAP MATCHED
   📏 Deslocamento final: 1164.4 metros
   📍 End Original:    (40.773912, -73.961904)
   🔒 End Protegido:   (40.778118, -73.974582) ✓ 1.06 km | ✓ MAP MATCHED
   📏 Deslocamento final: 1166.9 metros

   📐 ANÁLISE DE DISTÂNCIA DO TRAJETO (HAVERSINE DOS PONTOS ARMAZENADOS):
   ✨ 258 pontos privados duplicados foram separados para garantir visualização 1:1.
   ℹ️  Dica: use --debug-map-matching para ver tentativas detalhadas de re-snap.
   🔢 Pontos unicos original/offset: 299/42 (Δ -257, -86.0% )
   📍 Trajeto original: 3.154 km (linha reta entre pontos GPS)
   🔒 Trajeto com offset: 7.653 km (linha reta entre pontos COM snap)
   📊 Diferença: +4.499 km (+142.6%)

======================================================================
📊 ESTATÍSTICAS FINAIS
======================================================================
Viagens processadas: 1
Distância total: 3.16 km
Combustível total: 49.98 l
CO2 real total: 115462.6 g
CO2 meta total: 608.0 g
Delta CO2: -114854.6 g
Valor E1 total: R$ -5.74

💰 Créditos: R$ 0.00
💸 Débitos: R$ 5.74
📈 Saldo líquido: R$ -5.74

🗺️  MAP MATCHING:
   Pontos processados: 300
   Snaps tentados: 300 (100.0%)
   Snaps bem-sucedidos: 300 (100.0%)
   Snaps forçados (>100m): 300 (100.0%)
   ✅ TODOS os pontos estão em ruas (FORCE_SNAP=True)
======================================================================

💾 Dados agregados salvos em: ../data/offset_batch/vehicles_step_sim_10/run_031.csv
[csv-worker_1] [vehicles_step_sim_10] ===== LOG RUN 031 FIM =====

[csv-worker_1] [vehicles_step_sim_10] ===== LOG RUN 032 INICIO =====
======================================================================
🚗 PROCESSAMENTO SUMO → E1 REGISTRY (OFFSET ALEATÓRIO - veh0)
======================================================================
📄 Entrada: ../data/vehicles_step_sim_10.csv
🏭 Consumo fabricante: 12.0 km/l
💰 Preço carbono: R$ 50.0/ton
⭕ Raio máximo do offset aleatório: 2.0 km
🎲 Offset gerado aleatoriamente:
   Ângulo: 202.3°
   Distância: 0.9109 km
   offset_x (lat): -0.007569°  |  offset_y (lon): -0.003109°
📊 Row stepping: Processando todas as linhas
🗺️  Map matching: ATIVADO (raio 1500m) - pontos snapped para ruas
📐 Cálculo de distância: HAVERSINE PURO dos pontos COM snap (consistência)
======================================================================

📊 Carregando dados SUMO...
   Total de registros no arquivo: 301
   Veículos únicos: 1
   🚙 Vehicle selecionado: carro_1000

🔄 Agregando viagens por vehicle_id...
  📐 SUMO_carro_1000: Calculando distâncias com Haversine direto (SEM routing API)
      Original: 337 pontos → 3.3706 km (Haversine)
      Offset:   337 pontos → 3.3682 km (Haversine)

🚙 Veículo: SUMO_carro_1000
   Modelo: HBEFA4/PC_petrol_Euro-6ab
   Segmentos: 337
   📏 Distância: 3.379 km (city: 3.069, highway: 0.310)
   ⛽ Combustível: 58.616 l
   🏭 CO2 real: 135402.3 g
   🎯 CO2 meta: 650.5 g
   📊 Delta: -134751.8 g
   💰 Valor E1: R$ -6.7376
   🧭 Tentativas map matching: 339

   🔑 OFFSET DETERMINÍSTICO (x=0.00313084794462794°, y=-0.0031343541447607557°, max=2.0km):
   📍 Start Original:  (40.775644, -73.960687)
   🔒 Start Protegido: (40.778312, -73.962763) ✓ 0.44 km | ✓ MAP MATCHED
   📏 Deslocamento final: 344.8 metros
   📍 End Original:    (40.774801, -73.960637)
   🔒 End Protegido:   (40.777674, -73.963223) ✓ 0.44 km | ✓ MAP MATCHED
   📏 Deslocamento final: 387.1 metros

   📐 ANÁLISE DE DISTÂNCIA DO TRAJETO (HAVERSINE DOS PONTOS ARMAZENADOS):
   ✨ 279 pontos privados duplicados foram separados para garantir visualização 1:1.
   ℹ️  Dica: use --debug-map-matching para ver tentativas detalhadas de re-snap.
   🔢 Pontos unicos original/offset: 337/58 (Δ -279, -82.8% )
   📍 Trajeto original: 3.371 km (linha reta entre pontos GPS)
   🔒 Trajeto com offset: 3.368 km (linha reta entre pontos COM snap)
   📊 Diferença: -0.002 km (-0.1%)

======================================================================
📊 ESTATÍSTICAS FINAIS
======================================================================
Viagens processadas: 1
Distância total: 3.38 km
Combustível total: 58.62 l
CO2 real total: 135402.3 g
CO2 meta total: 650.5 g
Delta CO2: -134751.8 g
Valor E1 total: R$ -6.74

💰 Créditos: R$ 0.00
💸 Débitos: R$ 6.74
📈 Saldo líquido: R$ -6.74

🗺️  MAP MATCHING:
   Pontos processados: 337
   Snaps tentados: 337 (100.0%)
   Snaps bem-sucedidos: 337 (100.0%)
   Snaps forçados (>100m): 337 (100.0%)
   ✅ TODOS os pontos estão em ruas (FORCE_SNAP=True)
======================================================================

💾 Dados agregados salvos em: ../data/offset_batch/vehicles_step_sim_10/run_032.csv
[csv-worker_1] [vehicles_step_sim_10] ===== LOG RUN 032 FIM =====

[csv-worker_1] [vehicles_step_sim_10] ===== LOG RUN 033 INICIO =====
======================================================================
🚗 PROCESSAMENTO SUMO → E1 REGISTRY (OFFSET ALEATÓRIO - veh0)
======================================================================
📄 Entrada: ../data/vehicles_step_sim_10.csv
🏭 Consumo fabricante: 12.0 km/l
💰 Preço carbono: R$ 50.0/ton
⭕ Raio máximo do offset aleatório: 2.0 km
🎲 Offset gerado aleatoriamente:
   Ângulo: 154.1°
   Distância: 1.7606 km
   offset_x (lat): -0.014227°  |  offset_y (lon): 0.006910°
📊 Row stepping: Processando todas as linhas
🗺️  Map matching: ATIVADO (raio 1500m) - pontos snapped para ruas
📐 Cálculo de distância: HAVERSINE PURO dos pontos COM snap (consistência)
======================================================================

📊 Carregando dados SUMO...
   Total de registros no arquivo: 301
   Veículos únicos: 1
   🚙 Vehicle selecionado: carro_1000

🔄 Agregando viagens por vehicle_id...
  📐 SUMO_carro_1000: Calculando distâncias com Haversine direto (SEM routing API)
      Original: 299 pontos → 3.0526 km (Haversine)
      Offset:   299 pontos → 2.1758 km (Haversine)

🚙 Veículo: SUMO_carro_1000
   Modelo: HBEFA4/PC_petrol_Euro-6ab
   Segmentos: 299
   📏 Distância: 3.060 km (city: 3.060, highway: 0.000)
   ⛽ Combustível: 48.384 l
   🏭 CO2 real: 111766.0 g
   🎯 CO2 meta: 589.0 g
   📊 Delta: -111177.0 g
   💰 Valor E1: R$ -5.5588
   🧭 Tentativas map matching: 301

   🔑 OFFSET DETERMINÍSTICO (x=-0.0027699467425400352°, y=0.015769340720803642°, max=2.0km):
   📍 Start Original:  (40.775644, -73.960687)
   🔒 Start Protegido: (40.772810, -73.944774) ✓ 1.36 km | ✓ MAP MATCHED
   📏 Deslocamento final: 1378.1 metros
   📍 End Original:    (40.774198, -73.961141)
   🔒 End Protegido:   (40.771828, -73.945897) ✓ 1.36 km | ✓ MAP MATCHED
   📏 Deslocamento final: 1311.9 metros

   📐 ANÁLISE DE DISTÂNCIA DO TRAJETO (HAVERSINE DOS PONTOS ARMAZENADOS):
   ✨ 282 pontos privados duplicados foram separados para garantir visualização 1:1.
   ℹ️  Dica: use --debug-map-matching para ver tentativas detalhadas de re-snap.
   🔢 Pontos unicos original/offset: 299/17 (Δ -282, -94.3% )
   📍 Trajeto original: 3.053 km (linha reta entre pontos GPS)
   🔒 Trajeto com offset: 2.176 km (linha reta entre pontos COM snap)
   📊 Diferença: -0.877 km (-28.7%)

======================================================================
📊 ESTATÍSTICAS FINAIS
======================================================================
Viagens processadas: 1
Distância total: 3.06 km
Combustível total: 48.38 l
CO2 real total: 111766.0 g
CO2 meta total: 589.0 g
Delta CO2: -111177.0 g
Valor E1 total: R$ -5.56

💰 Créditos: R$ 0.00
💸 Débitos: R$ 5.56
📈 Saldo líquido: R$ -5.56

🗺️  MAP MATCHING:
   Pontos processados: 299
   Snaps tentados: 299 (100.0%)
   Snaps bem-sucedidos: 299 (100.0%)
   Snaps forçados (>100m): 299 (100.0%)
   ✅ TODOS os pontos estão em ruas (FORCE_SNAP=True)
======================================================================

💾 Dados agregados salvos em: ../data/offset_batch/vehicles_step_sim_10/run_033.csv
[csv-worker_1] [vehicles_step_sim_10] ===== LOG RUN 033 FIM =====

[csv-worker_1] [vehicles_step_sim_10] ===== LOG RUN 034 INICIO =====
======================================================================
🚗 PROCESSAMENTO SUMO → E1 REGISTRY (OFFSET ALEATÓRIO - veh0)
======================================================================
📄 Entrada: ../data/vehicles_step_sim_10.csv
🏭 Consumo fabricante: 12.0 km/l
💰 Preço carbono: R$ 50.0/ton
⭕ Raio máximo do offset aleatório: 2.0 km
🎲 Offset gerado aleatoriamente:
   Ângulo: 160.1°
   Distância: 1.9381 km
   offset_x (lat): -0.016368°  |  offset_y (lon): 0.005933°
📊 Row stepping: Processando todas as linhas
🗺️  Map matching: ATIVADO (raio 1500m) - pontos snapped para ruas
📐 Cálculo de distância: HAVERSINE PURO dos pontos COM snap (consistência)
======================================================================

📊 Carregando dados SUMO...
   Total de registros no arquivo: 301
   Veículos únicos: 1
   🚙 Vehicle selecionado: carro_1000

🔄 Agregando viagens por vehicle_id...
  📐 SUMO_carro_1000: Calculando distâncias com Haversine direto (SEM routing API)
      Original: 299 pontos → 3.0526 km (Haversine)
      Offset:   299 pontos → 2.9281 km (Haversine)

🚙 Veículo: SUMO_carro_1000
   Modelo: HBEFA4/PC_petrol_Euro-6ab
   Segmentos: 299
   📏 Distância: 3.060 km (city: 3.060, highway: 0.000)
   ⛽ Combustível: 48.384 l
   🏭 CO2 real: 111766.0 g
   🎯 CO2 meta: 589.0 g
   📊 Delta: -111177.0 g
   💰 Valor E1: R$ -5.5588
   🧭 Tentativas map matching: 301

   🔑 OFFSET DETERMINÍSTICO (x=-0.013437292584691°, y=0.001654223883697489°, max=2.0km):
   📍 Start Original:  (40.775644, -73.960687)
   🔒 Start Protegido: (40.762682, -73.959558) ✓ 1.50 km | ✓ MAP MATCHED
   📏 Deslocamento final: 1446.0 metros
   📍 End Original:    (40.774198, -73.961141)
   🔒 End Protegido:   (40.760864, -73.959109) ✓ 1.50 km | ✓ MAP MATCHED
   📏 Deslocamento final: 1494.2 metros

   📐 ANÁLISE DE DISTÂNCIA DO TRAJETO (HAVERSINE DOS PONTOS ARMAZENADOS):
   ✨ 254 pontos privados duplicados foram separados para garantir visualização 1:1.
   ℹ️  Dica: use --debug-map-matching para ver tentativas detalhadas de re-snap.
   🔢 Pontos unicos original/offset: 299/45 (Δ -254, -84.9% )
   📍 Trajeto original: 3.053 km (linha reta entre pontos GPS)
   🔒 Trajeto com offset: 2.928 km (linha reta entre pontos COM snap)
   📊 Diferença: -0.124 km (-4.1%)

======================================================================
📊 ESTATÍSTICAS FINAIS
======================================================================
Viagens processadas: 1
Distância total: 3.06 km
Combustível total: 48.38 l
CO2 real total: 111766.0 g
CO2 meta total: 589.0 g
Delta CO2: -111177.0 g
Valor E1 total: R$ -5.56

💰 Créditos: R$ 0.00
💸 Débitos: R$ 5.56
📈 Saldo líquido: R$ -5.56

🗺️  MAP MATCHING:
   Pontos processados: 299
   Snaps tentados: 299 (100.0%)
   Snaps bem-sucedidos: 299 (100.0%)
   Snaps forçados (>100m): 299 (100.0%)
   ✅ TODOS os pontos estão em ruas (FORCE_SNAP=True)
======================================================================

💾 Dados agregados salvos em: ../data/offset_batch/vehicles_step_sim_10/run_034.csv
[csv-worker_1] [vehicles_step_sim_10] ===== LOG RUN 034 FIM =====

[csv-worker_1] [vehicles_step_sim_10] ===== LOG RUN 035 INICIO =====
======================================================================
🚗 PROCESSAMENTO SUMO → E1 REGISTRY (OFFSET ALEATÓRIO - veh0)
======================================================================
📄 Entrada: ../data/vehicles_step_sim_10.csv
🏭 Consumo fabricante: 12.0 km/l
💰 Preço carbono: R$ 50.0/ton
⭕ Raio máximo do offset aleatório: 2.0 km
🎲 Offset gerado aleatoriamente:
   Ângulo: 261.2°
   Distância: 1.5930 km
   offset_x (lat): -0.002190°  |  offset_y (lon): -0.014142°
📊 Row stepping: Processando todas as linhas
🗺️  Map matching: ATIVADO (raio 1500m) - pontos snapped para ruas
📐 Cálculo de distância: HAVERSINE PURO dos pontos COM snap (consistência)
======================================================================

📊 Carregando dados SUMO...
   Total de registros no arquivo: 301
   Veículos únicos: 1
   🚙 Vehicle selecionado: carro_1000

🔄 Agregando viagens por vehicle_id...
  📐 SUMO_carro_1000: Calculando distâncias com Haversine direto (SEM routing API)
      Original: 324 pontos → 3.1629 km (Haversine)
      Offset:   324 pontos → 2.8140 km (Haversine)

🚙 Veículo: SUMO_carro_1000
   Modelo: HBEFA4/PC_petrol_Euro-6ab
   Segmentos: 324
   📏 Distância: 3.166 km (city: 3.024, highway: 0.142)
   ⛽ Combustível: 49.530 l
   🏭 CO2 real: 114414.1 g
   🎯 CO2 meta: 609.4 g
   📊 Delta: -113804.6 g
   💰 Valor E1: R$ -5.6902
   🧭 Tentativas map matching: 326

   🔑 OFFSET DETERMINÍSTICO (x=0.0018807207529382497°, y=0.017461435966934086°, max=2.0km):
   📍 Start Original:  (40.775644, -73.960687)
   🔒 Start Protegido: (40.777581, -73.943108) ✓ 1.49 km | ✓ MAP MATCHED
   📏 Deslocamento final: 1497.5 metros
   📍 End Original:    (40.772251, -73.963071)
   🔒 End Protegido:   (40.774308, -73.945400) ✓ 1.49 km | ✓ MAP MATCHED
   📏 Deslocamento final: 1507.2 metros

   📐 ANÁLISE DE DISTÂNCIA DO TRAJETO (HAVERSINE DOS PONTOS ARMAZENADOS):
   ✨ 263 pontos privados duplicados foram separados para garantir visualização 1:1.
   ℹ️  Dica: use --debug-map-matching para ver tentativas detalhadas de re-snap.
   🔢 Pontos unicos original/offset: 324/61 (Δ -263, -81.2% )
   📍 Trajeto original: 3.163 km (linha reta entre pontos GPS)
   🔒 Trajeto com offset: 2.814 km (linha reta entre pontos COM snap)
   📊 Diferença: -0.349 km (-11.0%)

======================================================================
📊 ESTATÍSTICAS FINAIS
======================================================================
Viagens processadas: 1
Distância total: 3.17 km
Combustível total: 49.53 l
CO2 real total: 114414.1 g
CO2 meta total: 609.4 g
Delta CO2: -113804.6 g
Valor E1 total: R$ -5.69

💰 Créditos: R$ 0.00
💸 Débitos: R$ 5.69
📈 Saldo líquido: R$ -5.69

🗺️  MAP MATCHING:
   Pontos processados: 324
   Snaps tentados: 324 (100.0%)
   Snaps bem-sucedidos: 324 (100.0%)
   Snaps forçados (>100m): 324 (100.0%)
   ✅ TODOS os pontos estão em ruas (FORCE_SNAP=True)
======================================================================

💾 Dados agregados salvos em: ../data/offset_batch/vehicles_step_sim_10/run_035.csv
[csv-worker_1] [vehicles_step_sim_10] ===== LOG RUN 035 FIM =====

[csv-worker_1] [vehicles_step_sim_10] ===== LOG RUN 036 INICIO =====
======================================================================
🚗 PROCESSAMENTO SUMO → E1 REGISTRY (OFFSET ALEATÓRIO - veh0)
======================================================================
📄 Entrada: ../data/vehicles_step_sim_10.csv
🏭 Consumo fabricante: 12.0 km/l
💰 Preço carbono: R$ 50.0/ton
⭕ Raio máximo do offset aleatório: 2.0 km
🎲 Offset gerado aleatoriamente:
   Ângulo: 328.1°
   Distância: 1.9338 km
   offset_x (lat): 0.014741°  |  offset_y (lon): -0.009191°
📊 Row stepping: Processando todas as linhas
🗺️  Map matching: ATIVADO (raio 1500m) - pontos snapped para ruas
📐 Cálculo de distância: HAVERSINE PURO dos pontos COM snap (consistência)
======================================================================

📊 Carregando dados SUMO...
   Total de registros no arquivo: 301
   Veículos únicos: 1
   🚙 Vehicle selecionado: carro_1000

🔄 Agregando viagens por vehicle_id...
  📐 SUMO_carro_1000: Calculando distâncias com Haversine direto (SEM routing API)
      Original: 222 pontos → 1.9688 km (Haversine)
      Offset:   222 pontos → 1.5204 km (Haversine)

🚙 Veículo: SUMO_carro_1000
   Modelo: HBEFA4/PC_petrol_Euro-6ab
   Segmentos: 222
   📏 Distância: 1.973 km (city: 1.973, highway: 0.000)
   ⛽ Combustível: 24.219 l
   🏭 CO2 real: 55946.2 g
   🎯 CO2 meta: 379.8 g
   📊 Delta: -55566.4 g
   💰 Valor E1: R$ -2.7783
   🧭 Tentativas map matching: 224

   🔑 OFFSET DETERMINÍSTICO (x=0.015126313299985398°, y=0.00382695439958076°, max=2.0km):
   📍 Start Original:  (40.775644, -73.960687)
   🔒 Start Protegido: (40.789586, -73.957639) ✓ 1.71 km | ✓ MAP MATCHED
   📏 Deslocamento final: 1573.1 metros
   📍 End Original:    (40.772651, -73.962544)
   🔒 End Protegido:   (40.786655, -73.956678) ✓ 1.71 km | ✓ MAP MATCHED
   📏 Deslocamento final: 1635.4 metros

   📐 ANÁLISE DE DISTÂNCIA DO TRAJETO (HAVERSINE DOS PONTOS ARMAZENADOS):
   ✨ 192 pontos privados duplicados foram separados para garantir visualização 1:1.
   ℹ️  Dica: use --debug-map-matching para ver tentativas detalhadas de re-snap.
   🔢 Pontos unicos original/offset: 221/30 (Δ -191, -86.4% )
   📍 Trajeto original: 1.969 km (linha reta entre pontos GPS)
   🔒 Trajeto com offset: 1.520 km (linha reta entre pontos COM snap)
   📊 Diferença: -0.448 km (-22.8%)

======================================================================
📊 ESTATÍSTICAS FINAIS
======================================================================
Viagens processadas: 1
Distância total: 1.97 km
Combustível total: 24.22 l
CO2 real total: 55946.2 g
CO2 meta total: 379.8 g
Delta CO2: -55566.4 g
Valor E1 total: R$ -2.78

💰 Créditos: R$ 0.00
💸 Débitos: R$ 2.78
📈 Saldo líquido: R$ -2.78

🗺️  MAP MATCHING:
   Pontos processados: 222
   Snaps tentados: 222 (100.0%)
   Snaps bem-sucedidos: 222 (100.0%)
   Snaps forçados (>100m): 222 (100.0%)
   ✅ TODOS os pontos estão em ruas (FORCE_SNAP=True)
======================================================================

💾 Dados agregados salvos em: ../data/offset_batch/vehicles_step_sim_10/run_036.csv
[csv-worker_1] [vehicles_step_sim_10] ===== LOG RUN 036 FIM =====

[csv-worker_1] [vehicles_step_sim_10] ===== LOG RUN 037 INICIO =====
======================================================================
🚗 PROCESSAMENTO SUMO → E1 REGISTRY (OFFSET ALEATÓRIO - veh0)
======================================================================
📄 Entrada: ../data/vehicles_step_sim_10.csv
🏭 Consumo fabricante: 12.0 km/l
💰 Preço carbono: R$ 50.0/ton
⭕ Raio máximo do offset aleatório: 2.0 km
🎲 Offset gerado aleatoriamente:
   Ângulo: 308.2°
   Distância: 1.3884 km
   offset_x (lat): 0.007715°  |  offset_y (lon): -0.009800°
📊 Row stepping: Processando todas as linhas
🗺️  Map matching: ATIVADO (raio 1500m) - pontos snapped para ruas
📐 Cálculo de distância: HAVERSINE PURO dos pontos COM snap (consistência)
======================================================================

📊 Carregando dados SUMO...
   Total de registros no arquivo: 301
   Veículos únicos: 1
   🚙 Vehicle selecionado: carro_1000

🔄 Agregando viagens por vehicle_id...
  📐 SUMO_carro_1000: Calculando distâncias com Haversine direto (SEM routing API)
      Original: 131 pontos → 1.4055 km (Haversine)
      Offset:   131 pontos → 1.2219 km (Haversine)

🚙 Veículo: SUMO_carro_1000
   Modelo: HBEFA4/PC_petrol_Euro-6ab
   Segmentos: 131
   📏 Distância: 1.410 km (city: 1.410, highway: 0.000)
   ⛽ Combustível: 12.456 l
   🏭 CO2 real: 28774.3 g
   🎯 CO2 meta: 271.4 g
   📊 Delta: -28502.9 g
   💰 Valor E1: R$ -1.4251
   🧭 Tentativas map matching: 133

   🔑 OFFSET DETERMINÍSTICO (x=0.006827163412567431°, y=0.016137342110097336°, max=2.0km):
   📍 Start Original:  (40.775644, -73.960687)
   🔒 Start Protegido: (40.782436, -73.944383) ✓ 1.56 km | ✓ MAP MATCHED
   📏 Deslocamento final: 1568.7 metros
   📍 End Original:    (40.772974, -73.962198)
   🔒 End Protegido:   (40.780005, -73.946871) ✓ 1.56 km | ✓ MAP MATCHED
   📏 Deslocamento final: 1510.7 metros

   📐 ANÁLISE DE DISTÂNCIA DO TRAJETO (HAVERSINE DOS PONTOS ARMAZENADOS):
   ✨ 92 pontos privados duplicados foram separados para garantir visualização 1:1.
   ℹ️  Dica: use --debug-map-matching para ver tentativas detalhadas de re-snap.
   🔢 Pontos unicos original/offset: 130/39 (Δ -91, -70.0% )
   📍 Trajeto original: 1.405 km (linha reta entre pontos GPS)
   🔒 Trajeto com offset: 1.222 km (linha reta entre pontos COM snap)
   📊 Diferença: -0.184 km (-13.1%)

======================================================================
📊 ESTATÍSTICAS FINAIS
======================================================================
Viagens processadas: 1
Distância total: 1.41 km
Combustível total: 12.46 l
CO2 real total: 28774.3 g
CO2 meta total: 271.4 g
Delta CO2: -28502.9 g
Valor E1 total: R$ -1.43

💰 Créditos: R$ 0.00
💸 Débitos: R$ 1.43
📈 Saldo líquido: R$ -1.43

🗺️  MAP MATCHING:
   Pontos processados: 131
   Snaps tentados: 131 (100.0%)
   Snaps bem-sucedidos: 131 (100.0%)
   Snaps forçados (>100m): 131 (100.0%)
   ✅ TODOS os pontos estão em ruas (FORCE_SNAP=True)
======================================================================

💾 Dados agregados salvos em: ../data/offset_batch/vehicles_step_sim_10/run_037.csv
[csv-worker_1] [vehicles_step_sim_10] ===== LOG RUN 037 FIM =====

[csv-worker_1] [vehicles_step_sim_10] ===== LOG RUN 038 INICIO =====
======================================================================
🚗 PROCESSAMENTO SUMO → E1 REGISTRY (OFFSET ALEATÓRIO - veh0)
======================================================================
📄 Entrada: ../data/vehicles_step_sim_10.csv
🏭 Consumo fabricante: 12.0 km/l
💰 Preço carbono: R$ 50.0/ton
⭕ Raio máximo do offset aleatório: 2.0 km
🎲 Offset gerado aleatoriamente:
   Ângulo: 343.3°
   Distância: 1.1380 km
   offset_x (lat): 0.009792°  |  offset_y (lon): -0.002936°
📊 Row stepping: Processando todas as linhas
🗺️  Map matching: ATIVADO (raio 1500m) - pontos snapped para ruas
📐 Cálculo de distância: HAVERSINE PURO dos pontos COM snap (consistência)
======================================================================

📊 Carregando dados SUMO...
   Total de registros no arquivo: 301
   Veículos únicos: 1
   🚙 Vehicle selecionado: carro_1000

🔄 Agregando viagens por vehicle_id...
  📐 SUMO_carro_1000: Calculando distâncias com Haversine direto (SEM routing API)
      Original: 131 pontos → 1.4055 km (Haversine)
      Offset:   131 pontos → 1.9753 km (Haversine)

🚙 Veículo: SUMO_carro_1000
   Modelo: HBEFA4/PC_petrol_Euro-6ab
   Segmentos: 131
   📏 Distância: 1.410 km (city: 1.410, highway: 0.000)
   ⛽ Combustível: 12.456 l
   🏭 CO2 real: 28774.3 g
   🎯 CO2 meta: 271.4 g
   📊 Delta: -28502.9 g
   💰 Valor E1: R$ -1.4251
   🧭 Tentativas map matching: 133

   🔑 OFFSET DETERMINÍSTICO (x=0.012526173112721271°, y=-0.004941418443698856°, max=2.0km):
   📍 Start Original:  (40.775644, -73.960687)
   🔒 Start Protegido: (40.788699, -73.966874) ✓ 1.46 km | ✓ MAP MATCHED
   📏 Deslocamento final: 1544.1 metros
   📍 End Original:    (40.772974, -73.962198)
   🔒 End Protegido:   (40.784755, -73.967697) ✓ 1.46 km | ✓ MAP MATCHED
   📏 Deslocamento final: 1391.0 metros

   📐 ANÁLISE DE DISTÂNCIA DO TRAJETO (HAVERSINE DOS PONTOS ARMAZENADOS):
   ✨ 108 pontos privados duplicados foram separados para garantir visualização 1:1.
   ℹ️  Dica: use --debug-map-matching para ver tentativas detalhadas de re-snap.
   🔢 Pontos unicos original/offset: 130/23 (Δ -107, -82.3% )
   📍 Trajeto original: 1.405 km (linha reta entre pontos GPS)
   🔒 Trajeto com offset: 1.975 km (linha reta entre pontos COM snap)
   📊 Diferença: +0.570 km (+40.5%)

======================================================================
📊 ESTATÍSTICAS FINAIS
======================================================================
Viagens processadas: 1
Distância total: 1.41 km
Combustível total: 12.46 l
CO2 real total: 28774.3 g
CO2 meta total: 271.4 g
Delta CO2: -28502.9 g
Valor E1 total: R$ -1.43

💰 Créditos: R$ 0.00
💸 Débitos: R$ 1.43
📈 Saldo líquido: R$ -1.43

🗺️  MAP MATCHING:
   Pontos processados: 131
   Snaps tentados: 131 (100.0%)
   Snaps bem-sucedidos: 131 (100.0%)
   Snaps forçados (>100m): 131 (100.0%)
   ✅ TODOS os pontos estão em ruas (FORCE_SNAP=True)
======================================================================

💾 Dados agregados salvos em: ../data/offset_batch/vehicles_step_sim_10/run_038.csv
[csv-worker_1] [vehicles_step_sim_10] ===== LOG RUN 038 FIM =====

[csv-worker_1] [vehicles_step_sim_10] ===== LOG RUN 039 INICIO =====
======================================================================
🚗 PROCESSAMENTO SUMO → E1 REGISTRY (OFFSET ALEATÓRIO - veh0)
======================================================================
📄 Entrada: ../data/vehicles_step_sim_10.csv
🏭 Consumo fabricante: 12.0 km/l
💰 Preço carbono: R$ 50.0/ton
⭕ Raio máximo do offset aleatório: 2.0 km
🎲 Offset gerado aleatoriamente:
   Ângulo: 0.6°
   Distância: 1.9849 km
   offset_x (lat): 0.017830°  |  offset_y (lon): 0.000194°
📊 Row stepping: Processando todas as linhas
🗺️  Map matching: ATIVADO (raio 1500m) - pontos snapped para ruas
📐 Cálculo de distância: HAVERSINE PURO dos pontos COM snap (consistência)
======================================================================

📊 Carregando dados SUMO...
   Total de registros no arquivo: 301
   Veículos únicos: 1
   🚙 Vehicle selecionado: carro_1000

🔄 Agregando viagens por vehicle_id...
  📐 SUMO_carro_1000: Calculando distâncias com Haversine direto (SEM routing API)
      Original: 131 pontos → 1.4055 km (Haversine)
      Offset:   131 pontos → 1.9066 km (Haversine)

🚙 Veículo: SUMO_carro_1000
   Modelo: HBEFA4/PC_petrol_Euro-6ab
   Segmentos: 131
   📏 Distância: 1.410 km (city: 1.410, highway: 0.000)
   ⛽ Combustível: 12.456 l
   🏭 CO2 real: 28774.3 g
   🎯 CO2 meta: 271.4 g
   📊 Delta: -28502.9 g
   💰 Valor E1: R$ -1.4251
   🧭 Tentativas map matching: 133

   🔑 OFFSET DETERMINÍSTICO (x=-0.012501024644537671°, y=0.005872122127720196°, max=2.0km):
   📍 Start Original:  (40.775644, -73.960687)
   🔒 Start Protegido: (40.762795, -73.954236) ✓ 1.48 km | ✓ MAP MATCHED
   📏 Deslocamento final: 1530.2 metros
   📍 End Original:    (40.772974, -73.962198)
   🔒 End Protegido:   (40.760728, -73.956358) ✓ 1.48 km | ✓ MAP MATCHED
   📏 Deslocamento final: 1449.4 metros

   📐 ANÁLISE DE DISTÂNCIA DO TRAJETO (HAVERSINE DOS PONTOS ARMAZENADOS):
   ✨ 108 pontos privados duplicados foram separados para garantir visualização 1:1.
   ℹ️  Dica: use --debug-map-matching para ver tentativas detalhadas de re-snap.
   🔢 Pontos unicos original/offset: 130/23 (Δ -107, -82.3% )
   📍 Trajeto original: 1.405 km (linha reta entre pontos GPS)
   🔒 Trajeto com offset: 1.907 km (linha reta entre pontos COM snap)
   📊 Diferença: +0.501 km (+35.6%)

======================================================================
📊 ESTATÍSTICAS FINAIS
======================================================================
Viagens processadas: 1
Distância total: 1.41 km
Combustível total: 12.46 l
CO2 real total: 28774.3 g
CO2 meta total: 271.4 g
Delta CO2: -28502.9 g
Valor E1 total: R$ -1.43

💰 Créditos: R$ 0.00
💸 Débitos: R$ 1.43
📈 Saldo líquido: R$ -1.43

🗺️  MAP MATCHING:
   Pontos processados: 131
   Snaps tentados: 131 (100.0%)
   Snaps bem-sucedidos: 131 (100.0%)
   Snaps forçados (>100m): 131 (100.0%)
   ✅ TODOS os pontos estão em ruas (FORCE_SNAP=True)
======================================================================

💾 Dados agregados salvos em: ../data/offset_batch/vehicles_step_sim_10/run_039.csv
[csv-worker_1] [vehicles_step_sim_10] ===== LOG RUN 039 FIM =====

[csv-worker_1] [vehicles_step_sim_10] ===== LOG RUN 040 INICIO =====
======================================================================
🚗 PROCESSAMENTO SUMO → E1 REGISTRY (OFFSET ALEATÓRIO - veh0)
======================================================================
📄 Entrada: ../data/vehicles_step_sim_10.csv
🏭 Consumo fabricante: 12.0 km/l
💰 Preço carbono: R$ 50.0/ton
⭕ Raio máximo do offset aleatório: 2.0 km
🎲 Offset gerado aleatoriamente:
   Ângulo: 345.9°
   Distância: 0.7052 km
   offset_x (lat): 0.006145°  |  offset_y (lon): -0.001539°
📊 Row stepping: Processando todas as linhas
🗺️  Map matching: ATIVADO (raio 1500m) - pontos snapped para ruas
📐 Cálculo de distância: HAVERSINE PURO dos pontos COM snap (consistência)
======================================================================

📊 Carregando dados SUMO...
   Total de registros no arquivo: 301
   Veículos únicos: 1
   🚙 Vehicle selecionado: carro_1000

🔄 Agregando viagens por vehicle_id...
  📐 SUMO_carro_1000: Calculando distâncias com Haversine direto (SEM routing API)
      Original: 300 pontos → 3.1542 km (Haversine)
      Offset:   300 pontos → 3.2254 km (Haversine)

🚙 Veículo: SUMO_carro_1000
   Modelo: HBEFA4/PC_petrol_Euro-6ab
   Segmentos: 300
   📏 Distância: 3.158 km (city: 2.541, highway: 0.617)
   ⛽ Combustível: 49.984 l
   🏭 CO2 real: 115462.6 g
   🎯 CO2 meta: 608.0 g
   📊 Delta: -114854.6 g
   💰 Valor E1: R$ -5.7427
   🧭 Tentativas map matching: 302

   🔑 OFFSET DETERMINÍSTICO (x=0.002220094246615683°, y=-0.017329699428504274°, max=2.0km):
   📍 Start Original:  (40.775644, -73.960687)
   🔒 Start Protegido: (40.778044, -73.978164) ✓ 1.48 km | ✓ MAP MATCHED
   📏 Deslocamento final: 1497.3 metros
   📍 End Original:    (40.773912, -73.961904)
   🔒 End Protegido:   (40.776057, -73.979628) ✓ 1.48 km | ✓ MAP MATCHED
   📏 Deslocamento final: 1513.2 metros

   📐 ANÁLISE DE DISTÂNCIA DO TRAJETO (HAVERSINE DOS PONTOS ARMAZENADOS):
   ✨ 257 pontos privados duplicados foram separados para garantir visualização 1:1.
   ℹ️  Dica: use --debug-map-matching para ver tentativas detalhadas de re-snap.
   🔢 Pontos unicos original/offset: 299/43 (Δ -256, -85.6% )
   📍 Trajeto original: 3.154 km (linha reta entre pontos GPS)
   🔒 Trajeto com offset: 3.225 km (linha reta entre pontos COM snap)
   📊 Diferença: +0.071 km (+2.3%)

======================================================================
📊 ESTATÍSTICAS FINAIS
======================================================================
Viagens processadas: 1
Distância total: 3.16 km
Combustível total: 49.98 l
CO2 real total: 115462.6 g
CO2 meta total: 608.0 g
Delta CO2: -114854.6 g
Valor E1 total: R$ -5.74

💰 Créditos: R$ 0.00
💸 Débitos: R$ 5.74
📈 Saldo líquido: R$ -5.74

🗺️  MAP MATCHING:
   Pontos processados: 300
   Snaps tentados: 300 (100.0%)
   Snaps bem-sucedidos: 300 (100.0%)
   Snaps forçados (>100m): 300 (100.0%)
   ✅ TODOS os pontos estão em ruas (FORCE_SNAP=True)
======================================================================

💾 Dados agregados salvos em: ../data/offset_batch/vehicles_step_sim_10/run_040.csv
[csv-worker_1] [vehicles_step_sim_10] ===== LOG RUN 040 FIM =====

[csv-worker_1] [vehicles_step_sim_10] ===== LOG RUN 041 INICIO =====
======================================================================
🚗 PROCESSAMENTO SUMO → E1 REGISTRY (OFFSET ALEATÓRIO - veh0)
======================================================================
📄 Entrada: ../data/vehicles_step_sim_10.csv
🏭 Consumo fabricante: 12.0 km/l
💰 Preço carbono: R$ 50.0/ton
⭕ Raio máximo do offset aleatório: 2.0 km
🎲 Offset gerado aleatoriamente:
   Ângulo: 99.4°
   Distância: 1.3442 km
   offset_x (lat): -0.001963°  |  offset_y (lon): 0.011915°
📊 Row stepping: Processando todas as linhas
🗺️  Map matching: ATIVADO (raio 1500m) - pontos snapped para ruas
📐 Cálculo de distância: HAVERSINE PURO dos pontos COM snap (consistência)
======================================================================

📊 Carregando dados SUMO...
   Total de registros no arquivo: 301
   Veículos únicos: 1
   🚙 Vehicle selecionado: carro_1000

🔄 Agregando viagens por vehicle_id...
  📐 SUMO_carro_1000: Calculando distâncias com Haversine direto (SEM routing API)
      Original: 131 pontos → 1.4055 km (Haversine)
      Offset:   131 pontos → 2.0030 km (Haversine)

🚙 Veículo: SUMO_carro_1000
   Modelo: HBEFA4/PC_petrol_Euro-6ab
   Segmentos: 131
   📏 Distância: 1.410 km (city: 1.410, highway: 0.000)
   ⛽ Combustível: 12.456 l
   🏭 CO2 real: 28774.3 g
   🎯 CO2 meta: 271.4 g
   📊 Delta: -28502.9 g
   💰 Valor E1: R$ -1.4251
   🧭 Tentativas map matching: 133

   🔑 OFFSET DETERMINÍSTICO (x=0.0006213241867399741°, y=0.011249250813910964°, max=2.0km):
   📍 Start Original:  (40.775644, -73.960687)
   🔒 Start Protegido: (40.776430, -73.949702) ✓ 0.95 km | ✓ MAP MATCHED
   📏 Deslocamento final: 930.2 metros
   📍 End Original:    (40.772974, -73.962198)
   🔒 End Protegido:   (40.773460, -73.951256) ✓ 0.95 km | ✓ MAP MATCHED
   📏 Deslocamento final: 924.0 metros

   📐 ANÁLISE DE DISTÂNCIA DO TRAJETO (HAVERSINE DOS PONTOS ARMAZENADOS):
   ✨ 108 pontos privados duplicados foram separados para garantir visualização 1:1.
   ℹ️  Dica: use --debug-map-matching para ver tentativas detalhadas de re-snap.
   🔢 Pontos unicos original/offset: 130/23 (Δ -107, -82.3% )
   📍 Trajeto original: 1.405 km (linha reta entre pontos GPS)
   🔒 Trajeto com offset: 2.003 km (linha reta entre pontos COM snap)
   📊 Diferença: +0.598 km (+42.5%)

======================================================================
📊 ESTATÍSTICAS FINAIS
======================================================================
Viagens processadas: 1
Distância total: 1.41 km
Combustível total: 12.46 l
CO2 real total: 28774.3 g
CO2 meta total: 271.4 g
Delta CO2: -28502.9 g
Valor E1 total: R$ -1.43

💰 Créditos: R$ 0.00
💸 Débitos: R$ 1.43
📈 Saldo líquido: R$ -1.43

🗺️  MAP MATCHING:
   Pontos processados: 131
   Snaps tentados: 131 (100.0%)
   Snaps bem-sucedidos: 131 (100.0%)
   Snaps forçados (>100m): 131 (100.0%)
   ✅ TODOS os pontos estão em ruas (FORCE_SNAP=True)
======================================================================

💾 Dados agregados salvos em: ../data/offset_batch/vehicles_step_sim_10/run_041.csv
[csv-worker_1] [vehicles_step_sim_10] ===== LOG RUN 041 FIM =====

[csv-worker_1] [vehicles_step_sim_10] ===== LOG RUN 042 INICIO =====
======================================================================
🚗 PROCESSAMENTO SUMO → E1 REGISTRY (OFFSET ALEATÓRIO - veh0)
======================================================================
📄 Entrada: ../data/vehicles_step_sim_10.csv
🏭 Consumo fabricante: 12.0 km/l
💰 Preço carbono: R$ 50.0/ton
⭕ Raio máximo do offset aleatório: 2.0 km
🎲 Offset gerado aleatoriamente:
   Ângulo: 332.1°
   Distância: 1.1351 km
   offset_x (lat): 0.009008°  |  offset_y (lon): -0.004779°
📊 Row stepping: Processando todas as linhas
🗺️  Map matching: ATIVADO (raio 1500m) - pontos snapped para ruas
📐 Cálculo de distância: HAVERSINE PURO dos pontos COM snap (consistência)
======================================================================

📊 Carregando dados SUMO...
   Total de registros no arquivo: 301
   Veículos únicos: 1
   🚙 Vehicle selecionado: carro_1000

🔄 Agregando viagens por vehicle_id...
  📐 SUMO_carro_1000: Calculando distâncias com Haversine direto (SEM routing API)
      Original: 155 pontos → 1.4242 km (Haversine)
      Offset:   155 pontos → 2.4596 km (Haversine)

🚙 Veículo: SUMO_carro_1000
   Modelo: HBEFA4/PC_petrol_Euro-6ab
   Segmentos: 155
   📏 Distância: 1.424 km (city: 1.424, highway: 0.000)
   ⛽ Combustível: 10.127 l
   🏭 CO2 real: 23393.7 g
   🎯 CO2 meta: 274.2 g
   📊 Delta: -23119.5 g
   💰 Valor E1: R$ -1.1560
   🧭 Tentativas map matching: 157

   🔑 OFFSET DETERMINÍSTICO (x=-0.008530217605250396°, y=0.015069757986762473°, max=2.0km):
   📍 Start Original:  (40.775644, -73.960687)
   🔒 Start Protegido: (40.768830, -73.948866) ✓ 1.59 km | ✓ MAP MATCHED
   📏 Deslocamento final: 1252.3 metros
   📍 End Original:    (40.775671, -73.960433)
   🔒 End Protegido:   (40.768830, -73.948866) ✓ 1.59 km | ✓ MAP MATCHED
   📏 Deslocamento final: 1237.3 metros

   📐 ANÁLISE DE DISTÂNCIA DO TRAJETO (HAVERSINE DOS PONTOS ARMAZENADOS):
   ✨ 110 pontos privados duplicados foram separados para garantir visualização 1:1.
   ℹ️  Dica: use --debug-map-matching para ver tentativas detalhadas de re-snap.
   🔢 Pontos unicos original/offset: 155/45 (Δ -110, -71.0% )
   📍 Trajeto original: 1.424 km (linha reta entre pontos GPS)
   🔒 Trajeto com offset: 2.460 km (linha reta entre pontos COM snap)
   📊 Diferença: +1.035 km (+72.7%)

======================================================================
📊 ESTATÍSTICAS FINAIS
======================================================================
Viagens processadas: 1
Distância total: 1.42 km
Combustível total: 10.13 l
CO2 real total: 23393.7 g
CO2 meta total: 274.2 g
Delta CO2: -23119.5 g
Valor E1 total: R$ -1.16

💰 Créditos: R$ 0.00
💸 Débitos: R$ 1.16
📈 Saldo líquido: R$ -1.16

🗺️  MAP MATCHING:
   Pontos processados: 155
   Snaps tentados: 155 (100.0%)
   Snaps bem-sucedidos: 155 (100.0%)
   Snaps forçados (>100m): 155 (100.0%)
   ✅ TODOS os pontos estão em ruas (FORCE_SNAP=True)
======================================================================

💾 Dados agregados salvos em: ../data/offset_batch/vehicles_step_sim_10/run_042.csv
[csv-worker_1] [vehicles_step_sim_10] ===== LOG RUN 042 FIM =====

[csv-worker_1] [vehicles_step_sim_10] ===== LOG RUN 043 INICIO =====
======================================================================
🚗 PROCESSAMENTO SUMO → E1 REGISTRY (OFFSET ALEATÓRIO - veh0)
======================================================================
📄 Entrada: ../data/vehicles_step_sim_10.csv
🏭 Consumo fabricante: 12.0 km/l
💰 Preço carbono: R$ 50.0/ton
⭕ Raio máximo do offset aleatório: 2.0 km
🎲 Offset gerado aleatoriamente:
   Ângulo: 125.5°
   Distância: 1.3239 km
   offset_x (lat): -0.006909°  |  offset_y (lon): 0.009680°
📊 Row stepping: Processando todas as linhas
🗺️  Map matching: ATIVADO (raio 1500m) - pontos snapped para ruas
📐 Cálculo de distância: HAVERSINE PURO dos pontos COM snap (consistência)
======================================================================

📊 Carregando dados SUMO...
   Total de registros no arquivo: 301
   Veículos únicos: 1
   🚙 Vehicle selecionado: carro_1000

🔄 Agregando viagens por vehicle_id...
  📐 SUMO_carro_1000: Calculando distâncias com Haversine direto (SEM routing API)
      Original: 155 pontos → 1.4242 km (Haversine)
      Offset:   155 pontos → 1.5250 km (Haversine)

🚙 Veículo: SUMO_carro_1000
   Modelo: HBEFA4/PC_petrol_Euro-6ab
   Segmentos: 155
   📏 Distância: 1.424 km (city: 1.424, highway: 0.000)
   ⛽ Combustível: 10.127 l
   🏭 CO2 real: 23393.7 g
   🎯 CO2 meta: 274.2 g
   📊 Delta: -23119.5 g
   💰 Valor E1: R$ -1.1560
   🧭 Tentativas map matching: 157

   🔑 OFFSET DETERMINÍSTICO (x=-0.00963190109390401°, y=-0.0045100658171300986°, max=2.0km):
   📍 Start Original:  (40.775644, -73.960687)
   🔒 Start Protegido: (40.765949, -73.965350) ✓ 1.14 km | ✓ MAP MATCHED
   📏 Deslocamento final: 1148.5 metros
   📍 End Original:    (40.775671, -73.960433)
   🔒 End Protegido:   (40.765949, -73.965350) ✓ 1.14 km | ✓ MAP MATCHED
   📏 Deslocamento final: 1158.9 metros

   📐 ANÁLISE DE DISTÂNCIA DO TRAJETO (HAVERSINE DOS PONTOS ARMAZENADOS):
   ✨ 117 pontos privados duplicados foram separados para garantir visualização 1:1.
   ℹ️  Dica: use --debug-map-matching para ver tentativas detalhadas de re-snap.
   🔢 Pontos unicos original/offset: 155/38 (Δ -117, -75.5% )
   📍 Trajeto original: 1.424 km (linha reta entre pontos GPS)
   🔒 Trajeto com offset: 1.525 km (linha reta entre pontos COM snap)
   📊 Diferença: +0.101 km (+7.1%)

======================================================================
📊 ESTATÍSTICAS FINAIS
======================================================================
Viagens processadas: 1
Distância total: 1.42 km
Combustível total: 10.13 l
CO2 real total: 23393.7 g
CO2 meta total: 274.2 g
Delta CO2: -23119.5 g
Valor E1 total: R$ -1.16

💰 Créditos: R$ 0.00
💸 Débitos: R$ 1.16
📈 Saldo líquido: R$ -1.16

🗺️  MAP MATCHING:
   Pontos processados: 155
   Snaps tentados: 155 (100.0%)
   Snaps bem-sucedidos: 155 (100.0%)
   Snaps forçados (>100m): 155 (100.0%)
   ✅ TODOS os pontos estão em ruas (FORCE_SNAP=True)
======================================================================

💾 Dados agregados salvos em: ../data/offset_batch/vehicles_step_sim_10/run_043.csv
[csv-worker_1] [vehicles_step_sim_10] ===== LOG RUN 043 FIM =====

[csv-worker_1] [vehicles_step_sim_10] ===== LOG RUN 044 INICIO =====
======================================================================
🚗 PROCESSAMENTO SUMO → E1 REGISTRY (OFFSET ALEATÓRIO - veh0)
======================================================================
📄 Entrada: ../data/vehicles_step_sim_10.csv
🏭 Consumo fabricante: 12.0 km/l
💰 Preço carbono: R$ 50.0/ton
⭕ Raio máximo do offset aleatório: 2.0 km
🎲 Offset gerado aleatoriamente:
   Ângulo: 242.9°
   Distância: 1.8774 km
   offset_x (lat): -0.007680°  |  offset_y (lon): -0.015015°
📊 Row stepping: Processando todas as linhas
🗺️  Map matching: ATIVADO (raio 1500m) - pontos snapped para ruas
📐 Cálculo de distância: HAVERSINE PURO dos pontos COM snap (consistência)
======================================================================

📊 Carregando dados SUMO...
   Total de registros no arquivo: 301
   Veículos únicos: 1
   🚙 Vehicle selecionado: carro_1000

🔄 Agregando viagens por vehicle_id...
  📐 SUMO_carro_1000: Calculando distâncias com Haversine direto (SEM routing API)
      Original: 323 pontos → 2.9161 km (Haversine)
      Offset:   323 pontos → 2.8937 km (Haversine)

🚙 Veículo: SUMO_carro_1000
   Modelo: HBEFA4/PC_petrol_Euro-6ab
   Segmentos: 323
   📏 Distância: 2.926 km (city: 2.764, highway: 0.161)
   ⛽ Combustível: 54.094 l
   🏭 CO2 real: 124958.0 g
   🎯 CO2 meta: 563.2 g
   📊 Delta: -124394.9 g
   💰 Valor E1: R$ -6.2197
   🧭 Tentativas map matching: 325

   🔑 OFFSET DETERMINÍSTICO (x=0.009283976185874628°, y=0.004543069407292331°, max=2.0km):
   📍 Start Original:  (40.775644, -73.960687)
   🔒 Start Protegido: (40.784717, -73.956146) ✓ 1.10 km | ✓ MAP MATCHED
   📏 Deslocamento final: 1080.2 metros
   📍 End Original:    (40.774046, -73.961617)
   🔒 End Protegido:   (40.783365, -73.956984) ✓ 1.10 km | ✓ MAP MATCHED
   📏 Deslocamento final: 1108.5 metros

   📐 ANÁLISE DE DISTÂNCIA DO TRAJETO (HAVERSINE DOS PONTOS ARMAZENADOS):
   ✨ 267 pontos privados duplicados foram separados para garantir visualização 1:1.
   ℹ️  Dica: use --debug-map-matching para ver tentativas detalhadas de re-snap.
   🔢 Pontos unicos original/offset: 320/56 (Δ -264, -82.5% )
   📍 Trajeto original: 2.916 km (linha reta entre pontos GPS)
   🔒 Trajeto com offset: 2.894 km (linha reta entre pontos COM snap)
   📊 Diferença: -0.022 km (-0.8%)

======================================================================
📊 ESTATÍSTICAS FINAIS
======================================================================
Viagens processadas: 1
Distância total: 2.93 km
Combustível total: 54.09 l
CO2 real total: 124958.0 g
CO2 meta total: 563.2 g
Delta CO2: -124394.9 g
Valor E1 total: R$ -6.22

💰 Créditos: R$ 0.00
💸 Débitos: R$ 6.22
📈 Saldo líquido: R$ -6.22

🗺️  MAP MATCHING:
   Pontos processados: 323
   Snaps tentados: 323 (100.0%)
   Snaps bem-sucedidos: 323 (100.0%)
   Snaps forçados (>100m): 323 (100.0%)
   ✅ TODOS os pontos estão em ruas (FORCE_SNAP=True)
======================================================================

💾 Dados agregados salvos em: ../data/offset_batch/vehicles_step_sim_10/run_044.csv
[csv-worker_1] [vehicles_step_sim_10] ===== LOG RUN 044 FIM =====

[csv-worker_1] [vehicles_step_sim_10] ===== LOG RUN 045 INICIO =====
======================================================================
🚗 PROCESSAMENTO SUMO → E1 REGISTRY (OFFSET ALEATÓRIO - veh0)
======================================================================
📄 Entrada: ../data/vehicles_step_sim_10.csv
🏭 Consumo fabricante: 12.0 km/l
💰 Preço carbono: R$ 50.0/ton
⭕ Raio máximo do offset aleatório: 2.0 km
🎲 Offset gerado aleatoriamente:
   Ângulo: 114.8°
   Distância: 0.8871 km
   offset_x (lat): -0.003337°  |  offset_y (lon): 0.007237°
📊 Row stepping: Processando todas as linhas
🗺️  Map matching: ATIVADO (raio 1500m) - pontos snapped para ruas
📐 Cálculo de distância: HAVERSINE PURO dos pontos COM snap (consistência)
======================================================================

📊 Carregando dados SUMO...
   Total de registros no arquivo: 301
   Veículos únicos: 1
   🚙 Vehicle selecionado: carro_1000

🔄 Agregando viagens por vehicle_id...
  📐 SUMO_carro_1000: Calculando distâncias com Haversine direto (SEM routing API)
      Original: 312 pontos → 3.1845 km (Haversine)
      Offset:   312 pontos → 3.2666 km (Haversine)

🚙 Veículo: SUMO_carro_1000
   Modelo: HBEFA4/PC_petrol_Euro-6ab
   Segmentos: 312
   📏 Distância: 3.190 km (city: 2.602, highway: 0.587)
   ⛽ Combustível: 54.577 l
   🏭 CO2 real: 126071.8 g
   🎯 CO2 meta: 614.1 g
   📊 Delta: -125457.8 g
   💰 Valor E1: R$ -6.2729
   🧭 Tentativas map matching: 314

   🔑 OFFSET DETERMINÍSTICO (x=0.011083260484264855°, y=0.011893948250939574°, max=2.0km):
   📍 Start Original:  (40.775644, -73.960687)
   🔒 Start Protegido: (40.786562, -73.948517) ✓ 1.59 km | ✓ MAP MATCHED
   📏 Deslocamento final: 1590.5 metros
   📍 End Original:    (40.771637, -73.963520)
   🔒 End Protegido:   (40.782693, -73.951346) ✓ 1.59 km | ✓ MAP MATCHED
   📏 Deslocamento final: 1602.6 metros

   📐 ANÁLISE DE DISTÂNCIA DO TRAJETO (HAVERSINE DOS PONTOS ARMAZENADOS):
   ✨ 264 pontos privados duplicados foram separados para garantir visualização 1:1.
   ℹ️  Dica: use --debug-map-matching para ver tentativas detalhadas de re-snap.
   🔢 Pontos unicos original/offset: 312/48 (Δ -264, -84.6% )
   📍 Trajeto original: 3.185 km (linha reta entre pontos GPS)
   🔒 Trajeto com offset: 3.267 km (linha reta entre pontos COM snap)
   📊 Diferença: +0.082 km (+2.6%)

======================================================================
📊 ESTATÍSTICAS FINAIS
======================================================================
Viagens processadas: 1
Distância total: 3.19 km
Combustível total: 54.58 l
CO2 real total: 126071.8 g
CO2 meta total: 614.1 g
Delta CO2: -125457.8 g
Valor E1 total: R$ -6.27

💰 Créditos: R$ 0.00
💸 Débitos: R$ 6.27
📈 Saldo líquido: R$ -6.27

🗺️  MAP MATCHING:
   Pontos processados: 312
   Snaps tentados: 312 (100.0%)
   Snaps bem-sucedidos: 312 (100.0%)
   Snaps forçados (>100m): 312 (100.0%)
   ✅ TODOS os pontos estão em ruas (FORCE_SNAP=True)
======================================================================

💾 Dados agregados salvos em: ../data/offset_batch/vehicles_step_sim_10/run_045.csv
[csv-worker_1] [vehicles_step_sim_10] ===== LOG RUN 045 FIM =====

[csv-worker_1] [vehicles_step_sim_10] ===== LOG RUN 046 INICIO =====
======================================================================
🚗 PROCESSAMENTO SUMO → E1 REGISTRY (OFFSET ALEATÓRIO - veh0)
======================================================================
📄 Entrada: ../data/vehicles_step_sim_10.csv
🏭 Consumo fabricante: 12.0 km/l
💰 Preço carbono: R$ 50.0/ton
⭕ Raio máximo do offset aleatório: 2.0 km
🎲 Offset gerado aleatoriamente:
   Ângulo: 168.4°
   Distância: 0.5864 km
   offset_x (lat): -0.005160°  |  offset_y (lon): 0.001062°
📊 Row stepping: Processando todas as linhas
🗺️  Map matching: ATIVADO (raio 1500m) - pontos snapped para ruas
📐 Cálculo de distância: HAVERSINE PURO dos pontos COM snap (consistência)
======================================================================

📊 Carregando dados SUMO...
   Total de registros no arquivo: 301
   Veículos únicos: 1
   🚙 Vehicle selecionado: carro_1000

🔄 Agregando viagens por vehicle_id...
  📐 SUMO_carro_1000: Calculando distâncias com Haversine direto (SEM routing API)
      Original: 222 pontos → 1.9688 km (Haversine)
      Offset:   222 pontos → 2.3199 km (Haversine)

🚙 Veículo: SUMO_carro_1000
   Modelo: HBEFA4/PC_petrol_Euro-6ab
   Segmentos: 222
   📏 Distância: 1.973 km (city: 1.973, highway: 0.000)
   ⛽ Combustível: 24.219 l
   🏭 CO2 real: 55946.2 g
   🎯 CO2 meta: 379.8 g
   📊 Delta: -55566.4 g
   💰 Valor E1: R$ -2.7783
   🧭 Tentativas map matching: 224

   🔑 OFFSET DETERMINÍSTICO (x=-0.010758001830255964°, y=0.0034959668376655997°, max=2.0km):
   📍 Start Original:  (40.775644, -73.960687)
   🔒 Start Protegido: (40.765189, -73.957731) ✓ 1.23 km | ✓ MAP MATCHED
   📏 Deslocamento final: 1190.2 metros
   📍 End Original:    (40.772651, -73.962544)
   🔒 End Protegido:   (40.762071, -73.960011) ✓ 1.23 km | ✓ MAP MATCHED
   📏 Deslocamento final: 1197.1 metros

   📐 ANÁLISE DE DISTÂNCIA DO TRAJETO (HAVERSINE DOS PONTOS ARMAZENADOS):
   ✨ 195 pontos privados duplicados foram separados para garantir visualização 1:1.
   ℹ️  Dica: use --debug-map-matching para ver tentativas detalhadas de re-snap.
   🔢 Pontos unicos original/offset: 221/27 (Δ -194, -87.8% )
   📍 Trajeto original: 1.969 km (linha reta entre pontos GPS)
   🔒 Trajeto com offset: 2.320 km (linha reta entre pontos COM snap)
   📊 Diferença: +0.351 km (+17.8%)

======================================================================
📊 ESTATÍSTICAS FINAIS
======================================================================
Viagens processadas: 1
Distância total: 1.97 km
Combustível total: 24.22 l
CO2 real total: 55946.2 g
CO2 meta total: 379.8 g
Delta CO2: -55566.4 g
Valor E1 total: R$ -2.78

💰 Créditos: R$ 0.00
💸 Débitos: R$ 2.78
📈 Saldo líquido: R$ -2.78

🗺️  MAP MATCHING:
   Pontos processados: 222
   Snaps tentados: 222 (100.0%)
   Snaps bem-sucedidos: 222 (100.0%)
   Snaps forçados (>100m): 222 (100.0%)
   ✅ TODOS os pontos estão em ruas (FORCE_SNAP=True)
======================================================================

💾 Dados agregados salvos em: ../data/offset_batch/vehicles_step_sim_10/run_046.csv
[csv-worker_1] [vehicles_step_sim_10] ===== LOG RUN 046 FIM =====

[csv-worker_1] [vehicles_step_sim_10] ===== LOG RUN 047 INICIO =====
======================================================================
🚗 PROCESSAMENTO SUMO → E1 REGISTRY (OFFSET ALEATÓRIO - veh0)
======================================================================
📄 Entrada: ../data/vehicles_step_sim_10.csv
🏭 Consumo fabricante: 12.0 km/l
💰 Preço carbono: R$ 50.0/ton
⭕ Raio máximo do offset aleatório: 2.0 km
🎲 Offset gerado aleatoriamente:
   Ângulo: 131.7°
   Distância: 1.3442 km
   offset_x (lat): -0.008032°  |  offset_y (lon): 0.009017°
📊 Row stepping: Processando todas as linhas
🗺️  Map matching: ATIVADO (raio 1500m) - pontos snapped para ruas
📐 Cálculo de distância: HAVERSINE PURO dos pontos COM snap (consistência)
======================================================================

📊 Carregando dados SUMO...
   Total de registros no arquivo: 301
   Veículos únicos: 1
   🚙 Vehicle selecionado: carro_1000

🔄 Agregando viagens por vehicle_id...
  📐 SUMO_carro_1000: Calculando distâncias com Haversine direto (SEM routing API)
      Original: 337 pontos → 3.3706 km (Haversine)
      Offset:   337 pontos → 3.6259 km (Haversine)

🚙 Veículo: SUMO_carro_1000
   Modelo: HBEFA4/PC_petrol_Euro-6ab
   Segmentos: 337
   📏 Distância: 3.379 km (city: 3.069, highway: 0.310)
   ⛽ Combustível: 58.616 l
   🏭 CO2 real: 135402.3 g
   🎯 CO2 meta: 650.5 g
   📊 Delta: -134751.8 g
   💰 Valor E1: R$ -6.7376
   🧭 Tentativas map matching: 339

   🔑 OFFSET DETERMINÍSTICO (x=0.003662811328005589°, y=-0.0011562128749552762°, max=2.0km):
   📍 Start Original:  (40.775644, -73.960687)
   🔒 Start Protegido: (40.779529, -73.961871) ✓ 0.42 km | ✓ MAP MATCHED
   📏 Deslocamento final: 443.9 metros
   📍 End Original:    (40.774801, -73.960637)
   🔒 End Protegido:   (40.778913, -73.962222) ✓ 0.42 km | ✓ MAP MATCHED
   📏 Deslocamento final: 476.8 metros

   📐 ANÁLISE DE DISTÂNCIA DO TRAJETO (HAVERSINE DOS PONTOS ARMAZENADOS):
   ✨ 267 pontos privados duplicados foram separados para garantir visualização 1:1.
   ℹ️  Dica: use --debug-map-matching para ver tentativas detalhadas de re-snap.
   🔢 Pontos unicos original/offset: 337/70 (Δ -267, -79.2% )
   📍 Trajeto original: 3.371 km (linha reta entre pontos GPS)
   🔒 Trajeto com offset: 3.626 km (linha reta entre pontos COM snap)
   📊 Diferença: +0.255 km (+7.6%)

======================================================================
📊 ESTATÍSTICAS FINAIS
======================================================================
Viagens processadas: 1
Distância total: 3.38 km
Combustível total: 58.62 l
CO2 real total: 135402.3 g
CO2 meta total: 650.5 g
Delta CO2: -134751.8 g
Valor E1 total: R$ -6.74

💰 Créditos: R$ 0.00
💸 Débitos: R$ 6.74
📈 Saldo líquido: R$ -6.74

🗺️  MAP MATCHING:
   Pontos processados: 337
   Snaps tentados: 337 (100.0%)
   Snaps bem-sucedidos: 337 (100.0%)
   Snaps forçados (>100m): 337 (100.0%)
   ✅ TODOS os pontos estão em ruas (FORCE_SNAP=True)
======================================================================

💾 Dados agregados salvos em: ../data/offset_batch/vehicles_step_sim_10/run_047.csv
[csv-worker_1] [vehicles_step_sim_10] ===== LOG RUN 047 FIM =====

[csv-worker_1] [vehicles_step_sim_10] ===== LOG RUN 048 INICIO =====
======================================================================
🚗 PROCESSAMENTO SUMO → E1 REGISTRY (OFFSET ALEATÓRIO - veh0)
======================================================================
📄 Entrada: ../data/vehicles_step_sim_10.csv
🏭 Consumo fabricante: 12.0 km/l
💰 Preço carbono: R$ 50.0/ton
⭕ Raio máximo do offset aleatório: 2.0 km
🎲 Offset gerado aleatoriamente:
   Ângulo: 158.2°
   Distância: 0.7423 km
   offset_x (lat): -0.006192°  |  offset_y (lon): 0.002475°
📊 Row stepping: Processando todas as linhas
🗺️  Map matching: ATIVADO (raio 1500m) - pontos snapped para ruas
📐 Cálculo de distância: HAVERSINE PURO dos pontos COM snap (consistência)
======================================================================

📊 Carregando dados SUMO...
   Total de registros no arquivo: 301
   Veículos únicos: 1
   🚙 Vehicle selecionado: carro_1000

🔄 Agregando viagens por vehicle_id...
  📐 SUMO_carro_1000: Calculando distâncias com Haversine direto (SEM routing API)
      Original: 337 pontos → 3.3706 km (Haversine)
      Offset:   337 pontos → 4.3347 km (Haversine)

🚙 Veículo: SUMO_carro_1000
   Modelo: HBEFA4/PC_petrol_Euro-6ab
   Segmentos: 337
   📏 Distância: 3.379 km (city: 3.069, highway: 0.310)
   ⛽ Combustível: 58.616 l
   🏭 CO2 real: 135402.3 g
   🎯 CO2 meta: 650.5 g
   📊 Delta: -134751.8 g
   💰 Valor E1: R$ -6.7376
   🧭 Tentativas map matching: 339

   🔑 OFFSET DETERMINÍSTICO (x=0.004996184307487675°, y=0.011358803158574845°, max=2.0km):
   📍 Start Original:  (40.775644, -73.960687)
   🔒 Start Protegido: (40.780609, -73.949749) ✓ 1.11 km | ✓ MAP MATCHED
   📏 Deslocamento final: 1075.1 metros
   📍 End Original:    (40.774801, -73.960637)
   🔒 End Protegido:   (40.780380, -73.949752) ✓ 1.11 km | ✓ MAP MATCHED
   📏 Deslocamento final: 1108.0 metros

   📐 ANÁLISE DE DISTÂNCIA DO TRAJETO (HAVERSINE DOS PONTOS ARMAZENADOS):
   ✨ 296 pontos privados duplicados foram separados para garantir visualização 1:1.
   ℹ️  Dica: use --debug-map-matching para ver tentativas detalhadas de re-snap.
   🔢 Pontos unicos original/offset: 337/41 (Δ -296, -87.8% )
   📍 Trajeto original: 3.371 km (linha reta entre pontos GPS)
   🔒 Trajeto com offset: 4.335 km (linha reta entre pontos COM snap)
   📊 Diferença: +0.964 km (+28.6%)

======================================================================
📊 ESTATÍSTICAS FINAIS
======================================================================
Viagens processadas: 1
Distância total: 3.38 km
Combustível total: 58.62 l
CO2 real total: 135402.3 g
CO2 meta total: 650.5 g
Delta CO2: -134751.8 g
Valor E1 total: R$ -6.74

💰 Créditos: R$ 0.00
💸 Débitos: R$ 6.74
📈 Saldo líquido: R$ -6.74

🗺️  MAP MATCHING:
   Pontos processados: 337
   Snaps tentados: 337 (100.0%)
   Snaps bem-sucedidos: 337 (100.0%)
   Snaps forçados (>100m): 337 (100.0%)
   ✅ TODOS os pontos estão em ruas (FORCE_SNAP=True)
======================================================================

💾 Dados agregados salvos em: ../data/offset_batch/vehicles_step_sim_10/run_048.csv
[csv-worker_1] [vehicles_step_sim_10] ===== LOG RUN 048 FIM =====

[csv-worker_1] [vehicles_step_sim_10] ===== LOG RUN 049 INICIO =====
======================================================================
🚗 PROCESSAMENTO SUMO → E1 REGISTRY (OFFSET ALEATÓRIO - veh0)
======================================================================
📄 Entrada: ../data/vehicles_step_sim_10.csv
🏭 Consumo fabricante: 12.0 km/l
💰 Preço carbono: R$ 50.0/ton
⭕ Raio máximo do offset aleatório: 2.0 km
🎲 Offset gerado aleatoriamente:
   Ângulo: 125.1°
   Distância: 1.5203 km
   offset_x (lat): -0.007857°  |  offset_y (lon): 0.011171°
📊 Row stepping: Processando todas as linhas
🗺️  Map matching: ATIVADO (raio 1500m) - pontos snapped para ruas
📐 Cálculo de distância: HAVERSINE PURO dos pontos COM snap (consistência)
======================================================================

📊 Carregando dados SUMO...
   Total de registros no arquivo: 301
   Veículos únicos: 1
   🚙 Vehicle selecionado: carro_1000

🔄 Agregando viagens por vehicle_id...
  📐 SUMO_carro_1000: Calculando distâncias com Haversine direto (SEM routing API)
      Original: 312 pontos → 3.1845 km (Haversine)
      Offset:   312 pontos → 3.2955 km (Haversine)

🚙 Veículo: SUMO_carro_1000
   Modelo: HBEFA4/PC_petrol_Euro-6ab
   Segmentos: 312
   📏 Distância: 3.190 km (city: 2.602, highway: 0.587)
   ⛽ Combustível: 54.577 l
   🏭 CO2 real: 126071.8 g
   🎯 CO2 meta: 614.1 g
   📊 Delta: -125457.8 g
   💰 Valor E1: R$ -6.2729
   🧭 Tentativas map matching: 314

   🔑 OFFSET DETERMINÍSTICO (x=0.007917899994161617°, y=0.005391179510056193°, max=2.0km):
   📍 Start Original:  (40.775644, -73.960687)
   🔒 Start Protegido: (40.783461, -73.955077) ✓ 0.99 km | ✓ MAP MATCHED
   📏 Deslocamento final: 990.4 metros
   📍 End Original:    (40.771637, -73.963520)
   🔒 End Protegido:   (40.779578, -73.957906) ✓ 0.99 km | ✓ MAP MATCHED
   📏 Deslocamento final: 1002.8 metros

   📐 ANÁLISE DE DISTÂNCIA DO TRAJETO (HAVERSINE DOS PONTOS ARMAZENADOS):
   ✨ 257 pontos privados duplicados foram separados para garantir visualização 1:1.
   ℹ️  Dica: use --debug-map-matching para ver tentativas detalhadas de re-snap.
   🔢 Pontos unicos original/offset: 312/55 (Δ -257, -82.4% )
   📍 Trajeto original: 3.185 km (linha reta entre pontos GPS)
   🔒 Trajeto com offset: 3.296 km (linha reta entre pontos COM snap)
   📊 Diferença: +0.111 km (+3.5%)

======================================================================
📊 ESTATÍSTICAS FINAIS
======================================================================
Viagens processadas: 1
Distância total: 3.19 km
Combustível total: 54.58 l
CO2 real total: 126071.8 g
CO2 meta total: 614.1 g
Delta CO2: -125457.8 g
Valor E1 total: R$ -6.27

💰 Créditos: R$ 0.00
💸 Débitos: R$ 6.27
📈 Saldo líquido: R$ -6.27

🗺️  MAP MATCHING:
   Pontos processados: 312
   Snaps tentados: 312 (100.0%)
   Snaps bem-sucedidos: 312 (100.0%)
   Snaps forçados (>100m): 312 (100.0%)
   ✅ TODOS os pontos estão em ruas (FORCE_SNAP=True)
======================================================================

💾 Dados agregados salvos em: ../data/offset_batch/vehicles_step_sim_10/run_049.csv
[csv-worker_1] [vehicles_step_sim_10] ===== LOG RUN 049 FIM =====

[csv-worker_1] [vehicles_step_sim_10] ===== LOG RUN 050 INICIO =====
======================================================================
🚗 PROCESSAMENTO SUMO → E1 REGISTRY (OFFSET ALEATÓRIO - veh0)
======================================================================
📄 Entrada: ../data/vehicles_step_sim_10.csv
🏭 Consumo fabricante: 12.0 km/l
💰 Preço carbono: R$ 50.0/ton
⭕ Raio máximo do offset aleatório: 2.0 km
🎲 Offset gerado aleatoriamente:
   Ângulo: 328.9°
   Distância: 0.8885 km
   offset_x (lat): 0.006838°  |  offset_y (lon): -0.004117°
📊 Row stepping: Processando todas as linhas
🗺️  Map matching: ATIVADO (raio 1500m) - pontos snapped para ruas
📐 Cálculo de distância: HAVERSINE PURO dos pontos COM snap (consistência)
======================================================================

📊 Carregando dados SUMO...
   Total de registros no arquivo: 301
   Veículos únicos: 1
   🚙 Vehicle selecionado: carro_1000

🔄 Agregando viagens por vehicle_id...
  📐 SUMO_carro_1000: Calculando distâncias com Haversine direto (SEM routing API)
      Original: 312 pontos → 3.1845 km (Haversine)
      Offset:   312 pontos → 4.2007 km (Haversine)

🚙 Veículo: SUMO_carro_1000
   Modelo: HBEFA4/PC_petrol_Euro-6ab
   Segmentos: 312
   📏 Distância: 3.190 km (city: 2.602, highway: 0.587)
   ⛽ Combustível: 54.577 l
   🏭 CO2 real: 126071.8 g
   🎯 CO2 meta: 614.1 g
   📊 Delta: -125457.8 g
   💰 Valor E1: R$ -6.2729
   🧭 Tentativas map matching: 314

   🔑 OFFSET DETERMINÍSTICO (x=-0.004644359647635634°, y=0.004024937922284313°, max=2.0km):
   📍 Start Original:  (40.775644, -73.960687)
   🔒 Start Protegido: (40.770816, -73.956895) ✓ 0.62 km | ✓ MAP MATCHED
   📏 Deslocamento final: 625.3 metros
   📍 End Original:    (40.771637, -73.963520)
   🔒 End Protegido:   (40.766931, -73.959741) ✓ 0.62 km | ✓ MAP MATCHED
   📏 Deslocamento final: 613.1 metros

   📐 ANÁLISE DE DISTÂNCIA DO TRAJETO (HAVERSINE DOS PONTOS ARMAZENADOS):
   ✨ 266 pontos privados duplicados foram separados para garantir visualização 1:1.
   ℹ️  Dica: use --debug-map-matching para ver tentativas detalhadas de re-snap.
   🔢 Pontos unicos original/offset: 312/46 (Δ -266, -85.3% )
   📍 Trajeto original: 3.185 km (linha reta entre pontos GPS)
   🔒 Trajeto com offset: 4.201 km (linha reta entre pontos COM snap)
   📊 Diferença: +1.016 km (+31.9%)

======================================================================
📊 ESTATÍSTICAS FINAIS
======================================================================
Viagens processadas: 1
Distância total: 3.19 km
Combustível total: 54.58 l
CO2 real total: 126071.8 g
CO2 meta total: 614.1 g
Delta CO2: -125457.8 g
Valor E1 total: R$ -6.27

💰 Créditos: R$ 0.00
💸 Débitos: R$ 6.27
📈 Saldo líquido: R$ -6.27

🗺️  MAP MATCHING:
   Pontos processados: 312
   Snaps tentados: 312 (100.0%)
   Snaps bem-sucedidos: 312 (100.0%)
   Snaps forçados (>100m): 312 (100.0%)
   ✅ TODOS os pontos estão em ruas (FORCE_SNAP=True)
======================================================================

💾 Dados agregados salvos em: ../data/offset_batch/vehicles_step_sim_10/run_050.csv
[csv-worker_1] [vehicles_step_sim_10] ===== LOG RUN 050 FIM =====

[csv-worker_1] [vehicles_step_sim_10] ===== LOG RUN 051 INICIO =====
======================================================================
🚗 PROCESSAMENTO SUMO → E1 REGISTRY (OFFSET ALEATÓRIO - veh0)
======================================================================
📄 Entrada: ../data/vehicles_step_sim_10.csv
🏭 Consumo fabricante: 12.0 km/l
💰 Preço carbono: R$ 50.0/ton
⭕ Raio máximo do offset aleatório: 2.0 km
🎲 Offset gerado aleatoriamente:
   Ângulo: 151.7°
   Distância: 1.0516 km
   offset_x (lat): -0.008321°  |  offset_y (lon): 0.004471°
📊 Row stepping: Processando todas as linhas
🗺️  Map matching: ATIVADO (raio 1500m) - pontos snapped para ruas
📐 Cálculo de distância: HAVERSINE PURO dos pontos COM snap (consistência)
======================================================================

📊 Carregando dados SUMO...
   Total de registros no arquivo: 301
   Veículos únicos: 1
   🚙 Vehicle selecionado: carro_1000

🔄 Agregando viagens por vehicle_id...
  📐 SUMO_carro_1000: Calculando distâncias com Haversine direto (SEM routing API)
      Original: 324 pontos → 3.1629 km (Haversine)
      Offset:   324 pontos → 3.0926 km (Haversine)

🚙 Veículo: SUMO_carro_1000
   Modelo: HBEFA4/PC_petrol_Euro-6ab
   Segmentos: 324
   📏 Distância: 3.166 km (city: 3.024, highway: 0.142)
   ⛽ Combustível: 49.530 l
   🏭 CO2 real: 114414.1 g
   🎯 CO2 meta: 609.4 g
   📊 Delta: -113804.6 g
   💰 Valor E1: R$ -5.6902
   🧭 Tentativas map matching: 326

   🔑 OFFSET DETERMINÍSTICO (x=-0.015118620995850884°, y=0.004036763438802351°, max=2.0km):
   📍 Start Original:  (40.775644, -73.960687)
   🔒 Start Protegido: (40.760549, -73.956732) ✓ 1.72 km | ✓ MAP MATCHED
   📏 Deslocamento final: 1713.0 metros
   📍 End Original:    (40.772251, -73.963071)
   🔒 End Protegido:   (40.757214, -73.959820) ✓ 1.72 km | ✓ MAP MATCHED
   📏 Deslocamento final: 1696.2 metros

   📐 ANÁLISE DE DISTÂNCIA DO TRAJETO (HAVERSINE DOS PONTOS ARMAZENADOS):
   ✨ 284 pontos privados duplicados foram separados para garantir visualização 1:1.
   ℹ️  Dica: use --debug-map-matching para ver tentativas detalhadas de re-snap.
   🔢 Pontos unicos original/offset: 324/40 (Δ -284, -87.7% )
   📍 Trajeto original: 3.163 km (linha reta entre pontos GPS)
   🔒 Trajeto com offset: 3.093 km (linha reta entre pontos COM snap)
   📊 Diferença: -0.070 km (-2.2%)

======================================================================
📊 ESTATÍSTICAS FINAIS
======================================================================
Viagens processadas: 1
Distância total: 3.17 km
Combustível total: 49.53 l
CO2 real total: 114414.1 g
CO2 meta total: 609.4 g
Delta CO2: -113804.6 g
Valor E1 total: R$ -5.69

💰 Créditos: R$ 0.00
💸 Débitos: R$ 5.69
📈 Saldo líquido: R$ -5.69

🗺️  MAP MATCHING:
   Pontos processados: 324
   Snaps tentados: 324 (100.0%)
   Snaps bem-sucedidos: 324 (100.0%)
   Snaps forçados (>100m): 324 (100.0%)
   ✅ TODOS os pontos estão em ruas (FORCE_SNAP=True)
======================================================================

💾 Dados agregados salvos em: ../data/offset_batch/vehicles_step_sim_10/run_051.csv
[csv-worker_1] [vehicles_step_sim_10] ===== LOG RUN 051 FIM =====

[csv-worker_1] [vehicles_step_sim_10] ===== LOG RUN 052 INICIO =====
======================================================================
🚗 PROCESSAMENTO SUMO → E1 REGISTRY (OFFSET ALEATÓRIO - veh0)
======================================================================
📄 Entrada: ../data/vehicles_step_sim_10.csv
🏭 Consumo fabricante: 12.0 km/l
💰 Preço carbono: R$ 50.0/ton
⭕ Raio máximo do offset aleatório: 2.0 km
🎲 Offset gerado aleatoriamente:
   Ângulo: 287.1°
   Distância: 1.7886 km
   offset_x (lat): 0.004737°  |  offset_y (lon): -0.015354°
📊 Row stepping: Processando todas as linhas
🗺️  Map matching: ATIVADO (raio 1500m) - pontos snapped para ruas
📐 Cálculo de distância: HAVERSINE PURO dos pontos COM snap (consistência)
======================================================================

📊 Carregando dados SUMO...
   Total de registros no arquivo: 301
   Veículos únicos: 1
   🚙 Vehicle selecionado: carro_1000

🔄 Agregando viagens por vehicle_id...
  📐 SUMO_carro_1000: Calculando distâncias com Haversine direto (SEM routing API)
      Original: 299 pontos → 3.0526 km (Haversine)
      Offset:   299 pontos → 2.7717 km (Haversine)

🚙 Veículo: SUMO_carro_1000
   Modelo: HBEFA4/PC_petrol_Euro-6ab
   Segmentos: 299
   📏 Distância: 3.060 km (city: 3.060, highway: 0.000)
   ⛽ Combustível: 48.384 l
   🏭 CO2 real: 111766.0 g
   🎯 CO2 meta: 589.0 g
   📊 Delta: -111177.0 g
   💰 Valor E1: R$ -5.5588
   🧭 Tentativas map matching: 301

   🔑 OFFSET DETERMINÍSTICO (x=-0.012838894529194714°, y=0.009751539862502604°, max=2.0km):
   📍 Start Original:  (40.775644, -73.960687)
   🔒 Start Protegido: (40.762356, -73.949488) ✓ 1.65 km | ✓ MAP MATCHED
   📏 Deslocamento final: 1754.8 metros
   📍 End Original:    (40.774198, -73.961141)
   🔒 End Protegido:   (40.760934, -73.950824) ✓ 1.65 km | ✓ MAP MATCHED
   📏 Deslocamento final: 1713.7 metros

   📐 ANÁLISE DE DISTÂNCIA DO TRAJETO (HAVERSINE DOS PONTOS ARMAZENADOS):
   ✨ 261 pontos privados duplicados foram separados para garantir visualização 1:1.
   ℹ️  Dica: use --debug-map-matching para ver tentativas detalhadas de re-snap.
   🔢 Pontos unicos original/offset: 299/38 (Δ -261, -87.3% )
   📍 Trajeto original: 3.053 km (linha reta entre pontos GPS)
   🔒 Trajeto com offset: 2.772 km (linha reta entre pontos COM snap)
   📊 Diferença: -0.281 km (-9.2%)

======================================================================
📊 ESTATÍSTICAS FINAIS
======================================================================
Viagens processadas: 1
Distância total: 3.06 km
Combustível total: 48.38 l
CO2 real total: 111766.0 g
CO2 meta total: 589.0 g
Delta CO2: -111177.0 g
Valor E1 total: R$ -5.56

💰 Créditos: R$ 0.00
💸 Débitos: R$ 5.56
📈 Saldo líquido: R$ -5.56

🗺️  MAP MATCHING:
   Pontos processados: 299
   Snaps tentados: 299 (100.0%)
   Snaps bem-sucedidos: 299 (100.0%)
   Snaps forçados (>100m): 299 (100.0%)
   ✅ TODOS os pontos estão em ruas (FORCE_SNAP=True)
======================================================================

💾 Dados agregados salvos em: ../data/offset_batch/vehicles_step_sim_10/run_052.csv
[csv-worker_1] [vehicles_step_sim_10] ===== LOG RUN 052 FIM =====

[csv-worker_1] [vehicles_step_sim_10] ===== LOG RUN 053 INICIO =====
======================================================================
🚗 PROCESSAMENTO SUMO → E1 REGISTRY (OFFSET ALEATÓRIO - veh0)
======================================================================
📄 Entrada: ../data/vehicles_step_sim_10.csv
🏭 Consumo fabricante: 12.0 km/l
💰 Preço carbono: R$ 50.0/ton
⭕ Raio máximo do offset aleatório: 2.0 km
🎲 Offset gerado aleatoriamente:
   Ângulo: 178.1°
   Distância: 1.6606 km
   offset_x (lat): -0.014910°  |  offset_y (lon): 0.000487°
📊 Row stepping: Processando todas as linhas
🗺️  Map matching: ATIVADO (raio 1500m) - pontos snapped para ruas
📐 Cálculo de distância: HAVERSINE PURO dos pontos COM snap (consistência)
======================================================================

📊 Carregando dados SUMO...
   Total de registros no arquivo: 301
   Veículos únicos: 1
   🚙 Vehicle selecionado: carro_1000

🔄 Agregando viagens por vehicle_id...
  📐 SUMO_carro_1000: Calculando distâncias com Haversine direto (SEM routing API)
      Original: 299 pontos → 3.0526 km (Haversine)
      Offset:   299 pontos → 3.8432 km (Haversine)

🚙 Veículo: SUMO_carro_1000
   Modelo: HBEFA4/PC_petrol_Euro-6ab
   Segmentos: 299
   📏 Distância: 3.060 km (city: 3.060, highway: 0.000)
   ⛽ Combustível: 48.384 l
   🏭 CO2 real: 111766.0 g
   🎯 CO2 meta: 589.0 g
   📊 Delta: -111177.0 g
   💰 Valor E1: R$ -5.5588
   🧭 Tentativas map matching: 301

   🔑 OFFSET DETERMINÍSTICO (x=0.014367304136187682°, y=0.00894920254370252°, max=2.0km):
   📍 Start Original:  (40.775644, -73.960687)
   🔒 Start Protegido: (40.790297, -73.951927) ✓ 1.77 km | ✓ MAP MATCHED
   📏 Deslocamento final: 1790.6 metros
   📍 End Original:    (40.774198, -73.961141)
   🔒 End Protegido:   (40.788882, -73.952028) ✓ 1.77 km | ✓ MAP MATCHED
   📏 Deslocamento final: 1806.1 metros

   📐 ANÁLISE DE DISTÂNCIA DO TRAJETO (HAVERSINE DOS PONTOS ARMAZENADOS):
   ✨ 264 pontos privados duplicados foram separados para garantir visualização 1:1.
   ℹ️  Dica: use --debug-map-matching para ver tentativas detalhadas de re-snap.
   🔢 Pontos unicos original/offset: 299/35 (Δ -264, -88.3% )
   📍 Trajeto original: 3.053 km (linha reta entre pontos GPS)
   🔒 Trajeto com offset: 3.843 km (linha reta entre pontos COM snap)
   📊 Diferença: +0.791 km (+25.9%)

======================================================================
📊 ESTATÍSTICAS FINAIS
======================================================================
Viagens processadas: 1
Distância total: 3.06 km
Combustível total: 48.38 l
CO2 real total: 111766.0 g
CO2 meta total: 589.0 g
Delta CO2: -111177.0 g
Valor E1 total: R$ -5.56

💰 Créditos: R$ 0.00
💸 Débitos: R$ 5.56
📈 Saldo líquido: R$ -5.56

🗺️  MAP MATCHING:
   Pontos processados: 299
   Snaps tentados: 299 (100.0%)
   Snaps bem-sucedidos: 299 (100.0%)
   Snaps forçados (>100m): 299 (100.0%)
   ✅ TODOS os pontos estão em ruas (FORCE_SNAP=True)
======================================================================

💾 Dados agregados salvos em: ../data/offset_batch/vehicles_step_sim_10/run_053.csv
[csv-worker_1] [vehicles_step_sim_10] ===== LOG RUN 053 FIM =====

[csv-worker_1] [vehicles_step_sim_10] ===== LOG RUN 054 INICIO =====
======================================================================
🚗 PROCESSAMENTO SUMO → E1 REGISTRY (OFFSET ALEATÓRIO - veh0)
======================================================================
📄 Entrada: ../data/vehicles_step_sim_10.csv
🏭 Consumo fabricante: 12.0 km/l
💰 Preço carbono: R$ 50.0/ton
⭕ Raio máximo do offset aleatório: 2.0 km
🎲 Offset gerado aleatoriamente:
   Ângulo: 278.0°
   Distância: 1.1186 km
   offset_x (lat): 0.001394°  |  offset_y (lon): -0.009951°
📊 Row stepping: Processando todas as linhas
🗺️  Map matching: ATIVADO (raio 1500m) - pontos snapped para ruas
📐 Cálculo de distância: HAVERSINE PURO dos pontos COM snap (consistência)
======================================================================

📊 Carregando dados SUMO...
   Total de registros no arquivo: 301
   Veículos únicos: 1
   🚙 Vehicle selecionado: carro_1000

🔄 Agregando viagens por vehicle_id...
  📐 SUMO_carro_1000: Calculando distâncias com Haversine direto (SEM routing API)
      Original: 324 pontos → 3.1629 km (Haversine)
      Offset:   324 pontos → 3.5687 km (Haversine)

🚙 Veículo: SUMO_carro_1000
   Modelo: HBEFA4/PC_petrol_Euro-6ab
   Segmentos: 324
   📏 Distância: 3.166 km (city: 3.024, highway: 0.142)
   ⛽ Combustível: 49.530 l
   🏭 CO2 real: 114414.1 g
   🎯 CO2 meta: 609.4 g
   📊 Delta: -113804.6 g
   💰 Valor E1: R$ -5.6902
   🧭 Tentativas map matching: 326

   🔑 OFFSET DETERMINÍSTICO (x=-0.009669389323680002°, y=0.008209605741263552°, max=2.0km):
   📍 Start Original:  (40.775644, -73.960687)
   🔒 Start Protegido: (40.766224, -73.952229) ✓ 1.28 km | ✓ MAP MATCHED
   📏 Deslocamento final: 1268.0 metros
   📍 End Original:    (40.772251, -73.963071)
   🔒 End Protegido:   (40.762448, -73.954583) ✓ 1.28 km | ✓ MAP MATCHED
   📏 Deslocamento final: 1304.9 metros

   📐 ANÁLISE DE DISTÂNCIA DO TRAJETO (HAVERSINE DOS PONTOS ARMAZENADOS):
   ✨ 267 pontos privados duplicados foram separados para garantir visualização 1:1.
   ℹ️  Dica: use --debug-map-matching para ver tentativas detalhadas de re-snap.
   🔢 Pontos unicos original/offset: 324/57 (Δ -267, -82.4% )
   📍 Trajeto original: 3.163 km (linha reta entre pontos GPS)
   🔒 Trajeto com offset: 3.569 km (linha reta entre pontos COM snap)
   📊 Diferença: +0.406 km (+12.8%)

======================================================================
📊 ESTATÍSTICAS FINAIS
======================================================================
Viagens processadas: 1
Distância total: 3.17 km
Combustível total: 49.53 l
CO2 real total: 114414.1 g
CO2 meta total: 609.4 g
Delta CO2: -113804.6 g
Valor E1 total: R$ -5.69

💰 Créditos: R$ 0.00
💸 Débitos: R$ 5.69
📈 Saldo líquido: R$ -5.69

🗺️  MAP MATCHING:
   Pontos processados: 324
   Snaps tentados: 324 (100.0%)
   Snaps bem-sucedidos: 324 (100.0%)
   Snaps forçados (>100m): 324 (100.0%)
   ✅ TODOS os pontos estão em ruas (FORCE_SNAP=True)
======================================================================

💾 Dados agregados salvos em: ../data/offset_batch/vehicles_step_sim_10/run_054.csv
[csv-worker_1] [vehicles_step_sim_10] ===== LOG RUN 054 FIM =====

[csv-worker_1] [vehicles_step_sim_10] ===== LOG RUN 055 INICIO =====
======================================================================
🚗 PROCESSAMENTO SUMO → E1 REGISTRY (OFFSET ALEATÓRIO - veh0)
======================================================================
📄 Entrada: ../data/vehicles_step_sim_10.csv
🏭 Consumo fabricante: 12.0 km/l
💰 Preço carbono: R$ 50.0/ton
⭕ Raio máximo do offset aleatório: 2.0 km
🎲 Offset gerado aleatoriamente:
   Ângulo: 118.7°
   Distância: 1.1650 km
   offset_x (lat): -0.005026°  |  offset_y (lon): 0.009179°
📊 Row stepping: Processando todas as linhas
🗺️  Map matching: ATIVADO (raio 1500m) - pontos snapped para ruas
📐 Cálculo de distância: HAVERSINE PURO dos pontos COM snap (consistência)
======================================================================

📊 Carregando dados SUMO...
   Total de registros no arquivo: 301
   Veículos únicos: 1
   🚙 Vehicle selecionado: carro_1000

🔄 Agregando viagens por vehicle_id...
  📐 SUMO_carro_1000: Calculando distâncias com Haversine direto (SEM routing API)
      Original: 222 pontos → 1.9688 km (Haversine)
      Offset:   222 pontos → 2.2269 km (Haversine)

🚙 Veículo: SUMO_carro_1000
   Modelo: HBEFA4/PC_petrol_Euro-6ab
   Segmentos: 222
   📏 Distância: 1.973 km (city: 1.973, highway: 0.000)
   ⛽ Combustível: 24.219 l
   🏭 CO2 real: 55946.2 g
   🎯 CO2 meta: 379.8 g
   📊 Delta: -55566.4 g
   💰 Valor E1: R$ -2.7783
   🧭 Tentativas map matching: 224

   🔑 OFFSET DETERMINÍSTICO (x=0.01123126690660599°, y=0.006396723517288726°, max=2.0km):
   📍 Start Original:  (40.775644, -73.960687)
   🔒 Start Protegido: (40.787138, -73.954231) ✓ 1.36 km | ✓ MAP MATCHED
   📏 Deslocamento final: 1390.5 metros
   📍 End Original:    (40.772651, -73.962544)
   🔒 End Protegido:   (40.784008, -73.956377) ✓ 1.36 km | ✓ MAP MATCHED
   📏 Deslocamento final: 1367.0 metros

   📐 ANÁLISE DE DISTÂNCIA DO TRAJETO (HAVERSINE DOS PONTOS ARMAZENADOS):
   ✨ 183 pontos privados duplicados foram separados para garantir visualização 1:1.
   ℹ️  Dica: use --debug-map-matching para ver tentativas detalhadas de re-snap.
   🔢 Pontos unicos original/offset: 221/39 (Δ -182, -82.4% )
   📍 Trajeto original: 1.969 km (linha reta entre pontos GPS)
   🔒 Trajeto com offset: 2.227 km (linha reta entre pontos COM snap)
   📊 Diferença: +0.258 km (+13.1%)

======================================================================
📊 ESTATÍSTICAS FINAIS
======================================================================
Viagens processadas: 1
Distância total: 1.97 km
Combustível total: 24.22 l
CO2 real total: 55946.2 g
CO2 meta total: 379.8 g
Delta CO2: -55566.4 g
Valor E1 total: R$ -2.78

💰 Créditos: R$ 0.00
💸 Débitos: R$ 2.78
📈 Saldo líquido: R$ -2.78

🗺️  MAP MATCHING:
   Pontos processados: 222
   Snaps tentados: 222 (100.0%)
   Snaps bem-sucedidos: 222 (100.0%)
   Snaps forçados (>100m): 222 (100.0%)
   ✅ TODOS os pontos estão em ruas (FORCE_SNAP=True)
======================================================================

💾 Dados agregados salvos em: ../data/offset_batch/vehicles_step_sim_10/run_055.csv
[csv-worker_1] [vehicles_step_sim_10] ===== LOG RUN 055 FIM =====

[csv-worker_1] [vehicles_step_sim_10] ===== LOG RUN 056 INICIO =====
======================================================================
🚗 PROCESSAMENTO SUMO → E1 REGISTRY (OFFSET ALEATÓRIO - veh0)
======================================================================
📄 Entrada: ../data/vehicles_step_sim_10.csv
🏭 Consumo fabricante: 12.0 km/l
💰 Preço carbono: R$ 50.0/ton
⭕ Raio máximo do offset aleatório: 2.0 km
🎲 Offset gerado aleatoriamente:
   Ângulo: 224.4°
   Distância: 1.2220 km
   offset_x (lat): -0.007842°  |  offset_y (lon): -0.007681°
📊 Row stepping: Processando todas as linhas
🗺️  Map matching: ATIVADO (raio 1500m) - pontos snapped para ruas
📐 Cálculo de distância: HAVERSINE PURO dos pontos COM snap (consistência)
======================================================================

📊 Carregando dados SUMO...
   Total de registros no arquivo: 301
   Veículos únicos: 1
   🚙 Vehicle selecionado: carro_1000

🔄 Agregando viagens por vehicle_id...
  📐 SUMO_carro_1000: Calculando distâncias com Haversine direto (SEM routing API)
      Original: 312 pontos → 3.1845 km (Haversine)
      Offset:   312 pontos → 3.4854 km (Haversine)

🚙 Veículo: SUMO_carro_1000
   Modelo: HBEFA4/PC_petrol_Euro-6ab
   Segmentos: 312
   📏 Distância: 3.190 km (city: 2.602, highway: 0.587)
   ⛽ Combustível: 54.577 l
   🏭 CO2 real: 126071.8 g
   🎯 CO2 meta: 614.1 g
   📊 Delta: -125457.8 g
   💰 Valor E1: R$ -6.2729
   🧭 Tentativas map matching: 314

   🔑 OFFSET DETERMINÍSTICO (x=0.0003411888479348733°, y=0.009901280559549442°, max=2.0km):
   📍 Start Original:  (40.775644, -73.960687)
   🔒 Start Protegido: (40.775621, -73.950479) ✓ 0.84 km | ✓ MAP MATCHED
   📏 Deslocamento final: 860.5 metros
   📍 End Original:    (40.771637, -73.963520)
   🔒 End Protegido:   (40.771713, -73.953324) ✓ 0.84 km | ✓ MAP MATCHED
   📏 Deslocamento final: 859.6 metros

   📐 ANÁLISE DE DISTÂNCIA DO TRAJETO (HAVERSINE DOS PONTOS ARMAZENADOS):
   ✨ 275 pontos privados duplicados foram separados para garantir visualização 1:1.
   ℹ️  Dica: use --debug-map-matching para ver tentativas detalhadas de re-snap.
   🔢 Pontos unicos original/offset: 312/37 (Δ -275, -88.1% )
   📍 Trajeto original: 3.185 km (linha reta entre pontos GPS)
   🔒 Trajeto com offset: 3.485 km (linha reta entre pontos COM snap)
   📊 Diferença: +0.301 km (+9.4%)

======================================================================
📊 ESTATÍSTICAS FINAIS
======================================================================
Viagens processadas: 1
Distância total: 3.19 km
Combustível total: 54.58 l
CO2 real total: 126071.8 g
CO2 meta total: 614.1 g
Delta CO2: -125457.8 g
Valor E1 total: R$ -6.27

💰 Créditos: R$ 0.00
💸 Débitos: R$ 6.27
📈 Saldo líquido: R$ -6.27

🗺️  MAP MATCHING:
   Pontos processados: 312
   Snaps tentados: 312 (100.0%)
   Snaps bem-sucedidos: 312 (100.0%)
   Snaps forçados (>100m): 312 (100.0%)
   ✅ TODOS os pontos estão em ruas (FORCE_SNAP=True)
======================================================================

💾 Dados agregados salvos em: ../data/offset_batch/vehicles_step_sim_10/run_056.csv
[csv-worker_1] [vehicles_step_sim_10] ===== LOG RUN 056 FIM =====

[csv-worker_1] [vehicles_step_sim_10] ===== LOG RUN 057 INICIO =====
======================================================================
🚗 PROCESSAMENTO SUMO → E1 REGISTRY (OFFSET ALEATÓRIO - veh0)
======================================================================
📄 Entrada: ../data/vehicles_step_sim_10.csv
🏭 Consumo fabricante: 12.0 km/l
💰 Preço carbono: R$ 50.0/ton
⭕ Raio máximo do offset aleatório: 2.0 km
🎲 Offset gerado aleatoriamente:
   Ângulo: 337.9°
   Distância: 1.4597 km
   offset_x (lat): 0.012151°  |  offset_y (lon): -0.004928°
📊 Row stepping: Processando todas as linhas
🗺️  Map matching: ATIVADO (raio 1500m) - pontos snapped para ruas
📐 Cálculo de distância: HAVERSINE PURO dos pontos COM snap (consistência)
======================================================================

📊 Carregando dados SUMO...
   Total de registros no arquivo: 301
   Veículos únicos: 1
   🚙 Vehicle selecionado: carro_1000

🔄 Agregando viagens por vehicle_id...
  📐 SUMO_carro_1000: Calculando distâncias com Haversine direto (SEM routing API)
      Original: 312 pontos → 3.1845 km (Haversine)
      Offset:   312 pontos → 4.4418 km (Haversine)

🚙 Veículo: SUMO_carro_1000
   Modelo: HBEFA4/PC_petrol_Euro-6ab
   Segmentos: 312
   📏 Distância: 3.190 km (city: 2.602, highway: 0.587)
   ⛽ Combustível: 54.577 l
   🏭 CO2 real: 126071.8 g
   🎯 CO2 meta: 614.1 g
   📊 Delta: -125457.8 g
   💰 Valor E1: R$ -6.2729
   🧭 Tentativas map matching: 314

   🔑 OFFSET DETERMINÍSTICO (x=-0.0017048762163232802°, y=-0.0030416960950483468°, max=2.0km):
   📍 Start Original:  (40.775644, -73.960687)
   🔒 Start Protegido: (40.773800, -73.963965) ✓ 0.32 km | ✓ MAP MATCHED
   📏 Deslocamento final: 344.2 metros
   📍 End Original:    (40.771637, -73.963520)
   🔒 End Protegido:   (40.769804, -73.966740) ✓ 0.32 km | ✓ MAP MATCHED
   📏 Deslocamento final: 339.5 metros

   📐 ANÁLISE DE DISTÂNCIA DO TRAJETO (HAVERSINE DOS PONTOS ARMAZENADOS):
   ✨ 248 pontos privados duplicados foram separados para garantir visualização 1:1.
   ℹ️  Dica: use --debug-map-matching para ver tentativas detalhadas de re-snap.
   🔢 Pontos unicos original/offset: 312/64 (Δ -248, -79.5% )
   📍 Trajeto original: 3.185 km (linha reta entre pontos GPS)
   🔒 Trajeto com offset: 4.442 km (linha reta entre pontos COM snap)
   📊 Diferença: +1.257 km (+39.5%)

======================================================================
📊 ESTATÍSTICAS FINAIS
======================================================================
Viagens processadas: 1
Distância total: 3.19 km
Combustível total: 54.58 l
CO2 real total: 126071.8 g
CO2 meta total: 614.1 g
Delta CO2: -125457.8 g
Valor E1 total: R$ -6.27

💰 Créditos: R$ 0.00
💸 Débitos: R$ 6.27
📈 Saldo líquido: R$ -6.27

🗺️  MAP MATCHING:
   Pontos processados: 312
   Snaps tentados: 312 (100.0%)
   Snaps bem-sucedidos: 312 (100.0%)
   Snaps forçados (>100m): 312 (100.0%)
   ✅ TODOS os pontos estão em ruas (FORCE_SNAP=True)
======================================================================

💾 Dados agregados salvos em: ../data/offset_batch/vehicles_step_sim_10/run_057.csv
[csv-worker_1] [vehicles_step_sim_10] ===== LOG RUN 057 FIM =====

[csv-worker_1] [vehicles_step_sim_10] ===== LOG RUN 058 INICIO =====
======================================================================
🚗 PROCESSAMENTO SUMO → E1 REGISTRY (OFFSET ALEATÓRIO - veh0)
======================================================================
📄 Entrada: ../data/vehicles_step_sim_10.csv
🏭 Consumo fabricante: 12.0 km/l
💰 Preço carbono: R$ 50.0/ton
⭕ Raio máximo do offset aleatório: 2.0 km
🎲 Offset gerado aleatoriamente:
   Ângulo: 247.8°
   Distância: 0.9440 km
   offset_x (lat): -0.003208°  |  offset_y (lon): -0.007849°
📊 Row stepping: Processando todas as linhas
🗺️  Map matching: ATIVADO (raio 1500m) - pontos snapped para ruas
📐 Cálculo de distância: HAVERSINE PURO dos pontos COM snap (consistência)
======================================================================

📊 Carregando dados SUMO...
   Total de registros no arquivo: 301
   Veículos únicos: 1
   🚙 Vehicle selecionado: carro_1000

🔄 Agregando viagens por vehicle_id...
  📐 SUMO_carro_1000: Calculando distâncias com Haversine direto (SEM routing API)
      Original: 222 pontos → 1.9688 km (Haversine)
      Offset:   222 pontos → 2.3569 km (Haversine)

🚙 Veículo: SUMO_carro_1000
   Modelo: HBEFA4/PC_petrol_Euro-6ab
   Segmentos: 222
   📏 Distância: 1.973 km (city: 1.973, highway: 0.000)
   ⛽ Combustível: 24.219 l
   🏭 CO2 real: 55946.2 g
   🎯 CO2 meta: 379.8 g
   📊 Delta: -55566.4 g
   💰 Valor E1: R$ -2.7783
   🧭 Tentativas map matching: 224

   🔑 OFFSET DETERMINÍSTICO (x=0.001463826946830482°, y=0.015629641235165238°, max=2.0km):
   📍 Start Original:  (40.775644, -73.960687)
   🔒 Start Protegido: (40.777175, -73.946047) ✓ 1.33 km | ✓ MAP MATCHED
   📏 Deslocamento final: 1245.8 metros
   📍 End Original:    (40.772651, -73.962544)
   🔒 End Protegido:   (40.774561, -73.947957) ✓ 1.33 km | ✓ MAP MATCHED
   📏 Deslocamento final: 1248.0 metros

   📐 ANÁLISE DE DISTÂNCIA DO TRAJETO (HAVERSINE DOS PONTOS ARMAZENADOS):
   ✨ 198 pontos privados duplicados foram separados para garantir visualização 1:1.
   ℹ️  Dica: use --debug-map-matching para ver tentativas detalhadas de re-snap.
   🔢 Pontos unicos original/offset: 221/24 (Δ -197, -89.1% )
   📍 Trajeto original: 1.969 km (linha reta entre pontos GPS)
   🔒 Trajeto com offset: 2.357 km (linha reta entre pontos COM snap)
   📊 Diferença: +0.388 km (+19.7%)

======================================================================
📊 ESTATÍSTICAS FINAIS
======================================================================
Viagens processadas: 1
Distância total: 1.97 km
Combustível total: 24.22 l
CO2 real total: 55946.2 g
CO2 meta total: 379.8 g
Delta CO2: -55566.4 g
Valor E1 total: R$ -2.78

💰 Créditos: R$ 0.00
💸 Débitos: R$ 2.78
📈 Saldo líquido: R$ -2.78

🗺️  MAP MATCHING:
   Pontos processados: 222
   Snaps tentados: 222 (100.0%)
   Snaps bem-sucedidos: 222 (100.0%)
   Snaps forçados (>100m): 222 (100.0%)
   ✅ TODOS os pontos estão em ruas (FORCE_SNAP=True)
======================================================================

💾 Dados agregados salvos em: ../data/offset_batch/vehicles_step_sim_10/run_058.csv
[csv-worker_1] [vehicles_step_sim_10] ===== LOG RUN 058 FIM =====

[csv-worker_1] [vehicles_step_sim_10] ===== LOG RUN 059 INICIO =====
======================================================================
🚗 PROCESSAMENTO SUMO → E1 REGISTRY (OFFSET ALEATÓRIO - veh0)
======================================================================
📄 Entrada: ../data/vehicles_step_sim_10.csv
🏭 Consumo fabricante: 12.0 km/l
💰 Preço carbono: R$ 50.0/ton
⭕ Raio máximo do offset aleatório: 2.0 km
🎲 Offset gerado aleatoriamente:
   Ângulo: 76.0°
   Distância: 1.5522 km
   offset_x (lat): 0.003371°  |  offset_y (lon): 0.013530°
📊 Row stepping: Processando todas as linhas
🗺️  Map matching: ATIVADO (raio 1500m) - pontos snapped para ruas
📐 Cálculo de distância: HAVERSINE PURO dos pontos COM snap (consistência)
======================================================================

📊 Carregando dados SUMO...
   Total de registros no arquivo: 301
   Veículos únicos: 1
   🚙 Vehicle selecionado: carro_1000

🔄 Agregando viagens por vehicle_id...
  📐 SUMO_carro_1000: Calculando distâncias com Haversine direto (SEM routing API)
      Original: 312 pontos → 3.1845 km (Haversine)
      Offset:   312 pontos → 2.8034 km (Haversine)

🚙 Veículo: SUMO_carro_1000
   Modelo: HBEFA4/PC_petrol_Euro-6ab
   Segmentos: 312
   📏 Distância: 3.190 km (city: 2.602, highway: 0.587)
   ⛽ Combustível: 54.577 l
   🏭 CO2 real: 126071.8 g
   🎯 CO2 meta: 614.1 g
   📊 Delta: -125457.8 g
   💰 Valor E1: R$ -6.2729
   🧭 Tentativas map matching: 314

   🔑 OFFSET DETERMINÍSTICO (x=0.01586045183822577°, y=-0.005860634637769084°, max=2.0km):
   📍 Start Original:  (40.775644, -73.960687)
   🔒 Start Protegido: (40.791048, -73.965306) ✓ 1.83 km | ✓ MAP MATCHED
   📏 Deslocamento final: 1758.5 metros
   📍 End Original:    (40.771637, -73.963520)
   🔒 End Protegido:   (40.787281, -73.968057) ✓ 1.83 km | ✓ MAP MATCHED
   📏 Deslocamento final: 1783.0 metros

   📐 ANÁLISE DE DISTÂNCIA DO TRAJETO (HAVERSINE DOS PONTOS ARMAZENADOS):
   ✨ 282 pontos privados duplicados foram separados para garantir visualização 1:1.
   ℹ️  Dica: use --debug-map-matching para ver tentativas detalhadas de re-snap.
   🔢 Pontos unicos original/offset: 312/30 (Δ -282, -90.4% )
   📍 Trajeto original: 3.185 km (linha reta entre pontos GPS)
   🔒 Trajeto com offset: 2.803 km (linha reta entre pontos COM snap)
   📊 Diferença: -0.381 km (-12.0%)

======================================================================
📊 ESTATÍSTICAS FINAIS
======================================================================
Viagens processadas: 1
Distância total: 3.19 km
Combustível total: 54.58 l
CO2 real total: 126071.8 g
CO2 meta total: 614.1 g
Delta CO2: -125457.8 g
Valor E1 total: R$ -6.27

💰 Créditos: R$ 0.00
💸 Débitos: R$ 6.27
📈 Saldo líquido: R$ -6.27

🗺️  MAP MATCHING:
   Pontos processados: 312
   Snaps tentados: 312 (100.0%)
   Snaps bem-sucedidos: 312 (100.0%)
   Snaps forçados (>100m): 312 (100.0%)
   ✅ TODOS os pontos estão em ruas (FORCE_SNAP=True)
======================================================================

💾 Dados agregados salvos em: ../data/offset_batch/vehicles_step_sim_10/run_059.csv
[csv-worker_1] [vehicles_step_sim_10] ===== LOG RUN 059 FIM =====

[csv-worker_1] [vehicles_step_sim_10] ===== LOG RUN 060 INICIO =====
======================================================================
🚗 PROCESSAMENTO SUMO → E1 REGISTRY (OFFSET ALEATÓRIO - veh0)
======================================================================
📄 Entrada: ../data/vehicles_step_sim_10.csv
🏭 Consumo fabricante: 12.0 km/l
💰 Preço carbono: R$ 50.0/ton
⭕ Raio máximo do offset aleatório: 2.0 km
🎲 Offset gerado aleatoriamente:
   Ângulo: 316.1°
   Distância: 1.7380 km
   offset_x (lat): 0.011246°  |  offset_y (lon): -0.010829°
📊 Row stepping: Processando todas as linhas
🗺️  Map matching: ATIVADO (raio 1500m) - pontos snapped para ruas
📐 Cálculo de distância: HAVERSINE PURO dos pontos COM snap (consistência)
======================================================================

📊 Carregando dados SUMO...
   Total de registros no arquivo: 301
   Veículos únicos: 1
   🚙 Vehicle selecionado: carro_1000

🔄 Agregando viagens por vehicle_id...
  📐 SUMO_carro_1000: Calculando distâncias com Haversine direto (SEM routing API)
      Original: 222 pontos → 1.9688 km (Haversine)
      Offset:   222 pontos → 2.7537 km (Haversine)

🚙 Veículo: SUMO_carro_1000
   Modelo: HBEFA4/PC_petrol_Euro-6ab
   Segmentos: 222
   📏 Distância: 1.973 km (city: 1.973, highway: 0.000)
   ⛽ Combustível: 24.219 l
   🏭 CO2 real: 55946.2 g
   🎯 CO2 meta: 379.8 g
   📊 Delta: -55566.4 g
   💰 Valor E1: R$ -2.7783
   🧭 Tentativas map matching: 224

   🔑 OFFSET DETERMINÍSTICO (x=-0.004608079807736092°, y=0.0063824931818083°, max=2.0km):
   📍 Start Original:  (40.775644, -73.960687)
   🔒 Start Protegido: (40.771090, -73.953773) ✓ 0.74 km | ✓ MAP MATCHED
   📏 Deslocamento final: 772.4 metros
   📍 End Original:    (40.772651, -73.962544)
   🔒 End Protegido:   (40.767863, -73.956135) ✓ 0.74 km | ✓ MAP MATCHED
   📏 Deslocamento final: 759.0 metros

   📐 ANÁLISE DE DISTÂNCIA DO TRAJETO (HAVERSINE DOS PONTOS ARMAZENADOS):
   ✨ 195 pontos privados duplicados foram separados para garantir visualização 1:1.
   ℹ️  Dica: use --debug-map-matching para ver tentativas detalhadas de re-snap.
   🔢 Pontos unicos original/offset: 221/27 (Δ -194, -87.8% )
   📍 Trajeto original: 1.969 km (linha reta entre pontos GPS)
   🔒 Trajeto com offset: 2.754 km (linha reta entre pontos COM snap)
   📊 Diferença: +0.785 km (+39.9%)

======================================================================
📊 ESTATÍSTICAS FINAIS
======================================================================
Viagens processadas: 1
Distância total: 1.97 km
Combustível total: 24.22 l
CO2 real total: 55946.2 g
CO2 meta total: 379.8 g
Delta CO2: -55566.4 g
Valor E1 total: R$ -2.78

💰 Créditos: R$ 0.00
💸 Débitos: R$ 2.78
📈 Saldo líquido: R$ -2.78

🗺️  MAP MATCHING:
   Pontos processados: 222
   Snaps tentados: 222 (100.0%)
   Snaps bem-sucedidos: 222 (100.0%)
   Snaps forçados (>100m): 222 (100.0%)
   ✅ TODOS os pontos estão em ruas (FORCE_SNAP=True)
======================================================================

💾 Dados agregados salvos em: ../data/offset_batch/vehicles_step_sim_10/run_060.csv
[csv-worker_1] [vehicles_step_sim_10] ===== LOG RUN 060 FIM =====

[csv-worker_1] [vehicles_step_sim_10] ===== LOG RUN 061 INICIO =====
======================================================================
🚗 PROCESSAMENTO SUMO → E1 REGISTRY (OFFSET ALEATÓRIO - veh0)
======================================================================
📄 Entrada: ../data/vehicles_step_sim_10.csv
🏭 Consumo fabricante: 12.0 km/l
💰 Preço carbono: R$ 50.0/ton
⭕ Raio máximo do offset aleatório: 2.0 km
🎲 Offset gerado aleatoriamente:
   Ângulo: 28.6°
   Distância: 1.4172 km
   offset_x (lat): 0.011177°  |  offset_y (lon): 0.006095°
📊 Row stepping: Processando todas as linhas
🗺️  Map matching: ATIVADO (raio 1500m) - pontos snapped para ruas
📐 Cálculo de distância: HAVERSINE PURO dos pontos COM snap (consistência)
======================================================================

📊 Carregando dados SUMO...
   Total de registros no arquivo: 301
   Veículos únicos: 1
   🚙 Vehicle selecionado: carro_1000

🔄 Agregando viagens por vehicle_id...
  📐 SUMO_carro_1000: Calculando distâncias com Haversine direto (SEM routing API)
      Original: 324 pontos → 3.1629 km (Haversine)
      Offset:   324 pontos → 3.3103 km (Haversine)

🚙 Veículo: SUMO_carro_1000
   Modelo: HBEFA4/PC_petrol_Euro-6ab
   Segmentos: 324
   📏 Distância: 3.166 km (city: 3.024, highway: 0.142)
   ⛽ Combustível: 49.530 l
   🏭 CO2 real: 114414.1 g
   🎯 CO2 meta: 609.4 g
   📊 Delta: -113804.6 g
   💰 Valor E1: R$ -5.6902
   🧭 Tentativas map matching: 326

   🔑 OFFSET DETERMINÍSTICO (x=-0.010488979041984689°, y=0.0016986859830922544°, max=2.0km):
   📍 Start Original:  (40.775644, -73.960687)
   🔒 Start Protegido: (40.764682, -73.958458) ✓ 1.18 km | ✓ MAP MATCHED
   📏 Deslocamento final: 1234.7 metros
   📍 End Original:    (40.772251, -73.963071)
   🔒 End Protegido:   (40.762042, -73.961916) ✓ 1.18 km | ✓ MAP MATCHED
   📏 Deslocamento final: 1140.6 metros

   📐 ANÁLISE DE DISTÂNCIA DO TRAJETO (HAVERSINE DOS PONTOS ARMAZENADOS):
   ✨ 276 pontos privados duplicados foram separados para garantir visualização 1:1.
   ℹ️  Dica: use --debug-map-matching para ver tentativas detalhadas de re-snap.
   🔢 Pontos unicos original/offset: 324/48 (Δ -276, -85.2% )
   📍 Trajeto original: 3.163 km (linha reta entre pontos GPS)
   🔒 Trajeto com offset: 3.310 km (linha reta entre pontos COM snap)
   📊 Diferença: +0.147 km (+4.7%)

======================================================================
📊 ESTATÍSTICAS FINAIS
======================================================================
Viagens processadas: 1
Distância total: 3.17 km
Combustível total: 49.53 l
CO2 real total: 114414.1 g
CO2 meta total: 609.4 g
Delta CO2: -113804.6 g
Valor E1 total: R$ -5.69

💰 Créditos: R$ 0.00
💸 Débitos: R$ 5.69
📈 Saldo líquido: R$ -5.69

🗺️  MAP MATCHING:
   Pontos processados: 324
   Snaps tentados: 324 (100.0%)
   Snaps bem-sucedidos: 324 (100.0%)
   Snaps forçados (>100m): 324 (100.0%)
   ✅ TODOS os pontos estão em ruas (FORCE_SNAP=True)
======================================================================

💾 Dados agregados salvos em: ../data/offset_batch/vehicles_step_sim_10/run_061.csv
[csv-worker_1] [vehicles_step_sim_10] ===== LOG RUN 061 FIM =====

[csv-worker_1] [vehicles_step_sim_10] ===== LOG RUN 062 INICIO =====
======================================================================
🚗 PROCESSAMENTO SUMO → E1 REGISTRY (OFFSET ALEATÓRIO - veh0)
======================================================================
📄 Entrada: ../data/vehicles_step_sim_10.csv
🏭 Consumo fabricante: 12.0 km/l
💰 Preço carbono: R$ 50.0/ton
⭕ Raio máximo do offset aleatório: 2.0 km
🎲 Offset gerado aleatoriamente:
   Ângulo: 126.4°
   Distância: 1.7683 km
   offset_x (lat): -0.009434°  |  offset_y (lon): 0.012780°
📊 Row stepping: Processando todas as linhas
🗺️  Map matching: ATIVADO (raio 1500m) - pontos snapped para ruas
📐 Cálculo de distância: HAVERSINE PURO dos pontos COM snap (consistência)
======================================================================

📊 Carregando dados SUMO...
   Total de registros no arquivo: 301
   Veículos únicos: 1
   🚙 Vehicle selecionado: carro_1000

🔄 Agregando viagens por vehicle_id...
  📐 SUMO_carro_1000: Calculando distâncias com Haversine direto (SEM routing API)
      Original: 324 pontos → 3.1629 km (Haversine)
      Offset:   324 pontos → 3.4645 km (Haversine)

🚙 Veículo: SUMO_carro_1000
   Modelo: HBEFA4/PC_petrol_Euro-6ab
   Segmentos: 324
   📏 Distância: 3.166 km (city: 3.024, highway: 0.142)
   ⛽ Combustível: 49.530 l
   🏭 CO2 real: 114414.1 g
   🎯 CO2 meta: 609.4 g
   📊 Delta: -113804.6 g
   💰 Valor E1: R$ -5.6902
   🧭 Tentativas map matching: 326

   🔑 OFFSET DETERMINÍSTICO (x=0.0022757860373720036°, y=0.004166860957584403°, max=2.0km):
   📍 Start Original:  (40.775644, -73.960687)
   🔒 Start Protegido: (40.778131, -73.956590) ✓ 0.43 km | ✓ MAP MATCHED
   📏 Deslocamento final: 442.6 metros
   📍 End Original:    (40.772251, -73.963071)
   🔒 End Protegido:   (40.774571, -73.959185) ✓ 0.43 km | ✓ MAP MATCHED
   📏 Deslocamento final: 417.2 metros

   📐 ANÁLISE DE DISTÂNCIA DO TRAJETO (HAVERSINE DOS PONTOS ARMAZENADOS):
   ✨ 275 pontos privados duplicados foram separados para garantir visualização 1:1.
   ℹ️  Dica: use --debug-map-matching para ver tentativas detalhadas de re-snap.
   🔢 Pontos unicos original/offset: 324/49 (Δ -275, -84.9% )
   📍 Trajeto original: 3.163 km (linha reta entre pontos GPS)
   🔒 Trajeto com offset: 3.464 km (linha reta entre pontos COM snap)
   📊 Diferença: +0.302 km (+9.5%)

======================================================================
📊 ESTATÍSTICAS FINAIS
======================================================================
Viagens processadas: 1
Distância total: 3.17 km
Combustível total: 49.53 l
CO2 real total: 114414.1 g
CO2 meta total: 609.4 g
Delta CO2: -113804.6 g
Valor E1 total: R$ -5.69

💰 Créditos: R$ 0.00
💸 Débitos: R$ 5.69
📈 Saldo líquido: R$ -5.69

🗺️  MAP MATCHING:
   Pontos processados: 324
   Snaps tentados: 324 (100.0%)
   Snaps bem-sucedidos: 324 (100.0%)
   Snaps forçados (>100m): 324 (100.0%)
   ✅ TODOS os pontos estão em ruas (FORCE_SNAP=True)
======================================================================

💾 Dados agregados salvos em: ../data/offset_batch/vehicles_step_sim_10/run_062.csv
[csv-worker_1] [vehicles_step_sim_10] ===== LOG RUN 062 FIM =====

[csv-worker_1] [vehicles_step_sim_10] ===== LOG RUN 063 INICIO =====
======================================================================
🚗 PROCESSAMENTO SUMO → E1 REGISTRY (OFFSET ALEATÓRIO - veh0)
======================================================================
📄 Entrada: ../data/vehicles_step_sim_10.csv
🏭 Consumo fabricante: 12.0 km/l
💰 Preço carbono: R$ 50.0/ton
⭕ Raio máximo do offset aleatório: 2.0 km
🎲 Offset gerado aleatoriamente:
   Ângulo: 164.0°
   Distância: 1.3537 km
   offset_x (lat): -0.011691°  |  offset_y (lon): 0.003348°
📊 Row stepping: Processando todas as linhas
🗺️  Map matching: ATIVADO (raio 1500m) - pontos snapped para ruas
📐 Cálculo de distância: HAVERSINE PURO dos pontos COM snap (consistência)
======================================================================

📊 Carregando dados SUMO...
   Total de registros no arquivo: 301
   Veículos únicos: 1
   🚙 Vehicle selecionado: carro_1000

🔄 Agregando viagens por vehicle_id...
  📐 SUMO_carro_1000: Calculando distâncias com Haversine direto (SEM routing API)
      Original: 324 pontos → 3.1629 km (Haversine)
      Offset:   324 pontos → 3.7518 km (Haversine)

🚙 Veículo: SUMO_carro_1000
   Modelo: HBEFA4/PC_petrol_Euro-6ab
   Segmentos: 324
   📏 Distância: 3.166 km (city: 3.024, highway: 0.142)
   ⛽ Combustível: 49.530 l
   🏭 CO2 real: 114414.1 g
   🎯 CO2 meta: 609.4 g
   📊 Delta: -113804.6 g
   💰 Valor E1: R$ -5.6902
   🧭 Tentativas map matching: 326

   🔑 OFFSET DETERMINÍSTICO (x=-0.008096779691652225°, y=0.0021730120083863855°, max=2.0km):
   📍 Start Original:  (40.775644, -73.960687)
   🔒 Start Protegido: (40.767695, -73.959197) ✓ 0.92 km | ✓ MAP MATCHED
   📏 Deslocamento final: 893.7 metros
   📍 End Original:    (40.772251, -73.963071)
   🔒 End Protegido:   (40.764314, -73.961481) ✓ 0.92 km | ✓ MAP MATCHED
   📏 Deslocamento final: 893.6 metros

   📐 ANÁLISE DE DISTÂNCIA DO TRAJETO (HAVERSINE DOS PONTOS ARMAZENADOS):
   ✨ 273 pontos privados duplicados foram separados para garantir visualização 1:1.
   ℹ️  Dica: use --debug-map-matching para ver tentativas detalhadas de re-snap.
   🔢 Pontos unicos original/offset: 324/51 (Δ -273, -84.3% )
   📍 Trajeto original: 3.163 km (linha reta entre pontos GPS)
   🔒 Trajeto com offset: 3.752 km (linha reta entre pontos COM snap)
   📊 Diferença: +0.589 km (+18.6%)

======================================================================
📊 ESTATÍSTICAS FINAIS
======================================================================
Viagens processadas: 1
Distância total: 3.17 km
Combustível total: 49.53 l
CO2 real total: 114414.1 g
CO2 meta total: 609.4 g
Delta CO2: -113804.6 g
Valor E1 total: R$ -5.69

💰 Créditos: R$ 0.00
💸 Débitos: R$ 5.69
📈 Saldo líquido: R$ -5.69

🗺️  MAP MATCHING:
   Pontos processados: 324
   Snaps tentados: 324 (100.0%)
   Snaps bem-sucedidos: 324 (100.0%)
   Snaps forçados (>100m): 324 (100.0%)
   ✅ TODOS os pontos estão em ruas (FORCE_SNAP=True)
======================================================================

💾 Dados agregados salvos em: ../data/offset_batch/vehicles_step_sim_10/run_063.csv
[csv-worker_1] [vehicles_step_sim_10] ===== LOG RUN 063 FIM =====

[csv-worker_1] [vehicles_step_sim_10] ===== LOG RUN 064 INICIO =====
======================================================================
🚗 PROCESSAMENTO SUMO → E1 REGISTRY (OFFSET ALEATÓRIO - veh0)
======================================================================
📄 Entrada: ../data/vehicles_step_sim_10.csv
🏭 Consumo fabricante: 12.0 km/l
💰 Preço carbono: R$ 50.0/ton
⭕ Raio máximo do offset aleatório: 2.0 km
🎲 Offset gerado aleatoriamente:
   Ângulo: 343.8°
   Distância: 0.2940 km
   offset_x (lat): 0.002536°  |  offset_y (lon): -0.000737°
📊 Row stepping: Processando todas as linhas
🗺️  Map matching: ATIVADO (raio 1500m) - pontos snapped para ruas
📐 Cálculo de distância: HAVERSINE PURO dos pontos COM snap (consistência)
======================================================================

📊 Carregando dados SUMO...
   Total de registros no arquivo: 301
   Veículos únicos: 1
   🚙 Vehicle selecionado: carro_1000

🔄 Agregando viagens por vehicle_id...
  📐 SUMO_carro_1000: Calculando distâncias com Haversine direto (SEM routing API)
      Original: 324 pontos → 3.1629 km (Haversine)
      Offset:   324 pontos → 5.7725 km (Haversine)

🚙 Veículo: SUMO_carro_1000
   Modelo: HBEFA4/PC_petrol_Euro-6ab
   Segmentos: 324
   📏 Distância: 3.166 km (city: 3.024, highway: 0.142)
   ⛽ Combustível: 49.530 l
   🏭 CO2 real: 114414.1 g
   🎯 CO2 meta: 609.4 g
   📊 Delta: -113804.6 g
   💰 Valor E1: R$ -5.6902
   🧭 Tentativas map matching: 326

   🔑 OFFSET DETERMINÍSTICO (x=0.014917114290578778°, y=-0.0027560943440152336°, max=2.0km):
   📍 Start Original:  (40.775644, -73.960687)
   🔒 Start Protegido: (40.791590, -73.964008) ✓ 1.68 km | ✓ MAP MATCHED
   📏 Deslocamento final: 1797.0 metros
   📍 End Original:    (40.772251, -73.963071)
   🔒 End Protegido:   (40.787872, -73.967468) ✓ 1.68 km | ✓ MAP MATCHED
   📏 Deslocamento final: 1778.0 metros

   📐 ANÁLISE DE DISTÂNCIA DO TRAJETO (HAVERSINE DOS PONTOS ARMAZENADOS):
   ✨ 273 pontos privados duplicados foram separados para garantir visualização 1:1.
   ℹ️  Dica: use --debug-map-matching para ver tentativas detalhadas de re-snap.
   🔢 Pontos unicos original/offset: 324/51 (Δ -273, -84.3% )
   📍 Trajeto original: 3.163 km (linha reta entre pontos GPS)
   🔒 Trajeto com offset: 5.773 km (linha reta entre pontos COM snap)
   📊 Diferença: +2.610 km (+82.5%)

======================================================================
📊 ESTATÍSTICAS FINAIS
======================================================================
Viagens processadas: 1
Distância total: 3.17 km
Combustível total: 49.53 l
CO2 real total: 114414.1 g
CO2 meta total: 609.4 g
Delta CO2: -113804.6 g
Valor E1 total: R$ -5.69

💰 Créditos: R$ 0.00
💸 Débitos: R$ 5.69
📈 Saldo líquido: R$ -5.69

🗺️  MAP MATCHING:
   Pontos processados: 324
   Snaps tentados: 324 (100.0%)
   Snaps bem-sucedidos: 324 (100.0%)
   Snaps forçados (>100m): 324 (100.0%)
   ✅ TODOS os pontos estão em ruas (FORCE_SNAP=True)
======================================================================

💾 Dados agregados salvos em: ../data/offset_batch/vehicles_step_sim_10/run_064.csv
[csv-worker_1] [vehicles_step_sim_10] ===== LOG RUN 064 FIM =====

[csv-worker_1] [vehicles_step_sim_10] ===== LOG RUN 065 INICIO =====
======================================================================
🚗 PROCESSAMENTO SUMO → E1 REGISTRY (OFFSET ALEATÓRIO - veh0)
======================================================================
📄 Entrada: ../data/vehicles_step_sim_10.csv
🏭 Consumo fabricante: 12.0 km/l
💰 Preço carbono: R$ 50.0/ton
⭕ Raio máximo do offset aleatório: 2.0 km
🎲 Offset gerado aleatoriamente:
   Ângulo: 21.7°
   Distância: 0.8063 km
   offset_x (lat): 0.006731°  |  offset_y (lon): 0.002677°
📊 Row stepping: Processando todas as linhas
🗺️  Map matching: ATIVADO (raio 1500m) - pontos snapped para ruas
📐 Cálculo de distância: HAVERSINE PURO dos pontos COM snap (consistência)
======================================================================

📊 Carregando dados SUMO...
   Total de registros no arquivo: 301
   Veículos únicos: 1
   🚙 Vehicle selecionado: carro_1000

🔄 Agregando viagens por vehicle_id...
  📐 SUMO_carro_1000: Calculando distâncias com Haversine direto (SEM routing API)
      Original: 222 pontos → 1.9688 km (Haversine)
      Offset:   222 pontos → 0.9553 km (Haversine)

🚙 Veículo: SUMO_carro_1000
   Modelo: HBEFA4/PC_petrol_Euro-6ab
   Segmentos: 222
   📏 Distância: 1.973 km (city: 1.973, highway: 0.000)
   ⛽ Combustível: 24.219 l
   🏭 CO2 real: 55946.2 g
   🎯 CO2 meta: 379.8 g
   📊 Delta: -55566.4 g
   💰 Valor E1: R$ -2.7783
   🧭 Tentativas map matching: 224

   🔑 OFFSET DETERMINÍSTICO (x=-0.013726994101226415°, y=0.011058438276281975°, max=2.0km):
   📍 Start Original:  (40.775644, -73.960687)
   🔒 Start Protegido: (40.761811, -73.949768) ✓ 1.79 km | ✓ MAP MATCHED
   📏 Deslocamento final: 1794.0 metros
   📍 End Original:    (40.772651, -73.962544)
   🔒 End Protegido:   (40.759192, -73.951957) ✓ 1.79 km | ✓ MAP MATCHED
   📏 Deslocamento final: 1744.0 metros

   📐 ANÁLISE DE DISTÂNCIA DO TRAJETO (HAVERSINE DOS PONTOS ARMAZENADOS):
   ✨ 190 pontos privados duplicados foram separados para garantir visualização 1:1.
   ℹ️  Dica: use --debug-map-matching para ver tentativas detalhadas de re-snap.
   🔢 Pontos unicos original/offset: 221/32 (Δ -189, -85.5% )
   📍 Trajeto original: 1.969 km (linha reta entre pontos GPS)
   🔒 Trajeto com offset: 0.955 km (linha reta entre pontos COM snap)
   📊 Diferença: -1.013 km (-51.5%)

======================================================================
📊 ESTATÍSTICAS FINAIS
======================================================================
Viagens processadas: 1
Distância total: 1.97 km
Combustível total: 24.22 l
CO2 real total: 55946.2 g
CO2 meta total: 379.8 g
Delta CO2: -55566.4 g
Valor E1 total: R$ -2.78

💰 Créditos: R$ 0.00
💸 Débitos: R$ 2.78
📈 Saldo líquido: R$ -2.78

🗺️  MAP MATCHING:
   Pontos processados: 222
   Snaps tentados: 222 (100.0%)
   Snaps bem-sucedidos: 222 (100.0%)
   Snaps forçados (>100m): 222 (100.0%)
   ✅ TODOS os pontos estão em ruas (FORCE_SNAP=True)
======================================================================

💾 Dados agregados salvos em: ../data/offset_batch/vehicles_step_sim_10/run_065.csv
[csv-worker_1] [vehicles_step_sim_10] ===== LOG RUN 065 FIM =====

[csv-worker_1] [vehicles_step_sim_10] ===== LOG RUN 066 INICIO =====
======================================================================
🚗 PROCESSAMENTO SUMO → E1 REGISTRY (OFFSET ALEATÓRIO - veh0)
======================================================================
📄 Entrada: ../data/vehicles_step_sim_10.csv
🏭 Consumo fabricante: 12.0 km/l
💰 Preço carbono: R$ 50.0/ton
⭕ Raio máximo do offset aleatório: 2.0 km
🎲 Offset gerado aleatoriamente:
   Ângulo: 138.9°
   Distância: 1.6188 km
   offset_x (lat): -0.010961°  |  offset_y (lon): 0.009556°
📊 Row stepping: Processando todas as linhas
🗺️  Map matching: ATIVADO (raio 1500m) - pontos snapped para ruas
📐 Cálculo de distância: HAVERSINE PURO dos pontos COM snap (consistência)
======================================================================

📊 Carregando dados SUMO...
   Total de registros no arquivo: 301
   Veículos únicos: 1
   🚙 Vehicle selecionado: carro_1000

🔄 Agregando viagens por vehicle_id...
  📐 SUMO_carro_1000: Calculando distâncias com Haversine direto (SEM routing API)
      Original: 222 pontos → 1.9688 km (Haversine)
      Offset:   222 pontos → 2.1557 km (Haversine)

🚙 Veículo: SUMO_carro_1000
   Modelo: HBEFA4/PC_petrol_Euro-6ab
   Segmentos: 222
   📏 Distância: 1.973 km (city: 1.973, highway: 0.000)
   ⛽ Combustível: 24.219 l
   🏭 CO2 real: 55946.2 g
   🎯 CO2 meta: 379.8 g
   📊 Delta: -55566.4 g
   💰 Valor E1: R$ -2.7783
   🧭 Tentativas map matching: 224

   🔑 OFFSET DETERMINÍSTICO (x=-0.015740247126717878°, y=-0.0033432651296948883°, max=2.0km):
   📍 Start Original:  (40.775644, -73.960687)
   🔒 Start Protegido: (40.759822, -73.963950) ✓ 1.77 km | ✓ MAP MATCHED
   📏 Deslocamento final: 1782.6 metros
   📍 End Original:    (40.772651, -73.962544)
   🔒 End Protegido:   (40.756447, -73.966411) ✓ 1.77 km | ✓ MAP MATCHED
   📏 Deslocamento final: 1833.1 metros

   📐 ANÁLISE DE DISTÂNCIA DO TRAJETO (HAVERSINE DOS PONTOS ARMAZENADOS):
   ✨ 183 pontos privados duplicados foram separados para garantir visualização 1:1.
   ℹ️  Dica: use --debug-map-matching para ver tentativas detalhadas de re-snap.
   🔢 Pontos unicos original/offset: 221/39 (Δ -182, -82.4% )
   📍 Trajeto original: 1.969 km (linha reta entre pontos GPS)
   🔒 Trajeto com offset: 2.156 km (linha reta entre pontos COM snap)
   📊 Diferença: +0.187 km (+9.5%)

======================================================================
📊 ESTATÍSTICAS FINAIS
======================================================================
Viagens processadas: 1
Distância total: 1.97 km
Combustível total: 24.22 l
CO2 real total: 55946.2 g
CO2 meta total: 379.8 g
Delta CO2: -55566.4 g
Valor E1 total: R$ -2.78

💰 Créditos: R$ 0.00
💸 Débitos: R$ 2.78
📈 Saldo líquido: R$ -2.78

🗺️  MAP MATCHING:
   Pontos processados: 222
   Snaps tentados: 222 (100.0%)
   Snaps bem-sucedidos: 222 (100.0%)
   Snaps forçados (>100m): 222 (100.0%)
   ✅ TODOS os pontos estão em ruas (FORCE_SNAP=True)
======================================================================

💾 Dados agregados salvos em: ../data/offset_batch/vehicles_step_sim_10/run_066.csv
[csv-worker_1] [vehicles_step_sim_10] ===== LOG RUN 066 FIM =====

[csv-worker_1] [vehicles_step_sim_10] ===== LOG RUN 067 INICIO =====
======================================================================
🚗 PROCESSAMENTO SUMO → E1 REGISTRY (OFFSET ALEATÓRIO - veh0)
======================================================================
📄 Entrada: ../data/vehicles_step_sim_10.csv
🏭 Consumo fabricante: 12.0 km/l
💰 Preço carbono: R$ 50.0/ton
⭕ Raio máximo do offset aleatório: 2.0 km
🎲 Offset gerado aleatoriamente:
   Ângulo: 171.5°
   Distância: 1.2467 km
   offset_x (lat): -0.011076°  |  offset_y (lon): 0.001660°
📊 Row stepping: Processando todas as linhas
🗺️  Map matching: ATIVADO (raio 1500m) - pontos snapped para ruas
📐 Cálculo de distância: HAVERSINE PURO dos pontos COM snap (consistência)
======================================================================

📊 Carregando dados SUMO...
   Total de registros no arquivo: 301
   Veículos únicos: 1
   🚙 Vehicle selecionado: carro_1000

🔄 Agregando viagens por vehicle_id...
  📐 SUMO_carro_1000: Calculando distâncias com Haversine direto (SEM routing API)
      Original: 337 pontos → 3.3706 km (Haversine)
      Offset:   337 pontos → 4.3319 km (Haversine)

🚙 Veículo: SUMO_carro_1000
   Modelo: HBEFA4/PC_petrol_Euro-6ab
   Segmentos: 337
   📏 Distância: 3.379 km (city: 3.069, highway: 0.310)
   ⛽ Combustível: 58.616 l
   🏭 CO2 real: 135402.3 g
   🎯 CO2 meta: 650.5 g
   📊 Delta: -134751.8 g
   💰 Valor E1: R$ -6.7376
   🧭 Tentativas map matching: 339

   🔑 OFFSET DETERMINÍSTICO (x=-0.011278902279243228°, y=0.005108374477591121°, max=2.0km):
   📍 Start Original:  (40.775644, -73.960687)
   🔒 Start Protegido: (40.764358, -73.955578) ✓ 1.33 km | ✓ MAP MATCHED
   📏 Deslocamento final: 1328.1 metros
   📍 End Original:    (40.774801, -73.960637)
   🔒 End Protegido:   (40.763732, -73.956036) ✓ 1.33 km | ✓ MAP MATCHED
   📏 Deslocamento final: 1291.8 metros

   📐 ANÁLISE DE DISTÂNCIA DO TRAJETO (HAVERSINE DOS PONTOS ARMAZENADOS):
   ✨ 273 pontos privados duplicados foram separados para garantir visualização 1:1.
   ℹ️  Dica: use --debug-map-matching para ver tentativas detalhadas de re-snap.
   🔢 Pontos unicos original/offset: 337/64 (Δ -273, -81.0% )
   📍 Trajeto original: 3.371 km (linha reta entre pontos GPS)
   🔒 Trajeto com offset: 4.332 km (linha reta entre pontos COM snap)
   📊 Diferença: +0.961 km (+28.5%)

======================================================================
📊 ESTATÍSTICAS FINAIS
======================================================================
Viagens processadas: 1
Distância total: 3.38 km
Combustível total: 58.62 l
CO2 real total: 135402.3 g
CO2 meta total: 650.5 g
Delta CO2: -134751.8 g
Valor E1 total: R$ -6.74

💰 Créditos: R$ 0.00
💸 Débitos: R$ 6.74
📈 Saldo líquido: R$ -6.74

🗺️  MAP MATCHING:
   Pontos processados: 337
   Snaps tentados: 337 (100.0%)
   Snaps bem-sucedidos: 337 (100.0%)
   Snaps forçados (>100m): 337 (100.0%)
   ✅ TODOS os pontos estão em ruas (FORCE_SNAP=True)
======================================================================

💾 Dados agregados salvos em: ../data/offset_batch/vehicles_step_sim_10/run_067.csv
[csv-worker_1] [vehicles_step_sim_10] ===== LOG RUN 067 FIM =====

[csv-worker_1] [vehicles_step_sim_10] ===== LOG RUN 068 INICIO =====
======================================================================
🚗 PROCESSAMENTO SUMO → E1 REGISTRY (OFFSET ALEATÓRIO - veh0)
======================================================================
📄 Entrada: ../data/vehicles_step_sim_10.csv
🏭 Consumo fabricante: 12.0 km/l
💰 Preço carbono: R$ 50.0/ton
⭕ Raio máximo do offset aleatório: 2.0 km
🎲 Offset gerado aleatoriamente:
   Ângulo: 27.0°
   Distância: 0.3486 km
   offset_x (lat): 0.002791°  |  offset_y (lon): 0.001420°
📊 Row stepping: Processando todas as linhas
🗺️  Map matching: ATIVADO (raio 1500m) - pontos snapped para ruas
📐 Cálculo de distância: HAVERSINE PURO dos pontos COM snap (consistência)
======================================================================

📊 Carregando dados SUMO...
   Total de registros no arquivo: 301
   Veículos únicos: 1
   🚙 Vehicle selecionado: carro_1000

🔄 Agregando viagens por vehicle_id...
  📐 SUMO_carro_1000: Calculando distâncias com Haversine direto (SEM routing API)
      Original: 337 pontos → 3.3706 km (Haversine)
      Offset:   337 pontos → 3.1479 km (Haversine)

🚙 Veículo: SUMO_carro_1000
   Modelo: HBEFA4/PC_petrol_Euro-6ab
   Segmentos: 337
   📏 Distância: 3.379 km (city: 3.069, highway: 0.310)
   ⛽ Combustível: 58.616 l
   🏭 CO2 real: 135402.3 g
   🎯 CO2 meta: 650.5 g
   📊 Delta: -134751.8 g
   💰 Valor E1: R$ -6.7376
   🧭 Tentativas map matching: 339

   🔑 OFFSET DETERMINÍSTICO (x=0.0030762580796884487°, y=-0.00386025252466799°, max=2.0km):
   📍 Start Original:  (40.775644, -73.960687)
   🔒 Start Protegido: (40.777941, -73.965167) ✓ 0.47 km | ✓ MAP MATCHED
   📏 Deslocamento final: 456.1 metros
   📍 End Original:    (40.774801, -73.960637)
   🔒 End Protegido:   (40.777742, -73.964843) ✓ 0.47 km | ✓ MAP MATCHED
   📏 Deslocamento final: 482.5 metros

   📐 ANÁLISE DE DISTÂNCIA DO TRAJETO (HAVERSINE DOS PONTOS ARMAZENADOS):
   ✨ 266 pontos privados duplicados foram separados para garantir visualização 1:1.
   ℹ️  Dica: use --debug-map-matching para ver tentativas detalhadas de re-snap.
   🔢 Pontos unicos original/offset: 337/71 (Δ -266, -78.9% )
   📍 Trajeto original: 3.371 km (linha reta entre pontos GPS)
   🔒 Trajeto com offset: 3.148 km (linha reta entre pontos COM snap)
   📊 Diferença: -0.223 km (-6.6%)

======================================================================
📊 ESTATÍSTICAS FINAIS
======================================================================
Viagens processadas: 1
Distância total: 3.38 km
Combustível total: 58.62 l
CO2 real total: 135402.3 g
CO2 meta total: 650.5 g
Delta CO2: -134751.8 g
Valor E1 total: R$ -6.74

💰 Créditos: R$ 0.00
💸 Débitos: R$ 6.74
📈 Saldo líquido: R$ -6.74

🗺️  MAP MATCHING:
   Pontos processados: 337
   Snaps tentados: 337 (100.0%)
   Snaps bem-sucedidos: 337 (100.0%)
   Snaps forçados (>100m): 337 (100.0%)
   ✅ TODOS os pontos estão em ruas (FORCE_SNAP=True)
======================================================================

💾 Dados agregados salvos em: ../data/offset_batch/vehicles_step_sim_10/run_068.csv
[csv-worker_1] [vehicles_step_sim_10] ===== LOG RUN 068 FIM =====

[csv-worker_1] [vehicles_step_sim_10] ===== LOG RUN 069 INICIO =====
======================================================================
🚗 PROCESSAMENTO SUMO → E1 REGISTRY (OFFSET ALEATÓRIO - veh0)
======================================================================
📄 Entrada: ../data/vehicles_step_sim_10.csv
🏭 Consumo fabricante: 12.0 km/l
💰 Preço carbono: R$ 50.0/ton
⭕ Raio máximo do offset aleatório: 2.0 km
🎲 Offset gerado aleatoriamente:
   Ângulo: 8.9°
   Distância: 1.6325 km
   offset_x (lat): 0.014489°  |  offset_y (lon): 0.002262°
📊 Row stepping: Processando todas as linhas
🗺️  Map matching: ATIVADO (raio 1500m) - pontos snapped para ruas
📐 Cálculo de distância: HAVERSINE PURO dos pontos COM snap (consistência)
======================================================================

📊 Carregando dados SUMO...
   Total de registros no arquivo: 301
   Veículos únicos: 1
   🚙 Vehicle selecionado: carro_1000

🔄 Agregando viagens por vehicle_id...
  📐 SUMO_carro_1000: Calculando distâncias com Haversine direto (SEM routing API)
      Original: 312 pontos → 3.1845 km (Haversine)
      Offset:   312 pontos → 3.1821 km (Haversine)

🚙 Veículo: SUMO_carro_1000
   Modelo: HBEFA4/PC_petrol_Euro-6ab
   Segmentos: 312
   📏 Distância: 3.190 km (city: 2.602, highway: 0.587)
   ⛽ Combustível: 54.577 l
   🏭 CO2 real: 126071.8 g
   🎯 CO2 meta: 614.1 g
   📊 Delta: -125457.8 g
   💰 Valor E1: R$ -6.2729
   🧭 Tentativas map matching: 314

   🔑 OFFSET DETERMINÍSTICO (x=0.007065320595931432°, y=0.006794718437381848°, max=2.0km):
   📍 Start Original:  (40.775644, -73.960687)
   🔒 Start Protegido: (40.782740, -73.953362) ✓ 0.97 km | ✓ MAP MATCHED
   📏 Deslocamento final: 1002.6 metros
   📍 End Original:    (40.771637, -73.963520)
   🔒 End Protegido:   (40.778864, -73.956187) ✓ 0.97 km | ✓ MAP MATCHED
   📏 Deslocamento final: 1014.6 metros

   📐 ANÁLISE DE DISTÂNCIA DO TRAJETO (HAVERSINE DOS PONTOS ARMAZENADOS):
   ✨ 272 pontos privados duplicados foram separados para garantir visualização 1:1.
   ℹ️  Dica: use --debug-map-matching para ver tentativas detalhadas de re-snap.
   🔢 Pontos unicos original/offset: 312/40 (Δ -272, -87.2% )
   📍 Trajeto original: 3.185 km (linha reta entre pontos GPS)
   🔒 Trajeto com offset: 3.182 km (linha reta entre pontos COM snap)
   📊 Diferença: -0.002 km (-0.1%)

======================================================================
📊 ESTATÍSTICAS FINAIS
======================================================================
Viagens processadas: 1
Distância total: 3.19 km
Combustível total: 54.58 l
CO2 real total: 126071.8 g
CO2 meta total: 614.1 g
Delta CO2: -125457.8 g
Valor E1 total: R$ -6.27

💰 Créditos: R$ 0.00
💸 Débitos: R$ 6.27
📈 Saldo líquido: R$ -6.27

🗺️  MAP MATCHING:
   Pontos processados: 312
   Snaps tentados: 312 (100.0%)
   Snaps bem-sucedidos: 312 (100.0%)
   Snaps forçados (>100m): 312 (100.0%)
   ✅ TODOS os pontos estão em ruas (FORCE_SNAP=True)
======================================================================

💾 Dados agregados salvos em: ../data/offset_batch/vehicles_step_sim_10/run_069.csv
[csv-worker_1] [vehicles_step_sim_10] ===== LOG RUN 069 FIM =====

[csv-worker_1] [vehicles_step_sim_10] ===== LOG RUN 070 INICIO =====
======================================================================
🚗 PROCESSAMENTO SUMO → E1 REGISTRY (OFFSET ALEATÓRIO - veh0)
======================================================================
📄 Entrada: ../data/vehicles_step_sim_10.csv
🏭 Consumo fabricante: 12.0 km/l
💰 Preço carbono: R$ 50.0/ton
⭕ Raio máximo do offset aleatório: 2.0 km
🎲 Offset gerado aleatoriamente:
   Ângulo: 211.0°
   Distância: 0.2237 km
   offset_x (lat): -0.001722°  |  offset_y (lon): -0.001035°
📊 Row stepping: Processando todas as linhas
🗺️  Map matching: ATIVADO (raio 1500m) - pontos snapped para ruas
📐 Cálculo de distância: HAVERSINE PURO dos pontos COM snap (consistência)
======================================================================

📊 Carregando dados SUMO...
   Total de registros no arquivo: 301
   Veículos únicos: 1
   🚙 Vehicle selecionado: carro_1000

🔄 Agregando viagens por vehicle_id...
  📐 SUMO_carro_1000: Calculando distâncias com Haversine direto (SEM routing API)
      Original: 300 pontos → 3.1542 km (Haversine)
      Offset:   300 pontos → 3.1852 km (Haversine)

🚙 Veículo: SUMO_carro_1000
   Modelo: HBEFA4/PC_petrol_Euro-6ab
   Segmentos: 300
   📏 Distância: 3.158 km (city: 2.541, highway: 0.617)
   ⛽ Combustível: 49.984 l
   🏭 CO2 real: 115462.6 g
   🎯 CO2 meta: 608.0 g
   📊 Delta: -114854.6 g
   💰 Valor E1: R$ -5.7427
   🧭 Tentativas map matching: 302

   🔑 OFFSET DETERMINÍSTICO (x=0.012919660098089905°, y=0.005124399575839822°, max=2.0km):
   📍 Start Original:  (40.775644, -73.960687)
   🔒 Start Protegido: (40.788636, -73.955382) ✓ 1.50 km | ✓ MAP MATCHED
   📏 Deslocamento final: 1513.9 metros
   📍 End Original:    (40.773912, -73.961904)
   🔒 End Protegido:   (40.786655, -73.956678) ✓ 1.50 km | ✓ MAP MATCHED
   📏 Deslocamento final: 1485.3 metros

   📐 ANÁLISE DE DISTÂNCIA DO TRAJETO (HAVERSINE DOS PONTOS ARMAZENADOS):
   ✨ 243 pontos privados duplicados foram separados para garantir visualização 1:1.
   ℹ️  Dica: use --debug-map-matching para ver tentativas detalhadas de re-snap.
   🔢 Pontos unicos original/offset: 299/57 (Δ -242, -80.9% )
   📍 Trajeto original: 3.154 km (linha reta entre pontos GPS)
   🔒 Trajeto com offset: 3.185 km (linha reta entre pontos COM snap)
   📊 Diferença: +0.031 km (+1.0%)

======================================================================
📊 ESTATÍSTICAS FINAIS
======================================================================
Viagens processadas: 1
Distância total: 3.16 km
Combustível total: 49.98 l
CO2 real total: 115462.6 g
CO2 meta total: 608.0 g
Delta CO2: -114854.6 g
Valor E1 total: R$ -5.74

💰 Créditos: R$ 0.00
💸 Débitos: R$ 5.74
📈 Saldo líquido: R$ -5.74

🗺️  MAP MATCHING:
   Pontos processados: 300
   Snaps tentados: 300 (100.0%)
   Snaps bem-sucedidos: 300 (100.0%)
   Snaps forçados (>100m): 300 (100.0%)
   ✅ TODOS os pontos estão em ruas (FORCE_SNAP=True)
======================================================================

💾 Dados agregados salvos em: ../data/offset_batch/vehicles_step_sim_10/run_070.csv
[csv-worker_1] [vehicles_step_sim_10] ===== LOG RUN 070 FIM =====

[csv-worker_1] [vehicles_step_sim_10] ===== LOG RUN 071 INICIO =====
======================================================================
🚗 PROCESSAMENTO SUMO → E1 REGISTRY (OFFSET ALEATÓRIO - veh0)
======================================================================
📄 Entrada: ../data/vehicles_step_sim_10.csv
🏭 Consumo fabricante: 12.0 km/l
💰 Preço carbono: R$ 50.0/ton
⭕ Raio máximo do offset aleatório: 2.0 km
🎲 Offset gerado aleatoriamente:
   Ângulo: 5.4°
   Distância: 1.4315 km
   offset_x (lat): 0.012802°  |  offset_y (lon): 0.001214°
📊 Row stepping: Processando todas as linhas
🗺️  Map matching: ATIVADO (raio 1500m) - pontos snapped para ruas
📐 Cálculo de distância: HAVERSINE PURO dos pontos COM snap (consistência)
======================================================================

📊 Carregando dados SUMO...
   Total de registros no arquivo: 301
   Veículos únicos: 1
   🚙 Vehicle selecionado: carro_1000

🔄 Agregando viagens por vehicle_id...
  📐 SUMO_carro_1000: Calculando distâncias com Haversine direto (SEM routing API)
      Original: 300 pontos → 3.1542 km (Haversine)
      Offset:   300 pontos → 3.7904 km (Haversine)

🚙 Veículo: SUMO_carro_1000
   Modelo: HBEFA4/PC_petrol_Euro-6ab
   Segmentos: 300
   📏 Distância: 3.158 km (city: 2.541, highway: 0.617)
   ⛽ Combustível: 49.984 l
   🏭 CO2 real: 115462.6 g
   🎯 CO2 meta: 608.0 g
   📊 Delta: -114854.6 g
   💰 Valor E1: R$ -5.7427
   🧭 Tentativas map matching: 302

   🔑 OFFSET DETERMINÍSTICO (x=-0.007465024180067181°, y=0.012464190858602167°, max=2.0km):
   📍 Start Original:  (40.775644, -73.960687)
   🔒 Start Protegido: (40.768659, -73.949021) ✓ 1.34 km | ✓ MAP MATCHED
   📏 Deslocamento final: 1253.6 metros
   📍 End Original:    (40.773912, -73.961904)
   🔒 End Protegido:   (40.766897, -73.950481) ✓ 1.34 km | ✓ MAP MATCHED
   📏 Deslocamento final: 1239.8 metros

   📐 ANÁLISE DE DISTÂNCIA DO TRAJETO (HAVERSINE DOS PONTOS ARMAZENADOS):
   ✨ 258 pontos privados duplicados foram separados para garantir visualização 1:1.
   ℹ️  Dica: use --debug-map-matching para ver tentativas detalhadas de re-snap.
   🔢 Pontos unicos original/offset: 299/42 (Δ -257, -86.0% )
   📍 Trajeto original: 3.154 km (linha reta entre pontos GPS)
   🔒 Trajeto com offset: 3.790 km (linha reta entre pontos COM snap)
   📊 Diferença: +0.636 km (+20.2%)

======================================================================
📊 ESTATÍSTICAS FINAIS
======================================================================
Viagens processadas: 1
Distância total: 3.16 km
Combustível total: 49.98 l
CO2 real total: 115462.6 g
CO2 meta total: 608.0 g
Delta CO2: -114854.6 g
Valor E1 total: R$ -5.74

💰 Créditos: R$ 0.00
💸 Débitos: R$ 5.74
📈 Saldo líquido: R$ -5.74

🗺️  MAP MATCHING:
   Pontos processados: 300
   Snaps tentados: 300 (100.0%)
   Snaps bem-sucedidos: 300 (100.0%)
   Snaps forçados (>100m): 300 (100.0%)
   ✅ TODOS os pontos estão em ruas (FORCE_SNAP=True)
======================================================================

💾 Dados agregados salvos em: ../data/offset_batch/vehicles_step_sim_10/run_071.csv
[csv-worker_1] [vehicles_step_sim_10] ===== LOG RUN 071 FIM =====

[csv-worker_1] [vehicles_step_sim_10] ===== LOG RUN 072 INICIO =====
======================================================================
🚗 PROCESSAMENTO SUMO → E1 REGISTRY (OFFSET ALEATÓRIO - veh0)
======================================================================
📄 Entrada: ../data/vehicles_step_sim_10.csv
🏭 Consumo fabricante: 12.0 km/l
💰 Preço carbono: R$ 50.0/ton
⭕ Raio máximo do offset aleatório: 2.0 km
🎲 Offset gerado aleatoriamente:
   Ângulo: 346.2°
   Distância: 0.6190 km
   offset_x (lat): 0.005399°  |  offset_y (lon): -0.001331°
📊 Row stepping: Processando todas as linhas
🗺️  Map matching: ATIVADO (raio 1500m) - pontos snapped para ruas
📐 Cálculo de distância: HAVERSINE PURO dos pontos COM snap (consistência)
======================================================================

📊 Carregando dados SUMO...
   Total de registros no arquivo: 301
   Veículos únicos: 1
   🚙 Vehicle selecionado: carro_1000

🔄 Agregando viagens por vehicle_id...
  📐 SUMO_carro_1000: Calculando distâncias com Haversine direto (SEM routing API)
      Original: 300 pontos → 3.1542 km (Haversine)
      Offset:   300 pontos → 3.1583 km (Haversine)

🚙 Veículo: SUMO_carro_1000
   Modelo: HBEFA4/PC_petrol_Euro-6ab
   Segmentos: 300
   📏 Distância: 3.158 km (city: 2.541, highway: 0.617)
   ⛽ Combustível: 49.984 l
   🏭 CO2 real: 115462.6 g
   🎯 CO2 meta: 608.0 g
   📊 Delta: -114854.6 g
   💰 Valor E1: R$ -5.7427
   🧭 Tentativas map matching: 302

   🔑 OFFSET DETERMINÍSTICO (x=0.013888491242214016°, y=0.005252992067213543°, max=2.0km):
   📍 Start Original:  (40.775644, -73.960687)
   🔒 Start Protegido: (40.789263, -73.954771) ✓ 1.61 km | ✓ MAP MATCHED
   📏 Deslocamento final: 1596.0 metros
   📍 End Original:    (40.773912, -73.961904)
   🔒 End Protegido:   (40.788102, -73.956143) ✓ 1.61 km | ✓ MAP MATCHED
   📏 Deslocamento final: 1652.5 metros

   📐 ANÁLISE DE DISTÂNCIA DO TRAJETO (HAVERSINE DOS PONTOS ARMAZENADOS):
   ✨ 244 pontos privados duplicados foram separados para garantir visualização 1:1.
   ℹ️  Dica: use --debug-map-matching para ver tentativas detalhadas de re-snap.
   🔢 Pontos unicos original/offset: 299/56 (Δ -243, -81.3% )
   📍 Trajeto original: 3.154 km (linha reta entre pontos GPS)
   🔒 Trajeto com offset: 3.158 km (linha reta entre pontos COM snap)
   📊 Diferença: +0.004 km (+0.1%)

======================================================================
📊 ESTATÍSTICAS FINAIS
======================================================================
Viagens processadas: 1
Distância total: 3.16 km
Combustível total: 49.98 l
CO2 real total: 115462.6 g
CO2 meta total: 608.0 g
Delta CO2: -114854.6 g
Valor E1 total: R$ -5.74

💰 Créditos: R$ 0.00
💸 Débitos: R$ 5.74
📈 Saldo líquido: R$ -5.74

🗺️  MAP MATCHING:
   Pontos processados: 300
   Snaps tentados: 300 (100.0%)
   Snaps bem-sucedidos: 300 (100.0%)
   Snaps forçados (>100m): 300 (100.0%)
   ✅ TODOS os pontos estão em ruas (FORCE_SNAP=True)
======================================================================

💾 Dados agregados salvos em: ../data/offset_batch/vehicles_step_sim_10/run_072.csv
[csv-worker_1] [vehicles_step_sim_10] ===== LOG RUN 072 FIM =====

[csv-worker_1] [vehicles_step_sim_10] ===== LOG RUN 073 INICIO =====
======================================================================
🚗 PROCESSAMENTO SUMO → E1 REGISTRY (OFFSET ALEATÓRIO - veh0)
======================================================================
📄 Entrada: ../data/vehicles_step_sim_10.csv
🏭 Consumo fabricante: 12.0 km/l
💰 Preço carbono: R$ 50.0/ton
⭕ Raio máximo do offset aleatório: 2.0 km
🎲 Offset gerado aleatoriamente:
   Ângulo: 67.3°
   Distância: 1.0131 km
   offset_x (lat): 0.003518°  |  offset_y (lon): 0.008394°
📊 Row stepping: Processando todas as linhas
🗺️  Map matching: ATIVADO (raio 1500m) - pontos snapped para ruas
📐 Cálculo de distância: HAVERSINE PURO dos pontos COM snap (consistência)
======================================================================

📊 Carregando dados SUMO...
   Total de registros no arquivo: 301
   Veículos únicos: 1
   🚙 Vehicle selecionado: carro_1000

🔄 Agregando viagens por vehicle_id...
  📐 SUMO_carro_1000: Calculando distâncias com Haversine direto (SEM routing API)
      Original: 337 pontos → 3.3706 km (Haversine)
      Offset:   337 pontos → 3.8675 km (Haversine)

🚙 Veículo: SUMO_carro_1000
   Modelo: HBEFA4/PC_petrol_Euro-6ab
   Segmentos: 337
   📏 Distância: 3.379 km (city: 3.069, highway: 0.310)
   ⛽ Combustível: 58.616 l
   🏭 CO2 real: 135402.3 g
   🎯 CO2 meta: 650.5 g
   📊 Delta: -134751.8 g
   💰 Valor E1: R$ -6.7376
   🧭 Tentativas map matching: 339

   🔑 OFFSET DETERMINÍSTICO (x=0.009531280319101849°, y=0.009488330191049629°, max=2.0km):
   📍 Start Original:  (40.775644, -73.960687)
   🔒 Start Protegido: (40.785155, -73.951330) ✓ 1.33 km | ✓ MAP MATCHED
   📏 Deslocamento final: 1320.3 metros
   📍 End Original:    (40.774801, -73.960637)
   🔒 End Protegido:   (40.784523, -73.951783) ✓ 1.33 km | ✓ MAP MATCHED
   📏 Deslocamento final: 1314.7 metros

   📐 ANÁLISE DE DISTÂNCIA DO TRAJETO (HAVERSINE DOS PONTOS ARMAZENADOS):
   ✨ 279 pontos privados duplicados foram separados para garantir visualização 1:1.
   ℹ️  Dica: use --debug-map-matching para ver tentativas detalhadas de re-snap.
   🔢 Pontos unicos original/offset: 337/58 (Δ -279, -82.8% )
   📍 Trajeto original: 3.371 km (linha reta entre pontos GPS)
   🔒 Trajeto com offset: 3.867 km (linha reta entre pontos COM snap)
   📊 Diferença: +0.497 km (+14.7%)

======================================================================
📊 ESTATÍSTICAS FINAIS
======================================================================
Viagens processadas: 1
Distância total: 3.38 km
Combustível total: 58.62 l
CO2 real total: 135402.3 g
CO2 meta total: 650.5 g
Delta CO2: -134751.8 g
Valor E1 total: R$ -6.74

💰 Créditos: R$ 0.00
💸 Débitos: R$ 6.74
📈 Saldo líquido: R$ -6.74

🗺️  MAP MATCHING:
   Pontos processados: 337
   Snaps tentados: 337 (100.0%)
   Snaps bem-sucedidos: 337 (100.0%)
   Snaps forçados (>100m): 337 (100.0%)
   ✅ TODOS os pontos estão em ruas (FORCE_SNAP=True)
======================================================================

💾 Dados agregados salvos em: ../data/offset_batch/vehicles_step_sim_10/run_073.csv
[csv-worker_1] [vehicles_step_sim_10] ===== LOG RUN 073 FIM =====

[csv-worker_1] [vehicles_step_sim_10] ===== LOG RUN 074 INICIO =====
======================================================================
🚗 PROCESSAMENTO SUMO → E1 REGISTRY (OFFSET ALEATÓRIO - veh0)
======================================================================
📄 Entrada: ../data/vehicles_step_sim_10.csv
🏭 Consumo fabricante: 12.0 km/l
💰 Preço carbono: R$ 50.0/ton
⭕ Raio máximo do offset aleatório: 2.0 km
🎲 Offset gerado aleatoriamente:
   Ângulo: 328.3°
   Distância: 1.7154 km
   offset_x (lat): 0.013113°  |  offset_y (lon): -0.008093°
📊 Row stepping: Processando todas as linhas
🗺️  Map matching: ATIVADO (raio 1500m) - pontos snapped para ruas
📐 Cálculo de distância: HAVERSINE PURO dos pontos COM snap (consistência)
======================================================================

📊 Carregando dados SUMO...
   Total de registros no arquivo: 301
   Veículos únicos: 1
   🚙 Vehicle selecionado: carro_1000

🔄 Agregando viagens por vehicle_id...
  📐 SUMO_carro_1000: Calculando distâncias com Haversine direto (SEM routing API)
      Original: 312 pontos → 3.1845 km (Haversine)
      Offset:   312 pontos → 6.0202 km (Haversine)

🚙 Veículo: SUMO_carro_1000
   Modelo: HBEFA4/PC_petrol_Euro-6ab
   Segmentos: 312
   📏 Distância: 3.190 km (city: 2.602, highway: 0.587)
   ⛽ Combustível: 54.577 l
   🏭 CO2 real: 126071.8 g
   🎯 CO2 meta: 614.1 g
   📊 Delta: -125457.8 g
   💰 Valor E1: R$ -6.2729
   🧭 Tentativas map matching: 314

   🔑 OFFSET DETERMINÍSTICO (x=0.0025227708107354117°, y=-0.01047361902704845°, max=2.0km):
   📍 Start Original:  (40.775644, -73.960687)
   🔒 Start Protegido: (40.779584, -73.970289) ✓ 0.93 km | ✓ MAP MATCHED
   📏 Deslocamento final: 920.6 metros
   📍 End Original:    (40.771637, -73.963520)
   🔒 End Protegido:   (40.775486, -73.976506) ✓ 0.93 km | ✓ MAP MATCHED
   📏 Deslocamento final: 1175.6 metros

   📐 ANÁLISE DE DISTÂNCIA DO TRAJETO (HAVERSINE DOS PONTOS ARMAZENADOS):
   ✨ 271 pontos privados duplicados foram separados para garantir visualização 1:1.
   ℹ️  Dica: use --debug-map-matching para ver tentativas detalhadas de re-snap.
   🔢 Pontos unicos original/offset: 312/41 (Δ -271, -86.9% )
   📍 Trajeto original: 3.185 km (linha reta entre pontos GPS)
   🔒 Trajeto com offset: 6.020 km (linha reta entre pontos COM snap)
   📊 Diferença: +2.836 km (+89.0%)

======================================================================
📊 ESTATÍSTICAS FINAIS
======================================================================
Viagens processadas: 1
Distância total: 3.19 km
Combustível total: 54.58 l
CO2 real total: 126071.8 g
CO2 meta total: 614.1 g
Delta CO2: -125457.8 g
Valor E1 total: R$ -6.27

💰 Créditos: R$ 0.00
💸 Débitos: R$ 6.27
📈 Saldo líquido: R$ -6.27

🗺️  MAP MATCHING:
   Pontos processados: 312
   Snaps tentados: 312 (100.0%)
   Snaps bem-sucedidos: 312 (100.0%)
   Snaps forçados (>100m): 312 (100.0%)
   ✅ TODOS os pontos estão em ruas (FORCE_SNAP=True)
======================================================================

💾 Dados agregados salvos em: ../data/offset_batch/vehicles_step_sim_10/run_074.csv
[csv-worker_1] [vehicles_step_sim_10] ===== LOG RUN 074 FIM =====

[csv-worker_1] [vehicles_step_sim_10] ===== LOG RUN 075 INICIO =====
======================================================================
🚗 PROCESSAMENTO SUMO → E1 REGISTRY (OFFSET ALEATÓRIO - veh0)
======================================================================
📄 Entrada: ../data/vehicles_step_sim_10.csv
🏭 Consumo fabricante: 12.0 km/l
💰 Preço carbono: R$ 50.0/ton
⭕ Raio máximo do offset aleatório: 2.0 km
🎲 Offset gerado aleatoriamente:
   Ângulo: 219.7°
   Distância: 0.8565 km
   offset_x (lat): -0.005918°  |  offset_y (lon): -0.004918°
📊 Row stepping: Processando todas as linhas
🗺️  Map matching: ATIVADO (raio 1500m) - pontos snapped para ruas
📐 Cálculo de distância: HAVERSINE PURO dos pontos COM snap (consistência)
======================================================================

📊 Carregando dados SUMO...
   Total de registros no arquivo: 301
   Veículos únicos: 1
   🚙 Vehicle selecionado: carro_1000

🔄 Agregando viagens por vehicle_id...
  📐 SUMO_carro_1000: Calculando distâncias com Haversine direto (SEM routing API)
      Original: 312 pontos → 3.1845 km (Haversine)
      Offset:   312 pontos → 2.3446 km (Haversine)

🚙 Veículo: SUMO_carro_1000
   Modelo: HBEFA4/PC_petrol_Euro-6ab
   Segmentos: 312
   📏 Distância: 3.190 km (city: 2.602, highway: 0.587)
   ⛽ Combustível: 54.577 l
   🏭 CO2 real: 126071.8 g
   🎯 CO2 meta: 614.1 g
   📊 Delta: -125457.8 g
   💰 Valor E1: R$ -6.2729
   🧭 Tentativas map matching: 314

   🔑 OFFSET DETERMINÍSTICO (x=0.0006104142788622568°, y=-0.006488710134867166°, max=2.0km):
   📍 Start Original:  (40.775644, -73.960687)
   🔒 Start Protegido: (40.775279, -73.964971) ✓ 0.55 km | ✓ MAP MATCHED
   📏 Deslocamento final: 363.4 metros
   📍 End Original:    (40.771637, -73.963520)
   🔒 End Protegido:   (40.771207, -73.967950) ✓ 0.55 km | ✓ MAP MATCHED
   📏 Deslocamento final: 376.5 metros

   📐 ANÁLISE DE DISTÂNCIA DO TRAJETO (HAVERSINE DOS PONTOS ARMAZENADOS):
   ✨ 281 pontos privados duplicados foram separados para garantir visualização 1:1.
   ℹ️  Dica: use --debug-map-matching para ver tentativas detalhadas de re-snap.
   🔢 Pontos unicos original/offset: 312/31 (Δ -281, -90.1% )
   📍 Trajeto original: 3.185 km (linha reta entre pontos GPS)
   🔒 Trajeto com offset: 2.345 km (linha reta entre pontos COM snap)
   📊 Diferença: -0.840 km (-26.4%)

======================================================================
📊 ESTATÍSTICAS FINAIS
======================================================================
Viagens processadas: 1
Distância total: 3.19 km
Combustível total: 54.58 l
CO2 real total: 126071.8 g
CO2 meta total: 614.1 g
Delta CO2: -125457.8 g
Valor E1 total: R$ -6.27

💰 Créditos: R$ 0.00
💸 Débitos: R$ 6.27
📈 Saldo líquido: R$ -6.27

🗺️  MAP MATCHING:
   Pontos processados: 312
   Snaps tentados: 312 (100.0%)
   Snaps bem-sucedidos: 312 (100.0%)
   Snaps forçados (>100m): 312 (100.0%)
   ✅ TODOS os pontos estão em ruas (FORCE_SNAP=True)
======================================================================

💾 Dados agregados salvos em: ../data/offset_batch/vehicles_step_sim_10/run_075.csv
[csv-worker_1] [vehicles_step_sim_10] ===== LOG RUN 075 FIM =====

[csv-worker_1] [vehicles_step_sim_10] ===== LOG RUN 076 INICIO =====
======================================================================
🚗 PROCESSAMENTO SUMO → E1 REGISTRY (OFFSET ALEATÓRIO - veh0)
======================================================================
📄 Entrada: ../data/vehicles_step_sim_10.csv
🏭 Consumo fabricante: 12.0 km/l
💰 Preço carbono: R$ 50.0/ton
⭕ Raio máximo do offset aleatório: 2.0 km
🎲 Offset gerado aleatoriamente:
   Ângulo: 268.0°
   Distância: 1.5648 km
   offset_x (lat): -0.000485°  |  offset_y (lon): -0.014049°
📊 Row stepping: Processando todas as linhas
🗺️  Map matching: ATIVADO (raio 1500m) - pontos snapped para ruas
📐 Cálculo de distância: HAVERSINE PURO dos pontos COM snap (consistência)
======================================================================

📊 Carregando dados SUMO...
   Total de registros no arquivo: 301
   Veículos únicos: 1
   🚙 Vehicle selecionado: carro_1000

🔄 Agregando viagens por vehicle_id...
  📐 SUMO_carro_1000: Calculando distâncias com Haversine direto (SEM routing API)
      Original: 299 pontos → 3.0526 km (Haversine)
      Offset:   299 pontos → 3.5516 km (Haversine)

🚙 Veículo: SUMO_carro_1000
   Modelo: HBEFA4/PC_petrol_Euro-6ab
   Segmentos: 299
   📏 Distância: 3.060 km (city: 3.060, highway: 0.000)
   ⛽ Combustível: 48.384 l
   🏭 CO2 real: 111766.0 g
   🎯 CO2 meta: 589.0 g
   📊 Delta: -111177.0 g
   💰 Valor E1: R$ -5.5588
   🧭 Tentativas map matching: 301

   🔑 OFFSET DETERMINÍSTICO (x=-0.0011180465274027622°, y=0.011938509352362412°, max=2.0km):
   📍 Start Original:  (40.775644, -73.960687)
   🔒 Start Protegido: (40.774668, -73.948211) ✓ 1.01 km | ✓ MAP MATCHED
   📏 Deslocamento final: 1057.3 metros
   📍 End Original:    (40.774198, -73.961141)
   🔒 End Protegido:   (40.773292, -73.949048) ✓ 1.01 km | ✓ MAP MATCHED
   📏 Deslocamento final: 1024.4 metros

   📐 ANÁLISE DE DISTÂNCIA DO TRAJETO (HAVERSINE DOS PONTOS ARMAZENADOS):
   ✨ 257 pontos privados duplicados foram separados para garantir visualização 1:1.
   ℹ️  Dica: use --debug-map-matching para ver tentativas detalhadas de re-snap.
   🔢 Pontos unicos original/offset: 299/42 (Δ -257, -86.0% )
   📍 Trajeto original: 3.053 km (linha reta entre pontos GPS)
   🔒 Trajeto com offset: 3.552 km (linha reta entre pontos COM snap)
   📊 Diferença: +0.499 km (+16.3%)

======================================================================
📊 ESTATÍSTICAS FINAIS
======================================================================
Viagens processadas: 1
Distância total: 3.06 km
Combustível total: 48.38 l
CO2 real total: 111766.0 g
CO2 meta total: 589.0 g
Delta CO2: -111177.0 g
Valor E1 total: R$ -5.56

💰 Créditos: R$ 0.00
💸 Débitos: R$ 5.56
📈 Saldo líquido: R$ -5.56

🗺️  MAP MATCHING:
   Pontos processados: 299
   Snaps tentados: 299 (100.0%)
   Snaps bem-sucedidos: 299 (100.0%)
   Snaps forçados (>100m): 299 (100.0%)
   ✅ TODOS os pontos estão em ruas (FORCE_SNAP=True)
======================================================================

💾 Dados agregados salvos em: ../data/offset_batch/vehicles_step_sim_10/run_076.csv
[csv-worker_1] [vehicles_step_sim_10] ===== LOG RUN 076 FIM =====

[csv-worker_1] [vehicles_step_sim_10] ===== LOG RUN 077 INICIO =====
======================================================================
🚗 PROCESSAMENTO SUMO → E1 REGISTRY (OFFSET ALEATÓRIO - veh0)
======================================================================
📄 Entrada: ../data/vehicles_step_sim_10.csv
🏭 Consumo fabricante: 12.0 km/l
💰 Preço carbono: R$ 50.0/ton
⭕ Raio máximo do offset aleatório: 2.0 km
🎲 Offset gerado aleatoriamente:
   Ângulo: 108.2°
   Distância: 1.4130 km
   offset_x (lat): -0.003955°  |  offset_y (lon): 0.012061°
📊 Row stepping: Processando todas as linhas
🗺️  Map matching: ATIVADO (raio 1500m) - pontos snapped para ruas
📐 Cálculo de distância: HAVERSINE PURO dos pontos COM snap (consistência)
======================================================================

📊 Carregando dados SUMO...
   Total de registros no arquivo: 301
   Veículos únicos: 1
   🚙 Vehicle selecionado: carro_1000

🔄 Agregando viagens por vehicle_id...
  📐 SUMO_carro_1000: Calculando distâncias com Haversine direto (SEM routing API)
      Original: 299 pontos → 3.0526 km (Haversine)
      Offset:   299 pontos → 3.0722 km (Haversine)

🚙 Veículo: SUMO_carro_1000
   Modelo: HBEFA4/PC_petrol_Euro-6ab
   Segmentos: 299
   📏 Distância: 3.060 km (city: 3.060, highway: 0.000)
   ⛽ Combustível: 48.384 l
   🏭 CO2 real: 111766.0 g
   🎯 CO2 meta: 589.0 g
   📊 Delta: -111177.0 g
   💰 Valor E1: R$ -5.5588
   🧭 Tentativas map matching: 301

   🔑 OFFSET DETERMINÍSTICO (x=-0.0031412705496130107°, y=-0.010726158213946721°, max=2.0km):
   📍 Start Original:  (40.775644, -73.960687)
   🔒 Start Protegido: (40.771106, -73.968024) ✓ 0.97 km | ✓ MAP MATCHED
   📏 Deslocamento final: 798.6 metros
   📍 End Original:    (40.774198, -73.961141)
   🔒 End Protegido:   (40.768972, -73.972711) ✓ 0.97 km | ✓ MAP MATCHED
   📏 Deslocamento final: 1135.6 metros

   📐 ANÁLISE DE DISTÂNCIA DO TRAJETO (HAVERSINE DOS PONTOS ARMAZENADOS):
   ✨ 245 pontos privados duplicados foram separados para garantir visualização 1:1.
   ℹ️  Dica: use --debug-map-matching para ver tentativas detalhadas de re-snap.
   🔢 Pontos unicos original/offset: 299/54 (Δ -245, -81.9% )
   📍 Trajeto original: 3.053 km (linha reta entre pontos GPS)
   🔒 Trajeto com offset: 3.072 km (linha reta entre pontos COM snap)
   📊 Diferença: +0.020 km (+0.6%)

======================================================================
📊 ESTATÍSTICAS FINAIS
======================================================================
Viagens processadas: 1
Distância total: 3.06 km
Combustível total: 48.38 l
CO2 real total: 111766.0 g
CO2 meta total: 589.0 g
Delta CO2: -111177.0 g
Valor E1 total: R$ -5.56

💰 Créditos: R$ 0.00
💸 Débitos: R$ 5.56
📈 Saldo líquido: R$ -5.56

🗺️  MAP MATCHING:
   Pontos processados: 299
   Snaps tentados: 299 (100.0%)
   Snaps bem-sucedidos: 299 (100.0%)
   Snaps forçados (>100m): 299 (100.0%)
   ✅ TODOS os pontos estão em ruas (FORCE_SNAP=True)
======================================================================

💾 Dados agregados salvos em: ../data/offset_batch/vehicles_step_sim_10/run_077.csv
[csv-worker_1] [vehicles_step_sim_10] ===== LOG RUN 077 FIM =====

[csv-worker_1] [vehicles_step_sim_10] ===== LOG RUN 078 INICIO =====
======================================================================
🚗 PROCESSAMENTO SUMO → E1 REGISTRY (OFFSET ALEATÓRIO - veh0)
======================================================================
📄 Entrada: ../data/vehicles_step_sim_10.csv
🏭 Consumo fabricante: 12.0 km/l
💰 Preço carbono: R$ 50.0/ton
⭕ Raio máximo do offset aleatório: 2.0 km
🎲 Offset gerado aleatoriamente:
   Ângulo: 203.6°
   Distância: 1.9649 km
   offset_x (lat): -0.016177°  |  offset_y (lon): -0.007059°
📊 Row stepping: Processando todas as linhas
🗺️  Map matching: ATIVADO (raio 1500m) - pontos snapped para ruas
📐 Cálculo de distância: HAVERSINE PURO dos pontos COM snap (consistência)
======================================================================

📊 Carregando dados SUMO...
   Total de registros no arquivo: 301
   Veículos únicos: 1
   🚙 Vehicle selecionado: carro_1000

🔄 Agregando viagens por vehicle_id...
  📐 SUMO_carro_1000: Calculando distâncias com Haversine direto (SEM routing API)
      Original: 299 pontos → 3.0526 km (Haversine)
      Offset:   299 pontos → 1.7255 km (Haversine)

🚙 Veículo: SUMO_carro_1000
   Modelo: HBEFA4/PC_petrol_Euro-6ab
   Segmentos: 299
   📏 Distância: 3.060 km (city: 3.060, highway: 0.000)
   ⛽ Combustível: 48.384 l
   🏭 CO2 real: 111766.0 g
   🎯 CO2 meta: 589.0 g
   📊 Delta: -111177.0 g
   💰 Valor E1: R$ -5.5588
   🧭 Tentativas map matching: 301

   🔑 OFFSET DETERMINÍSTICO (x=0.0035976344970390438°, y=-0.014531429116411664°, max=2.0km):
   📍 Start Original:  (40.775644, -73.960687)
   🔒 Start Protegido: (40.779977, -73.974735) ✓ 1.29 km | ✓ MAP MATCHED
   📏 Deslocamento final: 1278.7 metros
   📍 End Original:    (40.774198, -73.961141)
   🔒 End Protegido:   (40.777591, -73.975118) ✓ 1.29 km | ✓ MAP MATCHED
   📏 Deslocamento final: 1237.3 metros

   📐 ANÁLISE DE DISTÂNCIA DO TRAJETO (HAVERSINE DOS PONTOS ARMAZENADOS):
   ✨ 278 pontos privados duplicados foram separados para garantir visualização 1:1.
   ℹ️  Dica: use --debug-map-matching para ver tentativas detalhadas de re-snap.
   🔢 Pontos unicos original/offset: 299/21 (Δ -278, -93.0% )
   📍 Trajeto original: 3.053 km (linha reta entre pontos GPS)
   🔒 Trajeto com offset: 1.726 km (linha reta entre pontos COM snap)
   📊 Diferença: -1.327 km (-43.5%)

======================================================================
📊 ESTATÍSTICAS FINAIS
======================================================================
Viagens processadas: 1
Distância total: 3.06 km
Combustível total: 48.38 l
CO2 real total: 111766.0 g
CO2 meta total: 589.0 g
Delta CO2: -111177.0 g
Valor E1 total: R$ -5.56

💰 Créditos: R$ 0.00
💸 Débitos: R$ 5.56
📈 Saldo líquido: R$ -5.56

🗺️  MAP MATCHING:
   Pontos processados: 299
   Snaps tentados: 299 (100.0%)
   Snaps bem-sucedidos: 299 (100.0%)
   Snaps forçados (>100m): 299 (100.0%)
   ✅ TODOS os pontos estão em ruas (FORCE_SNAP=True)
======================================================================

💾 Dados agregados salvos em: ../data/offset_batch/vehicles_step_sim_10/run_078.csv
[csv-worker_1] [vehicles_step_sim_10] ===== LOG RUN 078 FIM =====

[csv-worker_1] [vehicles_step_sim_10] ===== LOG RUN 079 INICIO =====
======================================================================
🚗 PROCESSAMENTO SUMO → E1 REGISTRY (OFFSET ALEATÓRIO - veh0)
======================================================================
📄 Entrada: ../data/vehicles_step_sim_10.csv
🏭 Consumo fabricante: 12.0 km/l
💰 Preço carbono: R$ 50.0/ton
⭕ Raio máximo do offset aleatório: 2.0 km
🎲 Offset gerado aleatoriamente:
   Ângulo: 202.8°
   Distância: 1.0329 km
   offset_x (lat): -0.008553°  |  offset_y (lon): -0.003596°
📊 Row stepping: Processando todas as linhas
🗺️  Map matching: ATIVADO (raio 1500m) - pontos snapped para ruas
📐 Cálculo de distância: HAVERSINE PURO dos pontos COM snap (consistência)
======================================================================

📊 Carregando dados SUMO...
   Total de registros no arquivo: 301
   Veículos únicos: 1
   🚙 Vehicle selecionado: carro_1000

🔄 Agregando viagens por vehicle_id...
  📐 SUMO_carro_1000: Calculando distâncias com Haversine direto (SEM routing API)
      Original: 324 pontos → 3.1629 km (Haversine)
      Offset:   324 pontos → 3.2848 km (Haversine)

🚙 Veículo: SUMO_carro_1000
   Modelo: HBEFA4/PC_petrol_Euro-6ab
   Segmentos: 324
   📏 Distância: 3.166 km (city: 3.024, highway: 0.142)
   ⛽ Combustível: 49.530 l
   🏭 CO2 real: 114414.1 g
   🎯 CO2 meta: 609.4 g
   📊 Delta: -113804.6 g
   💰 Valor E1: R$ -5.6902
   🧭 Tentativas map matching: 326

   🔑 OFFSET DETERMINÍSTICO (x=0.007555482617688227°, y=-0.00016807298826474468°, max=2.0km):
   📍 Start Original:  (40.775644, -73.960687)
   🔒 Start Protegido: (40.782786, -73.959495) ✓ 0.84 km | ✓ MAP MATCHED
   📏 Deslocamento final: 801.4 metros
   📍 End Original:    (40.772251, -73.963071)
   🔒 End Protegido:   (40.779529, -73.961871) ✓ 0.84 km | ✓ MAP MATCHED
   📏 Deslocamento final: 816.6 metros

   📐 ANÁLISE DE DISTÂNCIA DO TRAJETO (HAVERSINE DOS PONTOS ARMAZENADOS):
   ✨ 283 pontos privados duplicados foram separados para garantir visualização 1:1.
   ℹ️  Dica: use --debug-map-matching para ver tentativas detalhadas de re-snap.
   🔢 Pontos unicos original/offset: 324/41 (Δ -283, -87.3% )
   📍 Trajeto original: 3.163 km (linha reta entre pontos GPS)
   🔒 Trajeto com offset: 3.285 km (linha reta entre pontos COM snap)
   📊 Diferença: +0.122 km (+3.9%)

======================================================================
📊 ESTATÍSTICAS FINAIS
======================================================================
Viagens processadas: 1
Distância total: 3.17 km
Combustível total: 49.53 l
CO2 real total: 114414.1 g
CO2 meta total: 609.4 g
Delta CO2: -113804.6 g
Valor E1 total: R$ -5.69

💰 Créditos: R$ 0.00
💸 Débitos: R$ 5.69
📈 Saldo líquido: R$ -5.69

🗺️  MAP MATCHING:
   Pontos processados: 324
   Snaps tentados: 324 (100.0%)
   Snaps bem-sucedidos: 324 (100.0%)
   Snaps forçados (>100m): 324 (100.0%)
   ✅ TODOS os pontos estão em ruas (FORCE_SNAP=True)
======================================================================

💾 Dados agregados salvos em: ../data/offset_batch/vehicles_step_sim_10/run_079.csv
[csv-worker_1] [vehicles_step_sim_10] ===== LOG RUN 079 FIM =====

[csv-worker_1] [vehicles_step_sim_10] ===== LOG RUN 080 INICIO =====
======================================================================
🚗 PROCESSAMENTO SUMO → E1 REGISTRY (OFFSET ALEATÓRIO - veh0)
======================================================================
📄 Entrada: ../data/vehicles_step_sim_10.csv
🏭 Consumo fabricante: 12.0 km/l
💰 Preço carbono: R$ 50.0/ton
⭕ Raio máximo do offset aleatório: 2.0 km
🎲 Offset gerado aleatoriamente:
   Ângulo: 217.7°
   Distância: 1.6109 km
   offset_x (lat): -0.011456°  |  offset_y (lon): -0.008842°
📊 Row stepping: Processando todas as linhas
🗺️  Map matching: ATIVADO (raio 1500m) - pontos snapped para ruas
📐 Cálculo de distância: HAVERSINE PURO dos pontos COM snap (consistência)
======================================================================

📊 Carregando dados SUMO...
   Total de registros no arquivo: 301
   Veículos únicos: 1
   🚙 Vehicle selecionado: carro_1000

🔄 Agregando viagens por vehicle_id...
  📐 SUMO_carro_1000: Calculando distâncias com Haversine direto (SEM routing API)
      Original: 300 pontos → 3.1542 km (Haversine)
      Offset:   300 pontos → 3.9452 km (Haversine)

🚙 Veículo: SUMO_carro_1000
   Modelo: HBEFA4/PC_petrol_Euro-6ab
   Segmentos: 300
   📏 Distância: 3.158 km (city: 2.541, highway: 0.617)
   ⛽ Combustível: 49.984 l
   🏭 CO2 real: 115462.6 g
   🎯 CO2 meta: 608.0 g
   📊 Delta: -114854.6 g
   💰 Valor E1: R$ -5.7427
   🧭 Tentativas map matching: 302

   🔑 OFFSET DETERMINÍSTICO (x=0.0002803004818931098°, y=0.01083571048469076°, max=2.0km):
   📍 Start Original:  (40.775644, -73.960687)
   🔒 Start Protegido: (40.776036, -73.949986) ✓ 0.91 km | ✓ MAP MATCHED
   📏 Deslocamento final: 903.1 metros
   📍 End Original:    (40.773912, -73.961904)
   🔒 End Protegido:   (40.774237, -73.951129) ✓ 0.91 km | ✓ MAP MATCHED
   📏 Deslocamento final: 909.0 metros

   📐 ANÁLISE DE DISTÂNCIA DO TRAJETO (HAVERSINE DOS PONTOS ARMAZENADOS):
   ✨ 250 pontos privados duplicados foram separados para garantir visualização 1:1.
   ℹ️  Dica: use --debug-map-matching para ver tentativas detalhadas de re-snap.
   🔢 Pontos unicos original/offset: 299/50 (Δ -249, -83.3% )
   📍 Trajeto original: 3.154 km (linha reta entre pontos GPS)
   🔒 Trajeto com offset: 3.945 km (linha reta entre pontos COM snap)
   📊 Diferença: +0.791 km (+25.1%)

======================================================================
📊 ESTATÍSTICAS FINAIS
======================================================================
Viagens processadas: 1
Distância total: 3.16 km
Combustível total: 49.98 l
CO2 real total: 115462.6 g
CO2 meta total: 608.0 g
Delta CO2: -114854.6 g
Valor E1 total: R$ -5.74

💰 Créditos: R$ 0.00
💸 Débitos: R$ 5.74
📈 Saldo líquido: R$ -5.74

🗺️  MAP MATCHING:
   Pontos processados: 300
   Snaps tentados: 300 (100.0%)
   Snaps bem-sucedidos: 300 (100.0%)
   Snaps forçados (>100m): 300 (100.0%)
   ✅ TODOS os pontos estão em ruas (FORCE_SNAP=True)
======================================================================

💾 Dados agregados salvos em: ../data/offset_batch/vehicles_step_sim_10/run_080.csv
[csv-worker_1] [vehicles_step_sim_10] ===== LOG RUN 080 FIM =====

[csv-worker_1] [vehicles_step_sim_10] ===== LOG RUN 081 INICIO =====
======================================================================
🚗 PROCESSAMENTO SUMO → E1 REGISTRY (OFFSET ALEATÓRIO - veh0)
======================================================================
📄 Entrada: ../data/vehicles_step_sim_10.csv
🏭 Consumo fabricante: 12.0 km/l
💰 Preço carbono: R$ 50.0/ton
⭕ Raio máximo do offset aleatório: 2.0 km
🎲 Offset gerado aleatoriamente:
   Ângulo: 71.3°
   Distância: 1.8258 km
   offset_x (lat): 0.005246°  |  offset_y (lon): 0.015540°
📊 Row stepping: Processando todas as linhas
🗺️  Map matching: ATIVADO (raio 1500m) - pontos snapped para ruas
📐 Cálculo de distância: HAVERSINE PURO dos pontos COM snap (consistência)
======================================================================

📊 Carregando dados SUMO...
   Total de registros no arquivo: 301
   Veículos únicos: 1
   🚙 Vehicle selecionado: carro_1000

🔄 Agregando viagens por vehicle_id...
  📐 SUMO_carro_1000: Calculando distâncias com Haversine direto (SEM routing API)
      Original: 337 pontos → 3.3706 km (Haversine)
      Offset:   337 pontos → 3.8727 km (Haversine)

🚙 Veículo: SUMO_carro_1000
   Modelo: HBEFA4/PC_petrol_Euro-6ab
   Segmentos: 337
   📏 Distância: 3.379 km (city: 3.069, highway: 0.310)
   ⛽ Combustível: 58.616 l
   🏭 CO2 real: 135402.3 g
   🎯 CO2 meta: 650.5 g
   📊 Delta: -134751.8 g
   💰 Valor E1: R$ -6.7376
   🧭 Tentativas map matching: 339

   🔑 OFFSET DETERMINÍSTICO (x=0.008190843315610015°, y=0.007943350288362754°, max=2.0km):
   📍 Start Original:  (40.775644, -73.960687)
   🔒 Start Protegido: (40.783985, -73.952453) ✓ 1.13 km | ✓ MAP MATCHED
   📏 Deslocamento final: 1159.3 metros
   📍 End Original:    (40.774801, -73.960637)
   🔒 End Protegido:   (40.783265, -73.952703) ✓ 1.13 km | ✓ MAP MATCHED
   📏 Deslocamento final: 1155.5 metros

   📐 ANÁLISE DE DISTÂNCIA DO TRAJETO (HAVERSINE DOS PONTOS ARMAZENADOS):
   ✨ 281 pontos privados duplicados foram separados para garantir visualização 1:1.
   ℹ️  Dica: use --debug-map-matching para ver tentativas detalhadas de re-snap.
   🔢 Pontos unicos original/offset: 337/56 (Δ -281, -83.4% )
   📍 Trajeto original: 3.371 km (linha reta entre pontos GPS)
   🔒 Trajeto com offset: 3.873 km (linha reta entre pontos COM snap)
   📊 Diferença: +0.502 km (+14.9%)

======================================================================
📊 ESTATÍSTICAS FINAIS
======================================================================
Viagens processadas: 1
Distância total: 3.38 km
Combustível total: 58.62 l
CO2 real total: 135402.3 g
CO2 meta total: 650.5 g
Delta CO2: -134751.8 g
Valor E1 total: R$ -6.74

💰 Créditos: R$ 0.00
💸 Débitos: R$ 6.74
📈 Saldo líquido: R$ -6.74

🗺️  MAP MATCHING:
   Pontos processados: 337
   Snaps tentados: 337 (100.0%)
   Snaps bem-sucedidos: 337 (100.0%)
   Snaps forçados (>100m): 337 (100.0%)
   ✅ TODOS os pontos estão em ruas (FORCE_SNAP=True)
======================================================================

💾 Dados agregados salvos em: ../data/offset_batch/vehicles_step_sim_10/run_081.csv
[csv-worker_1] [vehicles_step_sim_10] ===== LOG RUN 081 FIM =====

[csv-worker_1] [vehicles_step_sim_10] ===== LOG RUN 082 INICIO =====
======================================================================
🚗 PROCESSAMENTO SUMO → E1 REGISTRY (OFFSET ALEATÓRIO - veh0)
======================================================================
📄 Entrada: ../data/vehicles_step_sim_10.csv
🏭 Consumo fabricante: 12.0 km/l
💰 Preço carbono: R$ 50.0/ton
⭕ Raio máximo do offset aleatório: 2.0 km
🎲 Offset gerado aleatoriamente:
   Ângulo: 22.1°
   Distância: 1.5039 km
   offset_x (lat): 0.012516°  |  offset_y (lon): 0.005086°
📊 Row stepping: Processando todas as linhas
🗺️  Map matching: ATIVADO (raio 1500m) - pontos snapped para ruas
📐 Cálculo de distância: HAVERSINE PURO dos pontos COM snap (consistência)
======================================================================

📊 Carregando dados SUMO...
   Total de registros no arquivo: 301
   Veículos únicos: 1
   🚙 Vehicle selecionado: carro_1000

🔄 Agregando viagens por vehicle_id...
  📐 SUMO_carro_1000: Calculando distâncias com Haversine direto (SEM routing API)
      Original: 324 pontos → 3.1629 km (Haversine)
      Offset:   324 pontos → 2.9800 km (Haversine)

🚙 Veículo: SUMO_carro_1000
   Modelo: HBEFA4/PC_petrol_Euro-6ab
   Segmentos: 324
   📏 Distância: 3.166 km (city: 3.024, highway: 0.142)
   ⛽ Combustível: 49.530 l
   🏭 CO2 real: 114414.1 g
   🎯 CO2 meta: 609.4 g
   📊 Delta: -113804.6 g
   💰 Valor E1: R$ -5.6902
   🧭 Tentativas map matching: 326

   🔑 OFFSET DETERMINÍSTICO (x=0.00019094589625946978°, y=0.007316285586222342°, max=2.0km):
   📍 Start Original:  (40.775644, -73.960687)
   🔒 Start Protegido: (40.775876, -73.953202) ✓ 0.62 km | ✓ MAP MATCHED
   📏 Deslocamento final: 631.6 metros
   📍 End Original:    (40.772251, -73.963071)
   🔒 End Protegido:   (40.772612, -73.955611) ✓ 0.62 km | ✓ MAP MATCHED
   📏 Deslocamento final: 630.1 metros

   📐 ANÁLISE DE DISTÂNCIA DO TRAJETO (HAVERSINE DOS PONTOS ARMAZENADOS):
   ✨ 281 pontos privados duplicados foram separados para garantir visualização 1:1.
   ℹ️  Dica: use --debug-map-matching para ver tentativas detalhadas de re-snap.
   🔢 Pontos unicos original/offset: 324/43 (Δ -281, -86.7% )
   📍 Trajeto original: 3.163 km (linha reta entre pontos GPS)
   🔒 Trajeto com offset: 2.980 km (linha reta entre pontos COM snap)
   📊 Diferença: -0.183 km (-5.8%)

======================================================================
📊 ESTATÍSTICAS FINAIS
======================================================================
Viagens processadas: 1
Distância total: 3.17 km
Combustível total: 49.53 l
CO2 real total: 114414.1 g
CO2 meta total: 609.4 g
Delta CO2: -113804.6 g
Valor E1 total: R$ -5.69

💰 Créditos: R$ 0.00
💸 Débitos: R$ 5.69
📈 Saldo líquido: R$ -5.69

🗺️  MAP MATCHING:
   Pontos processados: 324
   Snaps tentados: 324 (100.0%)
   Snaps bem-sucedidos: 324 (100.0%)
   Snaps forçados (>100m): 324 (100.0%)
   ✅ TODOS os pontos estão em ruas (FORCE_SNAP=True)
======================================================================

💾 Dados agregados salvos em: ../data/offset_batch/vehicles_step_sim_10/run_082.csv
[csv-worker_1] [vehicles_step_sim_10] ===== LOG RUN 082 FIM =====

[csv-worker_1] [vehicles_step_sim_10] ===== LOG RUN 083 INICIO =====
======================================================================
🚗 PROCESSAMENTO SUMO → E1 REGISTRY (OFFSET ALEATÓRIO - veh0)
======================================================================
📄 Entrada: ../data/vehicles_step_sim_10.csv
🏭 Consumo fabricante: 12.0 km/l
💰 Preço carbono: R$ 50.0/ton
⭕ Raio máximo do offset aleatório: 2.0 km
🎲 Offset gerado aleatoriamente:
   Ângulo: 319.6°
   Distância: 1.8045 km
   offset_x (lat): 0.012336°  |  offset_y (lon): -0.010516°
📊 Row stepping: Processando todas as linhas
🗺️  Map matching: ATIVADO (raio 1500m) - pontos snapped para ruas
📐 Cálculo de distância: HAVERSINE PURO dos pontos COM snap (consistência)
======================================================================

📊 Carregando dados SUMO...
   Total de registros no arquivo: 301
   Veículos únicos: 1
   🚙 Vehicle selecionado: carro_1000

🔄 Agregando viagens por vehicle_id...
  📐 SUMO_carro_1000: Calculando distâncias com Haversine direto (SEM routing API)
      Original: 323 pontos → 2.9161 km (Haversine)
      Offset:   323 pontos → 3.2538 km (Haversine)

🚙 Veículo: SUMO_carro_1000
   Modelo: HBEFA4/PC_petrol_Euro-6ab
   Segmentos: 323
   📏 Distância: 2.926 km (city: 2.764, highway: 0.161)
   ⛽ Combustível: 54.094 l
   🏭 CO2 real: 124958.0 g
   🎯 CO2 meta: 563.2 g
   📊 Delta: -124394.9 g
   💰 Valor E1: R$ -6.2197
   🧭 Tentativas map matching: 325

   🔑 OFFSET DETERMINÍSTICO (x=-0.01062526599270011°, y=-0.002623319996093009°, max=2.0km):
   📍 Start Original:  (40.775644, -73.960687)
   🔒 Start Protegido: (40.765057, -73.963245) ✓ 1.20 km | ✓ MAP MATCHED
   📏 Deslocamento final: 1198.1 metros
   📍 End Original:    (40.774046, -73.961617)
   🔒 End Protegido:   (40.763218, -73.964703) ✓ 1.20 km | ✓ MAP MATCHED
   📏 Deslocamento final: 1233.1 metros

   📐 ANÁLISE DE DISTÂNCIA DO TRAJETO (HAVERSINE DOS PONTOS ARMAZENADOS):
   ✨ 276 pontos privados duplicados foram separados para garantir visualização 1:1.
   ℹ️  Dica: use --debug-map-matching para ver tentativas detalhadas de re-snap.
   🔢 Pontos unicos original/offset: 320/47 (Δ -273, -85.3% )
   📍 Trajeto original: 2.916 km (linha reta entre pontos GPS)
   🔒 Trajeto com offset: 3.254 km (linha reta entre pontos COM snap)
   📊 Diferença: +0.338 km (+11.6%)

======================================================================
📊 ESTATÍSTICAS FINAIS
======================================================================
Viagens processadas: 1
Distância total: 2.93 km
Combustível total: 54.09 l
CO2 real total: 124958.0 g
CO2 meta total: 563.2 g
Delta CO2: -124394.9 g
Valor E1 total: R$ -6.22

💰 Créditos: R$ 0.00
💸 Débitos: R$ 6.22
📈 Saldo líquido: R$ -6.22

🗺️  MAP MATCHING:
   Pontos processados: 323
   Snaps tentados: 323 (100.0%)
   Snaps bem-sucedidos: 323 (100.0%)
   Snaps forçados (>100m): 323 (100.0%)
   ✅ TODOS os pontos estão em ruas (FORCE_SNAP=True)
======================================================================

💾 Dados agregados salvos em: ../data/offset_batch/vehicles_step_sim_10/run_083.csv
[csv-worker_1] [vehicles_step_sim_10] ===== LOG RUN 083 FIM =====

[csv-worker_1] [vehicles_step_sim_10] ===== LOG RUN 084 INICIO =====
======================================================================
🚗 PROCESSAMENTO SUMO → E1 REGISTRY (OFFSET ALEATÓRIO - veh0)
======================================================================
📄 Entrada: ../data/vehicles_step_sim_10.csv
🏭 Consumo fabricante: 12.0 km/l
💰 Preço carbono: R$ 50.0/ton
⭕ Raio máximo do offset aleatório: 2.0 km
🎲 Offset gerado aleatoriamente:
   Ângulo: 187.1°
   Distância: 1.9721 km
   offset_x (lat): -0.017578°  |  offset_y (lon): -0.002205°
📊 Row stepping: Processando todas as linhas
🗺️  Map matching: ATIVADO (raio 1500m) - pontos snapped para ruas
📐 Cálculo de distância: HAVERSINE PURO dos pontos COM snap (consistência)
======================================================================

📊 Carregando dados SUMO...
   Total de registros no arquivo: 301
   Veículos únicos: 1
   🚙 Vehicle selecionado: carro_1000

🔄 Agregando viagens por vehicle_id...
  📐 SUMO_carro_1000: Calculando distâncias com Haversine direto (SEM routing API)
      Original: 312 pontos → 3.1845 km (Haversine)
      Offset:   312 pontos → 3.6378 km (Haversine)

🚙 Veículo: SUMO_carro_1000
   Modelo: HBEFA4/PC_petrol_Euro-6ab
   Segmentos: 312
   📏 Distância: 3.190 km (city: 2.602, highway: 0.587)
   ⛽ Combustível: 54.577 l
   🏭 CO2 real: 126071.8 g
   🎯 CO2 meta: 614.1 g
   📊 Delta: -125457.8 g
   💰 Valor E1: R$ -6.2729
   🧭 Tentativas map matching: 314

   🔑 OFFSET DETERMINÍSTICO (x=-0.014333487956023832°, y=0.009775149773322143°, max=2.0km):
   📍 Start Original:  (40.775644, -73.960687)
   🔒 Start Protegido: (40.761028, -73.950692) ✓ 1.80 km | ✓ MAP MATCHED
   📏 Deslocamento final: 1832.3 metros
   📍 End Original:    (40.771637, -73.963520)
   🔒 End Protegido:   (40.757345, -73.953660) ✓ 1.80 km | ✓ MAP MATCHED
   📏 Deslocamento final: 1795.0 metros

   📐 ANÁLISE DE DISTÂNCIA DO TRAJETO (HAVERSINE DOS PONTOS ARMAZENADOS):
   ✨ 247 pontos privados duplicados foram separados para garantir visualização 1:1.
   ℹ️  Dica: use --debug-map-matching para ver tentativas detalhadas de re-snap.
   🔢 Pontos unicos original/offset: 312/65 (Δ -247, -79.2% )
   📍 Trajeto original: 3.185 km (linha reta entre pontos GPS)
   🔒 Trajeto com offset: 3.638 km (linha reta entre pontos COM snap)
   📊 Diferença: +0.453 km (+14.2%)

======================================================================
📊 ESTATÍSTICAS FINAIS
======================================================================
Viagens processadas: 1
Distância total: 3.19 km
Combustível total: 54.58 l
CO2 real total: 126071.8 g
CO2 meta total: 614.1 g
Delta CO2: -125457.8 g
Valor E1 total: R$ -6.27

💰 Créditos: R$ 0.00
💸 Débitos: R$ 6.27
📈 Saldo líquido: R$ -6.27

🗺️  MAP MATCHING:
   Pontos processados: 312
   Snaps tentados: 312 (100.0%)
   Snaps bem-sucedidos: 312 (100.0%)
   Snaps forçados (>100m): 312 (100.0%)
   ✅ TODOS os pontos estão em ruas (FORCE_SNAP=True)
======================================================================

💾 Dados agregados salvos em: ../data/offset_batch/vehicles_step_sim_10/run_084.csv
[csv-worker_1] [vehicles_step_sim_10] ===== LOG RUN 084 FIM =====

[csv-worker_1] [vehicles_step_sim_10] ===== LOG RUN 085 INICIO =====
======================================================================
🚗 PROCESSAMENTO SUMO → E1 REGISTRY (OFFSET ALEATÓRIO - veh0)
======================================================================
📄 Entrada: ../data/vehicles_step_sim_10.csv
🏭 Consumo fabricante: 12.0 km/l
💰 Preço carbono: R$ 50.0/ton
⭕ Raio máximo do offset aleatório: 2.0 km
🎲 Offset gerado aleatoriamente:
   Ângulo: 134.6°
   Distância: 0.7853 km
   offset_x (lat): -0.004955°  |  offset_y (lon): 0.005021°
📊 Row stepping: Processando todas as linhas
🗺️  Map matching: ATIVADO (raio 1500m) - pontos snapped para ruas
📐 Cálculo de distância: HAVERSINE PURO dos pontos COM snap (consistência)
======================================================================

📊 Carregando dados SUMO...
   Total de registros no arquivo: 301
   Veículos únicos: 1
   🚙 Vehicle selecionado: carro_1000

🔄 Agregando viagens por vehicle_id...
  📐 SUMO_carro_1000: Calculando distâncias com Haversine direto (SEM routing API)
      Original: 312 pontos → 3.1845 km (Haversine)
      Offset:   312 pontos → 3.6264 km (Haversine)

🚙 Veículo: SUMO_carro_1000
   Modelo: HBEFA4/PC_petrol_Euro-6ab
   Segmentos: 312
   📏 Distância: 3.190 km (city: 2.602, highway: 0.587)
   ⛽ Combustível: 54.577 l
   🏭 CO2 real: 126071.8 g
   🎯 CO2 meta: 614.1 g
   📊 Delta: -125457.8 g
   💰 Valor E1: R$ -6.2729
   🧭 Tentativas map matching: 314

   🔑 OFFSET DETERMINÍSTICO (x=0.0027982086620216315°, y=0.000445891510838273°, max=2.0km):
   📍 Start Original:  (40.775644, -73.960687)
   🔒 Start Protegido: (40.778332, -73.960657) ✓ 0.31 km | ✓ MAP MATCHED
   📏 Deslocamento final: 299.2 metros
   📍 End Original:    (40.771637, -73.963520)
   🔒 End Protegido:   (40.774330, -73.963442) ✓ 0.31 km | ✓ MAP MATCHED
   📏 Deslocamento final: 299.8 metros

   📐 ANÁLISE DE DISTÂNCIA DO TRAJETO (HAVERSINE DOS PONTOS ARMAZENADOS):
   ✨ 262 pontos privados duplicados foram separados para garantir visualização 1:1.
   ℹ️  Dica: use --debug-map-matching para ver tentativas detalhadas de re-snap.
   🔢 Pontos unicos original/offset: 312/50 (Δ -262, -84.0% )
   📍 Trajeto original: 3.185 km (linha reta entre pontos GPS)
   🔒 Trajeto com offset: 3.626 km (linha reta entre pontos COM snap)
   📊 Diferença: +0.442 km (+13.9%)

======================================================================
📊 ESTATÍSTICAS FINAIS
======================================================================
Viagens processadas: 1
Distância total: 3.19 km
Combustível total: 54.58 l
CO2 real total: 126071.8 g
CO2 meta total: 614.1 g
Delta CO2: -125457.8 g
Valor E1 total: R$ -6.27

💰 Créditos: R$ 0.00
💸 Débitos: R$ 6.27
📈 Saldo líquido: R$ -6.27

🗺️  MAP MATCHING:
   Pontos processados: 312
   Snaps tentados: 312 (100.0%)
   Snaps bem-sucedidos: 312 (100.0%)
   Snaps forçados (>100m): 312 (100.0%)
   ✅ TODOS os pontos estão em ruas (FORCE_SNAP=True)
======================================================================

💾 Dados agregados salvos em: ../data/offset_batch/vehicles_step_sim_10/run_085.csv
[csv-worker_1] [vehicles_step_sim_10] ===== LOG RUN 085 FIM =====

[csv-worker_1] [vehicles_step_sim_10] ===== LOG RUN 086 INICIO =====
======================================================================
🚗 PROCESSAMENTO SUMO → E1 REGISTRY (OFFSET ALEATÓRIO - veh0)
======================================================================
📄 Entrada: ../data/vehicles_step_sim_10.csv
🏭 Consumo fabricante: 12.0 km/l
💰 Preço carbono: R$ 50.0/ton
⭕ Raio máximo do offset aleatório: 2.0 km
🎲 Offset gerado aleatoriamente:
   Ângulo: 281.6°
   Distância: 1.7167 km
   offset_x (lat): 0.003090°  |  offset_y (lon): -0.015109°
📊 Row stepping: Processando todas as linhas
🗺️  Map matching: ATIVADO (raio 1500m) - pontos snapped para ruas
📐 Cálculo de distância: HAVERSINE PURO dos pontos COM snap (consistência)
======================================================================

📊 Carregando dados SUMO...
   Total de registros no arquivo: 301
   Veículos únicos: 1
   🚙 Vehicle selecionado: carro_1000

🔄 Agregando viagens por vehicle_id...
  📐 SUMO_carro_1000: Calculando distâncias com Haversine direto (SEM routing API)
      Original: 300 pontos → 3.1542 km (Haversine)
      Offset:   300 pontos → 2.9549 km (Haversine)

🚙 Veículo: SUMO_carro_1000
   Modelo: HBEFA4/PC_petrol_Euro-6ab
   Segmentos: 300
   📏 Distância: 3.158 km (city: 2.541, highway: 0.617)
   ⛽ Combustível: 49.984 l
   🏭 CO2 real: 115462.6 g
   🎯 CO2 meta: 608.0 g
   📊 Delta: -114854.6 g
   💰 Valor E1: R$ -5.7427
   🧭 Tentativas map matching: 302

   🔑 OFFSET DETERMINÍSTICO (x=0.0021000216379963655°, y=0.0027677769325403136°, max=2.0km):
   📍 Start Original:  (40.775644, -73.960687)
   🔒 Start Protegido: (40.778149, -73.958430) ✓ 0.33 km | ✓ MAP MATCHED
   📏 Deslocamento final: 337.6 metros
   📍 End Original:    (40.773912, -73.961904)
   🔒 End Protegido:   (40.775905, -73.959014) ✓ 0.33 km | ✓ MAP MATCHED
   📏 Deslocamento final: 329.5 metros

   📐 ANÁLISE DE DISTÂNCIA DO TRAJETO (HAVERSINE DOS PONTOS ARMAZENADOS):
   ✨ 270 pontos privados duplicados foram separados para garantir visualização 1:1.
   ℹ️  Dica: use --debug-map-matching para ver tentativas detalhadas de re-snap.
   🔢 Pontos unicos original/offset: 299/30 (Δ -269, -90.0% )
   📍 Trajeto original: 3.154 km (linha reta entre pontos GPS)
   🔒 Trajeto com offset: 2.955 km (linha reta entre pontos COM snap)
   📊 Diferença: -0.199 km (-6.3%)

======================================================================
📊 ESTATÍSTICAS FINAIS
======================================================================
Viagens processadas: 1
Distância total: 3.16 km
Combustível total: 49.98 l
CO2 real total: 115462.6 g
CO2 meta total: 608.0 g
Delta CO2: -114854.6 g
Valor E1 total: R$ -5.74

💰 Créditos: R$ 0.00
💸 Débitos: R$ 5.74
📈 Saldo líquido: R$ -5.74

🗺️  MAP MATCHING:
   Pontos processados: 300
   Snaps tentados: 300 (100.0%)
   Snaps bem-sucedidos: 300 (100.0%)
   Snaps forçados (>100m): 300 (100.0%)
   ✅ TODOS os pontos estão em ruas (FORCE_SNAP=True)
======================================================================

💾 Dados agregados salvos em: ../data/offset_batch/vehicles_step_sim_10/run_086.csv
[csv-worker_1] [vehicles_step_sim_10] ===== LOG RUN 086 FIM =====

[csv-worker_1] [vehicles_step_sim_10] ===== LOG RUN 087 INICIO =====
======================================================================
🚗 PROCESSAMENTO SUMO → E1 REGISTRY (OFFSET ALEATÓRIO - veh0)
======================================================================
📄 Entrada: ../data/vehicles_step_sim_10.csv
🏭 Consumo fabricante: 12.0 km/l
💰 Preço carbono: R$ 50.0/ton
⭕ Raio máximo do offset aleatório: 2.0 km
🎲 Offset gerado aleatoriamente:
   Ângulo: 169.1°
   Distância: 1.9134 km
   offset_x (lat): -0.016876°  |  offset_y (lon): 0.003264°
📊 Row stepping: Processando todas as linhas
🗺️  Map matching: ATIVADO (raio 1500m) - pontos snapped para ruas
📐 Cálculo de distância: HAVERSINE PURO dos pontos COM snap (consistência)
======================================================================

📊 Carregando dados SUMO...
   Total de registros no arquivo: 301
   Veículos únicos: 1
   🚙 Vehicle selecionado: carro_1000

🔄 Agregando viagens por vehicle_id...
  📐 SUMO_carro_1000: Calculando distâncias com Haversine direto (SEM routing API)
      Original: 300 pontos → 3.1542 km (Haversine)
      Offset:   300 pontos → 3.6437 km (Haversine)

🚙 Veículo: SUMO_carro_1000
   Modelo: HBEFA4/PC_petrol_Euro-6ab
   Segmentos: 300
   📏 Distância: 3.158 km (city: 2.541, highway: 0.617)
   ⛽ Combustível: 49.984 l
   🏭 CO2 real: 115462.6 g
   🎯 CO2 meta: 608.0 g
   📊 Delta: -114854.6 g
   💰 Valor E1: R$ -5.7427
   🧭 Tentativas map matching: 302

   🔑 OFFSET DETERMINÍSTICO (x=-0.01471990165676221°, y=0.0009444990579333127°, max=2.0km):
   📍 Start Original:  (40.775644, -73.960687)
   🔒 Start Protegido: (40.761165, -73.959821) ✓ 1.64 km | ✓ MAP MATCHED
   📏 Deslocamento final: 1613.5 metros
   📍 End Original:    (40.773912, -73.961904)
   🔒 End Protegido:   (40.759178, -73.960916) ✓ 1.64 km | ✓ MAP MATCHED
   📏 Deslocamento final: 1642.4 metros

   📐 ANÁLISE DE DISTÂNCIA DO TRAJETO (HAVERSINE DOS PONTOS ARMAZENADOS):
   ✨ 260 pontos privados duplicados foram separados para garantir visualização 1:1.
   ℹ️  Dica: use --debug-map-matching para ver tentativas detalhadas de re-snap.
   🔢 Pontos unicos original/offset: 299/40 (Δ -259, -86.6% )
   📍 Trajeto original: 3.154 km (linha reta entre pontos GPS)
   🔒 Trajeto com offset: 3.644 km (linha reta entre pontos COM snap)
   📊 Diferença: +0.489 km (+15.5%)

======================================================================
📊 ESTATÍSTICAS FINAIS
======================================================================
Viagens processadas: 1
Distância total: 3.16 km
Combustível total: 49.98 l
CO2 real total: 115462.6 g
CO2 meta total: 608.0 g
Delta CO2: -114854.6 g
Valor E1 total: R$ -5.74

💰 Créditos: R$ 0.00
💸 Débitos: R$ 5.74
📈 Saldo líquido: R$ -5.74

🗺️  MAP MATCHING:
   Pontos processados: 300
   Snaps tentados: 300 (100.0%)
   Snaps bem-sucedidos: 300 (100.0%)
   Snaps forçados (>100m): 300 (100.0%)
   ✅ TODOS os pontos estão em ruas (FORCE_SNAP=True)
======================================================================

💾 Dados agregados salvos em: ../data/offset_batch/vehicles_step_sim_10/run_087.csv
[csv-worker_1] [vehicles_step_sim_10] ===== LOG RUN 087 FIM =====

[csv-worker_1] [vehicles_step_sim_10] ===== LOG RUN 088 INICIO =====
======================================================================
🚗 PROCESSAMENTO SUMO → E1 REGISTRY (OFFSET ALEATÓRIO - veh0)
======================================================================
📄 Entrada: ../data/vehicles_step_sim_10.csv
🏭 Consumo fabricante: 12.0 km/l
💰 Preço carbono: R$ 50.0/ton
⭕ Raio máximo do offset aleatório: 2.0 km
🎲 Offset gerado aleatoriamente:
   Ângulo: 164.4°
   Distância: 1.6571 km
   offset_x (lat): -0.014341°  |  offset_y (lon): 0.003993°
📊 Row stepping: Processando todas as linhas
🗺️  Map matching: ATIVADO (raio 1500m) - pontos snapped para ruas
📐 Cálculo de distância: HAVERSINE PURO dos pontos COM snap (consistência)
======================================================================

📊 Carregando dados SUMO...
   Total de registros no arquivo: 301
   Veículos únicos: 1
   🚙 Vehicle selecionado: carro_1000

🔄 Agregando viagens por vehicle_id...
  📐 SUMO_carro_1000: Calculando distâncias com Haversine direto (SEM routing API)
      Original: 300 pontos → 3.1542 km (Haversine)
      Offset:   300 pontos → 3.3135 km (Haversine)

🚙 Veículo: SUMO_carro_1000
   Modelo: HBEFA4/PC_petrol_Euro-6ab
   Segmentos: 300
   📏 Distância: 3.158 km (city: 2.541, highway: 0.617)
   ⛽ Combustível: 49.984 l
   🏭 CO2 real: 115462.6 g
   🎯 CO2 meta: 608.0 g
   📊 Delta: -114854.6 g
   💰 Valor E1: R$ -5.7427
   🧭 Tentativas map matching: 302

   🔑 OFFSET DETERMINÍSTICO (x=-0.010623376189041116°, y=-0.011487061103293278°, max=2.0km):
   📍 Start Original:  (40.775644, -73.960687)
   🔒 Start Protegido: (40.764999, -73.972499) ✓ 1.53 km | ✓ MAP MATCHED
   📏 Deslocamento final: 1547.8 metros
   📍 End Original:    (40.773912, -73.961904)
   🔒 End Protegido:   (40.763530, -73.973572) ✓ 1.53 km | ✓ MAP MATCHED
   📏 Deslocamento final: 1517.7 metros

   📐 ANÁLISE DE DISTÂNCIA DO TRAJETO (HAVERSINE DOS PONTOS ARMAZENADOS):
   ✨ 245 pontos privados duplicados foram separados para garantir visualização 1:1.
   ℹ️  Dica: use --debug-map-matching para ver tentativas detalhadas de re-snap.
   🔢 Pontos unicos original/offset: 299/55 (Δ -244, -81.6% )
   📍 Trajeto original: 3.154 km (linha reta entre pontos GPS)
   🔒 Trajeto com offset: 3.313 km (linha reta entre pontos COM snap)
   📊 Diferença: +0.159 km (+5.1%)

======================================================================
📊 ESTATÍSTICAS FINAIS
======================================================================
Viagens processadas: 1
Distância total: 3.16 km
Combustível total: 49.98 l
CO2 real total: 115462.6 g
CO2 meta total: 608.0 g
Delta CO2: -114854.6 g
Valor E1 total: R$ -5.74

💰 Créditos: R$ 0.00
💸 Débitos: R$ 5.74
📈 Saldo líquido: R$ -5.74

🗺️  MAP MATCHING:
   Pontos processados: 300
   Snaps tentados: 300 (100.0%)
   Snaps bem-sucedidos: 300 (100.0%)
   Snaps forçados (>100m): 300 (100.0%)
   ✅ TODOS os pontos estão em ruas (FORCE_SNAP=True)
======================================================================

💾 Dados agregados salvos em: ../data/offset_batch/vehicles_step_sim_10/run_088.csv
[csv-worker_1] [vehicles_step_sim_10] ===== LOG RUN 088 FIM =====

[csv-worker_1] [vehicles_step_sim_10] ===== LOG RUN 089 INICIO =====
======================================================================
🚗 PROCESSAMENTO SUMO → E1 REGISTRY (OFFSET ALEATÓRIO - veh0)
======================================================================
📄 Entrada: ../data/vehicles_step_sim_10.csv
🏭 Consumo fabricante: 12.0 km/l
💰 Preço carbono: R$ 50.0/ton
⭕ Raio máximo do offset aleatório: 2.0 km
🎲 Offset gerado aleatoriamente:
   Ângulo: 11.6°
   Distância: 0.3451 km
   offset_x (lat): 0.003037°  |  offset_y (lon): 0.000622°
📊 Row stepping: Processando todas as linhas
🗺️  Map matching: ATIVADO (raio 1500m) - pontos snapped para ruas
📐 Cálculo de distância: HAVERSINE PURO dos pontos COM snap (consistência)
======================================================================

📊 Carregando dados SUMO...
   Total de registros no arquivo: 301
   Veículos únicos: 1
   🚙 Vehicle selecionado: carro_1000

🔄 Agregando viagens por vehicle_id...
  📐 SUMO_carro_1000: Calculando distâncias com Haversine direto (SEM routing API)
      Original: 300 pontos → 3.1542 km (Haversine)
      Offset:   300 pontos → 3.8753 km (Haversine)

🚙 Veículo: SUMO_carro_1000
   Modelo: HBEFA4/PC_petrol_Euro-6ab
   Segmentos: 300
   📏 Distância: 3.158 km (city: 2.541, highway: 0.617)
   ⛽ Combustível: 49.984 l
   🏭 CO2 real: 115462.6 g
   🎯 CO2 meta: 608.0 g
   📊 Delta: -114854.6 g
   💰 Valor E1: R$ -5.7427
   🧭 Tentativas map matching: 302

   🔑 OFFSET DETERMINÍSTICO (x=-0.004932209993688718°, y=0.0047334639120034045°, max=2.0km):
   📍 Start Original:  (40.775644, -73.960687)
   🔒 Start Protegido: (40.770710, -73.956809) ✓ 0.68 km | ✓ MAP MATCHED
   📏 Deslocamento final: 639.1 metros
   📍 End Original:    (40.773912, -73.961904)
   🔒 End Protegido:   (40.769439, -73.957736) ✓ 0.68 km | ✓ MAP MATCHED
   📏 Deslocamento final: 609.4 metros

   📐 ANÁLISE DE DISTÂNCIA DO TRAJETO (HAVERSINE DOS PONTOS ARMAZENADOS):
   ✨ 273 pontos privados duplicados foram separados para garantir visualização 1:1.
   ℹ️  Dica: use --debug-map-matching para ver tentativas detalhadas de re-snap.
   🔢 Pontos unicos original/offset: 299/27 (Δ -272, -91.0% )
   📍 Trajeto original: 3.154 km (linha reta entre pontos GPS)
   🔒 Trajeto com offset: 3.875 km (linha reta entre pontos COM snap)
   📊 Diferença: +0.721 km (+22.9%)

======================================================================
📊 ESTATÍSTICAS FINAIS
======================================================================
Viagens processadas: 1
Distância total: 3.16 km
Combustível total: 49.98 l
CO2 real total: 115462.6 g
CO2 meta total: 608.0 g
Delta CO2: -114854.6 g
Valor E1 total: R$ -5.74

💰 Créditos: R$ 0.00
💸 Débitos: R$ 5.74
📈 Saldo líquido: R$ -5.74

🗺️  MAP MATCHING:
   Pontos processados: 300
   Snaps tentados: 300 (100.0%)
   Snaps bem-sucedidos: 300 (100.0%)
   Snaps forçados (>100m): 300 (100.0%)
   ✅ TODOS os pontos estão em ruas (FORCE_SNAP=True)
======================================================================

💾 Dados agregados salvos em: ../data/offset_batch/vehicles_step_sim_10/run_089.csv
[csv-worker_1] [vehicles_step_sim_10] ===== LOG RUN 089 FIM =====

[csv-worker_1] [vehicles_step_sim_10] ===== LOG RUN 090 INICIO =====
======================================================================
🚗 PROCESSAMENTO SUMO → E1 REGISTRY (OFFSET ALEATÓRIO - veh0)
======================================================================
📄 Entrada: ../data/vehicles_step_sim_10.csv
🏭 Consumo fabricante: 12.0 km/l
💰 Preço carbono: R$ 50.0/ton
⭕ Raio máximo do offset aleatório: 2.0 km
🎲 Offset gerado aleatoriamente:
   Ângulo: 41.5°
   Distância: 1.9600 km
   offset_x (lat): 0.013187°  |  offset_y (lon): 0.011666°
📊 Row stepping: Processando todas as linhas
🗺️  Map matching: ATIVADO (raio 1500m) - pontos snapped para ruas
📐 Cálculo de distância: HAVERSINE PURO dos pontos COM snap (consistência)
======================================================================

📊 Carregando dados SUMO...
   Total de registros no arquivo: 301
   Veículos únicos: 1
   🚙 Vehicle selecionado: carro_1000

🔄 Agregando viagens por vehicle_id...
  📐 SUMO_carro_1000: Calculando distâncias com Haversine direto (SEM routing API)
      Original: 300 pontos → 3.1542 km (Haversine)
      Offset:   300 pontos → 7.9940 km (Haversine)

🚙 Veículo: SUMO_carro_1000
   Modelo: HBEFA4/PC_petrol_Euro-6ab
   Segmentos: 300
   📏 Distância: 3.158 km (city: 2.541, highway: 0.617)
   ⛽ Combustível: 49.984 l
   🏭 CO2 real: 115462.6 g
   🎯 CO2 meta: 608.0 g
   📊 Delta: -114854.6 g
   💰 Valor E1: R$ -5.7427
   🧭 Tentativas map matching: 302

   🔑 OFFSET DETERMINÍSTICO (x=0.013728996489918708°, y=-0.0009840754111666281°, max=2.0km):
   📍 Start Original:  (40.775644, -73.960687)
   🔒 Start Protegido: (40.790557, -73.960478) ✓ 1.53 km | ✓ MAP MATCHED
   📏 Deslocamento final: 1660.3 metros
   📍 End Original:    (40.773912, -73.961904)
   🔒 End Protegido:   (40.789122, -73.966563) ✓ 1.53 km | ✓ MAP MATCHED
   📏 Deslocamento final: 1738.1 metros

   📐 ANÁLISE DE DISTÂNCIA DO TRAJETO (HAVERSINE DOS PONTOS ARMAZENADOS):
   ✨ 247 pontos privados duplicados foram separados para garantir visualização 1:1.
   ℹ️  Dica: use --debug-map-matching para ver tentativas detalhadas de re-snap.
   🔢 Pontos unicos original/offset: 299/53 (Δ -246, -82.3% )
   📍 Trajeto original: 3.154 km (linha reta entre pontos GPS)
   🔒 Trajeto com offset: 7.994 km (linha reta entre pontos COM snap)
   📊 Diferença: +4.840 km (+153.4%)

======================================================================
📊 ESTATÍSTICAS FINAIS
======================================================================
Viagens processadas: 1
Distância total: 3.16 km
Combustível total: 49.98 l
CO2 real total: 115462.6 g
CO2 meta total: 608.0 g
Delta CO2: -114854.6 g
Valor E1 total: R$ -5.74

💰 Créditos: R$ 0.00
💸 Débitos: R$ 5.74
📈 Saldo líquido: R$ -5.74

🗺️  MAP MATCHING:
   Pontos processados: 300
   Snaps tentados: 300 (100.0%)
   Snaps bem-sucedidos: 300 (100.0%)
   Snaps forçados (>100m): 300 (100.0%)
   ✅ TODOS os pontos estão em ruas (FORCE_SNAP=True)
======================================================================

💾 Dados agregados salvos em: ../data/offset_batch/vehicles_step_sim_10/run_090.csv
[csv-worker_1] [vehicles_step_sim_10] ===== LOG RUN 090 FIM =====

[csv-worker_1] [vehicles_step_sim_10] ===== LOG RUN 091 INICIO =====
======================================================================
🚗 PROCESSAMENTO SUMO → E1 REGISTRY (OFFSET ALEATÓRIO - veh0)
======================================================================
📄 Entrada: ../data/vehicles_step_sim_10.csv
🏭 Consumo fabricante: 12.0 km/l
💰 Preço carbono: R$ 50.0/ton
⭕ Raio máximo do offset aleatório: 2.0 km
🎲 Offset gerado aleatoriamente:
   Ângulo: 146.1°
   Distância: 0.1379 km
   offset_x (lat): -0.001028°  |  offset_y (lon): 0.000691°
📊 Row stepping: Processando todas as linhas
🗺️  Map matching: ATIVADO (raio 1500m) - pontos snapped para ruas
📐 Cálculo de distância: HAVERSINE PURO dos pontos COM snap (consistência)
======================================================================

📊 Carregando dados SUMO...
   Total de registros no arquivo: 301
   Veículos únicos: 1
   🚙 Vehicle selecionado: carro_1000

🔄 Agregando viagens por vehicle_id...
  📐 SUMO_carro_1000: Calculando distâncias com Haversine direto (SEM routing API)
      Original: 300 pontos → 3.1542 km (Haversine)
      Offset:   300 pontos → 3.2676 km (Haversine)

🚙 Veículo: SUMO_carro_1000
   Modelo: HBEFA4/PC_petrol_Euro-6ab
   Segmentos: 300
   📏 Distância: 3.158 km (city: 2.541, highway: 0.617)
   ⛽ Combustível: 49.984 l
   🏭 CO2 real: 115462.6 g
   🎯 CO2 meta: 608.0 g
   📊 Delta: -114854.6 g
   💰 Valor E1: R$ -5.7427
   🧭 Tentativas map matching: 302

   🔑 OFFSET DETERMINÍSTICO (x=0.008545848218706503°, y=0.01507177836202034°, max=2.0km):
   📍 Start Original:  (40.775644, -73.960687)
   🔒 Start Protegido: (40.784440, -73.945414) ✓ 1.59 km | ✓ MAP MATCHED
   📏 Deslocamento final: 1617.6 metros
   📍 End Original:    (40.773912, -73.961904)
   🔒 End Protegido:   (40.783084, -73.946441) ✓ 1.59 km | ✓ MAP MATCHED
   📏 Deslocamento final: 1655.8 metros

   📐 ANÁLISE DE DISTÂNCIA DO TRAJETO (HAVERSINE DOS PONTOS ARMAZENADOS):
   ✨ 250 pontos privados duplicados foram separados para garantir visualização 1:1.
   ℹ️  Dica: use --debug-map-matching para ver tentativas detalhadas de re-snap.
   🔢 Pontos unicos original/offset: 299/50 (Δ -249, -83.3% )
   📍 Trajeto original: 3.154 km (linha reta entre pontos GPS)
   🔒 Trajeto com offset: 3.268 km (linha reta entre pontos COM snap)
   📊 Diferença: +0.113 km (+3.6%)

======================================================================
📊 ESTATÍSTICAS FINAIS
======================================================================
Viagens processadas: 1
Distância total: 3.16 km
Combustível total: 49.98 l
CO2 real total: 115462.6 g
CO2 meta total: 608.0 g
Delta CO2: -114854.6 g
Valor E1 total: R$ -5.74

💰 Créditos: R$ 0.00
💸 Débitos: R$ 5.74
📈 Saldo líquido: R$ -5.74

🗺️  MAP MATCHING:
   Pontos processados: 300
   Snaps tentados: 300 (100.0%)
   Snaps bem-sucedidos: 300 (100.0%)
   Snaps forçados (>100m): 300 (100.0%)
   ✅ TODOS os pontos estão em ruas (FORCE_SNAP=True)
======================================================================

💾 Dados agregados salvos em: ../data/offset_batch/vehicles_step_sim_10/run_091.csv
[csv-worker_1] [vehicles_step_sim_10] ===== LOG RUN 091 FIM =====

[csv-worker_1] [vehicles_step_sim_10] ===== LOG RUN 092 INICIO =====
======================================================================
🚗 PROCESSAMENTO SUMO → E1 REGISTRY (OFFSET ALEATÓRIO - veh0)
======================================================================
📄 Entrada: ../data/vehicles_step_sim_10.csv
🏭 Consumo fabricante: 12.0 km/l
💰 Preço carbono: R$ 50.0/ton
⭕ Raio máximo do offset aleatório: 2.0 km
🎲 Offset gerado aleatoriamente:
   Ângulo: 146.3°
   Distância: 0.4529 km
   offset_x (lat): -0.003385°  |  offset_y (lon): 0.002256°
📊 Row stepping: Processando todas as linhas
🗺️  Map matching: ATIVADO (raio 1500m) - pontos snapped para ruas
📐 Cálculo de distância: HAVERSINE PURO dos pontos COM snap (consistência)
======================================================================

📊 Carregando dados SUMO...
   Total de registros no arquivo: 301
   Veículos únicos: 1
   🚙 Vehicle selecionado: carro_1000

🔄 Agregando viagens por vehicle_id...
  📐 SUMO_carro_1000: Calculando distâncias com Haversine direto (SEM routing API)
      Original: 324 pontos → 3.1629 km (Haversine)
      Offset:   324 pontos → 4.7649 km (Haversine)

🚙 Veículo: SUMO_carro_1000
   Modelo: HBEFA4/PC_petrol_Euro-6ab
   Segmentos: 324
   📏 Distância: 3.166 km (city: 3.024, highway: 0.142)
   ⛽ Combustível: 49.530 l
   🏭 CO2 real: 114414.1 g
   🎯 CO2 meta: 609.4 g
   📊 Delta: -113804.6 g
   💰 Valor E1: R$ -5.6902
   🧭 Tentativas map matching: 326

   🔑 OFFSET DETERMINÍSTICO (x=-0.01001430531689515°, y=0.009011307527902475°, max=2.0km):
   📍 Start Original:  (40.775644, -73.960687)
   🔒 Start Protegido: (40.765580, -73.951725) ✓ 1.35 km | ✓ MAP MATCHED
   📏 Deslocamento final: 1351.3 metros
   📍 End Original:    (40.772251, -73.963071)
   🔒 End Protegido:   (40.762487, -73.954375) ✓ 1.35 km | ✓ MAP MATCHED
   📏 Deslocamento final: 1311.0 metros

   📐 ANÁLISE DE DISTÂNCIA DO TRAJETO (HAVERSINE DOS PONTOS ARMAZENADOS):
   ✨ 262 pontos privados duplicados foram separados para garantir visualização 1:1.
   ℹ️  Dica: use --debug-map-matching para ver tentativas detalhadas de re-snap.
   🔢 Pontos unicos original/offset: 324/62 (Δ -262, -80.9% )
   📍 Trajeto original: 3.163 km (linha reta entre pontos GPS)
   🔒 Trajeto com offset: 4.765 km (linha reta entre pontos COM snap)
   📊 Diferença: +1.602 km (+50.6%)

======================================================================
📊 ESTATÍSTICAS FINAIS
======================================================================
Viagens processadas: 1
Distância total: 3.17 km
Combustível total: 49.53 l
CO2 real total: 114414.1 g
CO2 meta total: 609.4 g
Delta CO2: -113804.6 g
Valor E1 total: R$ -5.69

💰 Créditos: R$ 0.00
💸 Débitos: R$ 5.69
📈 Saldo líquido: R$ -5.69

🗺️  MAP MATCHING:
   Pontos processados: 324
   Snaps tentados: 324 (100.0%)
   Snaps bem-sucedidos: 324 (100.0%)
   Snaps forçados (>100m): 324 (100.0%)
   ✅ TODOS os pontos estão em ruas (FORCE_SNAP=True)
======================================================================

💾 Dados agregados salvos em: ../data/offset_batch/vehicles_step_sim_10/run_092.csv
[csv-worker_1] [vehicles_step_sim_10] ===== LOG RUN 092 FIM =====

[csv-worker_1] [vehicles_step_sim_10] ===== LOG RUN 093 INICIO =====
======================================================================
🚗 PROCESSAMENTO SUMO → E1 REGISTRY (OFFSET ALEATÓRIO - veh0)
======================================================================
📄 Entrada: ../data/vehicles_step_sim_10.csv
🏭 Consumo fabricante: 12.0 km/l
💰 Preço carbono: R$ 50.0/ton
⭕ Raio máximo do offset aleatório: 2.0 km
🎲 Offset gerado aleatoriamente:
   Ângulo: 297.8°
   Distância: 1.9423 km
   offset_x (lat): 0.008127°  |  offset_y (lon): -0.015440°
📊 Row stepping: Processando todas as linhas
🗺️  Map matching: ATIVADO (raio 1500m) - pontos snapped para ruas
📐 Cálculo de distância: HAVERSINE PURO dos pontos COM snap (consistência)
======================================================================

📊 Carregando dados SUMO...
   Total de registros no arquivo: 301
   Veículos únicos: 1
   🚙 Vehicle selecionado: carro_1000

🔄 Agregando viagens por vehicle_id...
  📐 SUMO_carro_1000: Calculando distâncias com Haversine direto (SEM routing API)
      Original: 337 pontos → 3.3706 km (Haversine)
      Offset:   337 pontos → 3.8032 km (Haversine)

🚙 Veículo: SUMO_carro_1000
   Modelo: HBEFA4/PC_petrol_Euro-6ab
   Segmentos: 337
   📏 Distância: 3.379 km (city: 3.069, highway: 0.310)
   ⛽ Combustível: 58.616 l
   🏭 CO2 real: 135402.3 g
   🎯 CO2 meta: 650.5 g
   📊 Delta: -134751.8 g
   💰 Valor E1: R$ -6.7376
   🧭 Tentativas map matching: 339

   🔑 OFFSET DETERMINÍSTICO (x=-0.010673257560086065°, y=-0.006712013999482484°, max=2.0km):
   📍 Start Original:  (40.775644, -73.960687)
   🔒 Start Protegido: (40.765313, -73.967723) ✓ 1.32 km | ✓ MAP MATCHED
   📏 Deslocamento final: 1293.9 metros
   📍 End Original:    (40.774801, -73.960637)
   🔒 End Protegido:   (40.764154, -73.966917) ✓ 1.32 km | ✓ MAP MATCHED
   📏 Deslocamento final: 1298.1 metros

   📐 ANÁLISE DE DISTÂNCIA DO TRAJETO (HAVERSINE DOS PONTOS ARMAZENADOS):
   ✨ 286 pontos privados duplicados foram separados para garantir visualização 1:1.
   ℹ️  Dica: use --debug-map-matching para ver tentativas detalhadas de re-snap.
   🔢 Pontos unicos original/offset: 337/51 (Δ -286, -84.9% )
   📍 Trajeto original: 3.371 km (linha reta entre pontos GPS)
   🔒 Trajeto com offset: 3.803 km (linha reta entre pontos COM snap)
   📊 Diferença: +0.433 km (+12.8%)

======================================================================
📊 ESTATÍSTICAS FINAIS
======================================================================
Viagens processadas: 1
Distância total: 3.38 km
Combustível total: 58.62 l
CO2 real total: 135402.3 g
CO2 meta total: 650.5 g
Delta CO2: -134751.8 g
Valor E1 total: R$ -6.74

💰 Créditos: R$ 0.00
💸 Débitos: R$ 6.74
📈 Saldo líquido: R$ -6.74

🗺️  MAP MATCHING:
   Pontos processados: 337
   Snaps tentados: 337 (100.0%)
   Snaps bem-sucedidos: 337 (100.0%)
   Snaps forçados (>100m): 337 (100.0%)
   ✅ TODOS os pontos estão em ruas (FORCE_SNAP=True)
======================================================================

💾 Dados agregados salvos em: ../data/offset_batch/vehicles_step_sim_10/run_093.csv
[csv-worker_1] [vehicles_step_sim_10] ===== LOG RUN 093 FIM =====

[csv-worker_1] [vehicles_step_sim_10] ===== LOG RUN 094 INICIO =====
======================================================================
🚗 PROCESSAMENTO SUMO → E1 REGISTRY (OFFSET ALEATÓRIO - veh0)
======================================================================
📄 Entrada: ../data/vehicles_step_sim_10.csv
🏭 Consumo fabricante: 12.0 km/l
💰 Preço carbono: R$ 50.0/ton
⭕ Raio máximo do offset aleatório: 2.0 km
🎲 Offset gerado aleatoriamente:
   Ângulo: 246.1°
   Distância: 1.1318 km
   offset_x (lat): -0.004123°  |  offset_y (lon): -0.009294°
📊 Row stepping: Processando todas as linhas
🗺️  Map matching: ATIVADO (raio 1500m) - pontos snapped para ruas
📐 Cálculo de distância: HAVERSINE PURO dos pontos COM snap (consistência)
======================================================================

📊 Carregando dados SUMO...
   Total de registros no arquivo: 301
   Veículos únicos: 1
   🚙 Vehicle selecionado: carro_1000

🔄 Agregando viagens por vehicle_id...
  📐 SUMO_carro_1000: Calculando distâncias com Haversine direto (SEM routing API)
      Original: 324 pontos → 3.1629 km (Haversine)
      Offset:   324 pontos → 3.7237 km (Haversine)

🚙 Veículo: SUMO_carro_1000
   Modelo: HBEFA4/PC_petrol_Euro-6ab
   Segmentos: 324
   📏 Distância: 3.166 km (city: 3.024, highway: 0.142)
   ⛽ Combustível: 49.530 l
   🏭 CO2 real: 114414.1 g
   🎯 CO2 meta: 609.4 g
   📊 Delta: -113804.6 g
   💰 Valor E1: R$ -5.6902
   🧭 Tentativas map matching: 326

   🔑 OFFSET DETERMINÍSTICO (x=-0.011465194090353285°, y=-0.011735201865544345°, max=2.0km):
   📍 Start Original:  (40.775644, -73.960687)
   🔒 Start Protegido: (40.764223, -73.972902) ✓ 1.61 km | ✓ MAP MATCHED
   📏 Deslocamento final: 1636.0 metros
   📍 End Original:    (40.772251, -73.963071)
   🔒 End Protegido:   (40.760999, -73.975266) ✓ 1.61 km | ✓ MAP MATCHED
   📏 Deslocamento final: 1620.4 metros

   📐 ANÁLISE DE DISTÂNCIA DO TRAJETO (HAVERSINE DOS PONTOS ARMAZENADOS):
   ✨ 284 pontos privados duplicados foram separados para garantir visualização 1:1.
   ℹ️  Dica: use --debug-map-matching para ver tentativas detalhadas de re-snap.
   🔢 Pontos unicos original/offset: 324/40 (Δ -284, -87.7% )
   📍 Trajeto original: 3.163 km (linha reta entre pontos GPS)
   🔒 Trajeto com offset: 3.724 km (linha reta entre pontos COM snap)
   📊 Diferença: +0.561 km (+17.7%)

======================================================================
📊 ESTATÍSTICAS FINAIS
======================================================================
Viagens processadas: 1
Distância total: 3.17 km
Combustível total: 49.53 l
CO2 real total: 114414.1 g
CO2 meta total: 609.4 g
Delta CO2: -113804.6 g
Valor E1 total: R$ -5.69

💰 Créditos: R$ 0.00
💸 Débitos: R$ 5.69
📈 Saldo líquido: R$ -5.69

🗺️  MAP MATCHING:
   Pontos processados: 324
   Snaps tentados: 324 (100.0%)
   Snaps bem-sucedidos: 324 (100.0%)
   Snaps forçados (>100m): 324 (100.0%)
   ✅ TODOS os pontos estão em ruas (FORCE_SNAP=True)
======================================================================

💾 Dados agregados salvos em: ../data/offset_batch/vehicles_step_sim_10/run_094.csv
[csv-worker_1] [vehicles_step_sim_10] ===== LOG RUN 094 FIM =====

[csv-worker_1] [vehicles_step_sim_10] ===== LOG RUN 095 INICIO =====
======================================================================
🚗 PROCESSAMENTO SUMO → E1 REGISTRY (OFFSET ALEATÓRIO - veh0)
======================================================================
📄 Entrada: ../data/vehicles_step_sim_10.csv
🏭 Consumo fabricante: 12.0 km/l
💰 Preço carbono: R$ 50.0/ton
⭕ Raio máximo do offset aleatório: 2.0 km
🎲 Offset gerado aleatoriamente:
   Ângulo: 335.0°
   Distância: 0.3889 km
   offset_x (lat): 0.003167°  |  offset_y (lon): -0.001476°
📊 Row stepping: Processando todas as linhas
🗺️  Map matching: ATIVADO (raio 1500m) - pontos snapped para ruas
📐 Cálculo de distância: HAVERSINE PURO dos pontos COM snap (consistência)
======================================================================

📊 Carregando dados SUMO...
   Total de registros no arquivo: 301
   Veículos únicos: 1
   🚙 Vehicle selecionado: carro_1000

🔄 Agregando viagens por vehicle_id...
  📐 SUMO_carro_1000: Calculando distâncias com Haversine direto (SEM routing API)
      Original: 324 pontos → 3.1629 km (Haversine)
      Offset:   324 pontos → 3.2217 km (Haversine)

🚙 Veículo: SUMO_carro_1000
   Modelo: HBEFA4/PC_petrol_Euro-6ab
   Segmentos: 324
   📏 Distância: 3.166 km (city: 3.024, highway: 0.142)
   ⛽ Combustível: 49.530 l
   🏭 CO2 real: 114414.1 g
   🎯 CO2 meta: 609.4 g
   📊 Delta: -113804.6 g
   💰 Valor E1: R$ -5.6902
   🧭 Tentativas map matching: 326

   🔑 OFFSET DETERMINÍSTICO (x=0.007995927344436504°, y=-0.011558169581846005°, max=2.0km):
   📍 Start Original:  (40.775644, -73.960687)
   🔒 Start Protegido: (40.783400, -73.970891) ✓ 1.32 km | ✓ MAP MATCHED
   📏 Deslocamento final: 1218.8 metros
   📍 End Original:    (40.772251, -73.963071)
   🔒 End Protegido:   (40.779977, -73.974735) ✓ 1.32 km | ✓ MAP MATCHED
   📏 Deslocamento final: 1306.4 metros

   📐 ANÁLISE DE DISTÂNCIA DO TRAJETO (HAVERSINE DOS PONTOS ARMAZENADOS):
   ✨ 278 pontos privados duplicados foram separados para garantir visualização 1:1.
   ℹ️  Dica: use --debug-map-matching para ver tentativas detalhadas de re-snap.
   🔢 Pontos unicos original/offset: 324/46 (Δ -278, -85.8% )
   📍 Trajeto original: 3.163 km (linha reta entre pontos GPS)
   🔒 Trajeto com offset: 3.222 km (linha reta entre pontos COM snap)
   📊 Diferença: +0.059 km (+1.9%)

======================================================================
📊 ESTATÍSTICAS FINAIS
======================================================================
Viagens processadas: 1
Distância total: 3.17 km
Combustível total: 49.53 l
CO2 real total: 114414.1 g
CO2 meta total: 609.4 g
Delta CO2: -113804.6 g
Valor E1 total: R$ -5.69

💰 Créditos: R$ 0.00
💸 Débitos: R$ 5.69
📈 Saldo líquido: R$ -5.69

🗺️  MAP MATCHING:
   Pontos processados: 324
   Snaps tentados: 324 (100.0%)
   Snaps bem-sucedidos: 324 (100.0%)
   Snaps forçados (>100m): 324 (100.0%)
   ✅ TODOS os pontos estão em ruas (FORCE_SNAP=True)
======================================================================

💾 Dados agregados salvos em: ../data/offset_batch/vehicles_step_sim_10/run_095.csv
[csv-worker_1] [vehicles_step_sim_10] ===== LOG RUN 095 FIM =====

[csv-worker_1] [vehicles_step_sim_10] ===== LOG RUN 096 INICIO =====
======================================================================
🚗 PROCESSAMENTO SUMO → E1 REGISTRY (OFFSET ALEATÓRIO - veh0)
======================================================================
📄 Entrada: ../data/vehicles_step_sim_10.csv
🏭 Consumo fabricante: 12.0 km/l
💰 Preço carbono: R$ 50.0/ton
⭕ Raio máximo do offset aleatório: 2.0 km
🎲 Offset gerado aleatoriamente:
   Ângulo: 46.5°
   Distância: 1.9754 km
   offset_x (lat): 0.012210°  |  offset_y (lon): 0.012877°
📊 Row stepping: Processando todas as linhas
🗺️  Map matching: ATIVADO (raio 1500m) - pontos snapped para ruas
📐 Cálculo de distância: HAVERSINE PURO dos pontos COM snap (consistência)
======================================================================

📊 Carregando dados SUMO...
   Total de registros no arquivo: 301
   Veículos únicos: 1
   🚙 Vehicle selecionado: carro_1000

🔄 Agregando viagens por vehicle_id...
  📐 SUMO_carro_1000: Calculando distâncias com Haversine direto (SEM routing API)
      Original: 324 pontos → 3.1629 km (Haversine)
      Offset:   324 pontos → 2.4709 km (Haversine)

🚙 Veículo: SUMO_carro_1000
   Modelo: HBEFA4/PC_petrol_Euro-6ab
   Segmentos: 324
   📏 Distância: 3.166 km (city: 3.024, highway: 0.142)
   ⛽ Combustível: 49.530 l
   🏭 CO2 real: 114414.1 g
   🎯 CO2 meta: 609.4 g
   📊 Delta: -113804.6 g
   💰 Valor E1: R$ -5.6902
   🧭 Tentativas map matching: 326

   🔑 OFFSET DETERMINÍSTICO (x=0.009147424164447172°, y=-0.0027496411686747714°, max=2.0km):
   📍 Start Original:  (40.775644, -73.960687)
   🔒 Start Protegido: (40.783484, -73.964372) ✓ 1.04 km | ✓ MAP MATCHED
   📏 Deslocamento final: 926.4 metros
   📍 End Original:    (40.772251, -73.963071)
   🔒 End Protegido:   (40.782133, -73.963396) ✓ 1.04 km | ✓ MAP MATCHED
   📏 Deslocamento final: 1100.4 metros

   📐 ANÁLISE DE DISTÂNCIA DO TRAJETO (HAVERSINE DOS PONTOS ARMAZENADOS):
   ✨ 271 pontos privados duplicados foram separados para garantir visualização 1:1.
   ℹ️  Dica: use --debug-map-matching para ver tentativas detalhadas de re-snap.
   🔢 Pontos unicos original/offset: 324/53 (Δ -271, -83.6% )
   📍 Trajeto original: 3.163 km (linha reta entre pontos GPS)
   🔒 Trajeto com offset: 2.471 km (linha reta entre pontos COM snap)
   📊 Diferença: -0.692 km (-21.9%)

======================================================================
📊 ESTATÍSTICAS FINAIS
======================================================================
Viagens processadas: 1
Distância total: 3.17 km
Combustível total: 49.53 l
CO2 real total: 114414.1 g
CO2 meta total: 609.4 g
Delta CO2: -113804.6 g
Valor E1 total: R$ -5.69

💰 Créditos: R$ 0.00
💸 Débitos: R$ 5.69
📈 Saldo líquido: R$ -5.69

🗺️  MAP MATCHING:
   Pontos processados: 324
   Snaps tentados: 324 (100.0%)
   Snaps bem-sucedidos: 324 (100.0%)
   Snaps forçados (>100m): 324 (100.0%)
   ✅ TODOS os pontos estão em ruas (FORCE_SNAP=True)
======================================================================

💾 Dados agregados salvos em: ../data/offset_batch/vehicles_step_sim_10/run_096.csv
[csv-worker_1] [vehicles_step_sim_10] ===== LOG RUN 096 FIM =====

[csv-worker_1] [vehicles_step_sim_10] ===== LOG RUN 097 INICIO =====
======================================================================
🚗 PROCESSAMENTO SUMO → E1 REGISTRY (OFFSET ALEATÓRIO - veh0)
======================================================================
📄 Entrada: ../data/vehicles_step_sim_10.csv
🏭 Consumo fabricante: 12.0 km/l
💰 Preço carbono: R$ 50.0/ton
⭕ Raio máximo do offset aleatório: 2.0 km
🎲 Offset gerado aleatoriamente:
   Ângulo: 198.2°
   Distância: 1.5429 km
   offset_x (lat): -0.013167°  |  offset_y (lon): -0.004327°
📊 Row stepping: Processando todas as linhas
🗺️  Map matching: ATIVADO (raio 1500m) - pontos snapped para ruas
📐 Cálculo de distância: HAVERSINE PURO dos pontos COM snap (consistência)
======================================================================

📊 Carregando dados SUMO...
   Total de registros no arquivo: 301
   Veículos únicos: 1
   🚙 Vehicle selecionado: carro_1000

🔄 Agregando viagens por vehicle_id...
  📐 SUMO_carro_1000: Calculando distâncias com Haversine direto (SEM routing API)
      Original: 323 pontos → 2.9161 km (Haversine)
      Offset:   323 pontos → 4.5795 km (Haversine)

🚙 Veículo: SUMO_carro_1000
   Modelo: HBEFA4/PC_petrol_Euro-6ab
   Segmentos: 323
   📏 Distância: 2.926 km (city: 2.764, highway: 0.161)
   ⛽ Combustível: 54.094 l
   🏭 CO2 real: 124958.0 g
   🎯 CO2 meta: 563.2 g
   📊 Delta: -124394.9 g
   💰 Valor E1: R$ -6.2197
   🧭 Tentativas map matching: 325

   🔑 OFFSET DETERMINÍSTICO (x=-0.0022961194157325587°, y=-0.014730012529193167°, max=2.0km):
   📍 Start Original:  (40.775644, -73.960687)
   🔒 Start Protegido: (40.774236, -73.977413) ✓ 1.27 km | ✓ MAP MATCHED
   📏 Deslocamento final: 1418.7 metros
   📍 End Original:    (40.774046, -73.961617)
   🔒 End Protegido:   (40.771172, -73.976811) ✓ 1.27 km | ✓ MAP MATCHED
   📏 Deslocamento final: 1320.2 metros

   📐 ANÁLISE DE DISTÂNCIA DO TRAJETO (HAVERSINE DOS PONTOS ARMAZENADOS):
   ✨ 305 pontos privados duplicados foram separados para garantir visualização 1:1.
   ℹ️  Dica: use --debug-map-matching para ver tentativas detalhadas de re-snap.
   🔢 Pontos unicos original/offset: 320/18 (Δ -302, -94.4% )
   📍 Trajeto original: 2.916 km (linha reta entre pontos GPS)
   🔒 Trajeto com offset: 4.579 km (linha reta entre pontos COM snap)
   📊 Diferença: +1.663 km (+57.0%)

======================================================================
📊 ESTATÍSTICAS FINAIS
======================================================================
Viagens processadas: 1
Distância total: 2.93 km
Combustível total: 54.09 l
CO2 real total: 124958.0 g
CO2 meta total: 563.2 g
Delta CO2: -124394.9 g
Valor E1 total: R$ -6.22

💰 Créditos: R$ 0.00
💸 Débitos: R$ 6.22
📈 Saldo líquido: R$ -6.22

🗺️  MAP MATCHING:
   Pontos processados: 323
   Snaps tentados: 323 (100.0%)
   Snaps bem-sucedidos: 323 (100.0%)
   Snaps forçados (>100m): 323 (100.0%)
   ✅ TODOS os pontos estão em ruas (FORCE_SNAP=True)
======================================================================

💾 Dados agregados salvos em: ../data/offset_batch/vehicles_step_sim_10/run_097.csv
[csv-worker_1] [vehicles_step_sim_10] ===== LOG RUN 097 FIM =====

[csv-worker_1] [vehicles_step_sim_10] ===== LOG RUN 098 INICIO =====
======================================================================
🚗 PROCESSAMENTO SUMO → E1 REGISTRY (OFFSET ALEATÓRIO - veh0)
======================================================================
📄 Entrada: ../data/vehicles_step_sim_10.csv
🏭 Consumo fabricante: 12.0 km/l
💰 Preço carbono: R$ 50.0/ton
⭕ Raio máximo do offset aleatório: 2.0 km
🎲 Offset gerado aleatoriamente:
   Ângulo: 42.9°
   Distância: 0.9643 km
   offset_x (lat): 0.006347°  |  offset_y (lon): 0.005895°
📊 Row stepping: Processando todas as linhas
🗺️  Map matching: ATIVADO (raio 1500m) - pontos snapped para ruas
📐 Cálculo de distância: HAVERSINE PURO dos pontos COM snap (consistência)
======================================================================

📊 Carregando dados SUMO...
   Total de registros no arquivo: 301
   Veículos únicos: 1
   🚙 Vehicle selecionado: carro_1000

🔄 Agregando viagens por vehicle_id...
  📐 SUMO_carro_1000: Calculando distâncias com Haversine direto (SEM routing API)
      Original: 323 pontos → 2.9161 km (Haversine)
      Offset:   323 pontos → 4.9324 km (Haversine)

🚙 Veículo: SUMO_carro_1000
   Modelo: HBEFA4/PC_petrol_Euro-6ab
   Segmentos: 323
   📏 Distância: 2.926 km (city: 2.764, highway: 0.161)
   ⛽ Combustível: 54.094 l
   🏭 CO2 real: 124958.0 g
   🎯 CO2 meta: 563.2 g
   📊 Delta: -124394.9 g
   💰 Valor E1: R$ -6.2197
   🧭 Tentativas map matching: 325

   🔑 OFFSET DETERMINÍSTICO (x=-0.014919801194840305°, y=0.0008192626072968722°, max=2.0km):
   📍 Start Original:  (40.775644, -73.960687)
   🔒 Start Protegido: (40.760424, -73.960021) ✓ 1.66 km | ✓ MAP MATCHED
   📏 Deslocamento final: 1695.2 metros
   📍 End Original:    (40.774046, -73.961617)
   🔒 End Protegido:   (40.759178, -73.960916) ✓ 1.66 km | ✓ MAP MATCHED
   📏 Deslocamento final: 1656.1 metros

   📐 ANÁLISE DE DISTÂNCIA DO TRAJETO (HAVERSINE DOS PONTOS ARMAZENADOS):
   ✨ 278 pontos privados duplicados foram separados para garantir visualização 1:1.
   ℹ️  Dica: use --debug-map-matching para ver tentativas detalhadas de re-snap.
   🔢 Pontos unicos original/offset: 320/45 (Δ -275, -85.9% )
   📍 Trajeto original: 2.916 km (linha reta entre pontos GPS)
   🔒 Trajeto com offset: 4.932 km (linha reta entre pontos COM snap)
   📊 Diferença: +2.016 km (+69.1%)

======================================================================
📊 ESTATÍSTICAS FINAIS
======================================================================
Viagens processadas: 1
Distância total: 2.93 km
Combustível total: 54.09 l
CO2 real total: 124958.0 g
CO2 meta total: 563.2 g
Delta CO2: -124394.9 g
Valor E1 total: R$ -6.22

💰 Créditos: R$ 0.00
💸 Débitos: R$ 6.22
📈 Saldo líquido: R$ -6.22

🗺️  MAP MATCHING:
   Pontos processados: 323
   Snaps tentados: 323 (100.0%)
   Snaps bem-sucedidos: 323 (100.0%)
   Snaps forçados (>100m): 323 (100.0%)
   ✅ TODOS os pontos estão em ruas (FORCE_SNAP=True)
======================================================================

💾 Dados agregados salvos em: ../data/offset_batch/vehicles_step_sim_10/run_098.csv
[csv-worker_1] [vehicles_step_sim_10] ===== LOG RUN 098 FIM =====

[csv-worker_1] [vehicles_step_sim_10] ===== LOG RUN 099 INICIO =====
======================================================================
🚗 PROCESSAMENTO SUMO → E1 REGISTRY (OFFSET ALEATÓRIO - veh0)
======================================================================
📄 Entrada: ../data/vehicles_step_sim_10.csv
🏭 Consumo fabricante: 12.0 km/l
💰 Preço carbono: R$ 50.0/ton
⭕ Raio máximo do offset aleatório: 2.0 km
🎲 Offset gerado aleatoriamente:
   Ângulo: 6.2°
   Distância: 1.8771 km
   offset_x (lat): 0.016763°  |  offset_y (lon): 0.001829°
📊 Row stepping: Processando todas as linhas
🗺️  Map matching: ATIVADO (raio 1500m) - pontos snapped para ruas
📐 Cálculo de distância: HAVERSINE PURO dos pontos COM snap (consistência)
======================================================================

📊 Carregando dados SUMO...
   Total de registros no arquivo: 301
   Veículos únicos: 1
   🚙 Vehicle selecionado: carro_1000

🔄 Agregando viagens por vehicle_id...
  📐 SUMO_carro_1000: Calculando distâncias com Haversine direto (SEM routing API)
      Original: 337 pontos → 3.3706 km (Haversine)
      Offset:   337 pontos → 3.9211 km (Haversine)

🚙 Veículo: SUMO_carro_1000
   Modelo: HBEFA4/PC_petrol_Euro-6ab
   Segmentos: 337
   📏 Distância: 3.379 km (city: 3.069, highway: 0.310)
   ⛽ Combustível: 58.616 l
   🏭 CO2 real: 135402.3 g
   🎯 CO2 meta: 650.5 g
   📊 Delta: -134751.8 g
   💰 Valor E1: R$ -6.7376
   🧭 Tentativas map matching: 339

   🔑 OFFSET DETERMINÍSTICO (x=-0.011580099463165868°, y=-0.0013682177973619787°, max=2.0km):
   📍 Start Original:  (40.775644, -73.960687)
   🔒 Start Protegido: (40.763968, -73.961895) ✓ 1.29 km | ✓ MAP MATCHED
   📏 Deslocamento final: 1303.7 metros
   📍 End Original:    (40.774801, -73.960637)
   🔒 End Protegido:   (40.763064, -73.962397) ✓ 1.29 km | ✓ MAP MATCHED
   📏 Deslocamento final: 1315.0 metros

   📐 ANÁLISE DE DISTÂNCIA DO TRAJETO (HAVERSINE DOS PONTOS ARMAZENADOS):
   ✨ 257 pontos privados duplicados foram separados para garantir visualização 1:1.
   ℹ️  Dica: use --debug-map-matching para ver tentativas detalhadas de re-snap.
   🔢 Pontos unicos original/offset: 337/80 (Δ -257, -76.3% )
   📍 Trajeto original: 3.371 km (linha reta entre pontos GPS)
   🔒 Trajeto com offset: 3.921 km (linha reta entre pontos COM snap)
   📊 Diferença: +0.551 km (+16.3%)

======================================================================
📊 ESTATÍSTICAS FINAIS
======================================================================
Viagens processadas: 1
Distância total: 3.38 km
Combustível total: 58.62 l
CO2 real total: 135402.3 g
CO2 meta total: 650.5 g
Delta CO2: -134751.8 g
Valor E1 total: R$ -6.74

💰 Créditos: R$ 0.00
💸 Débitos: R$ 6.74
📈 Saldo líquido: R$ -6.74

🗺️  MAP MATCHING:
   Pontos processados: 337
   Snaps tentados: 337 (100.0%)
   Snaps bem-sucedidos: 337 (100.0%)
   Snaps forçados (>100m): 337 (100.0%)
   ✅ TODOS os pontos estão em ruas (FORCE_SNAP=True)
======================================================================

💾 Dados agregados salvos em: ../data/offset_batch/vehicles_step_sim_10/run_099.csv
[csv-worker_1] [vehicles_step_sim_10] ===== LOG RUN 099 FIM =====

[csv-worker_1] [vehicles_step_sim_10] ===== LOG RUN 100 INICIO =====
======================================================================
🚗 PROCESSAMENTO SUMO → E1 REGISTRY (OFFSET ALEATÓRIO - veh0)
======================================================================
📄 Entrada: ../data/vehicles_step_sim_10.csv
🏭 Consumo fabricante: 12.0 km/l
💰 Preço carbono: R$ 50.0/ton
⭕ Raio máximo do offset aleatório: 2.0 km
🎲 Offset gerado aleatoriamente:
   Ângulo: 240.1°
   Distância: 1.9685 km
   offset_x (lat): -0.008804°  |  offset_y (lon): -0.015335°
📊 Row stepping: Processando todas as linhas
🗺️  Map matching: ATIVADO (raio 1500m) - pontos snapped para ruas
📐 Cálculo de distância: HAVERSINE PURO dos pontos COM snap (consistência)
======================================================================

📊 Carregando dados SUMO...
   Total de registros no arquivo: 301
   Veículos únicos: 1
   🚙 Vehicle selecionado: carro_1000

🔄 Agregando viagens por vehicle_id...
  📐 SUMO_carro_1000: Calculando distâncias com Haversine direto (SEM routing API)
      Original: 337 pontos → 3.3706 km (Haversine)
      Offset:   337 pontos → 3.4977 km (Haversine)

🚙 Veículo: SUMO_carro_1000
   Modelo: HBEFA4/PC_petrol_Euro-6ab
   Segmentos: 337
   📏 Distância: 3.379 km (city: 3.069, highway: 0.310)
   ⛽ Combustível: 58.616 l
   🏭 CO2 real: 135402.3 g
   🎯 CO2 meta: 650.5 g
   📊 Delta: -134751.8 g
   💰 Valor E1: R$ -6.7376
   🧭 Tentativas map matching: 339

   🔑 OFFSET DETERMINÍSTICO (x=-0.003706442804356732°, y=-0.0071279973079883055°, max=2.0km):
   📍 Start Original:  (40.775644, -73.960687)
   🔒 Start Protegido: (40.771784, -73.967529) ✓ 0.73 km | ✓ MAP MATCHED
   📏 Deslocamento final: 719.3 metros
   📍 End Original:    (40.774801, -73.960637)
   🔒 End Protegido:   (40.771107, -73.967897) ✓ 0.73 km | ✓ MAP MATCHED
   📏 Deslocamento final: 737.3 metros

   📐 ANÁLISE DE DISTÂNCIA DO TRAJETO (HAVERSINE DOS PONTOS ARMAZENADOS):
   ✨ 261 pontos privados duplicados foram separados para garantir visualização 1:1.
   ℹ️  Dica: use --debug-map-matching para ver tentativas detalhadas de re-snap.
   🔢 Pontos unicos original/offset: 337/76 (Δ -261, -77.4% )
   📍 Trajeto original: 3.371 km (linha reta entre pontos GPS)
   🔒 Trajeto com offset: 3.498 km (linha reta entre pontos COM snap)
   📊 Diferença: +0.127 km (+3.8%)

======================================================================
📊 ESTATÍSTICAS FINAIS
======================================================================
Viagens processadas: 1
Distância total: 3.38 km
Combustível total: 58.62 l
CO2 real total: 135402.3 g
CO2 meta total: 650.5 g
Delta CO2: -134751.8 g
Valor E1 total: R$ -6.74

💰 Créditos: R$ 0.00
💸 Débitos: R$ 6.74
📈 Saldo líquido: R$ -6.74

🗺️  MAP MATCHING:
   Pontos processados: 337
   Snaps tentados: 337 (100.0%)
   Snaps bem-sucedidos: 337 (100.0%)
   Snaps forçados (>100m): 337 (100.0%)
   ✅ TODOS os pontos estão em ruas (FORCE_SNAP=True)
======================================================================

💾 Dados agregados salvos em: ../data/offset_batch/vehicles_step_sim_10/run_100.csv
[csv-worker_1] [vehicles_step_sim_10] ===== LOG RUN 100 FIM =====

FIM CSV: vehicles_step_sim_10
