
==========================================================================================
INICIO CSV: vehicles_step_sim_1 | runs=100 | source=vehicles_step_sim_1.csv
==========================================================================================

[csv-worker_0] [vehicles_step_sim_1] ===== LOG RUN 001 INICIO =====
======================================================================
🚗 PROCESSAMENTO SUMO → E1 REGISTRY (OFFSET ALEATÓRIO - veh0)
======================================================================
📄 Entrada: ../data/vehicles_step_sim_1.csv
🏭 Consumo fabricante: 12.0 km/l
💰 Preço carbono: R$ 50.0/ton
⭕ Raio máximo do offset aleatório: 2.0 km
🎲 Offset gerado aleatoriamente:
   Ângulo: 288.9°
   Distância: 0.7963 km
   offset_x (lat): 0.002319°  |  offset_y (lon): -0.006767°
📊 Row stepping: Processando todas as linhas
🗺️  Map matching: ATIVADO (raio 1500m) - pontos snapped para ruas
📐 Cálculo de distância: HAVERSINE PURO dos pontos COM snap (consistência)
======================================================================

📊 Carregando dados SUMO...

💾 Dados agregados salvos em: ../data/offset_batch/vehicles_step_sim_1/run_001.csv
[csv-worker_0] [vehicles_step_sim_1] ===== LOG RUN 001 FIM =====

[csv-worker_0] [vehicles_step_sim_1] ===== LOG RUN 002 INICIO =====
======================================================================
🚗 PROCESSAMENTO SUMO → E1 REGISTRY (OFFSET ALEATÓRIO - veh0)
======================================================================
📄 Entrada: ../data/vehicles_step_sim_1.csv
🏭 Consumo fabricante: 12.0 km/l
💰 Preço carbono: R$ 50.0/ton
⭕ Raio máximo do offset aleatório: 2.0 km
🎲 Offset gerado aleatoriamente:
   Ângulo: 27.1°
   Distância: 1.1497 km
   offset_x (lat): 0.009197°  |  offset_y (lon): 0.004699°
📊 Row stepping: Processando todas as linhas
🗺️  Map matching: ATIVADO (raio 1500m) - pontos snapped para ruas
📐 Cálculo de distância: HAVERSINE PURO dos pontos COM snap (consistência)
======================================================================

📊 Carregando dados SUMO...
   Total de registros no arquivo: 323
   Veículos únicos: 1
   🚙 Vehicle selecionado: carro_1000

🔄 Agregando viagens por vehicle_id...
  📐 SUMO_carro_1000: Calculando distâncias com Haversine direto (SEM routing API)
      Original: 131 pontos → 1.4055 km (Haversine)
      Offset:   131 pontos → 1.3515 km (Haversine)

🚙 Veículo: SUMO_carro_1000
   Modelo: HBEFA4/PC_petrol_Euro-6ab
   Segmentos: 131
   📏 Distância: 1.410 km (city: 1.410, highway: 0.000)
   ⛽ Combustível: 12.456 l
   🏭 CO2 real: 28774.3 g
   🎯 CO2 meta: 271.4 g
   📊 Delta: -28502.9 g
   💰 Valor E1: R$ -1.4251
   🧭 Tentativas map matching: 133

   🔑 OFFSET DETERMINÍSTICO (x=0.00336429916373481°, y=-0.010492261124121998°, max=2.0km):
   📍 Start Original:  (40.775644, -73.960687)
   🔒 Start Protegido: (40.779725, -73.970645) ✓ 0.96 km | ✓ MAP MATCHED
   📏 Deslocamento final: 954.6 metros
   📍 End Original:    (40.772974, -73.962198)
   🔒 End Protegido:   (40.777487, -73.975039) ✓ 0.96 km | ✓ MAP MATCHED
   📏 Deslocamento final: 1193.4 metros

   📐 ANÁLISE DE DISTÂNCIA DO TRAJETO (HAVERSINE DOS PONTOS ARMAZENADOS):
   ✨ 114 pontos privados duplicados foram separados para garantir visualização 1:1.
   ℹ️  Dica: use --debug-map-matching para ver tentativas detalhadas de re-snap.
   🔢 Pontos unicos original/offset: 130/17 (Δ -113, -86.9% )
   📍 Trajeto original: 1.405 km (linha reta entre pontos GPS)
   🔒 Trajeto com offset: 1.352 km (linha reta entre pontos COM snap)
   📊 Diferença: -0.054 km (-3.8%)

======================================================================
📊 ESTATÍSTICAS FINAIS
======================================================================
Viagens processadas: 1
Distância total: 1.41 km
Combustível total: 12.46 l
CO2 real total: 28774.3 g
CO2 meta total: 271.4 g
Delta CO2: -28502.9 g
Valor E1 total: R$ -1.43

💰 Créditos: R$ 0.00
💸 Débitos: R$ 1.43
📈 Saldo líquido: R$ -1.43

🗺️  MAP MATCHING:
   Pontos processados: 131
   Snaps tentados: 131 (100.0%)
   Snaps bem-sucedidos: 131 (100.0%)
   Snaps forçados (>100m): 131 (100.0%)
   ✅ TODOS os pontos estão em ruas (FORCE_SNAP=True)
======================================================================

💾 Dados agregados salvos em: ../data/offset_batch/vehicles_step_sim_1/run_002.csv
[csv-worker_0] [vehicles_step_sim_1] ===== LOG RUN 002 FIM =====

[csv-worker_0] [vehicles_step_sim_1] ===== LOG RUN 003 INICIO =====
======================================================================
🚗 PROCESSAMENTO SUMO → E1 REGISTRY (OFFSET ALEATÓRIO - veh0)
======================================================================
📄 Entrada: ../data/vehicles_step_sim_1.csv
🏭 Consumo fabricante: 12.0 km/l
💰 Preço carbono: R$ 50.0/ton
⭕ Raio máximo do offset aleatório: 2.0 km
🎲 Offset gerado aleatoriamente:
   Ângulo: 218.1°
   Distância: 1.6595 km
   offset_x (lat): -0.011733°  |  offset_y (lon): -0.009197°
📊 Row stepping: Processando todas as linhas
🗺️  Map matching: ATIVADO (raio 1500m) - pontos snapped para ruas
📐 Cálculo de distância: HAVERSINE PURO dos pontos COM snap (consistência)
======================================================================

📊 Carregando dados SUMO...
   Total de registros no arquivo: 323
   Veículos únicos: 1
   🚙 Vehicle selecionado: carro_1000

🔄 Agregando viagens por vehicle_id...
  📐 SUMO_carro_1000: Calculando distâncias com Haversine direto (SEM routing API)
      Original: 131 pontos → 1.4055 km (Haversine)
      Offset:   131 pontos → 1.3638 km (Haversine)

🚙 Veículo: SUMO_carro_1000
   Modelo: HBEFA4/PC_petrol_Euro-6ab
   Segmentos: 131
   📏 Distância: 1.410 km (city: 1.410, highway: 0.000)
   ⛽ Combustível: 12.456 l
   🏭 CO2 real: 28774.3 g
   🎯 CO2 meta: 271.4 g
   📊 Delta: -28502.9 g
   💰 Valor E1: R$ -1.4251
   🧭 Tentativas map matching: 133

   🔑 OFFSET DETERMINÍSTICO (x=-0.004626317321509869°, y=-0.01571693734357359°, max=2.0km):
   📍 Start Original:  (40.775644, -73.960687)
   🔒 Start Protegido: (40.770786, -73.976129) ✓ 1.42 km | ✓ MAP MATCHED
   📏 Deslocamento final: 1409.6 metros
   📍 End Original:    (40.772974, -73.962198)
   🔒 End Protegido:   (40.766825, -73.978948) ✓ 1.42 km | ✓ MAP MATCHED
   📏 Deslocamento final: 1569.2 metros

   📐 ANÁLISE DE DISTÂNCIA DO TRAJETO (HAVERSINE DOS PONTOS ARMAZENADOS):
   ✨ 115 pontos privados duplicados foram separados para garantir visualização 1:1.
   ℹ️  Dica: use --debug-map-matching para ver tentativas detalhadas de re-snap.
   🔢 Pontos unicos original/offset: 130/16 (Δ -114, -87.7% )
   📍 Trajeto original: 1.405 km (linha reta entre pontos GPS)
   🔒 Trajeto com offset: 1.364 km (linha reta entre pontos COM snap)
   📊 Diferença: -0.042 km (-3.0%)

======================================================================
📊 ESTATÍSTICAS FINAIS
======================================================================
Viagens processadas: 1
Distância total: 1.41 km
Combustível total: 12.46 l
CO2 real total: 28774.3 g
CO2 meta total: 271.4 g
Delta CO2: -28502.9 g
Valor E1 total: R$ -1.43

💰 Créditos: R$ 0.00
💸 Débitos: R$ 1.43
📈 Saldo líquido: R$ -1.43

🗺️  MAP MATCHING:
   Pontos processados: 131
   Snaps tentados: 131 (100.0%)
   Snaps bem-sucedidos: 131 (100.0%)
   Snaps forçados (>100m): 131 (100.0%)
   ✅ TODOS os pontos estão em ruas (FORCE_SNAP=True)
======================================================================

💾 Dados agregados salvos em: ../data/offset_batch/vehicles_step_sim_1/run_003.csv
[csv-worker_0] [vehicles_step_sim_1] ===== LOG RUN 003 FIM =====

[csv-worker_0] [vehicles_step_sim_1] ===== LOG RUN 004 INICIO =====
======================================================================
🚗 PROCESSAMENTO SUMO → E1 REGISTRY (OFFSET ALEATÓRIO - veh0)
======================================================================
📄 Entrada: ../data/vehicles_step_sim_1.csv
🏭 Consumo fabricante: 12.0 km/l
💰 Preço carbono: R$ 50.0/ton
⭕ Raio máximo do offset aleatório: 2.0 km
🎲 Offset gerado aleatoriamente:
   Ângulo: 210.4°
   Distância: 1.4377 km
   offset_x (lat): -0.011135°  |  offset_y (lon): -0.006542°
📊 Row stepping: Processando todas as linhas
🗺️  Map matching: ATIVADO (raio 1500m) - pontos snapped para ruas
📐 Cálculo de distância: HAVERSINE PURO dos pontos COM snap (consistência)
======================================================================

📊 Carregando dados SUMO...
   Total de registros no arquivo: 323
   Veículos únicos: 1
   🚙 Vehicle selecionado: carro_1000

🔄 Agregando viagens por vehicle_id...
  📐 SUMO_carro_1000: Calculando distâncias com Haversine direto (SEM routing API)
      Original: 155 pontos → 1.4242 km (Haversine)
      Offset:   155 pontos → 1.6137 km (Haversine)

🚙 Veículo: SUMO_carro_1000
   Modelo: HBEFA4/PC_petrol_Euro-6ab
   Segmentos: 155
   📏 Distância: 1.424 km (city: 1.424, highway: 0.000)
   ⛽ Combustível: 10.127 l
   🏭 CO2 real: 23393.7 g
   🎯 CO2 meta: 274.2 g
   📊 Delta: -23119.5 g
   💰 Valor E1: R$ -1.1560
   🧭 Tentativas map matching: 157

   🔑 OFFSET DETERMINÍSTICO (x=0.0027035474039404117°, y=0.003939911506821513°, max=2.0km):
   📍 Start Original:  (40.775644, -73.960687)
   🔒 Start Protegido: (40.778229, -73.956649) ✓ 0.45 km | ✓ MAP MATCHED
   📏 Deslocamento final: 445.8 metros
   📍 End Original:    (40.775671, -73.960433)
   🔒 End Protegido:   (40.778244, -73.956507) ✓ 0.45 km | ✓ MAP MATCHED
   📏 Deslocamento final: 437.7 metros

   📐 ANÁLISE DE DISTÂNCIA DO TRAJETO (HAVERSINE DOS PONTOS ARMAZENADOS):
   ✨ 121 pontos privados duplicados foram separados para garantir visualização 1:1.
   ℹ️  Dica: use --debug-map-matching para ver tentativas detalhadas de re-snap.
   🔢 Pontos unicos original/offset: 155/34 (Δ -121, -78.1% )
   📍 Trajeto original: 1.424 km (linha reta entre pontos GPS)
   🔒 Trajeto com offset: 1.614 km (linha reta entre pontos COM snap)
   📊 Diferença: +0.190 km (+13.3%)

======================================================================
📊 ESTATÍSTICAS FINAIS
======================================================================
Viagens processadas: 1
Distância total: 1.42 km
Combustível total: 10.13 l
CO2 real total: 23393.7 g
CO2 meta total: 274.2 g
Delta CO2: -23119.5 g
Valor E1 total: R$ -1.16

💰 Créditos: R$ 0.00
💸 Débitos: R$ 1.16
📈 Saldo líquido: R$ -1.16

🗺️  MAP MATCHING:
   Pontos processados: 155
   Snaps tentados: 155 (100.0%)
   Snaps bem-sucedidos: 155 (100.0%)
   Snaps forçados (>100m): 155 (100.0%)
   ✅ TODOS os pontos estão em ruas (FORCE_SNAP=True)
======================================================================

💾 Dados agregados salvos em: ../data/offset_batch/vehicles_step_sim_1/run_004.csv
[csv-worker_0] [vehicles_step_sim_1] ===== LOG RUN 004 FIM =====

[csv-worker_0] [vehicles_step_sim_1] ===== LOG RUN 005 INICIO =====
======================================================================
🚗 PROCESSAMENTO SUMO → E1 REGISTRY (OFFSET ALEATÓRIO - veh0)
======================================================================
📄 Entrada: ../data/vehicles_step_sim_1.csv
🏭 Consumo fabricante: 12.0 km/l
💰 Preço carbono: R$ 50.0/ton
⭕ Raio máximo do offset aleatório: 2.0 km
🎲 Offset gerado aleatoriamente:
   Ângulo: 193.0°
   Distância: 1.5361 km
   offset_x (lat): -0.013445°  |  offset_y (lon): -0.003106°
📊 Row stepping: Processando todas as linhas
🗺️  Map matching: ATIVADO (raio 1500m) - pontos snapped para ruas
📐 Cálculo de distância: HAVERSINE PURO dos pontos COM snap (consistência)
======================================================================

📊 Carregando dados SUMO...
   Total de registros no arquivo: 323
   Veículos únicos: 1
   🚙 Vehicle selecionado: carro_1000

🔄 Agregando viagens por vehicle_id...
  📐 SUMO_carro_1000: Calculando distâncias com Haversine direto (SEM routing API)
      Original: 131 pontos → 1.4055 km (Haversine)
      Offset:   131 pontos → 1.5421 km (Haversine)

🚙 Veículo: SUMO_carro_1000
   Modelo: HBEFA4/PC_petrol_Euro-6ab
   Segmentos: 131
   📏 Distância: 1.410 km (city: 1.410, highway: 0.000)
   ⛽ Combustível: 12.456 l
   🏭 CO2 real: 28774.3 g
   🎯 CO2 meta: 271.4 g
   📊 Delta: -28502.9 g
   💰 Valor E1: R$ -1.4251
   🧭 Tentativas map matching: 133

   🔑 OFFSET DETERMINÍSTICO (x=0.013688635232020185°, y=0.011380962403183953°, max=2.0km):
   📍 Start Original:  (40.775644, -73.960687)
   🔒 Start Protegido: (40.789095, -73.948696) ✓ 1.80 km | ✓ MAP MATCHED
   📏 Deslocamento final: 1806.7 metros
   📍 End Original:    (40.772974, -73.962198)
   🔒 End Protegido:   (40.786591, -73.950537) ✓ 1.80 km | ✓ MAP MATCHED
   📏 Deslocamento final: 1806.7 metros

   📐 ANÁLISE DE DISTÂNCIA DO TRAJETO (HAVERSINE DOS PONTOS ARMAZENADOS):
   ✨ 109 pontos privados duplicados foram separados para garantir visualização 1:1.
   ℹ️  Dica: use --debug-map-matching para ver tentativas detalhadas de re-snap.
   🔢 Pontos unicos original/offset: 130/22 (Δ -108, -83.1% )
   📍 Trajeto original: 1.405 km (linha reta entre pontos GPS)
   🔒 Trajeto com offset: 1.542 km (linha reta entre pontos COM snap)
   📊 Diferença: +0.137 km (+9.7%)

======================================================================
📊 ESTATÍSTICAS FINAIS
======================================================================
Viagens processadas: 1
Distância total: 1.41 km
Combustível total: 12.46 l
CO2 real total: 28774.3 g
CO2 meta total: 271.4 g
Delta CO2: -28502.9 g
Valor E1 total: R$ -1.43

💰 Créditos: R$ 0.00
💸 Débitos: R$ 1.43
📈 Saldo líquido: R$ -1.43

🗺️  MAP MATCHING:
   Pontos processados: 131
   Snaps tentados: 131 (100.0%)
   Snaps bem-sucedidos: 131 (100.0%)
   Snaps forçados (>100m): 131 (100.0%)
   ✅ TODOS os pontos estão em ruas (FORCE_SNAP=True)
======================================================================

💾 Dados agregados salvos em: ../data/offset_batch/vehicles_step_sim_1/run_005.csv
[csv-worker_0] [vehicles_step_sim_1] ===== LOG RUN 005 FIM =====

[csv-worker_0] [vehicles_step_sim_1] ===== LOG RUN 006 INICIO =====
======================================================================
🚗 PROCESSAMENTO SUMO → E1 REGISTRY (OFFSET ALEATÓRIO - veh0)
======================================================================
📄 Entrada: ../data/vehicles_step_sim_1.csv
🏭 Consumo fabricante: 12.0 km/l
💰 Preço carbono: R$ 50.0/ton
⭕ Raio máximo do offset aleatório: 2.0 km
🎲 Offset gerado aleatoriamente:
   Ângulo: 126.4°
   Distância: 0.5714 km
   offset_x (lat): -0.003044°  |  offset_y (lon): 0.004132°
📊 Row stepping: Processando todas as linhas
🗺️  Map matching: ATIVADO (raio 1500m) - pontos snapped para ruas
📐 Cálculo de distância: HAVERSINE PURO dos pontos COM snap (consistência)
======================================================================

📊 Carregando dados SUMO...
   Total de registros no arquivo: 323
   Veículos únicos: 1
   🚙 Vehicle selecionado: carro_1000

🔄 Agregando viagens por vehicle_id...
  📐 SUMO_carro_1000: Calculando distâncias com Haversine direto (SEM routing API)
      Original: 131 pontos → 1.4055 km (Haversine)
      Offset:   131 pontos → 1.4892 km (Haversine)

🚙 Veículo: SUMO_carro_1000
   Modelo: HBEFA4/PC_petrol_Euro-6ab
   Segmentos: 131
   📏 Distância: 1.410 km (city: 1.410, highway: 0.000)
   ⛽ Combustível: 12.456 l
   🏭 CO2 real: 28774.3 g
   🎯 CO2 meta: 271.4 g
   📊 Delta: -28502.9 g
   💰 Valor E1: R$ -1.4251
   🧭 Tentativas map matching: 133

   🔑 OFFSET DETERMINÍSTICO (x=0.00880921331377454°, y=0.014586832323455869°, max=2.0km):
   📍 Start Original:  (40.775644, -73.960687)
   🔒 Start Protegido: (40.784693, -73.946003) ✓ 1.57 km | ✓ MAP MATCHED
   📏 Deslocamento final: 1595.9 metros
   📍 End Original:    (40.772974, -73.962198)
   🔒 End Protegido:   (40.782261, -73.948387) ✓ 1.57 km | ✓ MAP MATCHED
   📏 Deslocamento final: 1557.1 metros

   📐 ANÁLISE DE DISTÂNCIA DO TRAJETO (HAVERSINE DOS PONTOS ARMAZENADOS):
   ✨ 89 pontos privados duplicados foram separados para garantir visualização 1:1.
   ℹ️  Dica: use --debug-map-matching para ver tentativas detalhadas de re-snap.
   🔢 Pontos unicos original/offset: 130/42 (Δ -88, -67.7% )
   📍 Trajeto original: 1.405 km (linha reta entre pontos GPS)
   🔒 Trajeto com offset: 1.489 km (linha reta entre pontos COM snap)
   📊 Diferença: +0.084 km (+6.0%)

======================================================================
📊 ESTATÍSTICAS FINAIS
======================================================================
Viagens processadas: 1
Distância total: 1.41 km
Combustível total: 12.46 l
CO2 real total: 28774.3 g
CO2 meta total: 271.4 g
Delta CO2: -28502.9 g
Valor E1 total: R$ -1.43

💰 Créditos: R$ 0.00
💸 Débitos: R$ 1.43
📈 Saldo líquido: R$ -1.43

🗺️  MAP MATCHING:
   Pontos processados: 131
   Snaps tentados: 131 (100.0%)
   Snaps bem-sucedidos: 131 (100.0%)
   Snaps forçados (>100m): 131 (100.0%)
   ✅ TODOS os pontos estão em ruas (FORCE_SNAP=True)
======================================================================

💾 Dados agregados salvos em: ../data/offset_batch/vehicles_step_sim_1/run_006.csv
[csv-worker_0] [vehicles_step_sim_1] ===== LOG RUN 006 FIM =====

[csv-worker_0] [vehicles_step_sim_1] ===== LOG RUN 007 INICIO =====
======================================================================
🚗 PROCESSAMENTO SUMO → E1 REGISTRY (OFFSET ALEATÓRIO - veh0)
======================================================================
📄 Entrada: ../data/vehicles_step_sim_1.csv
🏭 Consumo fabricante: 12.0 km/l
💰 Preço carbono: R$ 50.0/ton
⭕ Raio máximo do offset aleatório: 2.0 km
🎲 Offset gerado aleatoriamente:
   Ângulo: 334.8°
   Distância: 1.1584 km
   offset_x (lat): 0.009414°  |  offset_y (lon): -0.004433°
📊 Row stepping: Processando todas as linhas
🗺️  Map matching: ATIVADO (raio 1500m) - pontos snapped para ruas
📐 Cálculo de distância: HAVERSINE PURO dos pontos COM snap (consistência)
======================================================================

📊 Carregando dados SUMO...
  📐 SUMO_carro_1000: Calculando distâncias com Haversine direto (SEM routing API)
      Original: 155 pontos → 1.4242 km (Haversine)
      Offset:   155 pontos → 1.2328 km (Haversine)

🚙 Veículo: SUMO_carro_1000
   Modelo: HBEFA4/PC_petrol_Euro-6ab
   Segmentos: 155
   📏 Distância: 1.424 km (city: 1.424, highway: 0.000)
   ⛽ Combustível: 10.127 l
   🏭 CO2 real: 23393.7 g
   🎯 CO2 meta: 274.2 g
   📊 Delta: -23119.5 g
   💰 Valor E1: R$ -1.1560
   🧭 Tentativas map matching: 157

   🔑 OFFSET DETERMINÍSTICO (x=-0.00282065302139867°, y=0.013106310006314067°, max=2.0km):
   📍 Start Original:  (40.775644, -73.960687)
   🔒 Start Protegido: (40.772410, -73.946795) ✓ 1.15 km | ✓ MAP MATCHED
   📏 Deslocamento final: 1225.2 metros
   📍 End Original:    (40.775671, -73.960433)
   🔒 End Protegido:   (40.772410, -73.946795) ✓ 1.15 km | ✓ MAP MATCHED
   📏 Deslocamento final: 1205.7 metros

   📐 ANÁLISE DE DISTÂNCIA DO TRAJETO (HAVERSINE DOS PONTOS ARMAZENADOS):
   ✨ 126 pontos privados duplicados foram separados para garantir visualização 1:1.
   ℹ️  Dica: use --debug-map-matching para ver tentativas detalhadas de re-snap.
   🔢 Pontos unicos original/offset: 155/29 (Δ -126, -81.3% )
   📍 Trajeto original: 1.424 km (linha reta entre pontos GPS)
   🔒 Trajeto com offset: 1.233 km (linha reta entre pontos COM snap)
   📊 Diferença: -0.191 km (-13.4%)

======================================================================
📊 ESTATÍSTICAS FINAIS
======================================================================
Viagens processadas: 1
Distância total: 1.42 km
Combustível total: 10.13 l
CO2 real total: 23393.7 g
CO2 meta total: 274.2 g
Delta CO2: -23119.5 g
Valor E1 total: R$ -1.16

💰 Créditos: R$ 0.00
💸 Débitos: R$ 1.16
📈 Saldo líquido: R$ -1.16

🗺️  MAP MATCHING:
   Pontos processados: 155
   Snaps tentados: 155 (100.0%)
   Snaps bem-sucedidos: 155 (100.0%)
   Snaps forçados (>100m): 155 (100.0%)
   ✅ TODOS os pontos estão em ruas (FORCE_SNAP=True)
======================================================================

💾 Dados agregados salvos em: ../data/offset_batch/vehicles_step_sim_1/run_007.csv
[csv-worker_0] [vehicles_step_sim_1] ===== LOG RUN 007 FIM =====

[csv-worker_0] [vehicles_step_sim_1] ===== LOG RUN 008 INICIO =====
======================================================================
🚗 PROCESSAMENTO SUMO → E1 REGISTRY (OFFSET ALEATÓRIO - veh0)
======================================================================
📄 Entrada: ../data/vehicles_step_sim_1.csv
🏭 Consumo fabricante: 12.0 km/l
💰 Preço carbono: R$ 50.0/ton
⭕ Raio máximo do offset aleatório: 2.0 km
🎲 Offset gerado aleatoriamente:
   Ângulo: 336.2°
   Distância: 1.8673 km
   offset_x (lat): 0.015352°  |  offset_y (lon): -0.006761°
📊 Row stepping: Processando todas as linhas
🗺️  Map matching: ATIVADO (raio 1500m) - pontos snapped para ruas
📐 Cálculo de distância: HAVERSINE PURO dos pontos COM snap (consistência)
======================================================================

📊 Carregando dados SUMO...
   Total de registros no arquivo: 323
   Veículos únicos: 1
   🚙 Vehicle selecionado: carro_1000

🔄 Agregando viagens por vehicle_id...
  📐 SUMO_carro_1000: Calculando distâncias com Haversine direto (SEM routing API)
      Original: 155 pontos → 1.4242 km (Haversine)
      Offset:   155 pontos → 1.7008 km (Haversine)

🚙 Veículo: SUMO_carro_1000
   Modelo: HBEFA4/PC_petrol_Euro-6ab
   Segmentos: 155
   📏 Distância: 1.424 km (city: 1.424, highway: 0.000)
   ⛽ Combustível: 10.127 l
   🏭 CO2 real: 23393.7 g
   🎯 CO2 meta: 274.2 g
   📊 Delta: -23119.5 g
   💰 Valor E1: R$ -1.1560
   🧭 Tentativas map matching: 157

   🔑 OFFSET DETERMINÍSTICO (x=-0.0076455584854191435°, y=-0.01350023040671897°, max=2.0km):
   📍 Start Original:  (40.775644, -73.960687)
   🔒 Start Protegido: (40.769189, -73.973443) ✓ 1.42 km | ✓ MAP MATCHED
   📏 Deslocamento final: 1293.3 metros
   📍 End Original:    (40.775671, -73.960433)
   🔒 End Protegido:   (40.769126, -73.973260) ✓ 1.42 km | ✓ MAP MATCHED
   📏 Deslocamento final: 1303.8 metros

   📐 ANÁLISE DE DISTÂNCIA DO TRAJETO (HAVERSINE DOS PONTOS ARMAZENADOS):
   ✨ 131 pontos privados duplicados foram separados para garantir visualização 1:1.
   ℹ️  Dica: use --debug-map-matching para ver tentativas detalhadas de re-snap.
   🔢 Pontos unicos original/offset: 155/24 (Δ -131, -84.5% )
   📍 Trajeto original: 1.424 km (linha reta entre pontos GPS)
   🔒 Trajeto com offset: 1.701 km (linha reta entre pontos COM snap)
   📊 Diferença: +0.277 km (+19.4%)

======================================================================
📊 ESTATÍSTICAS FINAIS
======================================================================
Viagens processadas: 1
Distância total: 1.42 km
Combustível total: 10.13 l
CO2 real total: 23393.7 g
CO2 meta total: 274.2 g
Delta CO2: -23119.5 g
Valor E1 total: R$ -1.16

💰 Créditos: R$ 0.00
💸 Débitos: R$ 1.16
📈 Saldo líquido: R$ -1.16

🗺️  MAP MATCHING:
   Pontos processados: 155
   Snaps tentados: 155 (100.0%)
   Snaps bem-sucedidos: 155 (100.0%)
   Snaps forçados (>100m): 155 (100.0%)
   ✅ TODOS os pontos estão em ruas (FORCE_SNAP=True)
======================================================================

💾 Dados agregados salvos em: ../data/offset_batch/vehicles_step_sim_1/run_008.csv
[csv-worker_0] [vehicles_step_sim_1] ===== LOG RUN 008 FIM =====

[csv-worker_0] [vehicles_step_sim_1] ===== LOG RUN 009 INICIO =====
======================================================================
🚗 PROCESSAMENTO SUMO → E1 REGISTRY (OFFSET ALEATÓRIO - veh0)
======================================================================
📄 Entrada: ../data/vehicles_step_sim_1.csv
🏭 Consumo fabricante: 12.0 km/l
💰 Preço carbono: R$ 50.0/ton
⭕ Raio máximo do offset aleatório: 2.0 km
🎲 Offset gerado aleatoriamente:
   Ângulo: 27.4°
   Distância: 1.6135 km
   offset_x (lat): 0.012866°  |  offset_y (lon): 0.006675°
📊 Row stepping: Processando todas as linhas
🗺️  Map matching: ATIVADO (raio 1500m) - pontos snapped para ruas
📐 Cálculo de distância: HAVERSINE PURO dos pontos COM snap (consistência)
======================================================================

📊 Carregando dados SUMO...
   Total de registros no arquivo: 323
   Veículos únicos: 1
   🚙 Vehicle selecionado: carro_1000

🔄 Agregando viagens por vehicle_id...
  📐 SUMO_carro_1000: Calculando distâncias com Haversine direto (SEM routing API)
      Original: 300 pontos → 3.1542 km (Haversine)
      Offset:   300 pontos → 5.8046 km (Haversine)

🚙 Veículo: SUMO_carro_1000
   Modelo: HBEFA4/PC_petrol_Euro-6ab
   Segmentos: 300
   📏 Distância: 3.158 km (city: 2.541, highway: 0.617)
   ⛽ Combustível: 49.984 l
   🏭 CO2 real: 115462.6 g
   🎯 CO2 meta: 608.0 g
   📊 Delta: -114854.6 g
   💰 Valor E1: R$ -5.7427
   🧭 Tentativas map matching: 302

   🔑 OFFSET DETERMINÍSTICO (x=0.007444223080294477°, y=-0.00305947869339401°, max=2.0km):
   📍 Start Original:  (40.775644, -73.960687)
   🔒 Start Protegido: (40.783087, -73.963758) ✓ 0.87 km | ✓ MAP MATCHED
   📏 Deslocamento final: 868.1 metros
   📍 End Original:    (40.773912, -73.961904)
   🔒 End Protegido:   (40.782066, -73.963354) ✓ 0.87 km | ✓ MAP MATCHED
   📏 Deslocamento final: 915.8 metros

   📐 ANÁLISE DE DISTÂNCIA DO TRAJETO (HAVERSINE DOS PONTOS ARMAZENADOS):
   ✨ 223 pontos privados duplicados foram separados para garantir visualização 1:1.
   ℹ️  Dica: use --debug-map-matching para ver tentativas detalhadas de re-snap.
   🔢 Pontos unicos original/offset: 299/77 (Δ -222, -74.2% )
   📍 Trajeto original: 3.154 km (linha reta entre pontos GPS)
   🔒 Trajeto com offset: 5.805 km (linha reta entre pontos COM snap)
   📊 Diferença: +2.650 km (+84.0%)

======================================================================
📊 ESTATÍSTICAS FINAIS
======================================================================
Viagens processadas: 1
Distância total: 3.16 km
Combustível total: 49.98 l
CO2 real total: 115462.6 g
CO2 meta total: 608.0 g
Delta CO2: -114854.6 g
Valor E1 total: R$ -5.74

💰 Créditos: R$ 0.00
💸 Débitos: R$ 5.74
📈 Saldo líquido: R$ -5.74

🗺️  MAP MATCHING:
   Pontos processados: 300
   Snaps tentados: 300 (100.0%)
   Snaps bem-sucedidos: 300 (100.0%)
   Snaps forçados (>100m): 300 (100.0%)
   ✅ TODOS os pontos estão em ruas (FORCE_SNAP=True)
======================================================================

💾 Dados agregados salvos em: ../data/offset_batch/vehicles_step_sim_1/run_009.csv
[csv-worker_0] [vehicles_step_sim_1] ===== LOG RUN 009 FIM =====

[csv-worker_0] [vehicles_step_sim_1] ===== LOG RUN 010 INICIO =====
======================================================================
🚗 PROCESSAMENTO SUMO → E1 REGISTRY (OFFSET ALEATÓRIO - veh0)
======================================================================
📄 Entrada: ../data/vehicles_step_sim_1.csv
🏭 Consumo fabricante: 12.0 km/l
💰 Preço carbono: R$ 50.0/ton
⭕ Raio máximo do offset aleatório: 2.0 km
🎲 Offset gerado aleatoriamente:
   Ângulo: 199.2°
   Distância: 0.5428 km
   offset_x (lat): -0.004606°  |  offset_y (lon): -0.001601°
📊 Row stepping: Processando todas as linhas
🗺️  Map matching: ATIVADO (raio 1500m) - pontos snapped para ruas
📐 Cálculo de distância: HAVERSINE PURO dos pontos COM snap (consistência)
======================================================================

📊 Carregando dados SUMO...
   Total de registros no arquivo: 323
   Veículos únicos: 1
   🚙 Vehicle selecionado: carro_1000

🔄 Agregando viagens por vehicle_id...
  📐 SUMO_carro_1000: Calculando distâncias com Haversine direto (SEM routing API)
      Original: 299 pontos → 3.0526 km (Haversine)
      Offset:   299 pontos → 3.4775 km (Haversine)

🚙 Veículo: SUMO_carro_1000
   Modelo: HBEFA4/PC_petrol_Euro-6ab
   Segmentos: 299
   📏 Distância: 3.060 km (city: 3.060, highway: 0.000)
   ⛽ Combustível: 48.384 l
   🏭 CO2 real: 111766.0 g
   🎯 CO2 meta: 589.0 g
   📊 Delta: -111177.0 g
   💰 Valor E1: R$ -5.5588
   🧭 Tentativas map matching: 301

   🔑 OFFSET DETERMINÍSTICO (x=-0.011430532959322453°, y=-0.008734185134130802°, max=2.0km):
   📍 Start Original:  (40.775644, -73.960687)
   🔒 Start Protegido: (40.764255, -73.969100) ✓ 1.47 km | ✓ MAP MATCHED
   📏 Deslocamento final: 1452.7 metros
   📍 End Original:    (40.774198, -73.961141)
   🔒 End Protegido:   (40.762796, -73.969779) ✓ 1.47 km | ✓ MAP MATCHED
   📏 Deslocamento final: 1463.4 metros

   📐 ANÁLISE DE DISTÂNCIA DO TRAJETO (HAVERSINE DOS PONTOS ARMAZENADOS):
   ✨ 248 pontos privados duplicados foram separados para garantir visualização 1:1.
   ℹ️  Dica: use --debug-map-matching para ver tentativas detalhadas de re-snap.
   🔢 Pontos unicos original/offset: 299/51 (Δ -248, -82.9% )
   📍 Trajeto original: 3.053 km (linha reta entre pontos GPS)
   🔒 Trajeto com offset: 3.478 km (linha reta entre pontos COM snap)
   📊 Diferença: +0.425 km (+13.9%)

======================================================================
📊 ESTATÍSTICAS FINAIS
======================================================================
Viagens processadas: 1
Distância total: 3.06 km
Combustível total: 48.38 l
CO2 real total: 111766.0 g
CO2 meta total: 589.0 g
Delta CO2: -111177.0 g
Valor E1 total: R$ -5.56

💰 Créditos: R$ 0.00
💸 Débitos: R$ 5.56
📈 Saldo líquido: R$ -5.56

🗺️  MAP MATCHING:
   Pontos processados: 299
   Snaps tentados: 299 (100.0%)
   Snaps bem-sucedidos: 299 (100.0%)
   Snaps forçados (>100m): 299 (100.0%)
   ✅ TODOS os pontos estão em ruas (FORCE_SNAP=True)
======================================================================

💾 Dados agregados salvos em: ../data/offset_batch/vehicles_step_sim_1/run_010.csv
[csv-worker_0] [vehicles_step_sim_1] ===== LOG RUN 010 FIM =====

[csv-worker_0] [vehicles_step_sim_1] ===== LOG RUN 011 INICIO =====
======================================================================
🚗 PROCESSAMENTO SUMO → E1 REGISTRY (OFFSET ALEATÓRIO - veh0)
======================================================================
📄 Entrada: ../data/vehicles_step_sim_1.csv
🏭 Consumo fabricante: 12.0 km/l
💰 Preço carbono: R$ 50.0/ton
⭕ Raio máximo do offset aleatório: 2.0 km
🎲 Offset gerado aleatoriamente:
   Ângulo: 8.5°
   Distância: 1.8764 km
   offset_x (lat): 0.016671°  |  offset_y (lon): 0.002491°
📊 Row stepping: Processando todas as linhas
🗺️  Map matching: ATIVADO (raio 1500m) - pontos snapped para ruas
📐 Cálculo de distância: HAVERSINE PURO dos pontos COM snap (consistência)
======================================================================

📊 Carregando dados SUMO...
   Total de registros no arquivo: 323
   Veículos únicos: 1
   🚙 Vehicle selecionado: carro_1000

🔄 Agregando viagens por vehicle_id...
  📐 SUMO_carro_1000: Calculando distâncias com Haversine direto (SEM routing API)
      Original: 131 pontos → 1.4055 km (Haversine)
      Offset:   131 pontos → 1.2913 km (Haversine)

🚙 Veículo: SUMO_carro_1000
   Modelo: HBEFA4/PC_petrol_Euro-6ab
   Segmentos: 131
   📏 Distância: 1.410 km (city: 1.410, highway: 0.000)
   ⛽ Combustível: 12.456 l
   🏭 CO2 real: 28774.3 g
   🎯 CO2 meta: 271.4 g
   📊 Delta: -28502.9 g
   💰 Valor E1: R$ -1.4251
   🧭 Tentativas map matching: 133

   🔑 OFFSET DETERMINÍSTICO (x=0.011699747685093728°, y=-0.01153019397490032°, max=2.0km):
   📍 Start Original:  (40.775644, -73.960687)
   🔒 Start Protegido: (40.787221, -73.971809) ✓ 1.63 km | ✓ MAP MATCHED
   📏 Deslocamento final: 1593.7 metros
   📍 End Original:    (40.772974, -73.962198)
   🔒 End Protegido:   (40.784594, -73.973729) ✓ 1.63 km | ✓ MAP MATCHED
   📏 Deslocamento final: 1618.1 metros

   📐 ANÁLISE DE DISTÂNCIA DO TRAJETO (HAVERSINE DOS PONTOS ARMAZENADOS):
   ✨ 111 pontos privados duplicados foram separados para garantir visualização 1:1.
   ℹ️  Dica: use --debug-map-matching para ver tentativas detalhadas de re-snap.
   🔢 Pontos unicos original/offset: 130/20 (Δ -110, -84.6% )
   📍 Trajeto original: 1.405 km (linha reta entre pontos GPS)
   🔒 Trajeto com offset: 1.291 km (linha reta entre pontos COM snap)
   📊 Diferença: -0.114 km (-8.1%)

======================================================================
📊 ESTATÍSTICAS FINAIS
======================================================================
Viagens processadas: 1
Distância total: 1.41 km
Combustível total: 12.46 l
CO2 real total: 28774.3 g
CO2 meta total: 271.4 g
Delta CO2: -28502.9 g
Valor E1 total: R$ -1.43

💰 Créditos: R$ 0.00
💸 Débitos: R$ 1.43
📈 Saldo líquido: R$ -1.43

🗺️  MAP MATCHING:
   Pontos processados: 131
   Snaps tentados: 131 (100.0%)
   Snaps bem-sucedidos: 131 (100.0%)
   Snaps forçados (>100m): 131 (100.0%)
   ✅ TODOS os pontos estão em ruas (FORCE_SNAP=True)
======================================================================

💾 Dados agregados salvos em: ../data/offset_batch/vehicles_step_sim_1/run_011.csv
[csv-worker_0] [vehicles_step_sim_1] ===== LOG RUN 011 FIM =====

[csv-worker_0] [vehicles_step_sim_1] ===== LOG RUN 012 INICIO =====
======================================================================
🚗 PROCESSAMENTO SUMO → E1 REGISTRY (OFFSET ALEATÓRIO - veh0)
======================================================================
📄 Entrada: ../data/vehicles_step_sim_1.csv
🏭 Consumo fabricante: 12.0 km/l
💰 Preço carbono: R$ 50.0/ton
⭕ Raio máximo do offset aleatório: 2.0 km
🎲 Offset gerado aleatoriamente:
   Ângulo: 133.2°
   Distância: 1.9381 km
   offset_x (lat): -0.011926°  |  offset_y (lon): 0.012684°
📊 Row stepping: Processando todas as linhas
🗺️  Map matching: ATIVADO (raio 1500m) - pontos snapped para ruas
📐 Cálculo de distância: HAVERSINE PURO dos pontos COM snap (consistência)
======================================================================

📊 Carregando dados SUMO...
   Total de registros no arquivo: 323
   Veículos únicos: 1
   🚙 Vehicle selecionado: carro_1000

🔄 Agregando viagens por vehicle_id...
  📐 SUMO_carro_1000: Calculando distâncias com Haversine direto (SEM routing API)
      Original: 155 pontos → 1.4242 km (Haversine)
      Offset:   155 pontos → 1.6735 km (Haversine)

🚙 Veículo: SUMO_carro_1000
   Modelo: HBEFA4/PC_petrol_Euro-6ab
   Segmentos: 155
   📏 Distância: 1.424 km (city: 1.424, highway: 0.000)
   ⛽ Combustível: 10.127 l
   🏭 CO2 real: 23393.7 g
   🎯 CO2 meta: 274.2 g
   📊 Delta: -23119.5 g
   💰 Valor E1: R$ -1.1560
   🧭 Tentativas map matching: 157

   🔑 OFFSET DETERMINÍSTICO (x=0.0007724102676808333°, y=0.008862750006980577°, max=2.0km):
   📍 Start Original:  (40.775644, -73.960687)
   🔒 Start Protegido: (40.776508, -73.952576) ✓ 0.75 km | ✓ MAP MATCHED
   📏 Deslocamento final: 690.5 metros
   📍 End Original:    (40.775671, -73.960433)
   🔒 End Protegido:   (40.776508, -73.952576) ✓ 0.75 km | ✓ MAP MATCHED
   📏 Deslocamento final: 668.9 metros

   📐 ANÁLISE DE DISTÂNCIA DO TRAJETO (HAVERSINE DOS PONTOS ARMAZENADOS):
   ✨ 134 pontos privados duplicados foram separados para garantir visualização 1:1.
   ℹ️  Dica: use --debug-map-matching para ver tentativas detalhadas de re-snap.
   🔢 Pontos unicos original/offset: 155/21 (Δ -134, -86.5% )
   📍 Trajeto original: 1.424 km (linha reta entre pontos GPS)
   🔒 Trajeto com offset: 1.674 km (linha reta entre pontos COM snap)
   📊 Diferença: +0.249 km (+17.5%)

======================================================================
📊 ESTATÍSTICAS FINAIS
======================================================================
Viagens processadas: 1
Distância total: 1.42 km
Combustível total: 10.13 l
CO2 real total: 23393.7 g
CO2 meta total: 274.2 g
Delta CO2: -23119.5 g
Valor E1 total: R$ -1.16

💰 Créditos: R$ 0.00
💸 Débitos: R$ 1.16
📈 Saldo líquido: R$ -1.16

🗺️  MAP MATCHING:
   Pontos processados: 155
   Snaps tentados: 155 (100.0%)
   Snaps bem-sucedidos: 155 (100.0%)
   Snaps forçados (>100m): 155 (100.0%)
   ✅ TODOS os pontos estão em ruas (FORCE_SNAP=True)
======================================================================

💾 Dados agregados salvos em: ../data/offset_batch/vehicles_step_sim_1/run_012.csv
[csv-worker_0] [vehicles_step_sim_1] ===== LOG RUN 012 FIM =====

[csv-worker_0] [vehicles_step_sim_1] ===== LOG RUN 013 INICIO =====
======================================================================
🚗 PROCESSAMENTO SUMO → E1 REGISTRY (OFFSET ALEATÓRIO - veh0)
======================================================================
📄 Entrada: ../data/vehicles_step_sim_1.csv
🏭 Consumo fabricante: 12.0 km/l
💰 Preço carbono: R$ 50.0/ton
⭕ Raio máximo do offset aleatório: 2.0 km
🎲 Offset gerado aleatoriamente:
   Ângulo: 333.4°
   Distância: 1.7375 km
   offset_x (lat): 0.013951°  |  offset_y (lon): -0.006998°
📊 Row stepping: Processando todas as linhas
🗺️  Map matching: ATIVADO (raio 1500m) - pontos snapped para ruas
📐 Cálculo de distância: HAVERSINE PURO dos pontos COM snap (consistência)
======================================================================

📊 Carregando dados SUMO...
   Total de registros no arquivo: 323
   Veículos únicos: 1
   🚙 Vehicle selecionado: carro_1000

🔄 Agregando viagens por vehicle_id...
  📐 SUMO_carro_1000: Calculando distâncias com Haversine direto (SEM routing API)
      Original: 324 pontos → 3.1629 km (Haversine)
      Offset:   324 pontos → 3.8075 km (Haversine)

🚙 Veículo: SUMO_carro_1000
   Modelo: HBEFA4/PC_petrol_Euro-6ab
   Segmentos: 324
   📏 Distância: 3.166 km (city: 3.024, highway: 0.142)
   ⛽ Combustível: 49.530 l
   🏭 CO2 real: 114414.1 g
   🎯 CO2 meta: 609.4 g
   📊 Delta: -113804.6 g
   💰 Valor E1: R$ -5.6902
   🧭 Tentativas map matching: 326

   🔑 OFFSET DETERMINÍSTICO (x=-0.012355182322578229°, y=0.005077925894457865°, max=2.0km):
   📍 Start Original:  (40.775644, -73.960687)
   🔒 Start Protegido: (40.763619, -73.956119) ✓ 1.44 km | ✓ MAP MATCHED
   📏 Deslocamento final: 1392.8 metros
   📍 End Original:    (40.772251, -73.963071)
   🔒 End Protegido:   (40.759908, -73.957961) ✓ 1.44 km | ✓ MAP MATCHED
   📏 Deslocamento final: 1439.9 metros

   📐 ANÁLISE DE DISTÂNCIA DO TRAJETO (HAVERSINE DOS PONTOS ARMAZENADOS):
   ✨ 250 pontos privados duplicados foram separados para garantir visualização 1:1.
   ℹ️  Dica: use --debug-map-matching para ver tentativas detalhadas de re-snap.
   🔢 Pontos unicos original/offset: 324/74 (Δ -250, -77.2% )
   📍 Trajeto original: 3.163 km (linha reta entre pontos GPS)
   🔒 Trajeto com offset: 3.808 km (linha reta entre pontos COM snap)
   📊 Diferença: +0.645 km (+20.4%)

======================================================================
📊 ESTATÍSTICAS FINAIS
======================================================================
Viagens processadas: 1
Distância total: 3.17 km
Combustível total: 49.53 l
CO2 real total: 114414.1 g
CO2 meta total: 609.4 g
Delta CO2: -113804.6 g
Valor E1 total: R$ -5.69

💰 Créditos: R$ 0.00
💸 Débitos: R$ 5.69
📈 Saldo líquido: R$ -5.69

🗺️  MAP MATCHING:
   Pontos processados: 324
   Snaps tentados: 324 (100.0%)
   Snaps bem-sucedidos: 324 (100.0%)
   Snaps forçados (>100m): 324 (100.0%)
   ✅ TODOS os pontos estão em ruas (FORCE_SNAP=True)
======================================================================

💾 Dados agregados salvos em: ../data/offset_batch/vehicles_step_sim_1/run_013.csv
[csv-worker_0] [vehicles_step_sim_1] ===== LOG RUN 013 FIM =====

[csv-worker_0] [vehicles_step_sim_1] ===== LOG RUN 014 INICIO =====
======================================================================
🚗 PROCESSAMENTO SUMO → E1 REGISTRY (OFFSET ALEATÓRIO - veh0)
======================================================================
📄 Entrada: ../data/vehicles_step_sim_1.csv
🏭 Consumo fabricante: 12.0 km/l
💰 Preço carbono: R$ 50.0/ton
⭕ Raio máximo do offset aleatório: 2.0 km
🎲 Offset gerado aleatoriamente:
   Ângulo: 73.6°
   Distância: 0.9748 km
   offset_x (lat): 0.002479°  |  offset_y (lon): 0.008398°
📊 Row stepping: Processando todas as linhas
🗺️  Map matching: ATIVADO (raio 1500m) - pontos snapped para ruas
📐 Cálculo de distância: HAVERSINE PURO dos pontos COM snap (consistência)
======================================================================

📊 Carregando dados SUMO...
   Total de registros no arquivo: 323
   Veículos únicos: 1
   🚙 Vehicle selecionado: carro_1000

🔄 Agregando viagens por vehicle_id...
  📐 SUMO_carro_1000: Calculando distâncias com Haversine direto (SEM routing API)
      Original: 155 pontos → 1.4242 km (Haversine)
      Offset:   155 pontos → 1.8079 km (Haversine)

🚙 Veículo: SUMO_carro_1000
   Modelo: HBEFA4/PC_petrol_Euro-6ab
   Segmentos: 155
   📏 Distância: 1.424 km (city: 1.424, highway: 0.000)
   ⛽ Combustível: 10.127 l
   🏭 CO2 real: 23393.7 g
   🎯 CO2 meta: 274.2 g
   📊 Delta: -23119.5 g
   💰 Valor E1: R$ -1.1560
   🧭 Tentativas map matching: 157

   🔑 OFFSET DETERMINÍSTICO (x=-0.005300777828715984°, y=0.007591551670729574°, max=2.0km):
   📍 Start Original:  (40.775644, -73.960687)
   🔒 Start Protegido: (40.770335, -73.953976) ✓ 0.87 km | ✓ MAP MATCHED
   📏 Deslocamento final: 818.1 metros
   📍 End Original:    (40.775671, -73.960433)
   🔒 End Protegido:   (40.770962, -73.953475) ✓ 0.87 km | ✓ MAP MATCHED
   📏 Deslocamento final: 786.7 metros

   📐 ANÁLISE DE DISTÂNCIA DO TRAJETO (HAVERSINE DOS PONTOS ARMAZENADOS):
   ✨ 122 pontos privados duplicados foram separados para garantir visualização 1:1.
   ℹ️  Dica: use --debug-map-matching para ver tentativas detalhadas de re-snap.
   🔢 Pontos unicos original/offset: 155/33 (Δ -122, -78.7% )
   📍 Trajeto original: 1.424 km (linha reta entre pontos GPS)
   🔒 Trajeto com offset: 1.808 km (linha reta entre pontos COM snap)
   📊 Diferença: +0.384 km (+26.9%)

======================================================================
📊 ESTATÍSTICAS FINAIS
======================================================================
Viagens processadas: 1
Distância total: 1.42 km
Combustível total: 10.13 l
CO2 real total: 23393.7 g
CO2 meta total: 274.2 g
Delta CO2: -23119.5 g
Valor E1 total: R$ -1.16

💰 Créditos: R$ 0.00
💸 Débitos: R$ 1.16
📈 Saldo líquido: R$ -1.16

🗺️  MAP MATCHING:
   Pontos processados: 155
   Snaps tentados: 155 (100.0%)
   Snaps bem-sucedidos: 155 (100.0%)
   Snaps forçados (>100m): 155 (100.0%)
   ✅ TODOS os pontos estão em ruas (FORCE_SNAP=True)
======================================================================

💾 Dados agregados salvos em: ../data/offset_batch/vehicles_step_sim_1/run_014.csv
[csv-worker_0] [vehicles_step_sim_1] ===== LOG RUN 014 FIM =====

[csv-worker_0] [vehicles_step_sim_1] ===== LOG RUN 015 INICIO =====
======================================================================
🚗 PROCESSAMENTO SUMO → E1 REGISTRY (OFFSET ALEATÓRIO - veh0)
======================================================================
📄 Entrada: ../data/vehicles_step_sim_1.csv
🏭 Consumo fabricante: 12.0 km/l
💰 Preço carbono: R$ 50.0/ton
⭕ Raio máximo do offset aleatório: 2.0 km
🎲 Offset gerado aleatoriamente:
   Ângulo: 54.9°
   Distância: 1.1571 km
   offset_x (lat): 0.005971°  |  offset_y (lon): 0.008508°
📊 Row stepping: Processando todas as linhas
🗺️  Map matching: ATIVADO (raio 1500m) - pontos snapped para ruas
📐 Cálculo de distância: HAVERSINE PURO dos pontos COM snap (consistência)
======================================================================

📊 Carregando dados SUMO...
   Total de registros no arquivo: 323
   Veículos únicos: 1
   🚙 Vehicle selecionado: carro_1000

🔄 Agregando viagens por vehicle_id...
  📐 SUMO_carro_1000: Calculando distâncias com Haversine direto (SEM routing API)
      Original: 222 pontos → 1.9688 km (Haversine)
      Offset:   222 pontos → 2.0110 km (Haversine)

🚙 Veículo: SUMO_carro_1000
   Modelo: HBEFA4/PC_petrol_Euro-6ab
   Segmentos: 222
   📏 Distância: 1.973 km (city: 1.973, highway: 0.000)
   ⛽ Combustível: 24.219 l
   🏭 CO2 real: 55946.2 g
   🎯 CO2 meta: 379.8 g
   📊 Delta: -55566.4 g
   💰 Valor E1: R$ -2.7783
   🧭 Tentativas map matching: 224

   🔑 OFFSET DETERMINÍSTICO (x=0.011892564328775312°, y=0.007240350391866004°, max=2.0km):
   📍 Start Original:  (40.775644, -73.960687)
   🔒 Start Protegido: (40.787856, -73.953565) ✓ 1.46 km | ✓ MAP MATCHED
   📏 Deslocamento final: 1486.2 metros
   📍 End Original:    (40.772651, -73.962544)
   🔒 End Protegido:   (40.784625, -73.955928) ✓ 1.46 km | ✓ MAP MATCHED
   📏 Deslocamento final: 1445.0 metros

   📐 ANÁLISE DE DISTÂNCIA DO TRAJETO (HAVERSINE DOS PONTOS ARMAZENADOS):
   ✨ 193 pontos privados duplicados foram separados para garantir visualização 1:1.
   ℹ️  Dica: use --debug-map-matching para ver tentativas detalhadas de re-snap.
   🔢 Pontos unicos original/offset: 221/29 (Δ -192, -86.9% )
   📍 Trajeto original: 1.969 km (linha reta entre pontos GPS)
   🔒 Trajeto com offset: 2.011 km (linha reta entre pontos COM snap)
   📊 Diferença: +0.042 km (+2.1%)

======================================================================
📊 ESTATÍSTICAS FINAIS
======================================================================
Viagens processadas: 1
Distância total: 1.97 km
Combustível total: 24.22 l
CO2 real total: 55946.2 g
CO2 meta total: 379.8 g
Delta CO2: -55566.4 g
Valor E1 total: R$ -2.78

💰 Créditos: R$ 0.00
💸 Débitos: R$ 2.78
📈 Saldo líquido: R$ -2.78

🗺️  MAP MATCHING:
   Pontos processados: 222
   Snaps tentados: 222 (100.0%)
   Snaps bem-sucedidos: 222 (100.0%)
   Snaps forçados (>100m): 222 (100.0%)
   ✅ TODOS os pontos estão em ruas (FORCE_SNAP=True)
======================================================================

💾 Dados agregados salvos em: ../data/offset_batch/vehicles_step_sim_1/run_015.csv
[csv-worker_0] [vehicles_step_sim_1] ===== LOG RUN 015 FIM =====

[csv-worker_0] [vehicles_step_sim_1] ===== LOG RUN 016 INICIO =====
======================================================================
🚗 PROCESSAMENTO SUMO → E1 REGISTRY (OFFSET ALEATÓRIO - veh0)
======================================================================
📄 Entrada: ../data/vehicles_step_sim_1.csv
🏭 Consumo fabricante: 12.0 km/l
💰 Preço carbono: R$ 50.0/ton
⭕ Raio máximo do offset aleatório: 2.0 km
🎲 Offset gerado aleatoriamente:
   Ângulo: 313.3°
   Distância: 0.7437 km
   offset_x (lat): 0.004582°  |  offset_y (lon): -0.004862°
📊 Row stepping: Processando todas as linhas
🗺️  Map matching: ATIVADO (raio 1500m) - pontos snapped para ruas
📐 Cálculo de distância: HAVERSINE PURO dos pontos COM snap (consistência)
======================================================================

📊 Carregando dados SUMO...
   Total de registros no arquivo: 323
   Veículos únicos: 1
   🚙 Vehicle selecionado: carro_1000

🔄 Agregando viagens por vehicle_id...
  📐 SUMO_carro_1000: Calculando distâncias com Haversine direto (SEM routing API)
      Original: 300 pontos → 3.1542 km (Haversine)
      Offset:   300 pontos → 2.2938 km (Haversine)

🚙 Veículo: SUMO_carro_1000
   Modelo: HBEFA4/PC_petrol_Euro-6ab
   Segmentos: 300
   📏 Distância: 3.158 km (city: 2.541, highway: 0.617)
   ⛽ Combustível: 49.984 l
   🏭 CO2 real: 115462.6 g
   🎯 CO2 meta: 608.0 g
   📊 Delta: -114854.6 g
   💰 Valor E1: R$ -5.7427
   🧭 Tentativas map matching: 302

   🔑 OFFSET DETERMINÍSTICO (x=0.0046214082078884135°, y=-0.0052422279809203765°, max=2.0km):
   📍 Start Original:  (40.775644, -73.960687)
   🔒 Start Protegido: (40.778258, -73.966747) ✓ 0.68 km | ✓ MAP MATCHED
   📏 Deslocamento final: 587.9 metros
   📍 End Original:    (40.773912, -73.961904)
   🔒 End Protegido:   (40.778378, -73.967212) ✓ 0.68 km | ✓ MAP MATCHED
   📏 Deslocamento final: 668.8 metros

   📐 ANÁLISE DE DISTÂNCIA DO TRAJETO (HAVERSINE DOS PONTOS ARMAZENADOS):
   ✨ 260 pontos privados duplicados foram separados para garantir visualização 1:1.
   ℹ️  Dica: use --debug-map-matching para ver tentativas detalhadas de re-snap.
   🔢 Pontos unicos original/offset: 299/40 (Δ -259, -86.6% )
   📍 Trajeto original: 3.154 km (linha reta entre pontos GPS)
   🔒 Trajeto com offset: 2.294 km (linha reta entre pontos COM snap)
   📊 Diferença: -0.860 km (-27.3%)

======================================================================
📊 ESTATÍSTICAS FINAIS
======================================================================
Viagens processadas: 1
Distância total: 3.16 km
Combustível total: 49.98 l
CO2 real total: 115462.6 g
CO2 meta total: 608.0 g
Delta CO2: -114854.6 g
Valor E1 total: R$ -5.74

💰 Créditos: R$ 0.00
💸 Débitos: R$ 5.74
📈 Saldo líquido: R$ -5.74

🗺️  MAP MATCHING:
   Pontos processados: 300
   Snaps tentados: 300 (100.0%)
   Snaps bem-sucedidos: 300 (100.0%)
   Snaps forçados (>100m): 300 (100.0%)
   ✅ TODOS os pontos estão em ruas (FORCE_SNAP=True)
======================================================================

💾 Dados agregados salvos em: ../data/offset_batch/vehicles_step_sim_1/run_016.csv
[csv-worker_0] [vehicles_step_sim_1] ===== LOG RUN 016 FIM =====

[csv-worker_0] [vehicles_step_sim_1] ===== LOG RUN 017 INICIO =====
======================================================================
🚗 PROCESSAMENTO SUMO → E1 REGISTRY (OFFSET ALEATÓRIO - veh0)
======================================================================
📄 Entrada: ../data/vehicles_step_sim_1.csv
🏭 Consumo fabricante: 12.0 km/l
💰 Preço carbono: R$ 50.0/ton
⭕ Raio máximo do offset aleatório: 2.0 km
🎲 Offset gerado aleatoriamente:
   Ângulo: 72.6°
   Distância: 1.6443 km
   offset_x (lat): 0.004419°  |  offset_y (lon): 0.014094°
📊 Row stepping: Processando todas as linhas
🗺️  Map matching: ATIVADO (raio 1500m) - pontos snapped para ruas
📐 Cálculo de distância: HAVERSINE PURO dos pontos COM snap (consistência)
======================================================================

📊 Carregando dados SUMO...
   Total de registros no arquivo: 323
   Veículos únicos: 1
   🚙 Vehicle selecionado: carro_1000

🔄 Agregando viagens por vehicle_id...
  📐 SUMO_carro_1000: Calculando distâncias com Haversine direto (SEM routing API)
      Original: 222 pontos → 1.9688 km (Haversine)
      Offset:   222 pontos → 2.8488 km (Haversine)

🚙 Veículo: SUMO_carro_1000
   Modelo: HBEFA4/PC_petrol_Euro-6ab
   Segmentos: 222
   📏 Distância: 1.973 km (city: 1.973, highway: 0.000)
   ⛽ Combustível: 24.219 l
   🏭 CO2 real: 55946.2 g
   🎯 CO2 meta: 379.8 g
   📊 Delta: -55566.4 g
   💰 Valor E1: R$ -2.7783
   🧭 Tentativas map matching: 224

   🔑 OFFSET DETERMINÍSTICO (x=0.00825634438524252°, y=-0.0016544523043882575°, max=2.0km):
   📍 Start Original:  (40.775644, -73.960687)
   🔒 Start Protegido: (40.783144, -73.963804) ✓ 0.93 km | ✓ MAP MATCHED
   📏 Deslocamento final: 875.4 metros
   📍 End Original:    (40.772651, -73.962544)
   🔒 End Protegido:   (40.781739, -73.963059) ✓ 0.93 km | ✓ MAP MATCHED
   📏 Deslocamento final: 1012.6 metros

   📐 ANÁLISE DE DISTÂNCIA DO TRAJETO (HAVERSINE DOS PONTOS ARMAZENADOS):
   ✨ 179 pontos privados duplicados foram separados para garantir visualização 1:1.
   ℹ️  Dica: use --debug-map-matching para ver tentativas detalhadas de re-snap.
   🔢 Pontos unicos original/offset: 221/43 (Δ -178, -80.5% )
   📍 Trajeto original: 1.969 km (linha reta entre pontos GPS)
   🔒 Trajeto com offset: 2.849 km (linha reta entre pontos COM snap)
   📊 Diferença: +0.880 km (+44.7%)

======================================================================
📊 ESTATÍSTICAS FINAIS
======================================================================
Viagens processadas: 1
Distância total: 1.97 km
Combustível total: 24.22 l
CO2 real total: 55946.2 g
CO2 meta total: 379.8 g
Delta CO2: -55566.4 g
Valor E1 total: R$ -2.78

💰 Créditos: R$ 0.00
💸 Débitos: R$ 2.78
📈 Saldo líquido: R$ -2.78

🗺️  MAP MATCHING:
   Pontos processados: 222
   Snaps tentados: 222 (100.0%)
   Snaps bem-sucedidos: 222 (100.0%)
   Snaps forçados (>100m): 222 (100.0%)
   ✅ TODOS os pontos estão em ruas (FORCE_SNAP=True)
======================================================================

💾 Dados agregados salvos em: ../data/offset_batch/vehicles_step_sim_1/run_017.csv
[csv-worker_0] [vehicles_step_sim_1] ===== LOG RUN 017 FIM =====

[csv-worker_0] [vehicles_step_sim_1] ===== LOG RUN 018 INICIO =====
======================================================================
🚗 PROCESSAMENTO SUMO → E1 REGISTRY (OFFSET ALEATÓRIO - veh0)
======================================================================
📄 Entrada: ../data/vehicles_step_sim_1.csv
🏭 Consumo fabricante: 12.0 km/l
💰 Preço carbono: R$ 50.0/ton
⭕ Raio máximo do offset aleatório: 2.0 km
🎲 Offset gerado aleatoriamente:
   Ângulo: 56.7°
   Distância: 1.2922 km
   offset_x (lat): 0.006381°  |  offset_y (lon): 0.009697°
📊 Row stepping: Processando todas as linhas
🗺️  Map matching: ATIVADO (raio 1500m) - pontos snapped para ruas
📐 Cálculo de distância: HAVERSINE PURO dos pontos COM snap (consistência)
======================================================================

📊 Carregando dados SUMO...
   Total de registros no arquivo: 323
   Veículos únicos: 1
   🚙 Vehicle selecionado: carro_1000

🔄 Agregando viagens por vehicle_id...
  📐 SUMO_carro_1000: Calculando distâncias com Haversine direto (SEM routing API)
      Original: 155 pontos → 1.4242 km (Haversine)
      Offset:   155 pontos → 1.7420 km (Haversine)

🚙 Veículo: SUMO_carro_1000
   Modelo: HBEFA4/PC_petrol_Euro-6ab
   Segmentos: 155
   📏 Distância: 1.424 km (city: 1.424, highway: 0.000)
   ⛽ Combustível: 10.127 l
   🏭 CO2 real: 23393.7 g
   🎯 CO2 meta: 274.2 g
   📊 Delta: -23119.5 g
   💰 Valor E1: R$ -1.1560
   🧭 Tentativas map matching: 157

   🔑 OFFSET DETERMINÍSTICO (x=-0.011160433840528717°, y=-0.013430159914510515°, max=2.0km):
   📍 Start Original:  (40.775644, -73.960687)
   🔒 Start Protegido: (40.764665, -73.973825) ✓ 1.68 km | ✓ MAP MATCHED
   📏 Deslocamento final: 1649.4 metros
   📍 End Original:    (40.775671, -73.960433)
   🔒 End Protegido:   (40.764490, -73.973726) ✓ 1.68 km | ✓ MAP MATCHED
   📏 Deslocamento final: 1674.8 metros

   📐 ANÁLISE DE DISTÂNCIA DO TRAJETO (HAVERSINE DOS PONTOS ARMAZENADOS):
   ✨ 125 pontos privados duplicados foram separados para garantir visualização 1:1.
   ℹ️  Dica: use --debug-map-matching para ver tentativas detalhadas de re-snap.
   🔢 Pontos unicos original/offset: 155/30 (Δ -125, -80.6% )
   📍 Trajeto original: 1.424 km (linha reta entre pontos GPS)
   🔒 Trajeto com offset: 1.742 km (linha reta entre pontos COM snap)
   📊 Diferença: +0.318 km (+22.3%)

======================================================================
📊 ESTATÍSTICAS FINAIS
======================================================================
Viagens processadas: 1
Distância total: 1.42 km
Combustível total: 10.13 l
CO2 real total: 23393.7 g
CO2 meta total: 274.2 g
Delta CO2: -23119.5 g
Valor E1 total: R$ -1.16

💰 Créditos: R$ 0.00
💸 Débitos: R$ 1.16
📈 Saldo líquido: R$ -1.16

🗺️  MAP MATCHING:
   Pontos processados: 155
   Snaps tentados: 155 (100.0%)
   Snaps bem-sucedidos: 155 (100.0%)
   Snaps forçados (>100m): 155 (100.0%)
   ✅ TODOS os pontos estão em ruas (FORCE_SNAP=True)
======================================================================

💾 Dados agregados salvos em: ../data/offset_batch/vehicles_step_sim_1/run_018.csv
[csv-worker_0] [vehicles_step_sim_1] ===== LOG RUN 018 FIM =====

[csv-worker_0] [vehicles_step_sim_1] ===== LOG RUN 019 INICIO =====
======================================================================
🚗 PROCESSAMENTO SUMO → E1 REGISTRY (OFFSET ALEATÓRIO - veh0)
======================================================================
📄 Entrada: ../data/vehicles_step_sim_1.csv
🏭 Consumo fabricante: 12.0 km/l
💰 Preço carbono: R$ 50.0/ton
⭕ Raio máximo do offset aleatório: 2.0 km
🎲 Offset gerado aleatoriamente:
   Ângulo: 309.8°
   Distância: 1.7916 km
   offset_x (lat): 0.010295°  |  offset_y (lon): -0.012371°
📊 Row stepping: Processando todas as linhas
🗺️  Map matching: ATIVADO (raio 1500m) - pontos snapped para ruas
📐 Cálculo de distância: HAVERSINE PURO dos pontos COM snap (consistência)
======================================================================

📊 Carregando dados SUMO...
   Total de registros no arquivo: 323
   Veículos únicos: 1
   🚙 Vehicle selecionado: carro_1000

🔄 Agregando viagens por vehicle_id...
  📐 SUMO_carro_1000: Calculando distâncias com Haversine direto (SEM routing API)
      Original: 155 pontos → 1.4242 km (Haversine)
      Offset:   155 pontos → 1.5950 km (Haversine)

🚙 Veículo: SUMO_carro_1000
   Modelo: HBEFA4/PC_petrol_Euro-6ab
   Segmentos: 155
   📏 Distância: 1.424 km (city: 1.424, highway: 0.000)
   ⛽ Combustível: 10.127 l
   🏭 CO2 real: 23393.7 g
   🎯 CO2 meta: 274.2 g
   📊 Delta: -23119.5 g
   💰 Valor E1: R$ -1.1560
   🧭 Tentativas map matching: 157

   🔑 OFFSET DETERMINÍSTICO (x=0.010453249184411357°, y=0.005368762423077726°, max=2.0km):
   📍 Start Original:  (40.775644, -73.960687)
   🔒 Start Protegido: (40.785970, -73.955222) ✓ 1.25 km | ✓ MAP MATCHED
   📏 Deslocamento final: 1238.5 metros
   📍 End Original:    (40.775671, -73.960433)
   🔒 End Protegido:   (40.785983, -73.955072) ✓ 1.25 km | ✓ MAP MATCHED
   📏 Deslocamento final: 1233.7 metros

   📐 ANÁLISE DE DISTÂNCIA DO TRAJETO (HAVERSINE DOS PONTOS ARMAZENADOS):
   ✨ 111 pontos privados duplicados foram separados para garantir visualização 1:1.
   ℹ️  Dica: use --debug-map-matching para ver tentativas detalhadas de re-snap.
   🔢 Pontos unicos original/offset: 155/44 (Δ -111, -71.6% )
   📍 Trajeto original: 1.424 km (linha reta entre pontos GPS)
   🔒 Trajeto com offset: 1.595 km (linha reta entre pontos COM snap)
   📊 Diferença: +0.171 km (+12.0%)

======================================================================
📊 ESTATÍSTICAS FINAIS
======================================================================
Viagens processadas: 1
Distância total: 1.42 km
Combustível total: 10.13 l
CO2 real total: 23393.7 g
CO2 meta total: 274.2 g
Delta CO2: -23119.5 g
Valor E1 total: R$ -1.16

💰 Créditos: R$ 0.00
💸 Débitos: R$ 1.16
📈 Saldo líquido: R$ -1.16

🗺️  MAP MATCHING:
   Pontos processados: 155
   Snaps tentados: 155 (100.0%)
   Snaps bem-sucedidos: 155 (100.0%)
   Snaps forçados (>100m): 155 (100.0%)
   ✅ TODOS os pontos estão em ruas (FORCE_SNAP=True)
======================================================================

💾 Dados agregados salvos em: ../data/offset_batch/vehicles_step_sim_1/run_019.csv
[csv-worker_0] [vehicles_step_sim_1] ===== LOG RUN 019 FIM =====

[csv-worker_0] [vehicles_step_sim_1] ===== LOG RUN 020 INICIO =====
======================================================================
🚗 PROCESSAMENTO SUMO → E1 REGISTRY (OFFSET ALEATÓRIO - veh0)
======================================================================
📄 Entrada: ../data/vehicles_step_sim_1.csv
🏭 Consumo fabricante: 12.0 km/l
💰 Preço carbono: R$ 50.0/ton
⭕ Raio máximo do offset aleatório: 2.0 km
🎲 Offset gerado aleatoriamente:
   Ângulo: 357.4°
   Distância: 1.1208 km
   offset_x (lat): 0.010058°  |  offset_y (lon): -0.000451°
📊 Row stepping: Processando todas as linhas
🗺️  Map matching: ATIVADO (raio 1500m) - pontos snapped para ruas
📐 Cálculo de distância: HAVERSINE PURO dos pontos COM snap (consistência)
======================================================================

📊 Carregando dados SUMO...
   Total de registros no arquivo: 323
   Veículos únicos: 1
   🚙 Vehicle selecionado: carro_1000

🔄 Agregando viagens por vehicle_id...
  📐 SUMO_carro_1000: Calculando distâncias com Haversine direto (SEM routing API)
      Original: 155 pontos → 1.4242 km (Haversine)
      Offset:   155 pontos → 1.9487 km (Haversine)

🚙 Veículo: SUMO_carro_1000
   Modelo: HBEFA4/PC_petrol_Euro-6ab
   Segmentos: 155
   📏 Distância: 1.424 km (city: 1.424, highway: 0.000)
   ⛽ Combustível: 10.127 l
   🏭 CO2 real: 23393.7 g
   🎯 CO2 meta: 274.2 g
   📊 Delta: -23119.5 g
   💰 Valor E1: R$ -1.1560
   🧭 Tentativas map matching: 157

   🔑 OFFSET DETERMINÍSTICO (x=-0.007929173839730526°, y=-0.0011996027154443122°, max=2.0km):
   📍 Start Original:  (40.775644, -73.960687)
   🔒 Start Protegido: (40.767756, -73.961881) ✓ 0.89 km | ✓ MAP MATCHED
   📏 Deslocamento final: 883.8 metros
   📍 End Original:    (40.775671, -73.960433)
   🔒 End Protegido:   (40.767756, -73.961881) ✓ 0.89 km | ✓ MAP MATCHED
   📏 Deslocamento final: 889.6 metros

   📐 ANÁLISE DE DISTÂNCIA DO TRAJETO (HAVERSINE DOS PONTOS ARMAZENADOS):
   ✨ 123 pontos privados duplicados foram separados para garantir visualização 1:1.
   ℹ️  Dica: use --debug-map-matching para ver tentativas detalhadas de re-snap.
   🔢 Pontos unicos original/offset: 155/32 (Δ -123, -79.4% )
   📍 Trajeto original: 1.424 km (linha reta entre pontos GPS)
   🔒 Trajeto com offset: 1.949 km (linha reta entre pontos COM snap)
   📊 Diferença: +0.525 km (+36.8%)

======================================================================
📊 ESTATÍSTICAS FINAIS
======================================================================
Viagens processadas: 1
Distância total: 1.42 km
Combustível total: 10.13 l
CO2 real total: 23393.7 g
CO2 meta total: 274.2 g
Delta CO2: -23119.5 g
Valor E1 total: R$ -1.16

💰 Créditos: R$ 0.00
💸 Débitos: R$ 1.16
📈 Saldo líquido: R$ -1.16

🗺️  MAP MATCHING:
   Pontos processados: 155
   Snaps tentados: 155 (100.0%)
   Snaps bem-sucedidos: 155 (100.0%)
   Snaps forçados (>100m): 155 (100.0%)
   ✅ TODOS os pontos estão em ruas (FORCE_SNAP=True)
======================================================================

💾 Dados agregados salvos em: ../data/offset_batch/vehicles_step_sim_1/run_020.csv
[csv-worker_0] [vehicles_step_sim_1] ===== LOG RUN 020 FIM =====

[csv-worker_0] [vehicles_step_sim_1] ===== LOG RUN 021 INICIO =====
======================================================================
🚗 PROCESSAMENTO SUMO → E1 REGISTRY (OFFSET ALEATÓRIO - veh0)
======================================================================
📄 Entrada: ../data/vehicles_step_sim_1.csv
🏭 Consumo fabricante: 12.0 km/l
💰 Preço carbono: R$ 50.0/ton
⭕ Raio máximo do offset aleatório: 2.0 km
🎲 Offset gerado aleatoriamente:
   Ângulo: 67.4°
   Distância: 1.7247 km
   offset_x (lat): 0.005957°  |  offset_y (lon): 0.014302°
📊 Row stepping: Processando todas as linhas
🗺️  Map matching: ATIVADO (raio 1500m) - pontos snapped para ruas
📐 Cálculo de distância: HAVERSINE PURO dos pontos COM snap (consistência)
======================================================================

📊 Carregando dados SUMO...
   Total de registros no arquivo: 323
   Veículos únicos: 1
   🚙 Vehicle selecionado: carro_1000

🔄 Agregando viagens por vehicle_id...
  📐 SUMO_carro_1000: Calculando distâncias com Haversine direto (SEM routing API)
      Original: 155 pontos → 1.4242 km (Haversine)
      Offset:   155 pontos → 1.4907 km (Haversine)

🚙 Veículo: SUMO_carro_1000
   Modelo: HBEFA4/PC_petrol_Euro-6ab
   Segmentos: 155
   📏 Distância: 1.424 km (city: 1.424, highway: 0.000)
   ⛽ Combustível: 10.127 l
   🏭 CO2 real: 23393.7 g
   🎯 CO2 meta: 274.2 g
   📊 Delta: -23119.5 g
   💰 Valor E1: R$ -1.1560
   🧭 Tentativas map matching: 157

   🔑 OFFSET DETERMINÍSTICO (x=0.010163339368113084°, y=0.007691168494812136°, max=2.0km):
   📍 Start Original:  (40.775644, -73.960687)
   🔒 Start Protegido: (40.785789, -73.953003) ✓ 1.30 km | ✓ MAP MATCHED
   📏 Deslocamento final: 1302.0 metros
   📍 End Original:    (40.775671, -73.960433)
   🔒 End Protegido:   (40.785800, -73.952849) ✓ 1.30 km | ✓ MAP MATCHED
   📏 Deslocamento final: 1296.2 metros

   📐 ANÁLISE DE DISTÂNCIA DO TRAJETO (HAVERSINE DOS PONTOS ARMAZENADOS):
   ✨ 112 pontos privados duplicados foram separados para garantir visualização 1:1.
   ℹ️  Dica: use --debug-map-matching para ver tentativas detalhadas de re-snap.
   🔢 Pontos unicos original/offset: 155/43 (Δ -112, -72.3% )
   📍 Trajeto original: 1.424 km (linha reta entre pontos GPS)
   🔒 Trajeto com offset: 1.491 km (linha reta entre pontos COM snap)
   📊 Diferença: +0.066 km (+4.7%)

======================================================================
📊 ESTATÍSTICAS FINAIS
======================================================================
Viagens processadas: 1
Distância total: 1.42 km
Combustível total: 10.13 l
CO2 real total: 23393.7 g
CO2 meta total: 274.2 g
Delta CO2: -23119.5 g
Valor E1 total: R$ -1.16

💰 Créditos: R$ 0.00
💸 Débitos: R$ 1.16
📈 Saldo líquido: R$ -1.16

🗺️  MAP MATCHING:
   Pontos processados: 155
   Snaps tentados: 155 (100.0%)
   Snaps bem-sucedidos: 155 (100.0%)
   Snaps forçados (>100m): 155 (100.0%)
   ✅ TODOS os pontos estão em ruas (FORCE_SNAP=True)
======================================================================

💾 Dados agregados salvos em: ../data/offset_batch/vehicles_step_sim_1/run_021.csv
[csv-worker_0] [vehicles_step_sim_1] ===== LOG RUN 021 FIM =====

[csv-worker_0] [vehicles_step_sim_1] ===== LOG RUN 022 INICIO =====
======================================================================
🚗 PROCESSAMENTO SUMO → E1 REGISTRY (OFFSET ALEATÓRIO - veh0)
======================================================================
📄 Entrada: ../data/vehicles_step_sim_1.csv
🏭 Consumo fabricante: 12.0 km/l
💰 Preço carbono: R$ 50.0/ton
⭕ Raio máximo do offset aleatório: 2.0 km
🎲 Offset gerado aleatoriamente:
   Ângulo: 10.3°
   Distância: 1.1737 km
   offset_x (lat): 0.010374°  |  offset_y (lon): 0.001884°
📊 Row stepping: Processando todas as linhas
🗺️  Map matching: ATIVADO (raio 1500m) - pontos snapped para ruas
📐 Cálculo de distância: HAVERSINE PURO dos pontos COM snap (consistência)
======================================================================

📊 Carregando dados SUMO...
   Total de registros no arquivo: 323
   Veículos únicos: 1
   🚙 Vehicle selecionado: carro_1000

🔄 Agregando viagens por vehicle_id...
  📐 SUMO_carro_1000: Calculando distâncias com Haversine direto (SEM routing API)
      Original: 155 pontos → 1.4242 km (Haversine)
      Offset:   155 pontos → 1.3966 km (Haversine)

🚙 Veículo: SUMO_carro_1000
   Modelo: HBEFA4/PC_petrol_Euro-6ab
   Segmentos: 155
   📏 Distância: 1.424 km (city: 1.424, highway: 0.000)
   ⛽ Combustível: 10.127 l
   🏭 CO2 real: 23393.7 g
   🎯 CO2 meta: 274.2 g
   📊 Delta: -23119.5 g
   💰 Valor E1: R$ -1.1560
   🧭 Tentativas map matching: 157

   🔑 OFFSET DETERMINÍSTICO (x=-0.0139085015517423°, y=-0.0064209877300509715°, max=2.0km):
   📍 Start Original:  (40.775644, -73.960687)
   🔒 Start Protegido: (40.761870, -73.967325) ✓ 1.64 km | ✓ MAP MATCHED
   📏 Deslocamento final: 1632.2 metros
   📍 End Original:    (40.775671, -73.960433)
   🔒 End Protegido:   (40.761614, -73.966714) ✓ 1.64 km | ✓ MAP MATCHED
   📏 Deslocamento final: 1652.0 metros

   📐 ANÁLISE DE DISTÂNCIA DO TRAJETO (HAVERSINE DOS PONTOS ARMAZENADOS):
   ✨ 121 pontos privados duplicados foram separados para garantir visualização 1:1.
   ℹ️  Dica: use --debug-map-matching para ver tentativas detalhadas de re-snap.
   🔢 Pontos unicos original/offset: 155/34 (Δ -121, -78.1% )
   📍 Trajeto original: 1.424 km (linha reta entre pontos GPS)
   🔒 Trajeto com offset: 1.397 km (linha reta entre pontos COM snap)
   📊 Diferença: -0.028 km (-1.9%)

======================================================================
📊 ESTATÍSTICAS FINAIS
======================================================================
Viagens processadas: 1
Distância total: 1.42 km
Combustível total: 10.13 l
CO2 real total: 23393.7 g
CO2 meta total: 274.2 g
Delta CO2: -23119.5 g
Valor E1 total: R$ -1.16

💰 Créditos: R$ 0.00
💸 Débitos: R$ 1.16
📈 Saldo líquido: R$ -1.16

🗺️  MAP MATCHING:
   Pontos processados: 155
   Snaps tentados: 155 (100.0%)
   Snaps bem-sucedidos: 155 (100.0%)
   Snaps forçados (>100m): 155 (100.0%)
   ✅ TODOS os pontos estão em ruas (FORCE_SNAP=True)
======================================================================

💾 Dados agregados salvos em: ../data/offset_batch/vehicles_step_sim_1/run_022.csv
[csv-worker_0] [vehicles_step_sim_1] ===== LOG RUN 022 FIM =====

[csv-worker_0] [vehicles_step_sim_1] ===== LOG RUN 023 INICIO =====
======================================================================
🚗 PROCESSAMENTO SUMO → E1 REGISTRY (OFFSET ALEATÓRIO - veh0)
======================================================================
📄 Entrada: ../data/vehicles_step_sim_1.csv
🏭 Consumo fabricante: 12.0 km/l
💰 Preço carbono: R$ 50.0/ton
⭕ Raio máximo do offset aleatório: 2.0 km
🎲 Offset gerado aleatoriamente:
   Ângulo: 240.2°
   Distância: 1.1258 km
   offset_x (lat): -0.005020°  |  offset_y (lon): -0.008779°
📊 Row stepping: Processando todas as linhas
🗺️  Map matching: ATIVADO (raio 1500m) - pontos snapped para ruas
📐 Cálculo de distância: HAVERSINE PURO dos pontos COM snap (consistência)
======================================================================

📊 Carregando dados SUMO...
   Total de registros no arquivo: 323
   Veículos únicos: 1
   🚙 Vehicle selecionado: carro_1000

🔄 Agregando viagens por vehicle_id...
  📐 SUMO_carro_1000: Calculando distâncias com Haversine direto (SEM routing API)
      Original: 222 pontos → 1.9688 km (Haversine)
      Offset:   222 pontos → 2.0706 km (Haversine)

🚙 Veículo: SUMO_carro_1000
   Modelo: HBEFA4/PC_petrol_Euro-6ab
   Segmentos: 222
   📏 Distância: 1.973 km (city: 1.973, highway: 0.000)
   ⛽ Combustível: 24.219 l
   🏭 CO2 real: 55946.2 g
   🎯 CO2 meta: 379.8 g
   📊 Delta: -55566.4 g
   💰 Valor E1: R$ -2.7783
   🧭 Tentativas map matching: 224

   🔑 OFFSET DETERMINÍSTICO (x=0.009571819127053963°, y=0.005128041160310505°, max=2.0km):
   📍 Start Original:  (40.775644, -73.960687)
   🔒 Start Protegido: (40.785244, -73.955609) ✓ 1.15 km | ✓ MAP MATCHED
   📏 Deslocamento final: 1151.3 metros
   📍 End Original:    (40.772651, -73.962544)
   🔒 End Protegido:   (40.782120, -73.957751) ✓ 1.15 km | ✓ MAP MATCHED
   📏 Deslocamento final: 1128.8 metros

   📐 ANÁLISE DE DISTÂNCIA DO TRAJETO (HAVERSINE DOS PONTOS ARMAZENADOS):
   ✨ 184 pontos privados duplicados foram separados para garantir visualização 1:1.
   ℹ️  Dica: use --debug-map-matching para ver tentativas detalhadas de re-snap.
   🔢 Pontos unicos original/offset: 221/38 (Δ -183, -82.8% )
   📍 Trajeto original: 1.969 km (linha reta entre pontos GPS)
   🔒 Trajeto com offset: 2.071 km (linha reta entre pontos COM snap)
   📊 Diferença: +0.102 km (+5.2%)

======================================================================
📊 ESTATÍSTICAS FINAIS
======================================================================
Viagens processadas: 1
Distância total: 1.97 km
Combustível total: 24.22 l
CO2 real total: 55946.2 g
CO2 meta total: 379.8 g
Delta CO2: -55566.4 g
Valor E1 total: R$ -2.78

💰 Créditos: R$ 0.00
💸 Débitos: R$ 2.78
📈 Saldo líquido: R$ -2.78

🗺️  MAP MATCHING:
   Pontos processados: 222
   Snaps tentados: 222 (100.0%)
   Snaps bem-sucedidos: 222 (100.0%)
   Snaps forçados (>100m): 222 (100.0%)
   ✅ TODOS os pontos estão em ruas (FORCE_SNAP=True)
======================================================================

💾 Dados agregados salvos em: ../data/offset_batch/vehicles_step_sim_1/run_023.csv
[csv-worker_0] [vehicles_step_sim_1] ===== LOG RUN 023 FIM =====

[csv-worker_0] [vehicles_step_sim_1] ===== LOG RUN 024 INICIO =====
======================================================================
🚗 PROCESSAMENTO SUMO → E1 REGISTRY (OFFSET ALEATÓRIO - veh0)
======================================================================
📄 Entrada: ../data/vehicles_step_sim_1.csv
🏭 Consumo fabricante: 12.0 km/l
💰 Preço carbono: R$ 50.0/ton
⭕ Raio máximo do offset aleatório: 2.0 km
🎲 Offset gerado aleatoriamente:
   Ângulo: 154.3°
   Distância: 1.8806 km
   offset_x (lat): -0.015226°  |  offset_y (lon): 0.007319°
📊 Row stepping: Processando todas as linhas
🗺️  Map matching: ATIVADO (raio 1500m) - pontos snapped para ruas
📐 Cálculo de distância: HAVERSINE PURO dos pontos COM snap (consistência)
======================================================================

📊 Carregando dados SUMO...
   Total de registros no arquivo: 323
   Veículos únicos: 1
   🚙 Vehicle selecionado: carro_1000

🔄 Agregando viagens por vehicle_id...
  📐 SUMO_carro_1000: Calculando distâncias com Haversine direto (SEM routing API)
      Original: 299 pontos → 3.0526 km (Haversine)
      Offset:   299 pontos → 3.5916 km (Haversine)

🚙 Veículo: SUMO_carro_1000
   Modelo: HBEFA4/PC_petrol_Euro-6ab
   Segmentos: 299
   📏 Distância: 3.060 km (city: 3.060, highway: 0.000)
   ⛽ Combustível: 48.384 l
   🏭 CO2 real: 111766.0 g
   🎯 CO2 meta: 589.0 g
   📊 Delta: -111177.0 g
   💰 Valor E1: R$ -5.5588
   🧭 Tentativas map matching: 301

   🔑 OFFSET DETERMINÍSTICO (x=-0.0017920598616272014°, y=0.003982299835716394°, max=2.0km):
   📍 Start Original:  (40.775644, -73.960687)
   🔒 Start Protegido: (40.774026, -73.956672) ✓ 0.39 km | ✓ MAP MATCHED
   📏 Deslocamento final: 383.4 metros
   📍 End Original:    (40.774198, -73.961141)
   🔒 End Protegido:   (40.772084, -73.956130) ✓ 0.39 km | ✓ MAP MATCHED
   📏 Deslocamento final: 483.5 metros

   📐 ANÁLISE DE DISTÂNCIA DO TRAJETO (HAVERSINE DOS PONTOS ARMAZENADOS):
   ✨ 273 pontos privados duplicados foram separados para garantir visualização 1:1.
   ℹ️  Dica: use --debug-map-matching para ver tentativas detalhadas de re-snap.
   🔢 Pontos unicos original/offset: 299/26 (Δ -273, -91.3% )
   📍 Trajeto original: 3.053 km (linha reta entre pontos GPS)
   🔒 Trajeto com offset: 3.592 km (linha reta entre pontos COM snap)
   📊 Diferença: +0.539 km (+17.7%)

======================================================================
📊 ESTATÍSTICAS FINAIS
======================================================================
Viagens processadas: 1
Distância total: 3.06 km
Combustível total: 48.38 l
CO2 real total: 111766.0 g
CO2 meta total: 589.0 g
Delta CO2: -111177.0 g
Valor E1 total: R$ -5.56

💰 Créditos: R$ 0.00
💸 Débitos: R$ 5.56
📈 Saldo líquido: R$ -5.56

🗺️  MAP MATCHING:
   Pontos processados: 299
   Snaps tentados: 299 (100.0%)
   Snaps bem-sucedidos: 299 (100.0%)
   Snaps forçados (>100m): 299 (100.0%)
   ✅ TODOS os pontos estão em ruas (FORCE_SNAP=True)
======================================================================

💾 Dados agregados salvos em: ../data/offset_batch/vehicles_step_sim_1/run_024.csv
[csv-worker_0] [vehicles_step_sim_1] ===== LOG RUN 024 FIM =====

[csv-worker_0] [vehicles_step_sim_1] ===== LOG RUN 025 INICIO =====
======================================================================
🚗 PROCESSAMENTO SUMO → E1 REGISTRY (OFFSET ALEATÓRIO - veh0)
======================================================================
📄 Entrada: ../data/vehicles_step_sim_1.csv
🏭 Consumo fabricante: 12.0 km/l
💰 Preço carbono: R$ 50.0/ton
⭕ Raio máximo do offset aleatório: 2.0 km
🎲 Offset gerado aleatoriamente:
   Ângulo: 157.2°
   Distância: 1.8419 km
   offset_x (lat): -0.015253°  |  offset_y (lon): 0.006411°
📊 Row stepping: Processando todas as linhas
🗺️  Map matching: ATIVADO (raio 1500m) - pontos snapped para ruas
📐 Cálculo de distância: HAVERSINE PURO dos pontos COM snap (consistência)
======================================================================

📊 Carregando dados SUMO...
   Total de registros no arquivo: 323
   Veículos únicos: 1
   🚙 Vehicle selecionado: carro_1000

🔄 Agregando viagens por vehicle_id...
  📐 SUMO_carro_1000: Calculando distâncias com Haversine direto (SEM routing API)
      Original: 337 pontos → 3.3706 km (Haversine)
      Offset:   337 pontos → 3.4566 km (Haversine)

🚙 Veículo: SUMO_carro_1000
   Modelo: HBEFA4/PC_petrol_Euro-6ab
   Segmentos: 337
   📏 Distância: 3.379 km (city: 3.069, highway: 0.310)
   ⛽ Combustível: 58.616 l
   🏭 CO2 real: 135402.3 g
   🎯 CO2 meta: 650.5 g
   📊 Delta: -134751.8 g
   💰 Valor E1: R$ -6.7376
   🧭 Tentativas map matching: 339

   🔑 OFFSET DETERMINÍSTICO (x=0.005008321782486339°, y=0.013966571249544058°, max=2.0km):
   📍 Start Original:  (40.775644, -73.960687)
   🔒 Start Protegido: (40.780619, -73.946625) ✓ 1.30 km | ✓ MAP MATCHED
   📏 Deslocamento final: 1308.5 metros
   📍 End Original:    (40.774801, -73.960637)
   🔒 End Protegido:   (40.780005, -73.946871) ✓ 1.30 km | ✓ MAP MATCHED
   📏 Deslocamento final: 1297.0 metros

   📐 ANÁLISE DE DISTÂNCIA DO TRAJETO (HAVERSINE DOS PONTOS ARMAZENADOS):
   ✨ 280 pontos privados duplicados foram separados para garantir visualização 1:1.
   ℹ️  Dica: use --debug-map-matching para ver tentativas detalhadas de re-snap.
   🔢 Pontos unicos original/offset: 337/57 (Δ -280, -83.1% )
   📍 Trajeto original: 3.371 km (linha reta entre pontos GPS)
   🔒 Trajeto com offset: 3.457 km (linha reta entre pontos COM snap)
   📊 Diferença: +0.086 km (+2.6%)

======================================================================
📊 ESTATÍSTICAS FINAIS
======================================================================
Viagens processadas: 1
Distância total: 3.38 km
Combustível total: 58.62 l
CO2 real total: 135402.3 g
CO2 meta total: 650.5 g
Delta CO2: -134751.8 g
Valor E1 total: R$ -6.74

💰 Créditos: R$ 0.00
💸 Débitos: R$ 6.74
📈 Saldo líquido: R$ -6.74

🗺️  MAP MATCHING:
   Pontos processados: 337
   Snaps tentados: 337 (100.0%)
   Snaps bem-sucedidos: 337 (100.0%)
   Snaps forçados (>100m): 337 (100.0%)
   ✅ TODOS os pontos estão em ruas (FORCE_SNAP=True)
======================================================================

💾 Dados agregados salvos em: ../data/offset_batch/vehicles_step_sim_1/run_025.csv
[csv-worker_0] [vehicles_step_sim_1] ===== LOG RUN 025 FIM =====

[csv-worker_0] [vehicles_step_sim_1] ===== LOG RUN 026 INICIO =====
======================================================================
🚗 PROCESSAMENTO SUMO → E1 REGISTRY (OFFSET ALEATÓRIO - veh0)
======================================================================
📄 Entrada: ../data/vehicles_step_sim_1.csv
🏭 Consumo fabricante: 12.0 km/l
💰 Preço carbono: R$ 50.0/ton
⭕ Raio máximo do offset aleatório: 2.0 km
🎲 Offset gerado aleatoriamente:
   Ângulo: 292.4°
   Distância: 1.4009 km
   offset_x (lat): 0.004792°  |  offset_y (lon): -0.011637°
📊 Row stepping: Processando todas as linhas
🗺️  Map matching: ATIVADO (raio 1500m) - pontos snapped para ruas
📐 Cálculo de distância: HAVERSINE PURO dos pontos COM snap (consistência)
======================================================================

📊 Carregando dados SUMO...
   Total de registros no arquivo: 323
   Veículos únicos: 1
   🚙 Vehicle selecionado: carro_1000

🔄 Agregando viagens por vehicle_id...
  📐 SUMO_carro_1000: Calculando distâncias com Haversine direto (SEM routing API)
      Original: 222 pontos → 1.9688 km (Haversine)
      Offset:   222 pontos → 1.8590 km (Haversine)

🚙 Veículo: SUMO_carro_1000
   Modelo: HBEFA4/PC_petrol_Euro-6ab
   Segmentos: 222
   📏 Distância: 1.973 km (city: 1.973, highway: 0.000)
   ⛽ Combustível: 24.219 l
   🏭 CO2 real: 55946.2 g
   🎯 CO2 meta: 379.8 g
   📊 Delta: -55566.4 g
   💰 Valor E1: R$ -2.7783
   🧭 Tentativas map matching: 224

   🔑 OFFSET DETERMINÍSTICO (x=-0.006094539796235733°, y=-0.00039820336120804787°, max=2.0km):
   📍 Start Original:  (40.775644, -73.960687)
   🔒 Start Protegido: (40.769250, -73.960977) ✓ 0.68 km | ✓ MAP MATCHED
   📏 Deslocamento final: 712.1 metros
   📍 End Original:    (40.772651, -73.962544)
   🔒 End Protegido:   (40.766557, -73.962930) ✓ 0.68 km | ✓ MAP MATCHED
   📏 Deslocamento final: 679.2 metros

   📐 ANÁLISE DE DISTÂNCIA DO TRAJETO (HAVERSINE DOS PONTOS ARMAZENADOS):
   ✨ 185 pontos privados duplicados foram separados para garantir visualização 1:1.
   ℹ️  Dica: use --debug-map-matching para ver tentativas detalhadas de re-snap.
   🔢 Pontos unicos original/offset: 221/37 (Δ -184, -83.3% )
   📍 Trajeto original: 1.969 km (linha reta entre pontos GPS)
   🔒 Trajeto com offset: 1.859 km (linha reta entre pontos COM snap)
   📊 Diferença: -0.110 km (-5.6%)

======================================================================
📊 ESTATÍSTICAS FINAIS
======================================================================
Viagens processadas: 1
Distância total: 1.97 km
Combustível total: 24.22 l
CO2 real total: 55946.2 g
CO2 meta total: 379.8 g
Delta CO2: -55566.4 g
Valor E1 total: R$ -2.78

💰 Créditos: R$ 0.00
💸 Débitos: R$ 2.78
📈 Saldo líquido: R$ -2.78

🗺️  MAP MATCHING:
   Pontos processados: 222
   Snaps tentados: 222 (100.0%)
   Snaps bem-sucedidos: 222 (100.0%)
   Snaps forçados (>100m): 222 (100.0%)
   ✅ TODOS os pontos estão em ruas (FORCE_SNAP=True)
======================================================================

💾 Dados agregados salvos em: ../data/offset_batch/vehicles_step_sim_1/run_026.csv
[csv-worker_0] [vehicles_step_sim_1] ===== LOG RUN 026 FIM =====

[csv-worker_0] [vehicles_step_sim_1] ===== LOG RUN 027 INICIO =====
======================================================================
🚗 PROCESSAMENTO SUMO → E1 REGISTRY (OFFSET ALEATÓRIO - veh0)
======================================================================
📄 Entrada: ../data/vehicles_step_sim_1.csv
🏭 Consumo fabricante: 12.0 km/l
💰 Preço carbono: R$ 50.0/ton
⭕ Raio máximo do offset aleatório: 2.0 km
🎲 Offset gerado aleatoriamente:
   Ângulo: 352.2°
   Distância: 1.8611 km
   offset_x (lat): 0.016565°  |  offset_y (lon): -0.002263°
📊 Row stepping: Processando todas as linhas
🗺️  Map matching: ATIVADO (raio 1500m) - pontos snapped para ruas
📐 Cálculo de distância: HAVERSINE PURO dos pontos COM snap (consistência)
======================================================================

📊 Carregando dados SUMO...
   Total de registros no arquivo: 323
   Veículos únicos: 1
   🚙 Vehicle selecionado: carro_1000

🔄 Agregando viagens por vehicle_id...
  📐 SUMO_carro_1000: Calculando distâncias com Haversine direto (SEM routing API)
      Original: 131 pontos → 1.4055 km (Haversine)
      Offset:   131 pontos → 1.8380 km (Haversine)

🚙 Veículo: SUMO_carro_1000
   Modelo: HBEFA4/PC_petrol_Euro-6ab
   Segmentos: 131
   📏 Distância: 1.410 km (city: 1.410, highway: 0.000)
   ⛽ Combustível: 12.456 l
   🏭 CO2 real: 28774.3 g
   🎯 CO2 meta: 271.4 g
   📊 Delta: -28502.9 g
   💰 Valor E1: R$ -1.4251
   🧭 Tentativas map matching: 133

   🔑 OFFSET DETERMINÍSTICO (x=-0.004813730809606523°, y=-0.0037607439627166082°, max=2.0km):
   📍 Start Original:  (40.775644, -73.960687)
   🔒 Start Protegido: (40.770519, -73.964379) ✓ 0.62 km | ✓ MAP MATCHED
   📏 Deslocamento final: 649.8 metros
   📍 End Original:    (40.772974, -73.962198)
   🔒 End Protegido:   (40.768059, -73.966174) ✓ 0.62 km | ✓ MAP MATCHED
   📏 Deslocamento final: 641.6 metros

   📐 ANÁLISE DE DISTÂNCIA DO TRAJETO (HAVERSINE DOS PONTOS ARMAZENADOS):
   ✨ 101 pontos privados duplicados foram separados para garantir visualização 1:1.
   ℹ️  Dica: use --debug-map-matching para ver tentativas detalhadas de re-snap.
   🔢 Pontos unicos original/offset: 130/30 (Δ -100, -76.9% )
   📍 Trajeto original: 1.405 km (linha reta entre pontos GPS)
   🔒 Trajeto com offset: 1.838 km (linha reta entre pontos COM snap)
   📊 Diferença: +0.433 km (+30.8%)

======================================================================
📊 ESTATÍSTICAS FINAIS
======================================================================
Viagens processadas: 1
Distância total: 1.41 km
Combustível total: 12.46 l
CO2 real total: 28774.3 g
CO2 meta total: 271.4 g
Delta CO2: -28502.9 g
Valor E1 total: R$ -1.43

💰 Créditos: R$ 0.00
💸 Débitos: R$ 1.43
📈 Saldo líquido: R$ -1.43

🗺️  MAP MATCHING:
   Pontos processados: 131
   Snaps tentados: 131 (100.0%)
   Snaps bem-sucedidos: 131 (100.0%)
   Snaps forçados (>100m): 131 (100.0%)
   ✅ TODOS os pontos estão em ruas (FORCE_SNAP=True)
======================================================================

💾 Dados agregados salvos em: ../data/offset_batch/vehicles_step_sim_1/run_027.csv
[csv-worker_0] [vehicles_step_sim_1] ===== LOG RUN 027 FIM =====

[csv-worker_0] [vehicles_step_sim_1] ===== LOG RUN 028 INICIO =====
======================================================================
🚗 PROCESSAMENTO SUMO → E1 REGISTRY (OFFSET ALEATÓRIO - veh0)
======================================================================
📄 Entrada: ../data/vehicles_step_sim_1.csv
🏭 Consumo fabricante: 12.0 km/l
💰 Preço carbono: R$ 50.0/ton
⭕ Raio máximo do offset aleatório: 2.0 km
🎲 Offset gerado aleatoriamente:
   Ângulo: 359.6°
   Distância: 0.9637 km
   offset_x (lat): 0.008657°  |  offset_y (lon): -0.000058°
📊 Row stepping: Processando todas as linhas
🗺️  Map matching: ATIVADO (raio 1500m) - pontos snapped para ruas
📐 Cálculo de distância: HAVERSINE PURO dos pontos COM snap (consistência)
======================================================================

📊 Carregando dados SUMO...
   Total de registros no arquivo: 323
   Veículos únicos: 1
   🚙 Vehicle selecionado: carro_1000

🔄 Agregando viagens por vehicle_id...
  📐 SUMO_carro_1000: Calculando distâncias com Haversine direto (SEM routing API)
      Original: 301 pontos → 3.1480 km (Haversine)
      Offset:   301 pontos → 3.3703 km (Haversine)

🚙 Veículo: SUMO_carro_1000
   Modelo: HBEFA4/PC_petrol_Euro-6ab
   Segmentos: 301
   📏 Distância: 3.159 km (city: 3.020, highway: 0.139)
   ⛽ Combustível: 51.224 l
   🏭 CO2 real: 118326.7 g
   🎯 CO2 meta: 608.1 g
   📊 Delta: -117718.6 g
   💰 Valor E1: R$ -5.8859
   🧭 Tentativas map matching: 303

   🔑 OFFSET DETERMINÍSTICO (x=0.014392404430316365°, y=0.009377456679409762°, max=2.0km):
   📍 Start Original:  (40.775644, -73.960687)
   🔒 Start Protegido: (40.790297, -73.951927) ✓ 1.79 km | ✓ MAP MATCHED
   📏 Deslocamento final: 1790.6 metros
   📍 End Original:    (40.771236, -73.963813)
   🔒 End Protegido:   (40.785881, -73.955010) ✓ 1.79 km | ✓ MAP MATCHED
   📏 Deslocamento final: 1791.3 metros

   📐 ANÁLISE DE DISTÂNCIA DO TRAJETO (HAVERSINE DOS PONTOS ARMAZENADOS):
   ✨ 258 pontos privados duplicados foram separados para garantir visualização 1:1.
   ℹ️  Dica: use --debug-map-matching para ver tentativas detalhadas de re-snap.
   🔢 Pontos unicos original/offset: 301/43 (Δ -258, -85.7% )
   📍 Trajeto original: 3.148 km (linha reta entre pontos GPS)
   🔒 Trajeto com offset: 3.370 km (linha reta entre pontos COM snap)
   📊 Diferença: +0.222 km (+7.1%)

======================================================================
📊 ESTATÍSTICAS FINAIS
======================================================================
Viagens processadas: 1
Distância total: 3.16 km
Combustível total: 51.22 l
CO2 real total: 118326.7 g
CO2 meta total: 608.1 g
Delta CO2: -117718.6 g
Valor E1 total: R$ -5.89

💰 Créditos: R$ 0.00
💸 Débitos: R$ 5.89
📈 Saldo líquido: R$ -5.89

🗺️  MAP MATCHING:
   Pontos processados: 301
   Snaps tentados: 301 (100.0%)
   Snaps bem-sucedidos: 301 (100.0%)
   Snaps forçados (>100m): 301 (100.0%)
   ✅ TODOS os pontos estão em ruas (FORCE_SNAP=True)
======================================================================

💾 Dados agregados salvos em: ../data/offset_batch/vehicles_step_sim_1/run_028.csv
[csv-worker_0] [vehicles_step_sim_1] ===== LOG RUN 028 FIM =====

[csv-worker_0] [vehicles_step_sim_1] ===== LOG RUN 029 INICIO =====
======================================================================
🚗 PROCESSAMENTO SUMO → E1 REGISTRY (OFFSET ALEATÓRIO - veh0)
======================================================================
📄 Entrada: ../data/vehicles_step_sim_1.csv
🏭 Consumo fabricante: 12.0 km/l
💰 Preço carbono: R$ 50.0/ton
⭕ Raio máximo do offset aleatório: 2.0 km
🎲 Offset gerado aleatoriamente:
   Ângulo: 301.3°
   Distância: 1.9381 km
   offset_x (lat): 0.009034°  |  offset_y (lon): -0.014884°
📊 Row stepping: Processando todas as linhas
🗺️  Map matching: ATIVADO (raio 1500m) - pontos snapped para ruas
📐 Cálculo de distância: HAVERSINE PURO dos pontos COM snap (consistência)
======================================================================

📊 Carregando dados SUMO...
   Total de registros no arquivo: 323
   Veículos únicos: 1
   🚙 Vehicle selecionado: carro_1000

🔄 Agregando viagens por vehicle_id...
  📐 SUMO_carro_1000: Calculando distâncias com Haversine direto (SEM routing API)
      Original: 301 pontos → 3.1480 km (Haversine)
      Offset:   301 pontos → 8.2669 km (Haversine)

🚙 Veículo: SUMO_carro_1000
   Modelo: HBEFA4/PC_petrol_Euro-6ab
   Segmentos: 301
   📏 Distância: 3.159 km (city: 3.020, highway: 0.139)
   ⛽ Combustível: 51.224 l
   🏭 CO2 real: 118326.7 g
   🎯 CO2 meta: 608.1 g
   📊 Delta: -117718.6 g
   💰 Valor E1: R$ -5.8859
   🧭 Tentativas map matching: 303

   🔑 OFFSET DETERMINÍSTICO (x=0.0032265113881507442°, y=-0.010420189859444743°, max=2.0km):
   📍 Start Original:  (40.775644, -73.960687)
   🔒 Start Protegido: (40.779686, -73.970561) ✓ 0.95 km | ✓ MAP MATCHED
   📏 Deslocamento final: 946.2 metros
   📍 End Original:    (40.771236, -73.963813)
   🔒 End Protegido:   (40.775486, -73.976506) ✓ 0.95 km | ✓ MAP MATCHED
   📏 Deslocamento final: 1170.0 metros

   📐 ANÁLISE DE DISTÂNCIA DO TRAJETO (HAVERSINE DOS PONTOS ARMAZENADOS):
   ✨ 265 pontos privados duplicados foram separados para garantir visualização 1:1.
   ℹ️  Dica: use --debug-map-matching para ver tentativas detalhadas de re-snap.
   🔢 Pontos unicos original/offset: 301/36 (Δ -265, -88.0% )
   📍 Trajeto original: 3.148 km (linha reta entre pontos GPS)
   🔒 Trajeto com offset: 8.267 km (linha reta entre pontos COM snap)
   📊 Diferença: +5.119 km (+162.6%)

======================================================================
📊 ESTATÍSTICAS FINAIS
======================================================================
Viagens processadas: 1
Distância total: 3.16 km
Combustível total: 51.22 l
CO2 real total: 118326.7 g
CO2 meta total: 608.1 g
Delta CO2: -117718.6 g
Valor E1 total: R$ -5.89

💰 Créditos: R$ 0.00
💸 Débitos: R$ 5.89
📈 Saldo líquido: R$ -5.89

🗺️  MAP MATCHING:
   Pontos processados: 301
   Snaps tentados: 301 (100.0%)
   Snaps bem-sucedidos: 301 (100.0%)
   Snaps forçados (>100m): 301 (100.0%)
   ✅ TODOS os pontos estão em ruas (FORCE_SNAP=True)
======================================================================

💾 Dados agregados salvos em: ../data/offset_batch/vehicles_step_sim_1/run_029.csv
[csv-worker_0] [vehicles_step_sim_1] ===== LOG RUN 029 FIM =====

[csv-worker_0] [vehicles_step_sim_1] ===== LOG RUN 030 INICIO =====
======================================================================
🚗 PROCESSAMENTO SUMO → E1 REGISTRY (OFFSET ALEATÓRIO - veh0)
======================================================================
📄 Entrada: ../data/vehicles_step_sim_1.csv
🏭 Consumo fabricante: 12.0 km/l
💰 Preço carbono: R$ 50.0/ton
⭕ Raio máximo do offset aleatório: 2.0 km
🎲 Offset gerado aleatoriamente:
   Ângulo: 133.6°
   Distância: 1.2257 km
   offset_x (lat): -0.007590°  |  offset_y (lon): 0.007976°
📊 Row stepping: Processando todas as linhas
🗺️  Map matching: ATIVADO (raio 1500m) - pontos snapped para ruas
📐 Cálculo de distância: HAVERSINE PURO dos pontos COM snap (consistência)
======================================================================

📊 Carregando dados SUMO...
   Total de registros no arquivo: 323
   Veículos únicos: 1
   🚙 Vehicle selecionado: carro_1000

🔄 Agregando viagens por vehicle_id...
  📐 SUMO_carro_1000: Calculando distâncias com Haversine direto (SEM routing API)
      Original: 301 pontos → 3.1480 km (Haversine)
      Offset:   301 pontos → 3.4874 km (Haversine)

🚙 Veículo: SUMO_carro_1000
   Modelo: HBEFA4/PC_petrol_Euro-6ab
   Segmentos: 301
   📏 Distância: 3.159 km (city: 3.020, highway: 0.139)
   ⛽ Combustível: 51.224 l
   🏭 CO2 real: 118326.7 g
   🎯 CO2 meta: 608.1 g
   📊 Delta: -117718.6 g
   💰 Valor E1: R$ -5.8859
   🧭 Tentativas map matching: 303

   🔑 OFFSET DETERMINÍSTICO (x=0.006252857457150431°, y=-0.009934881221077491°, max=2.0km):
   📍 Start Original:  (40.775644, -73.960687)
   🔒 Start Protegido: (40.781735, -73.971412) ✓ 1.09 km | ✓ MAP MATCHED
   📏 Deslocamento final: 1130.2 metros
   📍 End Original:    (40.771236, -73.963813)
   🔒 End Protegido:   (40.778118, -73.974582) ✓ 1.09 km | ✓ MAP MATCHED
   📏 Deslocamento final: 1188.0 metros

   📐 ANÁLISE DE DISTÂNCIA DO TRAJETO (HAVERSINE DOS PONTOS ARMAZENADOS):
   ✨ 256 pontos privados duplicados foram separados para garantir visualização 1:1.
   ℹ️  Dica: use --debug-map-matching para ver tentativas detalhadas de re-snap.
   🔢 Pontos unicos original/offset: 301/45 (Δ -256, -85.0% )
   📍 Trajeto original: 3.148 km (linha reta entre pontos GPS)
   🔒 Trajeto com offset: 3.487 km (linha reta entre pontos COM snap)
   📊 Diferença: +0.339 km (+10.8%)

======================================================================
📊 ESTATÍSTICAS FINAIS
======================================================================
Viagens processadas: 1
Distância total: 3.16 km
Combustível total: 51.22 l
CO2 real total: 118326.7 g
CO2 meta total: 608.1 g
Delta CO2: -117718.6 g
Valor E1 total: R$ -5.89

💰 Créditos: R$ 0.00
💸 Débitos: R$ 5.89
📈 Saldo líquido: R$ -5.89

🗺️  MAP MATCHING:
   Pontos processados: 301
   Snaps tentados: 301 (100.0%)
   Snaps bem-sucedidos: 301 (100.0%)
   Snaps forçados (>100m): 301 (100.0%)
   ✅ TODOS os pontos estão em ruas (FORCE_SNAP=True)
======================================================================

💾 Dados agregados salvos em: ../data/offset_batch/vehicles_step_sim_1/run_030.csv
[csv-worker_0] [vehicles_step_sim_1] ===== LOG RUN 030 FIM =====

[csv-worker_0] [vehicles_step_sim_1] ===== LOG RUN 031 INICIO =====
======================================================================
🚗 PROCESSAMENTO SUMO → E1 REGISTRY (OFFSET ALEATÓRIO - veh0)
======================================================================
📄 Entrada: ../data/vehicles_step_sim_1.csv
🏭 Consumo fabricante: 12.0 km/l
💰 Preço carbono: R$ 50.0/ton
⭕ Raio máximo do offset aleatório: 2.0 km
🎲 Offset gerado aleatoriamente:
   Ângulo: 249.9°
   Distância: 0.7155 km
   offset_x (lat): -0.002212°  |  offset_y (lon): -0.006035°
📊 Row stepping: Processando todas as linhas
🗺️  Map matching: ATIVADO (raio 1500m) - pontos snapped para ruas
📐 Cálculo de distância: HAVERSINE PURO dos pontos COM snap (consistência)
======================================================================

📊 Carregando dados SUMO...
   Total de registros no arquivo: 323
   Veículos únicos: 1
   🚙 Vehicle selecionado: carro_1000

🔄 Agregando viagens por vehicle_id...
  📐 SUMO_carro_1000: Calculando distâncias com Haversine direto (SEM routing API)
      Original: 301 pontos → 3.1480 km (Haversine)
      Offset:   301 pontos → 3.8109 km (Haversine)

🚙 Veículo: SUMO_carro_1000
   Modelo: HBEFA4/PC_petrol_Euro-6ab
   Segmentos: 301
   📏 Distância: 3.159 km (city: 3.020, highway: 0.139)
   ⛽ Combustível: 51.224 l
   🏭 CO2 real: 118326.7 g
   🎯 CO2 meta: 608.1 g
   📊 Delta: -117718.6 g
   💰 Valor E1: R$ -5.8859
   🧭 Tentativas map matching: 303

   🔑 OFFSET DETERMINÍSTICO (x=-0.007569408975565574°, y=-0.0031087284651696336°, max=2.0km):
   📍 Start Original:  (40.775644, -73.960687)
   🔒 Start Protegido: (40.768207, -73.963826) ✓ 0.88 km | ✓ MAP MATCHED
   📏 Deslocamento final: 869.1 metros
   📍 End Original:    (40.771236, -73.963813)
   🔒 End Protegido:   (40.763541, -73.967234) ✓ 0.88 km | ✓ MAP MATCHED
   📏 Deslocamento final: 903.8 metros

   📐 ANÁLISE DE DISTÂNCIA DO TRAJETO (HAVERSINE DOS PONTOS ARMAZENADOS):
   ✨ 249 pontos privados duplicados foram separados para garantir visualização 1:1.
   ℹ️  Dica: use --debug-map-matching para ver tentativas detalhadas de re-snap.
   🔢 Pontos unicos original/offset: 301/52 (Δ -249, -82.7% )
   📍 Trajeto original: 3.148 km (linha reta entre pontos GPS)
   🔒 Trajeto com offset: 3.811 km (linha reta entre pontos COM snap)
   📊 Diferença: +0.663 km (+21.1%)

======================================================================
📊 ESTATÍSTICAS FINAIS
======================================================================
Viagens processadas: 1
Distância total: 3.16 km
Combustível total: 51.22 l
CO2 real total: 118326.7 g
CO2 meta total: 608.1 g
Delta CO2: -117718.6 g
Valor E1 total: R$ -5.89

💰 Créditos: R$ 0.00
💸 Débitos: R$ 5.89
📈 Saldo líquido: R$ -5.89

🗺️  MAP MATCHING:
   Pontos processados: 301
   Snaps tentados: 301 (100.0%)
   Snaps bem-sucedidos: 301 (100.0%)
   Snaps forçados (>100m): 301 (100.0%)
   ✅ TODOS os pontos estão em ruas (FORCE_SNAP=True)
======================================================================

💾 Dados agregados salvos em: ../data/offset_batch/vehicles_step_sim_1/run_031.csv
[csv-worker_0] [vehicles_step_sim_1] ===== LOG RUN 031 FIM =====

[csv-worker_0] [vehicles_step_sim_1] ===== LOG RUN 032 INICIO =====
======================================================================
🚗 PROCESSAMENTO SUMO → E1 REGISTRY (OFFSET ALEATÓRIO - veh0)
======================================================================
📄 Entrada: ../data/vehicles_step_sim_1.csv
🏭 Consumo fabricante: 12.0 km/l
💰 Preço carbono: R$ 50.0/ton
⭕ Raio máximo do offset aleatório: 2.0 km
🎲 Offset gerado aleatoriamente:
   Ângulo: 57.6°
   Distância: 0.7139 km
   offset_x (lat): 0.003437°  |  offset_y (lon): 0.005415°
📊 Row stepping: Processando todas as linhas
🗺️  Map matching: ATIVADO (raio 1500m) - pontos snapped para ruas
📐 Cálculo de distância: HAVERSINE PURO dos pontos COM snap (consistência)
======================================================================

📊 Carregando dados SUMO...
   Total de registros no arquivo: 323
   Veículos únicos: 1
   🚙 Vehicle selecionado: carro_1000

🔄 Agregando viagens por vehicle_id...
  📐 SUMO_carro_1000: Calculando distâncias com Haversine direto (SEM routing API)
      Original: 337 pontos → 3.3706 km (Haversine)
      Offset:   337 pontos → 4.7955 km (Haversine)

🚙 Veículo: SUMO_carro_1000
   Modelo: HBEFA4/PC_petrol_Euro-6ab
   Segmentos: 337
   📏 Distância: 3.379 km (city: 3.069, highway: 0.310)
   ⛽ Combustível: 58.616 l
   🏭 CO2 real: 135402.3 g
   🎯 CO2 meta: 650.5 g
   📊 Delta: -134751.8 g
   💰 Valor E1: R$ -6.7376
   🧭 Tentativas map matching: 339

   🔑 OFFSET DETERMINÍSTICO (x=0.01149807852595451°, y=-0.0031937177350014195°, max=2.0km):
   📍 Start Original:  (40.775644, -73.960687)
   🔒 Start Protegido: (40.788438, -73.967065) ✓ 1.31 km | ✓ MAP MATCHED
   📏 Deslocamento final: 1522.3 metros
   📍 End Original:    (40.774801, -73.960637)
   🔒 End Protegido:   (40.783767, -73.965267) ✓ 1.31 km | ✓ MAP MATCHED
   📏 Deslocamento final: 1071.7 metros

   📐 ANÁLISE DE DISTÂNCIA DO TRAJETO (HAVERSINE DOS PONTOS ARMAZENADOS):
   ✨ 289 pontos privados duplicados foram separados para garantir visualização 1:1.
   ℹ️  Dica: use --debug-map-matching para ver tentativas detalhadas de re-snap.
   🔢 Pontos unicos original/offset: 337/48 (Δ -289, -85.8% )
   📍 Trajeto original: 3.371 km (linha reta entre pontos GPS)
   🔒 Trajeto com offset: 4.795 km (linha reta entre pontos COM snap)
   📊 Diferença: +1.425 km (+42.3%)

======================================================================
📊 ESTATÍSTICAS FINAIS
======================================================================
Viagens processadas: 1
Distância total: 3.38 km
Combustível total: 58.62 l
CO2 real total: 135402.3 g
CO2 meta total: 650.5 g
Delta CO2: -134751.8 g
Valor E1 total: R$ -6.74

💰 Créditos: R$ 0.00
💸 Débitos: R$ 6.74
📈 Saldo líquido: R$ -6.74

🗺️  MAP MATCHING:
   Pontos processados: 337
   Snaps tentados: 337 (100.0%)
   Snaps bem-sucedidos: 337 (100.0%)
   Snaps forçados (>100m): 337 (100.0%)
   ✅ TODOS os pontos estão em ruas (FORCE_SNAP=True)
======================================================================

💾 Dados agregados salvos em: ../data/offset_batch/vehicles_step_sim_1/run_032.csv
[csv-worker_0] [vehicles_step_sim_1] ===== LOG RUN 032 FIM =====

[csv-worker_0] [vehicles_step_sim_1] ===== LOG RUN 033 INICIO =====
======================================================================
🚗 PROCESSAMENTO SUMO → E1 REGISTRY (OFFSET ALEATÓRIO - veh0)
======================================================================
📄 Entrada: ../data/vehicles_step_sim_1.csv
🏭 Consumo fabricante: 12.0 km/l
💰 Preço carbono: R$ 50.0/ton
⭕ Raio máximo do offset aleatório: 2.0 km
🎲 Offset gerado aleatoriamente:
   Ângulo: 308.4°
   Distância: 1.4378 km
   offset_x (lat): 0.008015°  |  offset_y (lon): -0.010128°
📊 Row stepping: Processando todas as linhas
🗺️  Map matching: ATIVADO (raio 1500m) - pontos snapped para ruas
📐 Cálculo de distância: HAVERSINE PURO dos pontos COM snap (consistência)
======================================================================

📊 Carregando dados SUMO...
   Total de registros no arquivo: 323
   Veículos únicos: 1
   🚙 Vehicle selecionado: carro_1000

🔄 Agregando viagens por vehicle_id...
  📐 SUMO_carro_1000: Calculando distâncias com Haversine direto (SEM routing API)
      Original: 155 pontos → 1.4242 km (Haversine)
      Offset:   155 pontos → 2.6955 km (Haversine)

🚙 Veículo: SUMO_carro_1000
   Modelo: HBEFA4/PC_petrol_Euro-6ab
   Segmentos: 155
   📏 Distância: 1.424 km (city: 1.424, highway: 0.000)
   ⛽ Combustível: 10.127 l
   🏭 CO2 real: 23393.7 g
   🎯 CO2 meta: 274.2 g
   📊 Delta: -23119.5 g
   💰 Valor E1: R$ -1.1560
   🧭 Tentativas map matching: 157

   🔑 OFFSET DETERMINÍSTICO (x=0.01197455864436036°, y=-0.0017020964770481928°, max=2.0km):
   📍 Start Original:  (40.775644, -73.960687)
   🔒 Start Protegido: (40.790417, -73.960208) ✓ 1.34 km | ✓ MAP MATCHED
   📏 Deslocamento final: 1645.1 metros
   📍 End Original:    (40.775671, -73.960433)
   🔒 End Protegido:   (40.790377, -73.960115) ✓ 1.34 km | ✓ MAP MATCHED
   📏 Deslocamento final: 1637.2 metros

   📐 ANÁLISE DE DISTÂNCIA DO TRAJETO (HAVERSINE DOS PONTOS ARMAZENADOS):
   ✨ 114 pontos privados duplicados foram separados para garantir visualização 1:1.
   ℹ️  Dica: use --debug-map-matching para ver tentativas detalhadas de re-snap.
   🔢 Pontos unicos original/offset: 155/41 (Δ -114, -73.5% )
   📍 Trajeto original: 1.424 km (linha reta entre pontos GPS)
   🔒 Trajeto com offset: 2.695 km (linha reta entre pontos COM snap)
   📊 Diferença: +1.271 km (+89.3%)

======================================================================
📊 ESTATÍSTICAS FINAIS
======================================================================
Viagens processadas: 1
Distância total: 1.42 km
Combustível total: 10.13 l
CO2 real total: 23393.7 g
CO2 meta total: 274.2 g
Delta CO2: -23119.5 g
Valor E1 total: R$ -1.16

💰 Créditos: R$ 0.00
💸 Débitos: R$ 1.16
📈 Saldo líquido: R$ -1.16

🗺️  MAP MATCHING:
   Pontos processados: 155
   Snaps tentados: 155 (100.0%)
   Snaps bem-sucedidos: 155 (100.0%)
   Snaps forçados (>100m): 155 (100.0%)
   ✅ TODOS os pontos estão em ruas (FORCE_SNAP=True)
======================================================================

💾 Dados agregados salvos em: ../data/offset_batch/vehicles_step_sim_1/run_033.csv
[csv-worker_0] [vehicles_step_sim_1] ===== LOG RUN 033 FIM =====

[csv-worker_0] [vehicles_step_sim_1] ===== LOG RUN 034 INICIO =====
======================================================================
🚗 PROCESSAMENTO SUMO → E1 REGISTRY (OFFSET ALEATÓRIO - veh0)
======================================================================
📄 Entrada: ../data/vehicles_step_sim_1.csv
🏭 Consumo fabricante: 12.0 km/l
💰 Preço carbono: R$ 50.0/ton
⭕ Raio máximo do offset aleatório: 2.0 km
🎲 Offset gerado aleatoriamente:
   Ângulo: 286.1°
   Distância: 1.5645 km
   offset_x (lat): 0.003895°  |  offset_y (lon): -0.013504°
📊 Row stepping: Processando todas as linhas
🗺️  Map matching: ATIVADO (raio 1500m) - pontos snapped para ruas
📐 Cálculo de distância: HAVERSINE PURO dos pontos COM snap (consistência)
======================================================================

📊 Carregando dados SUMO...
   Total de registros no arquivo: 323
   Veículos únicos: 1
   🚙 Vehicle selecionado: carro_1000

🔄 Agregando viagens por vehicle_id...
  📐 SUMO_carro_1000: Calculando distâncias com Haversine direto (SEM routing API)
      Original: 155 pontos → 1.4242 km (Haversine)
      Offset:   155 pontos → 1.5352 km (Haversine)

🚙 Veículo: SUMO_carro_1000
   Modelo: HBEFA4/PC_petrol_Euro-6ab
   Segmentos: 155
   📏 Distância: 1.424 km (city: 1.424, highway: 0.000)
   ⛽ Combustível: 10.127 l
   🏭 CO2 real: 23393.7 g
   🎯 CO2 meta: 274.2 g
   📊 Delta: -23119.5 g
   💰 Valor E1: R$ -1.1560
   🧭 Tentativas map matching: 157

   🔑 OFFSET DETERMINÍSTICO (x=0.00029944026558094004°, y=0.003427147308013515°, max=2.0km):
   📍 Start Original:  (40.775644, -73.960687)
   🔒 Start Protegido: (40.776237, -73.957836) ✓ 0.29 km | ✓ MAP MATCHED
   📏 Deslocamento final: 249.2 metros
   📍 End Original:    (40.775671, -73.960433)
   🔒 End Protegido:   (40.775650, -73.956471) ✓ 0.29 km | ✓ MAP MATCHED
   📏 Deslocamento final: 334.1 metros

   📐 ANÁLISE DE DISTÂNCIA DO TRAJETO (HAVERSINE DOS PONTOS ARMAZENADOS):
   ✨ 120 pontos privados duplicados foram separados para garantir visualização 1:1.
   ℹ️  Dica: use --debug-map-matching para ver tentativas detalhadas de re-snap.
   🔢 Pontos unicos original/offset: 155/35 (Δ -120, -77.4% )
   📍 Trajeto original: 1.424 km (linha reta entre pontos GPS)
   🔒 Trajeto com offset: 1.535 km (linha reta entre pontos COM snap)
   📊 Diferença: +0.111 km (+7.8%)

======================================================================
📊 ESTATÍSTICAS FINAIS
======================================================================
Viagens processadas: 1
Distância total: 1.42 km
Combustível total: 10.13 l
CO2 real total: 23393.7 g
CO2 meta total: 274.2 g
Delta CO2: -23119.5 g
Valor E1 total: R$ -1.16

💰 Créditos: R$ 0.00
💸 Débitos: R$ 1.16
📈 Saldo líquido: R$ -1.16

🗺️  MAP MATCHING:
   Pontos processados: 155
   Snaps tentados: 155 (100.0%)
   Snaps bem-sucedidos: 155 (100.0%)
   Snaps forçados (>100m): 155 (100.0%)
   ✅ TODOS os pontos estão em ruas (FORCE_SNAP=True)
======================================================================

💾 Dados agregados salvos em: ../data/offset_batch/vehicles_step_sim_1/run_034.csv
[csv-worker_0] [vehicles_step_sim_1] ===== LOG RUN 034 FIM =====

[csv-worker_0] [vehicles_step_sim_1] ===== LOG RUN 035 INICIO =====
======================================================================
🚗 PROCESSAMENTO SUMO → E1 REGISTRY (OFFSET ALEATÓRIO - veh0)
======================================================================
📄 Entrada: ../data/vehicles_step_sim_1.csv
🏭 Consumo fabricante: 12.0 km/l
💰 Preço carbono: R$ 50.0/ton
⭕ Raio máximo do offset aleatório: 2.0 km
🎲 Offset gerado aleatoriamente:
   Ângulo: 160.4°
   Distância: 1.4360 km
   offset_x (lat): -0.012151°  |  offset_y (lon): 0.004331°
📊 Row stepping: Processando todas as linhas
🗺️  Map matching: ATIVADO (raio 1500m) - pontos snapped para ruas
📐 Cálculo de distância: HAVERSINE PURO dos pontos COM snap (consistência)
======================================================================

📊 Carregando dados SUMO...
   Total de registros no arquivo: 323
   Veículos únicos: 1
   🚙 Vehicle selecionado: carro_1000

🔄 Agregando viagens por vehicle_id...
  📐 SUMO_carro_1000: Calculando distâncias com Haversine direto (SEM routing API)
      Original: 222 pontos → 1.9688 km (Haversine)
      Offset:   222 pontos → 1.8983 km (Haversine)

🚙 Veículo: SUMO_carro_1000
   Modelo: HBEFA4/PC_petrol_Euro-6ab
   Segmentos: 222
   📏 Distância: 1.973 km (city: 1.973, highway: 0.000)
   ⛽ Combustível: 24.219 l
   🏭 CO2 real: 55946.2 g
   🎯 CO2 meta: 379.8 g
   📊 Delta: -55566.4 g
   💰 Valor E1: R$ -2.7783
   🧭 Tentativas map matching: 224

   🔑 OFFSET DETERMINÍSTICO (x=0.0065264908100572784°, y=-0.0020130398439430256°, max=2.0km):
   📍 Start Original:  (40.775644, -73.960687)
   🔒 Start Protegido: (40.781900, -73.963227) ✓ 0.75 km | ✓ MAP MATCHED
   📏 Deslocamento final: 728.6 metros
   📍 End Original:    (40.772651, -73.962544)
   🔒 End Protegido:   (40.778006, -73.965320) ✓ 0.75 km | ✓ MAP MATCHED
   📏 Deslocamento final: 640.4 metros

   📐 ANÁLISE DE DISTÂNCIA DO TRAJETO (HAVERSINE DOS PONTOS ARMAZENADOS):
   ✨ 172 pontos privados duplicados foram separados para garantir visualização 1:1.
   ℹ️  Dica: use --debug-map-matching para ver tentativas detalhadas de re-snap.
   🔢 Pontos unicos original/offset: 221/50 (Δ -171, -77.4% )
   📍 Trajeto original: 1.969 km (linha reta entre pontos GPS)
   🔒 Trajeto com offset: 1.898 km (linha reta entre pontos COM snap)
   📊 Diferença: -0.070 km (-3.6%)

======================================================================
📊 ESTATÍSTICAS FINAIS
======================================================================
Viagens processadas: 1
Distância total: 1.97 km
Combustível total: 24.22 l
CO2 real total: 55946.2 g
CO2 meta total: 379.8 g
Delta CO2: -55566.4 g
Valor E1 total: R$ -2.78

💰 Créditos: R$ 0.00
💸 Débitos: R$ 2.78
📈 Saldo líquido: R$ -2.78

🗺️  MAP MATCHING:
   Pontos processados: 222
   Snaps tentados: 222 (100.0%)
   Snaps bem-sucedidos: 222 (100.0%)
   Snaps forçados (>100m): 222 (100.0%)
   ✅ TODOS os pontos estão em ruas (FORCE_SNAP=True)
======================================================================

💾 Dados agregados salvos em: ../data/offset_batch/vehicles_step_sim_1/run_035.csv
[csv-worker_0] [vehicles_step_sim_1] ===== LOG RUN 035 FIM =====

[csv-worker_0] [vehicles_step_sim_1] ===== LOG RUN 036 INICIO =====
======================================================================
🚗 PROCESSAMENTO SUMO → E1 REGISTRY (OFFSET ALEATÓRIO - veh0)
======================================================================
📄 Entrada: ../data/vehicles_step_sim_1.csv
🏭 Consumo fabricante: 12.0 km/l
💰 Preço carbono: R$ 50.0/ton
⭕ Raio máximo do offset aleatório: 2.0 km
🎲 Offset gerado aleatoriamente:
   Ângulo: 42.4°
   Distância: 1.7140 km
   offset_x (lat): 0.011374°  |  offset_y (lon): 0.010379°
📊 Row stepping: Processando todas as linhas
🗺️  Map matching: ATIVADO (raio 1500m) - pontos snapped para ruas
📐 Cálculo de distância: HAVERSINE PURO dos pontos COM snap (consistência)
======================================================================

📊 Carregando dados SUMO...
   Total de registros no arquivo: 323
   Veículos únicos: 1
   🚙 Vehicle selecionado: carro_1000

🔄 Agregando viagens por vehicle_id...
  📐 SUMO_carro_1000: Calculando distâncias com Haversine direto (SEM routing API)
      Original: 155 pontos → 1.4242 km (Haversine)
      Offset:   155 pontos → 1.8666 km (Haversine)

🚙 Veículo: SUMO_carro_1000
   Modelo: HBEFA4/PC_petrol_Euro-6ab
   Segmentos: 155
   📏 Distância: 1.424 km (city: 1.424, highway: 0.000)
   ⛽ Combustível: 10.127 l
   🏭 CO2 real: 23393.7 g
   🎯 CO2 meta: 274.2 g
   📊 Delta: -23119.5 g
   💰 Valor E1: R$ -1.1560
   🧭 Tentativas map matching: 157

   🔑 OFFSET DETERMINÍSTICO (x=-0.010789097751464267°, y=-0.0071701375432386815°, max=2.0km):
   📍 Start Original:  (40.775644, -73.960687)
   🔒 Start Protegido: (40.764712, -73.968242) ✓ 1.34 km | ✓ MAP MATCHED
   📏 Deslocamento final: 1373.4 metros
   📍 End Original:    (40.775671, -73.960433)
   🔒 End Protegido:   (40.765313, -73.967723) ✓ 1.34 km | ✓ MAP MATCHED
   📏 Deslocamento final: 1306.6 metros

   📐 ANÁLISE DE DISTÂNCIA DO TRAJETO (HAVERSINE DOS PONTOS ARMAZENADOS):
   ✨ 123 pontos privados duplicados foram separados para garantir visualização 1:1.
   ℹ️  Dica: use --debug-map-matching para ver tentativas detalhadas de re-snap.
   🔢 Pontos unicos original/offset: 155/32 (Δ -123, -79.4% )
   📍 Trajeto original: 1.424 km (linha reta entre pontos GPS)
   🔒 Trajeto com offset: 1.867 km (linha reta entre pontos COM snap)
   📊 Diferença: +0.442 km (+31.1%)

======================================================================
📊 ESTATÍSTICAS FINAIS
======================================================================
Viagens processadas: 1
Distância total: 1.42 km
Combustível total: 10.13 l
CO2 real total: 23393.7 g
CO2 meta total: 274.2 g
Delta CO2: -23119.5 g
Valor E1 total: R$ -1.16

💰 Créditos: R$ 0.00
💸 Débitos: R$ 1.16
📈 Saldo líquido: R$ -1.16

🗺️  MAP MATCHING:
   Pontos processados: 155
   Snaps tentados: 155 (100.0%)
   Snaps bem-sucedidos: 155 (100.0%)
   Snaps forçados (>100m): 155 (100.0%)
   ✅ TODOS os pontos estão em ruas (FORCE_SNAP=True)
======================================================================

💾 Dados agregados salvos em: ../data/offset_batch/vehicles_step_sim_1/run_036.csv
[csv-worker_0] [vehicles_step_sim_1] ===== LOG RUN 036 FIM =====

[csv-worker_0] [vehicles_step_sim_1] ===== LOG RUN 037 INICIO =====
======================================================================
🚗 PROCESSAMENTO SUMO → E1 REGISTRY (OFFSET ALEATÓRIO - veh0)
======================================================================
📄 Entrada: ../data/vehicles_step_sim_1.csv
🏭 Consumo fabricante: 12.0 km/l
💰 Preço carbono: R$ 50.0/ton
⭕ Raio máximo do offset aleatório: 2.0 km
🎲 Offset gerado aleatoriamente:
   Ângulo: 97.7°
   Distância: 1.2206 km
   offset_x (lat): -0.001471°  |  offset_y (lon): 0.010866°
📊 Row stepping: Processando todas as linhas
🗺️  Map matching: ATIVADO (raio 1500m) - pontos snapped para ruas
📐 Cálculo de distância: HAVERSINE PURO dos pontos COM snap (consistência)
======================================================================

📊 Carregando dados SUMO...
   Total de registros no arquivo: 323
   Veículos únicos: 1
   🚙 Vehicle selecionado: carro_1000

🔄 Agregando viagens por vehicle_id...
  📐 SUMO_carro_1000: Calculando distâncias com Haversine direto (SEM routing API)
      Original: 312 pontos → 3.1845 km (Haversine)
      Offset:   312 pontos → 3.9080 km (Haversine)

🚙 Veículo: SUMO_carro_1000
   Modelo: HBEFA4/PC_petrol_Euro-6ab
   Segmentos: 312
   📏 Distância: 3.190 km (city: 2.602, highway: 0.587)
   ⛽ Combustível: 54.577 l
   🏭 CO2 real: 126071.8 g
   🎯 CO2 meta: 614.1 g
   📊 Delta: -125457.8 g
   💰 Valor E1: R$ -6.2729
   🧭 Tentativas map matching: 314

   🔑 OFFSET DETERMINÍSTICO (x=-5.3453285665302365e-05°, y=0.010625483554544702°, max=2.0km):
   📍 Start Original:  (40.775644, -73.960687)
   🔒 Start Protegido: (40.775505, -73.950204) ✓ 0.90 km | ✓ MAP MATCHED
   📏 Deslocamento final: 883.9 metros
   📍 End Original:    (40.771637, -73.963520)
   🔒 End Protegido:   (40.771596, -73.953045) ✓ 0.90 km | ✓ MAP MATCHED
   📏 Deslocamento final: 883.1 metros

   📐 ANÁLISE DE DISTÂNCIA DO TRAJETO (HAVERSINE DOS PONTOS ARMAZENADOS):
   ✨ 270 pontos privados duplicados foram separados para garantir visualização 1:1.
   ℹ️  Dica: use --debug-map-matching para ver tentativas detalhadas de re-snap.
   🔢 Pontos unicos original/offset: 312/42 (Δ -270, -86.5% )
   📍 Trajeto original: 3.185 km (linha reta entre pontos GPS)
   🔒 Trajeto com offset: 3.908 km (linha reta entre pontos COM snap)
   📊 Diferença: +0.723 km (+22.7%)

======================================================================
📊 ESTATÍSTICAS FINAIS
======================================================================
Viagens processadas: 1
Distância total: 3.19 km
Combustível total: 54.58 l
CO2 real total: 126071.8 g
CO2 meta total: 614.1 g
Delta CO2: -125457.8 g
Valor E1 total: R$ -6.27

💰 Créditos: R$ 0.00
💸 Débitos: R$ 6.27
📈 Saldo líquido: R$ -6.27

🗺️  MAP MATCHING:
   Pontos processados: 312
   Snaps tentados: 312 (100.0%)
   Snaps bem-sucedidos: 312 (100.0%)
   Snaps forçados (>100m): 312 (100.0%)
   ✅ TODOS os pontos estão em ruas (FORCE_SNAP=True)
======================================================================

💾 Dados agregados salvos em: ../data/offset_batch/vehicles_step_sim_1/run_037.csv
[csv-worker_0] [vehicles_step_sim_1] ===== LOG RUN 037 FIM =====

[csv-worker_0] [vehicles_step_sim_1] ===== LOG RUN 038 INICIO =====
======================================================================
🚗 PROCESSAMENTO SUMO → E1 REGISTRY (OFFSET ALEATÓRIO - veh0)
======================================================================
📄 Entrada: ../data/vehicles_step_sim_1.csv
🏭 Consumo fabricante: 12.0 km/l
💰 Preço carbono: R$ 50.0/ton
⭕ Raio máximo do offset aleatório: 2.0 km
🎲 Offset gerado aleatoriamente:
   Ângulo: 11.7°
   Distância: 1.4715 km
   offset_x (lat): 0.012943°  |  offset_y (lon): 0.002685°
📊 Row stepping: Processando todas as linhas
🗺️  Map matching: ATIVADO (raio 1500m) - pontos snapped para ruas
📐 Cálculo de distância: HAVERSINE PURO dos pontos COM snap (consistência)
======================================================================

📊 Carregando dados SUMO...
   Total de registros no arquivo: 323
   Veículos únicos: 1
   🚙 Vehicle selecionado: carro_1000

🔄 Agregando viagens por vehicle_id...
  📐 SUMO_carro_1000: Calculando distâncias com Haversine direto (SEM routing API)
      Original: 222 pontos → 1.9688 km (Haversine)
      Offset:   222 pontos → 1.8558 km (Haversine)

🚙 Veículo: SUMO_carro_1000
   Modelo: HBEFA4/PC_petrol_Euro-6ab
   Segmentos: 222
   📏 Distância: 1.973 km (city: 1.973, highway: 0.000)
   ⛽ Combustível: 24.219 l
   🏭 CO2 real: 55946.2 g
   🎯 CO2 meta: 379.8 g
   📊 Delta: -55566.4 g
   💰 Valor E1: R$ -2.7783
   🧭 Tentativas map matching: 224

   🔑 OFFSET DETERMINÍSTICO (x=-0.007571898611678745°, y=0.0009832244814768707°, max=2.0km):
   📍 Start Original:  (40.775644, -73.960687)
   🔒 Start Protegido: (40.767831, -73.960121) ✓ 0.85 km | ✓ MAP MATCHED
   📏 Deslocamento final: 871.0 metros
   📍 End Original:    (40.772651, -73.962544)
   🔒 End Protegido:   (40.765091, -73.961564) ✓ 0.85 km | ✓ MAP MATCHED
   📏 Deslocamento final: 845.6 metros

   📐 ANÁLISE DE DISTÂNCIA DO TRAJETO (HAVERSINE DOS PONTOS ARMAZENADOS):
   ✨ 198 pontos privados duplicados foram separados para garantir visualização 1:1.
   ℹ️  Dica: use --debug-map-matching para ver tentativas detalhadas de re-snap.
   🔢 Pontos unicos original/offset: 221/24 (Δ -197, -89.1% )
   📍 Trajeto original: 1.969 km (linha reta entre pontos GPS)
   🔒 Trajeto com offset: 1.856 km (linha reta entre pontos COM snap)
   📊 Diferença: -0.113 km (-5.7%)

======================================================================
📊 ESTATÍSTICAS FINAIS
======================================================================
Viagens processadas: 1
Distância total: 1.97 km
Combustível total: 24.22 l
CO2 real total: 55946.2 g
CO2 meta total: 379.8 g
Delta CO2: -55566.4 g
Valor E1 total: R$ -2.78

💰 Créditos: R$ 0.00
💸 Débitos: R$ 2.78
📈 Saldo líquido: R$ -2.78

🗺️  MAP MATCHING:
   Pontos processados: 222
   Snaps tentados: 222 (100.0%)
   Snaps bem-sucedidos: 222 (100.0%)
   Snaps forçados (>100m): 222 (100.0%)
   ✅ TODOS os pontos estão em ruas (FORCE_SNAP=True)
======================================================================

💾 Dados agregados salvos em: ../data/offset_batch/vehicles_step_sim_1/run_038.csv
[csv-worker_0] [vehicles_step_sim_1] ===== LOG RUN 038 FIM =====

[csv-worker_0] [vehicles_step_sim_1] ===== LOG RUN 039 INICIO =====
======================================================================
🚗 PROCESSAMENTO SUMO → E1 REGISTRY (OFFSET ALEATÓRIO - veh0)
======================================================================
📄 Entrada: ../data/vehicles_step_sim_1.csv
🏭 Consumo fabricante: 12.0 km/l
💰 Preço carbono: R$ 50.0/ton
⭕ Raio máximo do offset aleatório: 2.0 km
🎲 Offset gerado aleatoriamente:
   Ângulo: 24.6°
   Distância: 0.4812 km
   offset_x (lat): 0.003930°  |  offset_y (lon): 0.001800°
📊 Row stepping: Processando todas as linhas
🗺️  Map matching: ATIVADO (raio 1500m) - pontos snapped para ruas
📐 Cálculo de distância: HAVERSINE PURO dos pontos COM snap (consistência)
======================================================================

📊 Carregando dados SUMO...
   Total de registros no arquivo: 323
   Veículos únicos: 1
   🚙 Vehicle selecionado: carro_1000

🔄 Agregando viagens por vehicle_id...
  📐 SUMO_carro_1000: Calculando distâncias com Haversine direto (SEM routing API)
      Original: 131 pontos → 1.4055 km (Haversine)
      Offset:   131 pontos → 3.3256 km (Haversine)

🚙 Veículo: SUMO_carro_1000
   Modelo: HBEFA4/PC_petrol_Euro-6ab
   Segmentos: 131
   📏 Distância: 1.410 km (city: 1.410, highway: 0.000)
   ⛽ Combustível: 12.456 l
   🏭 CO2 real: 28774.3 g
   🎯 CO2 meta: 271.4 g
   📊 Delta: -28502.9 g
   💰 Valor E1: R$ -1.4251
   🧭 Tentativas map matching: 133

   🔑 OFFSET DETERMINÍSTICO (x=0.012145415726208484°, y=-0.003401100822885593°, max=2.0km):
   📍 Start Original:  (40.775644, -73.960687)
   🔒 Start Protegido: (40.789067, -73.966601) ✓ 1.38 km | ✓ MAP MATCHED
   📏 Deslocamento final: 1575.3 metros
   📍 End Original:    (40.772974, -73.962198)
   🔒 End Protegido:   (40.784031, -73.966185) ✓ 1.38 km | ✓ MAP MATCHED
   📏 Deslocamento final: 1275.9 metros

   📐 ANÁLISE DE DISTÂNCIA DO TRAJETO (HAVERSINE DOS PONTOS ARMAZENADOS):
   ✨ 108 pontos privados duplicados foram separados para garantir visualização 1:1.
   ℹ️  Dica: use --debug-map-matching para ver tentativas detalhadas de re-snap.
   🔢 Pontos unicos original/offset: 130/23 (Δ -107, -82.3% )
   📍 Trajeto original: 1.405 km (linha reta entre pontos GPS)
   🔒 Trajeto com offset: 3.326 km (linha reta entre pontos COM snap)
   📊 Diferença: +1.920 km (+136.6%)

======================================================================
📊 ESTATÍSTICAS FINAIS
======================================================================
Viagens processadas: 1
Distância total: 1.41 km
Combustível total: 12.46 l
CO2 real total: 28774.3 g
CO2 meta total: 271.4 g
Delta CO2: -28502.9 g
Valor E1 total: R$ -1.43

💰 Créditos: R$ 0.00
💸 Débitos: R$ 1.43
📈 Saldo líquido: R$ -1.43

🗺️  MAP MATCHING:
   Pontos processados: 131
   Snaps tentados: 131 (100.0%)
   Snaps bem-sucedidos: 131 (100.0%)
   Snaps forçados (>100m): 131 (100.0%)
   ✅ TODOS os pontos estão em ruas (FORCE_SNAP=True)
======================================================================

💾 Dados agregados salvos em: ../data/offset_batch/vehicles_step_sim_1/run_039.csv
[csv-worker_0] [vehicles_step_sim_1] ===== LOG RUN 039 FIM =====

[csv-worker_0] [vehicles_step_sim_1] ===== LOG RUN 040 INICIO =====
======================================================================
🚗 PROCESSAMENTO SUMO → E1 REGISTRY (OFFSET ALEATÓRIO - veh0)
======================================================================
📄 Entrada: ../data/vehicles_step_sim_1.csv
🏭 Consumo fabricante: 12.0 km/l
💰 Preço carbono: R$ 50.0/ton
⭕ Raio máximo do offset aleatório: 2.0 km
🎲 Offset gerado aleatoriamente:
   Ângulo: 354.8°
   Distância: 1.7412 km
   offset_x (lat): 0.015577°  |  offset_y (lon): -0.001417°
📊 Row stepping: Processando todas as linhas
🗺️  Map matching: ATIVADO (raio 1500m) - pontos snapped para ruas
📐 Cálculo de distância: HAVERSINE PURO dos pontos COM snap (consistência)
======================================================================

📊 Carregando dados SUMO...
   Total de registros no arquivo: 323
   Veículos únicos: 1
   🚙 Vehicle selecionado: carro_1000

🔄 Agregando viagens por vehicle_id...
  📐 SUMO_carro_1000: Calculando distâncias com Haversine direto (SEM routing API)
      Original: 301 pontos → 3.1480 km (Haversine)
      Offset:   301 pontos → 3.0169 km (Haversine)

🚙 Veículo: SUMO_carro_1000
   Modelo: HBEFA4/PC_petrol_Euro-6ab
   Segmentos: 301
   📏 Distância: 3.159 km (city: 3.020, highway: 0.139)
   ⛽ Combustível: 51.224 l
   🏭 CO2 real: 118326.7 g
   🎯 CO2 meta: 608.1 g
   📊 Delta: -117718.6 g
   💰 Valor E1: R$ -5.8859
   🧭 Tentativas map matching: 303

   🔑 OFFSET DETERMINÍSTICO (x=-0.0019626676351818086°, y=0.011914564251929745°, max=2.0km):
   📍 Start Original:  (40.775644, -73.960687)
   🔒 Start Protegido: (40.773928, -73.948584) ✓ 1.03 km | ✓ MAP MATCHED
   📏 Deslocamento final: 1038.0 metros
   📍 End Original:    (40.771236, -73.963813)
   🔒 End Protegido:   (40.769393, -73.951908) ✓ 1.03 km | ✓ MAP MATCHED
   📏 Deslocamento final: 1024.4 metros

   📐 ANÁLISE DE DISTÂNCIA DO TRAJETO (HAVERSINE DOS PONTOS ARMAZENADOS):
   ✨ 255 pontos privados duplicados foram separados para garantir visualização 1:1.
   ℹ️  Dica: use --debug-map-matching para ver tentativas detalhadas de re-snap.
   🔢 Pontos unicos original/offset: 301/46 (Δ -255, -84.7% )
   📍 Trajeto original: 3.148 km (linha reta entre pontos GPS)
   🔒 Trajeto com offset: 3.017 km (linha reta entre pontos COM snap)
   📊 Diferença: -0.131 km (-4.2%)

======================================================================
📊 ESTATÍSTICAS FINAIS
======================================================================
Viagens processadas: 1
Distância total: 3.16 km
Combustível total: 51.22 l
CO2 real total: 118326.7 g
CO2 meta total: 608.1 g
Delta CO2: -117718.6 g
Valor E1 total: R$ -5.89

💰 Créditos: R$ 0.00
💸 Débitos: R$ 5.89
📈 Saldo líquido: R$ -5.89

🗺️  MAP MATCHING:
   Pontos processados: 301
   Snaps tentados: 301 (100.0%)
   Snaps bem-sucedidos: 301 (100.0%)
   Snaps forçados (>100m): 301 (100.0%)
   ✅ TODOS os pontos estão em ruas (FORCE_SNAP=True)
======================================================================

💾 Dados agregados salvos em: ../data/offset_batch/vehicles_step_sim_1/run_040.csv
[csv-worker_0] [vehicles_step_sim_1] ===== LOG RUN 040 FIM =====

[csv-worker_0] [vehicles_step_sim_1] ===== LOG RUN 041 INICIO =====
======================================================================
🚗 PROCESSAMENTO SUMO → E1 REGISTRY (OFFSET ALEATÓRIO - veh0)
======================================================================
📄 Entrada: ../data/vehicles_step_sim_1.csv
🏭 Consumo fabricante: 12.0 km/l
💰 Preço carbono: R$ 50.0/ton
⭕ Raio máximo do offset aleatório: 2.0 km
🎲 Offset gerado aleatoriamente:
   Ângulo: 26.1°
   Distância: 1.1506 km
   offset_x (lat): 0.009284°  |  offset_y (lon): 0.004543°
📊 Row stepping: Processando todas as linhas
🗺️  Map matching: ATIVADO (raio 1500m) - pontos snapped para ruas
📐 Cálculo de distância: HAVERSINE PURO dos pontos COM snap (consistência)
======================================================================

📊 Carregando dados SUMO...
   Total de registros no arquivo: 323
   Veículos únicos: 1
   🚙 Vehicle selecionado: carro_1000

🔄 Agregando viagens por vehicle_id...
  📐 SUMO_carro_1000: Calculando distâncias com Haversine direto (SEM routing API)
      Original: 312 pontos → 3.1845 km (Haversine)
      Offset:   312 pontos → 3.0390 km (Haversine)

🚙 Veículo: SUMO_carro_1000
   Modelo: HBEFA4/PC_petrol_Euro-6ab
   Segmentos: 312
   📏 Distância: 3.190 km (city: 2.602, highway: 0.587)
   ⛽ Combustível: 54.577 l
   🏭 CO2 real: 126071.8 g
   🎯 CO2 meta: 614.1 g
   📊 Delta: -125457.8 g
   💰 Valor E1: R$ -6.2729
   🧭 Tentativas map matching: 314

   🔑 OFFSET DETERMINÍSTICO (x=0.009303319140017257°, y=0.0006801989670184418°, max=2.0km):
   📍 Start Original:  (40.775644, -73.960687)
   🔒 Start Protegido: (40.784168, -73.958498) ✓ 1.04 km | ✓ MAP MATCHED
   📏 Deslocamento final: 966.7 metros
   📍 End Original:    (40.771637, -73.963520)
   🔒 End Protegido:   (40.781188, -73.962324) ✓ 1.04 km | ✓ MAP MATCHED
   📏 Deslocamento final: 1068.0 metros

   📐 ANÁLISE DE DISTÂNCIA DO TRAJETO (HAVERSINE DOS PONTOS ARMAZENADOS):
   ✨ 250 pontos privados duplicados foram separados para garantir visualização 1:1.
   ℹ️  Dica: use --debug-map-matching para ver tentativas detalhadas de re-snap.
   🔢 Pontos unicos original/offset: 312/62 (Δ -250, -80.1% )
   📍 Trajeto original: 3.185 km (linha reta entre pontos GPS)
   🔒 Trajeto com offset: 3.039 km (linha reta entre pontos COM snap)
   📊 Diferença: -0.146 km (-4.6%)

======================================================================
📊 ESTATÍSTICAS FINAIS
======================================================================
Viagens processadas: 1
Distância total: 3.19 km
Combustível total: 54.58 l
CO2 real total: 126071.8 g
CO2 meta total: 614.1 g
Delta CO2: -125457.8 g
Valor E1 total: R$ -6.27

💰 Créditos: R$ 0.00
💸 Débitos: R$ 6.27
📈 Saldo líquido: R$ -6.27

🗺️  MAP MATCHING:
   Pontos processados: 312
   Snaps tentados: 312 (100.0%)
   Snaps bem-sucedidos: 312 (100.0%)
   Snaps forçados (>100m): 312 (100.0%)
   ✅ TODOS os pontos estão em ruas (FORCE_SNAP=True)
======================================================================

💾 Dados agregados salvos em: ../data/offset_batch/vehicles_step_sim_1/run_041.csv
[csv-worker_0] [vehicles_step_sim_1] ===== LOG RUN 041 FIM =====

[csv-worker_0] [vehicles_step_sim_1] ===== LOG RUN 042 INICIO =====
======================================================================
🚗 PROCESSAMENTO SUMO → E1 REGISTRY (OFFSET ALEATÓRIO - veh0)
======================================================================
📄 Entrada: ../data/vehicles_step_sim_1.csv
🏭 Consumo fabricante: 12.0 km/l
💰 Preço carbono: R$ 50.0/ton
⭕ Raio máximo do offset aleatório: 2.0 km
🎲 Offset gerado aleatoriamente:
   Ângulo: 24.1°
   Distância: 1.4791 km
   offset_x (lat): 0.012125°  |  offset_y (lon): 0.005435°
📊 Row stepping: Processando todas as linhas
🗺️  Map matching: ATIVADO (raio 1500m) - pontos snapped para ruas
📐 Cálculo de distância: HAVERSINE PURO dos pontos COM snap (consistência)
======================================================================

📊 Carregando dados SUMO...
   Total de registros no arquivo: 323
   Veículos únicos: 1
   🚙 Vehicle selecionado: carro_1000

🔄 Agregando viagens por vehicle_id...
  📐 SUMO_carro_1000: Calculando distâncias com Haversine direto (SEM routing API)
      Original: 155 pontos → 1.4242 km (Haversine)
      Offset:   155 pontos → 1.2987 km (Haversine)

🚙 Veículo: SUMO_carro_1000
   Modelo: HBEFA4/PC_petrol_Euro-6ab
   Segmentos: 155
   📏 Distância: 1.424 km (city: 1.424, highway: 0.000)
   ⛽ Combustível: 10.127 l
   🏭 CO2 real: 23393.7 g
   🎯 CO2 meta: 274.2 g
   📊 Delta: -23119.5 g
   💰 Valor E1: R$ -1.1560
   🧭 Tentativas map matching: 157

   🔑 OFFSET DETERMINÍSTICO (x=0.014330819019446711°, y=-0.006772610265696249°, max=2.0km):
   📍 Start Original:  (40.775644, -73.960687)
   🔒 Start Protegido: (40.789794, -73.966223) ✓ 1.69 km | ✓ MAP MATCHED
   📏 Deslocamento final: 1643.0 metros
   📍 End Original:    (40.775671, -73.960433)
   🔒 End Protegido:   (40.789794, -73.966223) ✓ 1.69 km | ✓ MAP MATCHED
   📏 Deslocamento final: 1646.2 metros

   📐 ANÁLISE DE DISTÂNCIA DO TRAJETO (HAVERSINE DOS PONTOS ARMAZENADOS):
   ✨ 127 pontos privados duplicados foram separados para garantir visualização 1:1.
   ℹ️  Dica: use --debug-map-matching para ver tentativas detalhadas de re-snap.
   🔢 Pontos unicos original/offset: 155/28 (Δ -127, -81.9% )
   📍 Trajeto original: 1.424 km (linha reta entre pontos GPS)
   🔒 Trajeto com offset: 1.299 km (linha reta entre pontos COM snap)
   📊 Diferença: -0.126 km (-8.8%)

======================================================================
📊 ESTATÍSTICAS FINAIS
======================================================================
Viagens processadas: 1
Distância total: 1.42 km
Combustível total: 10.13 l
CO2 real total: 23393.7 g
CO2 meta total: 274.2 g
Delta CO2: -23119.5 g
Valor E1 total: R$ -1.16

💰 Créditos: R$ 0.00
💸 Débitos: R$ 1.16
📈 Saldo líquido: R$ -1.16

🗺️  MAP MATCHING:
   Pontos processados: 155
   Snaps tentados: 155 (100.0%)
   Snaps bem-sucedidos: 155 (100.0%)
   Snaps forçados (>100m): 155 (100.0%)
   ✅ TODOS os pontos estão em ruas (FORCE_SNAP=True)
======================================================================

💾 Dados agregados salvos em: ../data/offset_batch/vehicles_step_sim_1/run_042.csv
[csv-worker_0] [vehicles_step_sim_1] ===== LOG RUN 042 FIM =====

[csv-worker_0] [vehicles_step_sim_1] ===== LOG RUN 043 INICIO =====
======================================================================
🚗 PROCESSAMENTO SUMO → E1 REGISTRY (OFFSET ALEATÓRIO - veh0)
======================================================================
📄 Entrada: ../data/vehicles_step_sim_1.csv
🏭 Consumo fabricante: 12.0 km/l
💰 Preço carbono: R$ 50.0/ton
⭕ Raio máximo do offset aleatório: 2.0 km
🎲 Offset gerado aleatoriamente:
   Ângulo: 150.0°
   Distância: 1.4055 km
   offset_x (lat): -0.010933°  |  offset_y (lon): 0.006315°
📊 Row stepping: Processando todas as linhas
🗺️  Map matching: ATIVADO (raio 1500m) - pontos snapped para ruas
📐 Cálculo de distância: HAVERSINE PURO dos pontos COM snap (consistência)
======================================================================

📊 Carregando dados SUMO...
   Total de registros no arquivo: 323
   Veículos únicos: 1
   🚙 Vehicle selecionado: carro_1000

🔄 Agregando viagens por vehicle_id...
  📐 SUMO_carro_1000: Calculando distâncias com Haversine direto (SEM routing API)
      Original: 300 pontos → 3.1542 km (Haversine)
      Offset:   300 pontos → 3.1645 km (Haversine)

🚙 Veículo: SUMO_carro_1000
   Modelo: HBEFA4/PC_petrol_Euro-6ab
   Segmentos: 300
   📏 Distância: 3.158 km (city: 2.541, highway: 0.617)
   ⛽ Combustível: 49.984 l
   🏭 CO2 real: 115462.6 g
   🎯 CO2 meta: 608.0 g
   📊 Delta: -114854.6 g
   💰 Valor E1: R$ -5.7427
   🧭 Tentativas map matching: 302

   🔑 OFFSET DETERMINÍSTICO (x=0.009627656535751226°, y=0.01435265920205007°, max=2.0km):
   📍 Start Original:  (40.775644, -73.960687)
   🔒 Start Protegido: (40.785257, -73.946375) ✓ 1.62 km | ✓ MAP MATCHED
   📏 Deslocamento final: 1612.7 metros
   📍 End Original:    (40.773912, -73.961904)
   🔒 End Protegido:   (40.783536, -73.947510) ✓ 1.62 km | ✓ MAP MATCHED
   📏 Deslocamento final: 1618.6 metros

   📐 ANÁLISE DE DISTÂNCIA DO TRAJETO (HAVERSINE DOS PONTOS ARMAZENADOS):
   ✨ 230 pontos privados duplicados foram separados para garantir visualização 1:1.
   ℹ️  Dica: use --debug-map-matching para ver tentativas detalhadas de re-snap.
   🔢 Pontos unicos original/offset: 299/70 (Δ -229, -76.6% )
   📍 Trajeto original: 3.154 km (linha reta entre pontos GPS)
   🔒 Trajeto com offset: 3.165 km (linha reta entre pontos COM snap)
   📊 Diferença: +0.010 km (+0.3%)

======================================================================
📊 ESTATÍSTICAS FINAIS
======================================================================
Viagens processadas: 1
Distância total: 3.16 km
Combustível total: 49.98 l
CO2 real total: 115462.6 g
CO2 meta total: 608.0 g
Delta CO2: -114854.6 g
Valor E1 total: R$ -5.74

💰 Créditos: R$ 0.00
💸 Débitos: R$ 5.74
📈 Saldo líquido: R$ -5.74

🗺️  MAP MATCHING:
   Pontos processados: 300
   Snaps tentados: 300 (100.0%)
   Snaps bem-sucedidos: 300 (100.0%)
   Snaps forçados (>100m): 300 (100.0%)
   ✅ TODOS os pontos estão em ruas (FORCE_SNAP=True)
======================================================================

💾 Dados agregados salvos em: ../data/offset_batch/vehicles_step_sim_1/run_043.csv
[csv-worker_0] [vehicles_step_sim_1] ===== LOG RUN 043 FIM =====

[csv-worker_0] [vehicles_step_sim_1] ===== LOG RUN 044 INICIO =====
======================================================================
🚗 PROCESSAMENTO SUMO → E1 REGISTRY (OFFSET ALEATÓRIO - veh0)
======================================================================
📄 Entrada: ../data/vehicles_step_sim_1.csv
🏭 Consumo fabricante: 12.0 km/l
💰 Preço carbono: R$ 50.0/ton
⭕ Raio máximo do offset aleatório: 2.0 km
🎲 Offset gerado aleatoriamente:
   Ângulo: 255.9°
   Distância: 1.0059 km
   offset_x (lat): -0.002204°  |  offset_y (lon): -0.008763°
📊 Row stepping: Processando todas as linhas
🗺️  Map matching: ATIVADO (raio 1500m) - pontos snapped para ruas
📐 Cálculo de distância: HAVERSINE PURO dos pontos COM snap (consistência)
======================================================================

📊 Carregando dados SUMO...
   Total de registros no arquivo: 323
   Veículos únicos: 1
   🚙 Vehicle selecionado: carro_1000

🔄 Agregando viagens por vehicle_id...
  📐 SUMO_carro_1000: Calculando distâncias com Haversine direto (SEM routing API)
      Original: 300 pontos → 3.1542 km (Haversine)
      Offset:   300 pontos → 3.5789 km (Haversine)

🚙 Veículo: SUMO_carro_1000
   Modelo: HBEFA4/PC_petrol_Euro-6ab
   Segmentos: 300
   📏 Distância: 3.158 km (city: 2.541, highway: 0.617)
   ⛽ Combustível: 49.984 l
   🏭 CO2 real: 115462.6 g
   🎯 CO2 meta: 608.0 g
   📊 Delta: -114854.6 g
   💰 Valor E1: R$ -5.7427
   🧭 Tentativas map matching: 302

   🔑 OFFSET DETERMINÍSTICO (x=-0.010532343757256174°, y=0.008406163875979466°, max=2.0km):
   📍 Start Original:  (40.775644, -73.960687)
   🔒 Start Protegido: (40.765137, -73.952274) ✓ 1.37 km | ✓ MAP MATCHED
   📏 Deslocamento final: 1367.8 metros
   📍 End Original:    (40.773912, -73.961904)
   🔒 End Protegido:   (40.763421, -73.953527) ✓ 1.37 km | ✓ MAP MATCHED
   📏 Deslocamento final: 1364.8 metros

   📐 ANÁLISE DE DISTÂNCIA DO TRAJETO (HAVERSINE DOS PONTOS ARMAZENADOS):
   ✨ 252 pontos privados duplicados foram separados para garantir visualização 1:1.
   ℹ️  Dica: use --debug-map-matching para ver tentativas detalhadas de re-snap.
   🔢 Pontos unicos original/offset: 299/48 (Δ -251, -83.9% )
   📍 Trajeto original: 3.154 km (linha reta entre pontos GPS)
   🔒 Trajeto com offset: 3.579 km (linha reta entre pontos COM snap)
   📊 Diferença: +0.425 km (+13.5%)

======================================================================
📊 ESTATÍSTICAS FINAIS
======================================================================
Viagens processadas: 1
Distância total: 3.16 km
Combustível total: 49.98 l
CO2 real total: 115462.6 g
CO2 meta total: 608.0 g
Delta CO2: -114854.6 g
Valor E1 total: R$ -5.74

💰 Créditos: R$ 0.00
💸 Débitos: R$ 5.74
📈 Saldo líquido: R$ -5.74

🗺️  MAP MATCHING:
   Pontos processados: 300
   Snaps tentados: 300 (100.0%)
   Snaps bem-sucedidos: 300 (100.0%)
   Snaps forçados (>100m): 300 (100.0%)
   ✅ TODOS os pontos estão em ruas (FORCE_SNAP=True)
======================================================================

💾 Dados agregados salvos em: ../data/offset_batch/vehicles_step_sim_1/run_044.csv
[csv-worker_0] [vehicles_step_sim_1] ===== LOG RUN 044 FIM =====

[csv-worker_0] [vehicles_step_sim_1] ===== LOG RUN 045 INICIO =====
======================================================================
🚗 PROCESSAMENTO SUMO → E1 REGISTRY (OFFSET ALEATÓRIO - veh0)
======================================================================
📄 Entrada: ../data/vehicles_step_sim_1.csv
🏭 Consumo fabricante: 12.0 km/l
💰 Preço carbono: R$ 50.0/ton
⭕ Raio máximo do offset aleatório: 2.0 km
🎲 Offset gerado aleatoriamente:
   Ângulo: 326.5°
   Distância: 1.6943 km
   offset_x (lat): 0.012690°  |  offset_y (lon): -0.008403°
📊 Row stepping: Processando todas as linhas
🗺️  Map matching: ATIVADO (raio 1500m) - pontos snapped para ruas
📐 Cálculo de distância: HAVERSINE PURO dos pontos COM snap (consistência)
======================================================================

📊 Carregando dados SUMO...
   Total de registros no arquivo: 323
   Veículos únicos: 1
   🚙 Vehicle selecionado: carro_1000

🔄 Agregando viagens por vehicle_id...
  📐 SUMO_carro_1000: Calculando distâncias com Haversine direto (SEM routing API)
      Original: 324 pontos → 3.1629 km (Haversine)
      Offset:   324 pontos → 3.1675 km (Haversine)

🚙 Veículo: SUMO_carro_1000
   Modelo: HBEFA4/PC_petrol_Euro-6ab
   Segmentos: 324
   📏 Distância: 3.166 km (city: 3.024, highway: 0.142)
   ⛽ Combustível: 49.530 l
   🏭 CO2 real: 114414.1 g
   🎯 CO2 meta: 609.4 g
   📊 Delta: -113804.6 g
   💰 Valor E1: R$ -5.6902
   🧭 Tentativas map matching: 326

   🔑 OFFSET DETERMINÍSTICO (x=-0.0018880372120163712°, y=-0.004893473220552847°, max=2.0km):
   📍 Start Original:  (40.775644, -73.960687)
   🔒 Start Protegido: (40.773739, -73.965984) ✓ 0.46 km | ✓ MAP MATCHED
   📏 Deslocamento final: 494.3 metros
   📍 End Original:    (40.772251, -73.963071)
   🔒 End Protegido:   (40.770237, -73.967767) ✓ 0.46 km | ✓ MAP MATCHED
   📏 Deslocamento final: 455.0 metros

   📐 ANÁLISE DE DISTÂNCIA DO TRAJETO (HAVERSINE DOS PONTOS ARMAZENADOS):
   ✨ 288 pontos privados duplicados foram separados para garantir visualização 1:1.
   ℹ️  Dica: use --debug-map-matching para ver tentativas detalhadas de re-snap.
   🔢 Pontos unicos original/offset: 324/36 (Δ -288, -88.9% )
   📍 Trajeto original: 3.163 km (linha reta entre pontos GPS)
   🔒 Trajeto com offset: 3.167 km (linha reta entre pontos COM snap)
   📊 Diferença: +0.005 km (+0.1%)

======================================================================
📊 ESTATÍSTICAS FINAIS
======================================================================
Viagens processadas: 1
Distância total: 3.17 km
Combustível total: 49.53 l
CO2 real total: 114414.1 g
CO2 meta total: 609.4 g
Delta CO2: -113804.6 g
Valor E1 total: R$ -5.69

💰 Créditos: R$ 0.00
💸 Débitos: R$ 5.69
📈 Saldo líquido: R$ -5.69

🗺️  MAP MATCHING:
   Pontos processados: 324
   Snaps tentados: 324 (100.0%)
   Snaps bem-sucedidos: 324 (100.0%)
   Snaps forçados (>100m): 324 (100.0%)
   ✅ TODOS os pontos estão em ruas (FORCE_SNAP=True)
======================================================================

💾 Dados agregados salvos em: ../data/offset_batch/vehicles_step_sim_1/run_045.csv
[csv-worker_0] [vehicles_step_sim_1] ===== LOG RUN 045 FIM =====

[csv-worker_0] [vehicles_step_sim_1] ===== LOG RUN 046 INICIO =====
======================================================================
🚗 PROCESSAMENTO SUMO → E1 REGISTRY (OFFSET ALEATÓRIO - veh0)
======================================================================
📄 Entrada: ../data/vehicles_step_sim_1.csv
🏭 Consumo fabricante: 12.0 km/l
💰 Preço carbono: R$ 50.0/ton
⭕ Raio máximo do offset aleatório: 2.0 km
🎲 Offset gerado aleatoriamente:
   Ângulo: 30.3°
   Distância: 0.8614 km
   offset_x (lat): 0.006680°  |  offset_y (lon): 0.003906°
📊 Row stepping: Processando todas as linhas
🗺️  Map matching: ATIVADO (raio 1500m) - pontos snapped para ruas
📐 Cálculo de distância: HAVERSINE PURO dos pontos COM snap (consistência)
======================================================================

📊 Carregando dados SUMO...
   Total de registros no arquivo: 323
   Veículos únicos: 1
   🚙 Vehicle selecionado: carro_1000

🔄 Agregando viagens por vehicle_id...
  📐 SUMO_carro_1000: Calculando distâncias com Haversine direto (SEM routing API)
      Original: 324 pontos → 3.1629 km (Haversine)
      Offset:   324 pontos → 3.9405 km (Haversine)

🚙 Veículo: SUMO_carro_1000
   Modelo: HBEFA4/PC_petrol_Euro-6ab
   Segmentos: 324
   📏 Distância: 3.166 km (city: 3.024, highway: 0.142)
   ⛽ Combustível: 49.530 l
   🏭 CO2 real: 114414.1 g
   🎯 CO2 meta: 609.4 g
   📊 Delta: -113804.6 g
   💰 Valor E1: R$ -5.6902
   🧭 Tentativas map matching: 326

   🔑 OFFSET DETERMINÍSTICO (x=-0.008898471480659885°, y=0.003037119614485008°, max=2.0km):
   📍 Start Original:  (40.775644, -73.960687)
   🔒 Start Protegido: (40.766552, -73.957093) ✓ 1.02 km | ✓ MAP MATCHED
   📏 Deslocamento final: 1056.4 metros
   📍 End Original:    (40.772251, -73.963071)
   🔒 End Protegido:   (40.763426, -73.959372) ✓ 1.02 km | ✓ MAP MATCHED
   📏 Deslocamento final: 1030.6 metros

   📐 ANÁLISE DE DISTÂNCIA DO TRAJETO (HAVERSINE DOS PONTOS ARMAZENADOS):
   ✨ 272 pontos privados duplicados foram separados para garantir visualização 1:1.
   ℹ️  Dica: use --debug-map-matching para ver tentativas detalhadas de re-snap.
   🔢 Pontos unicos original/offset: 324/52 (Δ -272, -84.0% )
   📍 Trajeto original: 3.163 km (linha reta entre pontos GPS)
   🔒 Trajeto com offset: 3.941 km (linha reta entre pontos COM snap)
   📊 Diferença: +0.778 km (+24.6%)

======================================================================
📊 ESTATÍSTICAS FINAIS
======================================================================
Viagens processadas: 1
Distância total: 3.17 km
Combustível total: 49.53 l
CO2 real total: 114414.1 g
CO2 meta total: 609.4 g
Delta CO2: -113804.6 g
Valor E1 total: R$ -5.69

💰 Créditos: R$ 0.00
💸 Débitos: R$ 5.69
📈 Saldo líquido: R$ -5.69

🗺️  MAP MATCHING:
   Pontos processados: 324
   Snaps tentados: 324 (100.0%)
   Snaps bem-sucedidos: 324 (100.0%)
   Snaps forçados (>100m): 324 (100.0%)
   ✅ TODOS os pontos estão em ruas (FORCE_SNAP=True)
======================================================================

💾 Dados agregados salvos em: ../data/offset_batch/vehicles_step_sim_1/run_046.csv
[csv-worker_0] [vehicles_step_sim_1] ===== LOG RUN 046 FIM =====

[csv-worker_0] [vehicles_step_sim_1] ===== LOG RUN 047 INICIO =====
======================================================================
🚗 PROCESSAMENTO SUMO → E1 REGISTRY (OFFSET ALEATÓRIO - veh0)
======================================================================
📄 Entrada: ../data/vehicles_step_sim_1.csv
🏭 Consumo fabricante: 12.0 km/l
💰 Preço carbono: R$ 50.0/ton
⭕ Raio máximo do offset aleatório: 2.0 km
🎲 Offset gerado aleatoriamente:
   Ângulo: 324.0°
   Distância: 0.4639 km
   offset_x (lat): 0.003373°  |  offset_y (lon): -0.002447°
📊 Row stepping: Processando todas as linhas
🗺️  Map matching: ATIVADO (raio 1500m) - pontos snapped para ruas
📐 Cálculo de distância: HAVERSINE PURO dos pontos COM snap (consistência)
======================================================================

📊 Carregando dados SUMO...
   Total de registros no arquivo: 323
   Veículos únicos: 1
   🚙 Vehicle selecionado: carro_1000

🔄 Agregando viagens por vehicle_id...
  📐 SUMO_carro_1000: Calculando distâncias com Haversine direto (SEM routing API)
      Original: 155 pontos → 1.4242 km (Haversine)
      Offset:   155 pontos → 1.1680 km (Haversine)

🚙 Veículo: SUMO_carro_1000
   Modelo: HBEFA4/PC_petrol_Euro-6ab
   Segmentos: 155
   📏 Distância: 1.424 km (city: 1.424, highway: 0.000)
   ⛽ Combustível: 10.127 l
   🏭 CO2 real: 23393.7 g
   🎯 CO2 meta: 274.2 g
   📊 Delta: -23119.5 g
   💰 Valor E1: R$ -1.1560
   🧭 Tentativas map matching: 157

   🔑 OFFSET DETERMINÍSTICO (x=0.003694311181252214°, y=-0.014727238669013413°, max=2.0km):
   📍 Start Original:  (40.775644, -73.960687)
   🔒 Start Protegido: (40.779977, -73.974735) ✓ 1.31 km | ✓ MAP MATCHED
   📏 Deslocamento final: 1278.7 metros
   📍 End Original:    (40.775671, -73.960433)
   🔒 End Protegido:   (40.779977, -73.974735) ✓ 1.31 km | ✓ MAP MATCHED
   📏 Deslocamento final: 1297.4 metros

   📐 ANÁLISE DE DISTÂNCIA DO TRAJETO (HAVERSINE DOS PONTOS ARMAZENADOS):
   ✨ 130 pontos privados duplicados foram separados para garantir visualização 1:1.
   ℹ️  Dica: use --debug-map-matching para ver tentativas detalhadas de re-snap.
   🔢 Pontos unicos original/offset: 155/25 (Δ -130, -83.9% )
   📍 Trajeto original: 1.424 km (linha reta entre pontos GPS)
   🔒 Trajeto com offset: 1.168 km (linha reta entre pontos COM snap)
   📊 Diferença: -0.256 km (-18.0%)

======================================================================
📊 ESTATÍSTICAS FINAIS
======================================================================
Viagens processadas: 1
Distância total: 1.42 km
Combustível total: 10.13 l
CO2 real total: 23393.7 g
CO2 meta total: 274.2 g
Delta CO2: -23119.5 g
Valor E1 total: R$ -1.16

💰 Créditos: R$ 0.00
💸 Débitos: R$ 1.16
📈 Saldo líquido: R$ -1.16

🗺️  MAP MATCHING:
   Pontos processados: 155
   Snaps tentados: 155 (100.0%)
   Snaps bem-sucedidos: 155 (100.0%)
   Snaps forçados (>100m): 155 (100.0%)
   ✅ TODOS os pontos estão em ruas (FORCE_SNAP=True)
======================================================================

💾 Dados agregados salvos em: ../data/offset_batch/vehicles_step_sim_1/run_047.csv
[csv-worker_0] [vehicles_step_sim_1] ===== LOG RUN 047 FIM =====

[csv-worker_0] [vehicles_step_sim_1] ===== LOG RUN 048 INICIO =====
======================================================================
🚗 PROCESSAMENTO SUMO → E1 REGISTRY (OFFSET ALEATÓRIO - veh0)
======================================================================
📄 Entrada: ../data/vehicles_step_sim_1.csv
🏭 Consumo fabricante: 12.0 km/l
💰 Preço carbono: R$ 50.0/ton
⭕ Raio máximo do offset aleatório: 2.0 km
🎲 Offset gerado aleatoriamente:
   Ângulo: 241.1°
   Distância: 1.6348 km
   offset_x (lat): -0.007104°  |  offset_y (lon): -0.012853°
📊 Row stepping: Processando todas as linhas
🗺️  Map matching: ATIVADO (raio 1500m) - pontos snapped para ruas
📐 Cálculo de distância: HAVERSINE PURO dos pontos COM snap (consistência)
======================================================================

📊 Carregando dados SUMO...
   Total de registros no arquivo: 323
   Veículos únicos: 1
   🚙 Vehicle selecionado: carro_1000

🔄 Agregando viagens por vehicle_id...
  📐 SUMO_carro_1000: Calculando distâncias com Haversine direto (SEM routing API)
      Original: 155 pontos → 1.4242 km (Haversine)
      Offset:   155 pontos → 1.4380 km (Haversine)

🚙 Veículo: SUMO_carro_1000
   Modelo: HBEFA4/PC_petrol_Euro-6ab
   Segmentos: 155
   📏 Distância: 1.424 km (city: 1.424, highway: 0.000)
   ⛽ Combustível: 10.127 l
   🏭 CO2 real: 23393.7 g
   🎯 CO2 meta: 274.2 g
   📊 Delta: -23119.5 g
   💰 Valor E1: R$ -1.1560
   🧭 Tentativas map matching: 157

   🔑 OFFSET DETERMINÍSTICO (x=0.005915565365349701°, y=0.007681930135079283°, max=2.0km):
   📍 Start Original:  (40.775644, -73.960687)
   🔒 Start Protegido: (40.781436, -73.952256) ✓ 0.92 km | ✓ MAP MATCHED
   📏 Deslocamento final: 959.7 metros
   📍 End Original:    (40.775671, -73.960433)
   🔒 End Protegido:   (40.781436, -73.952256) ✓ 0.92 km | ✓ MAP MATCHED
   📏 Deslocamento final: 941.8 metros

   📐 ANÁLISE DE DISTÂNCIA DO TRAJETO (HAVERSINE DOS PONTOS ARMAZENADOS):
   ✨ 124 pontos privados duplicados foram separados para garantir visualização 1:1.
   ℹ️  Dica: use --debug-map-matching para ver tentativas detalhadas de re-snap.
   🔢 Pontos unicos original/offset: 155/31 (Δ -124, -80.0% )
   📍 Trajeto original: 1.424 km (linha reta entre pontos GPS)
   🔒 Trajeto com offset: 1.438 km (linha reta entre pontos COM snap)
   📊 Diferença: +0.014 km (+1.0%)

======================================================================
📊 ESTATÍSTICAS FINAIS
======================================================================
Viagens processadas: 1
Distância total: 1.42 km
Combustível total: 10.13 l
CO2 real total: 23393.7 g
CO2 meta total: 274.2 g
Delta CO2: -23119.5 g
Valor E1 total: R$ -1.16

💰 Créditos: R$ 0.00
💸 Débitos: R$ 1.16
📈 Saldo líquido: R$ -1.16

🗺️  MAP MATCHING:
   Pontos processados: 155
   Snaps tentados: 155 (100.0%)
   Snaps bem-sucedidos: 155 (100.0%)
   Snaps forçados (>100m): 155 (100.0%)
   ✅ TODOS os pontos estão em ruas (FORCE_SNAP=True)
======================================================================

💾 Dados agregados salvos em: ../data/offset_batch/vehicles_step_sim_1/run_048.csv
[csv-worker_0] [vehicles_step_sim_1] ===== LOG RUN 048 FIM =====

[csv-worker_0] [vehicles_step_sim_1] ===== LOG RUN 049 INICIO =====
======================================================================
🚗 PROCESSAMENTO SUMO → E1 REGISTRY (OFFSET ALEATÓRIO - veh0)
======================================================================
📄 Entrada: ../data/vehicles_step_sim_1.csv
🏭 Consumo fabricante: 12.0 km/l
💰 Preço carbono: R$ 50.0/ton
⭕ Raio máximo do offset aleatório: 2.0 km
🎲 Offset gerado aleatoriamente:
   Ângulo: 202.6°
   Distância: 1.8806 km
   offset_x (lat): -0.015595°  |  offset_y (lon): -0.006497°
📊 Row stepping: Processando todas as linhas
🗺️  Map matching: ATIVADO (raio 1500m) - pontos snapped para ruas
📐 Cálculo de distância: HAVERSINE PURO dos pontos COM snap (consistência)
======================================================================

📊 Carregando dados SUMO...
   Total de registros no arquivo: 323
   Veículos únicos: 1
   🚙 Vehicle selecionado: carro_1000

🔄 Agregando viagens por vehicle_id...
  📐 SUMO_carro_1000: Calculando distâncias com Haversine direto (SEM routing API)
      Original: 324 pontos → 3.1629 km (Haversine)
      Offset:   324 pontos → 3.5746 km (Haversine)

🚙 Veículo: SUMO_carro_1000
   Modelo: HBEFA4/PC_petrol_Euro-6ab
   Segmentos: 324
   📏 Distância: 3.166 km (city: 3.024, highway: 0.142)
   ⛽ Combustível: 49.530 l
   🏭 CO2 real: 114414.1 g
   🎯 CO2 meta: 609.4 g
   📊 Delta: -113804.6 g
   💰 Valor E1: R$ -5.6902
   🧭 Tentativas map matching: 326

   🔑 OFFSET DETERMINÍSTICO (x=0.005496194840929445°, y=0.00943587325206361°, max=2.0km):
   📍 Start Original:  (40.775644, -73.960687)
   🔒 Start Protegido: (40.780913, -73.951014) ✓ 1.00 km | ✓ MAP MATCHED
   📏 Deslocamento final: 1004.5 metros
   📍 End Original:    (40.772251, -73.963071)
   🔒 End Protegido:   (40.778084, -73.954342) ✓ 1.00 km | ✓ MAP MATCHED
   📏 Deslocamento final: 981.4 metros

   📐 ANÁLISE DE DISTÂNCIA DO TRAJETO (HAVERSINE DOS PONTOS ARMAZENADOS):
   ✨ 283 pontos privados duplicados foram separados para garantir visualização 1:1.
   ℹ️  Dica: use --debug-map-matching para ver tentativas detalhadas de re-snap.
   🔢 Pontos unicos original/offset: 324/41 (Δ -283, -87.3% )
   📍 Trajeto original: 3.163 km (linha reta entre pontos GPS)
   🔒 Trajeto com offset: 3.575 km (linha reta entre pontos COM snap)
   📊 Diferença: +0.412 km (+13.0%)

======================================================================
📊 ESTATÍSTICAS FINAIS
======================================================================
Viagens processadas: 1
Distância total: 3.17 km
Combustível total: 49.53 l
CO2 real total: 114414.1 g
CO2 meta total: 609.4 g
Delta CO2: -113804.6 g
Valor E1 total: R$ -5.69

💰 Créditos: R$ 0.00
💸 Débitos: R$ 5.69
📈 Saldo líquido: R$ -5.69

🗺️  MAP MATCHING:
   Pontos processados: 324
   Snaps tentados: 324 (100.0%)
   Snaps bem-sucedidos: 324 (100.0%)
   Snaps forçados (>100m): 324 (100.0%)
   ✅ TODOS os pontos estão em ruas (FORCE_SNAP=True)
======================================================================

💾 Dados agregados salvos em: ../data/offset_batch/vehicles_step_sim_1/run_049.csv
[csv-worker_0] [vehicles_step_sim_1] ===== LOG RUN 049 FIM =====

[csv-worker_0] [vehicles_step_sim_1] ===== LOG RUN 050 INICIO =====
======================================================================
🚗 PROCESSAMENTO SUMO → E1 REGISTRY (OFFSET ALEATÓRIO - veh0)
======================================================================
📄 Entrada: ../data/vehicles_step_sim_1.csv
🏭 Consumo fabricante: 12.0 km/l
💰 Preço carbono: R$ 50.0/ton
⭕ Raio máximo do offset aleatório: 2.0 km
🎲 Offset gerado aleatoriamente:
   Ângulo: 116.3°
   Distância: 1.3299 km
   offset_x (lat): -0.005284°  |  offset_y (lon): 0.010714°
📊 Row stepping: Processando todas as linhas
🗺️  Map matching: ATIVADO (raio 1500m) - pontos snapped para ruas
📐 Cálculo de distância: HAVERSINE PURO dos pontos COM snap (consistência)
======================================================================

📊 Carregando dados SUMO...
   Total de registros no arquivo: 323
   Veículos únicos: 1
   🚙 Vehicle selecionado: carro_1000

🔄 Agregando viagens por vehicle_id...
  📐 SUMO_carro_1000: Calculando distâncias com Haversine direto (SEM routing API)
      Original: 301 pontos → 3.1480 km (Haversine)
      Offset:   301 pontos → 2.7497 km (Haversine)

🚙 Veículo: SUMO_carro_1000
   Modelo: HBEFA4/PC_petrol_Euro-6ab
   Segmentos: 301
   📏 Distância: 3.159 km (city: 3.020, highway: 0.139)
   ⛽ Combustível: 51.224 l
   🏭 CO2 real: 118326.7 g
   🎯 CO2 meta: 608.1 g
   📊 Delta: -117718.6 g
   💰 Valor E1: R$ -5.8859
   🧭 Tentativas map matching: 303

   🔑 OFFSET DETERMINÍSTICO (x=0.004736888213320706°, y=-0.0153535257749025°, max=2.0km):
   📍 Start Original:  (40.775644, -73.960687)
   🔒 Start Protegido: (40.780616, -73.976256) ✓ 1.40 km | ✓ MAP MATCHED
   📏 Deslocamento final: 1424.4 metros
   📍 End Original:    (40.771236, -73.963813)
   🔒 End Protegido:   (40.776057, -73.979628) ✓ 1.40 km | ✓ MAP MATCHED
   📏 Deslocamento final: 1437.3 metros

   📐 ANÁLISE DE DISTÂNCIA DO TRAJETO (HAVERSINE DOS PONTOS ARMAZENADOS):
   ✨ 274 pontos privados duplicados foram separados para garantir visualização 1:1.
   ℹ️  Dica: use --debug-map-matching para ver tentativas detalhadas de re-snap.
   🔢 Pontos unicos original/offset: 301/27 (Δ -274, -91.0% )
   📍 Trajeto original: 3.148 km (linha reta entre pontos GPS)
   🔒 Trajeto com offset: 2.750 km (linha reta entre pontos COM snap)
   📊 Diferença: -0.398 km (-12.7%)

======================================================================
📊 ESTATÍSTICAS FINAIS
======================================================================
Viagens processadas: 1
Distância total: 3.16 km
Combustível total: 51.22 l
CO2 real total: 118326.7 g
CO2 meta total: 608.1 g
Delta CO2: -117718.6 g
Valor E1 total: R$ -5.89

💰 Créditos: R$ 0.00
💸 Débitos: R$ 5.89
📈 Saldo líquido: R$ -5.89

🗺️  MAP MATCHING:
   Pontos processados: 301
   Snaps tentados: 301 (100.0%)
   Snaps bem-sucedidos: 301 (100.0%)
   Snaps forçados (>100m): 301 (100.0%)
   ✅ TODOS os pontos estão em ruas (FORCE_SNAP=True)
======================================================================

💾 Dados agregados salvos em: ../data/offset_batch/vehicles_step_sim_1/run_050.csv
[csv-worker_0] [vehicles_step_sim_1] ===== LOG RUN 050 FIM =====

[csv-worker_0] [vehicles_step_sim_1] ===== LOG RUN 051 INICIO =====
======================================================================
🚗 PROCESSAMENTO SUMO → E1 REGISTRY (OFFSET ALEATÓRIO - veh0)
======================================================================
📄 Entrada: ../data/vehicles_step_sim_1.csv
🏭 Consumo fabricante: 12.0 km/l
💰 Preço carbono: R$ 50.0/ton
⭕ Raio máximo do offset aleatório: 2.0 km
🎲 Offset gerado aleatoriamente:
   Ângulo: 236.1°
   Distância: 0.7062 km
   offset_x (lat): -0.003535°  |  offset_y (lon): -0.005268°
📊 Row stepping: Processando todas as linhas
🗺️  Map matching: ATIVADO (raio 1500m) - pontos snapped para ruas
📐 Cálculo de distância: HAVERSINE PURO dos pontos COM snap (consistência)
======================================================================

📊 Carregando dados SUMO...
   Total de registros no arquivo: 323
   Veículos únicos: 1
   🚙 Vehicle selecionado: carro_1000

🔄 Agregando viagens por vehicle_id...
  📐 SUMO_carro_1000: Calculando distâncias com Haversine direto (SEM routing API)
      Original: 222 pontos → 1.9688 km (Haversine)
      Offset:   222 pontos → 2.9130 km (Haversine)

🚙 Veículo: SUMO_carro_1000
   Modelo: HBEFA4/PC_petrol_Euro-6ab
   Segmentos: 222
   📏 Distância: 1.973 km (city: 1.973, highway: 0.000)
   ⛽ Combustível: 24.219 l
   🏭 CO2 real: 55946.2 g
   🎯 CO2 meta: 379.8 g
   📊 Delta: -55566.4 g
   💰 Valor E1: R$ -2.7783
   🧭 Tentativas map matching: 224

   🔑 OFFSET DETERMINÍSTICO (x=-0.007604145879178099°, y=-0.013463725320888058°, max=2.0km):
   📍 Start Original:  (40.775644, -73.960687)
   🔒 Start Protegido: (40.769189, -73.973443) ✓ 1.42 km | ✓ MAP MATCHED
   📏 Deslocamento final: 1293.3 metros
   📍 End Original:    (40.772651, -73.962544)
   🔒 End Protegido:   (40.764949, -73.976574) ✓ 1.42 km | ✓ MAP MATCHED
   📏 Deslocamento final: 1460.8 metros

   📐 ANÁLISE DE DISTÂNCIA DO TRAJETO (HAVERSINE DOS PONTOS ARMAZENADOS):
   ✨ 199 pontos privados duplicados foram separados para garantir visualização 1:1.
   ℹ️  Dica: use --debug-map-matching para ver tentativas detalhadas de re-snap.
   🔢 Pontos unicos original/offset: 221/23 (Δ -198, -89.6% )
   📍 Trajeto original: 1.969 km (linha reta entre pontos GPS)
   🔒 Trajeto com offset: 2.913 km (linha reta entre pontos COM snap)
   📊 Diferença: +0.944 km (+48.0%)

======================================================================
📊 ESTATÍSTICAS FINAIS
======================================================================
Viagens processadas: 1
Distância total: 1.97 km
Combustível total: 24.22 l
CO2 real total: 55946.2 g
CO2 meta total: 379.8 g
Delta CO2: -55566.4 g
Valor E1 total: R$ -2.78

💰 Créditos: R$ 0.00
💸 Débitos: R$ 2.78
📈 Saldo líquido: R$ -2.78

🗺️  MAP MATCHING:
   Pontos processados: 222
   Snaps tentados: 222 (100.0%)
   Snaps bem-sucedidos: 222 (100.0%)
   Snaps forçados (>100m): 222 (100.0%)
   ✅ TODOS os pontos estão em ruas (FORCE_SNAP=True)
======================================================================

💾 Dados agregados salvos em: ../data/offset_batch/vehicles_step_sim_1/run_051.csv
[csv-worker_0] [vehicles_step_sim_1] ===== LOG RUN 051 FIM =====

[csv-worker_0] [vehicles_step_sim_1] ===== LOG RUN 052 INICIO =====
======================================================================
🚗 PROCESSAMENTO SUMO → E1 REGISTRY (OFFSET ALEATÓRIO - veh0)
======================================================================
📄 Entrada: ../data/vehicles_step_sim_1.csv
🏭 Consumo fabricante: 12.0 km/l
💰 Preço carbono: R$ 50.0/ton
⭕ Raio máximo do offset aleatório: 2.0 km
🎲 Offset gerado aleatoriamente:
   Ângulo: 95.6°
   Distância: 1.8219 km
   offset_x (lat): -0.001598°  |  offset_y (lon): 0.016288°
📊 Row stepping: Processando todas as linhas
🗺️  Map matching: ATIVADO (raio 1500m) - pontos snapped para ruas
📐 Cálculo de distância: HAVERSINE PURO dos pontos COM snap (consistência)
======================================================================

📊 Carregando dados SUMO...
   Total de registros no arquivo: 323
   Veículos únicos: 1
   🚙 Vehicle selecionado: carro_1000

🔄 Agregando viagens por vehicle_id...
  📐 SUMO_carro_1000: Calculando distâncias com Haversine direto (SEM routing API)
      Original: 299 pontos → 3.0526 km (Haversine)
      Offset:   299 pontos → 2.1413 km (Haversine)

🚙 Veículo: SUMO_carro_1000
   Modelo: HBEFA4/PC_petrol_Euro-6ab
   Segmentos: 299
   📏 Distância: 3.060 km (city: 3.060, highway: 0.000)
   ⛽ Combustível: 48.384 l
   🏭 CO2 real: 111766.0 g
   🎯 CO2 meta: 589.0 g
   📊 Delta: -111177.0 g
   💰 Valor E1: R$ -5.5588
   🧭 Tentativas map matching: 301

   🔑 OFFSET DETERMINÍSTICO (x=-0.0025870043480390806°, y=-0.013337106123720048°, max=2.0km):
   📍 Start Original:  (40.775644, -73.960687)
   🔒 Start Protegido: (40.770786, -73.976129) ✓ 1.16 km | ✓ MAP MATCHED
   📏 Deslocamento final: 1409.6 metros
   📍 End Original:    (40.774198, -73.961141)
   🔒 End Protegido:   (40.770477, -73.975610) ✓ 1.16 km | ✓ MAP MATCHED
   📏 Deslocamento final: 1288.1 metros

   📐 ANÁLISE DE DISTÂNCIA DO TRAJETO (HAVERSINE DOS PONTOS ARMAZENADOS):
   ✨ 279 pontos privados duplicados foram separados para garantir visualização 1:1.
   ℹ️  Dica: use --debug-map-matching para ver tentativas detalhadas de re-snap.
   🔢 Pontos unicos original/offset: 299/20 (Δ -279, -93.3% )
   📍 Trajeto original: 3.053 km (linha reta entre pontos GPS)
   🔒 Trajeto com offset: 2.141 km (linha reta entre pontos COM snap)
   📊 Diferença: -0.911 km (-29.9%)

======================================================================
📊 ESTATÍSTICAS FINAIS
======================================================================
Viagens processadas: 1
Distância total: 3.06 km
Combustível total: 48.38 l
CO2 real total: 111766.0 g
CO2 meta total: 589.0 g
Delta CO2: -111177.0 g
Valor E1 total: R$ -5.56

💰 Créditos: R$ 0.00
💸 Débitos: R$ 5.56
📈 Saldo líquido: R$ -5.56

🗺️  MAP MATCHING:
   Pontos processados: 299
   Snaps tentados: 299 (100.0%)
   Snaps bem-sucedidos: 299 (100.0%)
   Snaps forçados (>100m): 299 (100.0%)
   ✅ TODOS os pontos estão em ruas (FORCE_SNAP=True)
======================================================================

💾 Dados agregados salvos em: ../data/offset_batch/vehicles_step_sim_1/run_052.csv
[csv-worker_0] [vehicles_step_sim_1] ===== LOG RUN 052 FIM =====

[csv-worker_0] [vehicles_step_sim_1] ===== LOG RUN 053 INICIO =====
======================================================================
🚗 PROCESSAMENTO SUMO → E1 REGISTRY (OFFSET ALEATÓRIO - veh0)
======================================================================
📄 Entrada: ../data/vehicles_step_sim_1.csv
🏭 Consumo fabricante: 12.0 km/l
💰 Preço carbono: R$ 50.0/ton
⭕ Raio máximo do offset aleatório: 2.0 km
🎲 Offset gerado aleatoriamente:
   Ângulo: 243.5°
   Distância: 1.6449 km
   offset_x (lat): -0.006598°  |  offset_y (lon): -0.013222°
📊 Row stepping: Processando todas as linhas
🗺️  Map matching: ATIVADO (raio 1500m) - pontos snapped para ruas
📐 Cálculo de distância: HAVERSINE PURO dos pontos COM snap (consistência)
======================================================================

📊 Carregando dados SUMO...
   Total de registros no arquivo: 323
   Veículos únicos: 1
   🚙 Vehicle selecionado: carro_1000

🔄 Agregando viagens por vehicle_id...
  📐 SUMO_carro_1000: Calculando distâncias com Haversine direto (SEM routing API)
      Original: 337 pontos → 3.3706 km (Haversine)
      Offset:   337 pontos → 4.1702 km (Haversine)

🚙 Veículo: SUMO_carro_1000
   Modelo: HBEFA4/PC_petrol_Euro-6ab
   Segmentos: 337
   📏 Distância: 3.379 km (city: 3.069, highway: 0.310)
   ⛽ Combustível: 58.616 l
   🏭 CO2 real: 135402.3 g
   🎯 CO2 meta: 650.5 g
   📊 Delta: -134751.8 g
   💰 Valor E1: R$ -6.7376
   🧭 Tentativas map matching: 339

   🔑 OFFSET DETERMINÍSTICO (x=-0.001651392889910497°, y=-0.013631720804645538°, max=2.0km):
   📍 Start Original:  (40.775644, -73.960687)
   🔒 Start Protegido: (40.774975, -73.976879) ✓ 1.16 km | ✓ MAP MATCHED
   📏 Deslocamento final: 1367.0 metros
   📍 End Original:    (40.774801, -73.960637)
   🔒 End Protegido:   (40.774350, -73.977334) ✓ 1.16 km | ✓ MAP MATCHED
   📏 Deslocamento final: 1408.5 metros

   📐 ANÁLISE DE DISTÂNCIA DO TRAJETO (HAVERSINE DOS PONTOS ARMAZENADOS):
   ✨ 311 pontos privados duplicados foram separados para garantir visualização 1:1.
   ℹ️  Dica: use --debug-map-matching para ver tentativas detalhadas de re-snap.
   🔢 Pontos unicos original/offset: 337/26 (Δ -311, -92.3% )
   📍 Trajeto original: 3.371 km (linha reta entre pontos GPS)
   🔒 Trajeto com offset: 4.170 km (linha reta entre pontos COM snap)
   📊 Diferença: +0.800 km (+23.7%)

======================================================================
📊 ESTATÍSTICAS FINAIS
======================================================================
Viagens processadas: 1
Distância total: 3.38 km
Combustível total: 58.62 l
CO2 real total: 135402.3 g
CO2 meta total: 650.5 g
Delta CO2: -134751.8 g
Valor E1 total: R$ -6.74

💰 Créditos: R$ 0.00
💸 Débitos: R$ 6.74
📈 Saldo líquido: R$ -6.74

🗺️  MAP MATCHING:
   Pontos processados: 337
   Snaps tentados: 337 (100.0%)
   Snaps bem-sucedidos: 337 (100.0%)
   Snaps forçados (>100m): 337 (100.0%)
   ✅ TODOS os pontos estão em ruas (FORCE_SNAP=True)
======================================================================

💾 Dados agregados salvos em: ../data/offset_batch/vehicles_step_sim_1/run_053.csv
[csv-worker_0] [vehicles_step_sim_1] ===== LOG RUN 053 FIM =====

[csv-worker_0] [vehicles_step_sim_1] ===== LOG RUN 054 INICIO =====
======================================================================
🚗 PROCESSAMENTO SUMO → E1 REGISTRY (OFFSET ALEATÓRIO - veh0)
======================================================================
📄 Entrada: ../data/vehicles_step_sim_1.csv
🏭 Consumo fabricante: 12.0 km/l
💰 Preço carbono: R$ 50.0/ton
⭕ Raio máximo do offset aleatório: 2.0 km
🎲 Offset gerado aleatoriamente:
   Ângulo: 213.5°
   Distância: 1.4050 km
   offset_x (lat): -0.010529°  |  offset_y (lon): -0.006959°
📊 Row stepping: Processando todas as linhas
🗺️  Map matching: ATIVADO (raio 1500m) - pontos snapped para ruas
📐 Cálculo de distância: HAVERSINE PURO dos pontos COM snap (consistência)
======================================================================

📊 Carregando dados SUMO...
   Total de registros no arquivo: 323
   Veículos únicos: 1
   🚙 Vehicle selecionado: carro_1000

🔄 Agregando viagens por vehicle_id...
  📐 SUMO_carro_1000: Calculando distâncias com Haversine direto (SEM routing API)
      Original: 299 pontos → 3.0526 km (Haversine)
      Offset:   299 pontos → 3.2096 km (Haversine)

🚙 Veículo: SUMO_carro_1000
   Modelo: HBEFA4/PC_petrol_Euro-6ab
   Segmentos: 299
   📏 Distância: 3.060 km (city: 3.060, highway: 0.000)
   ⛽ Combustível: 48.384 l
   🏭 CO2 real: 111766.0 g
   🎯 CO2 meta: 589.0 g
   📊 Delta: -111177.0 g
   💰 Valor E1: R$ -5.5588
   🧭 Tentativas map matching: 301

   🔑 OFFSET DETERMINÍSTICO (x=0.005275207798252731°, y=-0.0007446318093753012°, max=2.0km):
   📍 Start Original:  (40.775644, -73.960687)
   🔒 Start Protegido: (40.781029, -73.961350) ✓ 0.59 km | ✓ MAP MATCHED
   📏 Deslocamento final: 602.1 metros
   📍 End Original:    (40.774198, -73.961141)
   🔒 End Protegido:   (40.779529, -73.961871) ✓ 0.59 km | ✓ MAP MATCHED
   📏 Deslocamento final: 596.6 metros

   📐 ANÁLISE DE DISTÂNCIA DO TRAJETO (HAVERSINE DOS PONTOS ARMAZENADOS):
   ✨ 258 pontos privados duplicados foram separados para garantir visualização 1:1.
   ℹ️  Dica: use --debug-map-matching para ver tentativas detalhadas de re-snap.
   🔢 Pontos unicos original/offset: 299/41 (Δ -258, -86.3% )
   📍 Trajeto original: 3.053 km (linha reta entre pontos GPS)
   🔒 Trajeto com offset: 3.210 km (linha reta entre pontos COM snap)
   📊 Diferença: +0.157 km (+5.1%)

======================================================================
📊 ESTATÍSTICAS FINAIS
======================================================================
Viagens processadas: 1
Distância total: 3.06 km
Combustível total: 48.38 l
CO2 real total: 111766.0 g
CO2 meta total: 589.0 g
Delta CO2: -111177.0 g
Valor E1 total: R$ -5.56

💰 Créditos: R$ 0.00
💸 Débitos: R$ 5.56
📈 Saldo líquido: R$ -5.56

🗺️  MAP MATCHING:
   Pontos processados: 299
   Snaps tentados: 299 (100.0%)
   Snaps bem-sucedidos: 299 (100.0%)
   Snaps forçados (>100m): 299 (100.0%)
   ✅ TODOS os pontos estão em ruas (FORCE_SNAP=True)
======================================================================

💾 Dados agregados salvos em: ../data/offset_batch/vehicles_step_sim_1/run_054.csv
[csv-worker_0] [vehicles_step_sim_1] ===== LOG RUN 054 FIM =====

[csv-worker_0] [vehicles_step_sim_1] ===== LOG RUN 055 INICIO =====
======================================================================
🚗 PROCESSAMENTO SUMO → E1 REGISTRY (OFFSET ALEATÓRIO - veh0)
======================================================================
📄 Entrada: ../data/vehicles_step_sim_1.csv
🏭 Consumo fabricante: 12.0 km/l
💰 Preço carbono: R$ 50.0/ton
⭕ Raio máximo do offset aleatório: 2.0 km
🎲 Offset gerado aleatoriamente:
   Ângulo: 259.1°
   Distância: 1.1965 km
   offset_x (lat): -0.002033°  |  offset_y (lon): -0.010554°
📊 Row stepping: Processando todas as linhas
🗺️  Map matching: ATIVADO (raio 1500m) - pontos snapped para ruas
📐 Cálculo de distância: HAVERSINE PURO dos pontos COM snap (consistência)
======================================================================

📊 Carregando dados SUMO...
   Total de registros no arquivo: 323
   Veículos únicos: 1
   🚙 Vehicle selecionado: carro_1000

🔄 Agregando viagens por vehicle_id...
  📐 SUMO_carro_1000: Calculando distâncias com Haversine direto (SEM routing API)
      Original: 301 pontos → 3.1480 km (Haversine)
      Offset:   301 pontos → 3.3968 km (Haversine)

🚙 Veículo: SUMO_carro_1000
   Modelo: HBEFA4/PC_petrol_Euro-6ab
   Segmentos: 301
   📏 Distância: 3.159 km (city: 3.020, highway: 0.139)
   ⛽ Combustível: 51.224 l
   🏭 CO2 real: 118326.7 g
   🎯 CO2 meta: 608.1 g
   📊 Delta: -117718.6 g
   💰 Valor E1: R$ -5.8859
   🧭 Tentativas map matching: 303

   🔑 OFFSET DETERMINÍSTICO (x=0.012151021336457344°, y=-0.004928237351731918°, max=2.0km):
   📍 Start Original:  (40.775644, -73.960687)
   🔒 Start Protegido: (40.788438, -73.967065) ✓ 1.42 km | ✓ MAP MATCHED
   📏 Deslocamento final: 1522.3 metros
   📍 End Original:    (40.771236, -73.963813)
   🔒 End Protegido:   (40.784051, -73.970264) ✓ 1.42 km | ✓ MAP MATCHED
   📏 Deslocamento final: 1526.8 metros

   📐 ANÁLISE DE DISTÂNCIA DO TRAJETO (HAVERSINE DOS PONTOS ARMAZENADOS):
   ✨ 263 pontos privados duplicados foram separados para garantir visualização 1:1.
   ℹ️  Dica: use --debug-map-matching para ver tentativas detalhadas de re-snap.
   🔢 Pontos unicos original/offset: 301/38 (Δ -263, -87.4% )
   📍 Trajeto original: 3.148 km (linha reta entre pontos GPS)
   🔒 Trajeto com offset: 3.397 km (linha reta entre pontos COM snap)
   📊 Diferença: +0.249 km (+7.9%)

======================================================================
📊 ESTATÍSTICAS FINAIS
======================================================================
Viagens processadas: 1
Distância total: 3.16 km
Combustível total: 51.22 l
CO2 real total: 118326.7 g
CO2 meta total: 608.1 g
Delta CO2: -117718.6 g
Valor E1 total: R$ -5.89

💰 Créditos: R$ 0.00
💸 Débitos: R$ 5.89
📈 Saldo líquido: R$ -5.89

🗺️  MAP MATCHING:
   Pontos processados: 301
   Snaps tentados: 301 (100.0%)
   Snaps bem-sucedidos: 301 (100.0%)
   Snaps forçados (>100m): 301 (100.0%)
   ✅ TODOS os pontos estão em ruas (FORCE_SNAP=True)
======================================================================

💾 Dados agregados salvos em: ../data/offset_batch/vehicles_step_sim_1/run_055.csv
[csv-worker_0] [vehicles_step_sim_1] ===== LOG RUN 055 FIM =====

[csv-worker_0] [vehicles_step_sim_1] ===== LOG RUN 056 INICIO =====
======================================================================
🚗 PROCESSAMENTO SUMO → E1 REGISTRY (OFFSET ALEATÓRIO - veh0)
======================================================================
📄 Entrada: ../data/vehicles_step_sim_1.csv
🏭 Consumo fabricante: 12.0 km/l
💰 Preço carbono: R$ 50.0/ton
⭕ Raio máximo do offset aleatório: 2.0 km
🎲 Offset gerado aleatoriamente:
   Ângulo: 107.6°
   Distância: 1.2601 km
   offset_x (lat): -0.003423°  |  offset_y (lon): 0.010790°
📊 Row stepping: Processando todas as linhas
🗺️  Map matching: ATIVADO (raio 1500m) - pontos snapped para ruas
📐 Cálculo de distância: HAVERSINE PURO dos pontos COM snap (consistência)
======================================================================

📊 Carregando dados SUMO...
   Total de registros no arquivo: 323
   Veículos únicos: 1
   🚙 Vehicle selecionado: carro_1000

🔄 Agregando viagens por vehicle_id...
  📐 SUMO_carro_1000: Calculando distâncias com Haversine direto (SEM routing API)
      Original: 301 pontos → 3.1480 km (Haversine)
      Offset:   301 pontos → 2.5735 km (Haversine)

🚙 Veículo: SUMO_carro_1000
   Modelo: HBEFA4/PC_petrol_Euro-6ab
   Segmentos: 301
   📏 Distância: 3.159 km (city: 3.020, highway: 0.139)
   ⛽ Combustível: 51.224 l
   🏭 CO2 real: 118326.7 g
   🎯 CO2 meta: 608.1 g
   📊 Delta: -117718.6 g
   💰 Valor E1: R$ -5.8859
   🧭 Tentativas map matching: 303

   🔑 OFFSET DETERMINÍSTICO (x=-0.0032080574732303636°, y=-0.007849477072001862°, max=2.0km):
   📍 Start Original:  (40.775644, -73.960687)
   🔒 Start Protegido: (40.771838, -73.967489) ✓ 0.75 km | ✓ MAP MATCHED
   📏 Deslocamento final: 712.9 metros
   📍 End Original:    (40.771236, -73.963813)
   🔒 End Protegido:   (40.768490, -73.971228) ✓ 0.75 km | ✓ MAP MATCHED
   📏 Deslocamento final: 695.9 metros

   📐 ANÁLISE DE DISTÂNCIA DO TRAJETO (HAVERSINE DOS PONTOS ARMAZENADOS):
   ✨ 259 pontos privados duplicados foram separados para garantir visualização 1:1.
   ℹ️  Dica: use --debug-map-matching para ver tentativas detalhadas de re-snap.
   🔢 Pontos unicos original/offset: 301/42 (Δ -259, -86.0% )
   📍 Trajeto original: 3.148 km (linha reta entre pontos GPS)
   🔒 Trajeto com offset: 2.573 km (linha reta entre pontos COM snap)
   📊 Diferença: -0.575 km (-18.3%)

======================================================================
📊 ESTATÍSTICAS FINAIS
======================================================================
Viagens processadas: 1
Distância total: 3.16 km
Combustível total: 51.22 l
CO2 real total: 118326.7 g
CO2 meta total: 608.1 g
Delta CO2: -117718.6 g
Valor E1 total: R$ -5.89

💰 Créditos: R$ 0.00
💸 Débitos: R$ 5.89
📈 Saldo líquido: R$ -5.89

🗺️  MAP MATCHING:
   Pontos processados: 301
   Snaps tentados: 301 (100.0%)
   Snaps bem-sucedidos: 301 (100.0%)
   Snaps forçados (>100m): 301 (100.0%)
   ✅ TODOS os pontos estão em ruas (FORCE_SNAP=True)
======================================================================

💾 Dados agregados salvos em: ../data/offset_batch/vehicles_step_sim_1/run_056.csv
[csv-worker_0] [vehicles_step_sim_1] ===== LOG RUN 056 FIM =====

[csv-worker_0] [vehicles_step_sim_1] ===== LOG RUN 057 INICIO =====
======================================================================
🚗 PROCESSAMENTO SUMO → E1 REGISTRY (OFFSET ALEATÓRIO - veh0)
======================================================================
📄 Entrada: ../data/vehicles_step_sim_1.csv
🏭 Consumo fabricante: 12.0 km/l
💰 Preço carbono: R$ 50.0/ton
⭕ Raio máximo do offset aleatório: 2.0 km
🎲 Offset gerado aleatoriamente:
   Ângulo: 324.8°
   Distância: 1.9141 km
   offset_x (lat): 0.014045°  |  offset_y (lon): -0.009919°
📊 Row stepping: Processando todas as linhas
🗺️  Map matching: ATIVADO (raio 1500m) - pontos snapped para ruas
📐 Cálculo de distância: HAVERSINE PURO dos pontos COM snap (consistência)
======================================================================

📊 Carregando dados SUMO...
   Total de registros no arquivo: 323
   Veículos únicos: 1
   🚙 Vehicle selecionado: carro_1000

🔄 Agregando viagens por vehicle_id...
  📐 SUMO_carro_1000: Calculando distâncias com Haversine direto (SEM routing API)
      Original: 301 pontos → 3.1480 km (Haversine)
      Offset:   301 pontos → 3.5947 km (Haversine)

🚙 Veículo: SUMO_carro_1000
   Modelo: HBEFA4/PC_petrol_Euro-6ab
   Segmentos: 301
   📏 Distância: 3.159 km (city: 3.020, highway: 0.139)
   ⛽ Combustível: 51.224 l
   🏭 CO2 real: 118326.7 g
   🎯 CO2 meta: 608.1 g
   📊 Delta: -117718.6 g
   💰 Valor E1: R$ -5.8859
   🧭 Tentativas map matching: 303

   🔑 OFFSET DETERMINÍSTICO (x=0.0033708830661880284°, y=0.013530404894392127°, max=2.0km):
   📍 Start Original:  (40.775644, -73.960687)
   🔒 Start Protegido: (40.779379, -73.947373) ✓ 1.20 km | ✓ MAP MATCHED
   📏 Deslocamento final: 1196.9 metros
   📍 End Original:    (40.771236, -73.963813)
   🔒 End Protegido:   (40.774870, -73.950668) ✓ 1.20 km | ✓ MAP MATCHED
   📏 Deslocamento final: 1179.7 metros

   📐 ANÁLISE DE DISTÂNCIA DO TRAJETO (HAVERSINE DOS PONTOS ARMAZENADOS):
   ✨ 264 pontos privados duplicados foram separados para garantir visualização 1:1.
   ℹ️  Dica: use --debug-map-matching para ver tentativas detalhadas de re-snap.
   🔢 Pontos unicos original/offset: 301/37 (Δ -264, -87.7% )
   📍 Trajeto original: 3.148 km (linha reta entre pontos GPS)
   🔒 Trajeto com offset: 3.595 km (linha reta entre pontos COM snap)
   📊 Diferença: +0.447 km (+14.2%)

======================================================================
📊 ESTATÍSTICAS FINAIS
======================================================================
Viagens processadas: 1
Distância total: 3.16 km
Combustível total: 51.22 l
CO2 real total: 118326.7 g
CO2 meta total: 608.1 g
Delta CO2: -117718.6 g
Valor E1 total: R$ -5.89

💰 Créditos: R$ 0.00
💸 Débitos: R$ 5.89
📈 Saldo líquido: R$ -5.89

🗺️  MAP MATCHING:
   Pontos processados: 301
   Snaps tentados: 301 (100.0%)
   Snaps bem-sucedidos: 301 (100.0%)
   Snaps forçados (>100m): 301 (100.0%)
   ✅ TODOS os pontos estão em ruas (FORCE_SNAP=True)
======================================================================

💾 Dados agregados salvos em: ../data/offset_batch/vehicles_step_sim_1/run_057.csv
[csv-worker_0] [vehicles_step_sim_1] ===== LOG RUN 057 FIM =====

[csv-worker_0] [vehicles_step_sim_1] ===== LOG RUN 058 INICIO =====
======================================================================
🚗 PROCESSAMENTO SUMO → E1 REGISTRY (OFFSET ALEATÓRIO - veh0)
======================================================================
📄 Entrada: ../data/vehicles_step_sim_1.csv
🏭 Consumo fabricante: 12.0 km/l
💰 Preço carbono: R$ 50.0/ton
⭕ Raio máximo do offset aleatório: 2.0 km
🎲 Offset gerado aleatoriamente:
   Ângulo: 137.9°
   Distância: 1.1901 km
   offset_x (lat): -0.007931°  |  offset_y (lon): 0.007168°
📊 Row stepping: Processando todas as linhas
🗺️  Map matching: ATIVADO (raio 1500m) - pontos snapped para ruas
📐 Cálculo de distância: HAVERSINE PURO dos pontos COM snap (consistência)
======================================================================

📊 Carregando dados SUMO...
   Total de registros no arquivo: 323
   Veículos únicos: 1
   🚙 Vehicle selecionado: carro_1000

🔄 Agregando viagens por vehicle_id...
  📐 SUMO_carro_1000: Calculando distâncias com Haversine direto (SEM routing API)
      Original: 222 pontos → 1.9688 km (Haversine)
      Offset:   222 pontos → 2.2455 km (Haversine)

🚙 Veículo: SUMO_carro_1000
   Modelo: HBEFA4/PC_petrol_Euro-6ab
   Segmentos: 222
   📏 Distância: 1.973 km (city: 1.973, highway: 0.000)
   ⛽ Combustível: 24.219 l
   🏭 CO2 real: 55946.2 g
   🎯 CO2 meta: 379.8 g
   📊 Delta: -55566.4 g
   💰 Valor E1: R$ -2.7783
   🧭 Tentativas map matching: 224

   🔑 OFFSET DETERMINÍSTICO (x=-0.007663659731831603°, y=0.008715302632176472°, max=2.0km):
   📍 Start Original:  (40.775644, -73.960687)
   🔒 Start Protegido: (40.768117, -73.952658) ✓ 1.13 km | ✓ MAP MATCHED
   📏 Deslocamento final: 1077.0 metros
   📍 End Original:    (40.772651, -73.962544)
   🔒 End Protegido:   (40.765198, -73.953885) ✓ 1.13 km | ✓ MAP MATCHED
   📏 Deslocamento final: 1105.2 metros

   📐 ANÁLISE DE DISTÂNCIA DO TRAJETO (HAVERSINE DOS PONTOS ARMAZENADOS):
   ✨ 184 pontos privados duplicados foram separados para garantir visualização 1:1.
   ℹ️  Dica: use --debug-map-matching para ver tentativas detalhadas de re-snap.
   🔢 Pontos unicos original/offset: 221/38 (Δ -183, -82.8% )
   📍 Trajeto original: 1.969 km (linha reta entre pontos GPS)
   🔒 Trajeto com offset: 2.246 km (linha reta entre pontos COM snap)
   📊 Diferença: +0.277 km (+14.1%)

======================================================================
📊 ESTATÍSTICAS FINAIS
======================================================================
Viagens processadas: 1
Distância total: 1.97 km
Combustível total: 24.22 l
CO2 real total: 55946.2 g
CO2 meta total: 379.8 g
Delta CO2: -55566.4 g
Valor E1 total: R$ -2.78

💰 Créditos: R$ 0.00
💸 Débitos: R$ 2.78
📈 Saldo líquido: R$ -2.78

🗺️  MAP MATCHING:
   Pontos processados: 222
   Snaps tentados: 222 (100.0%)
   Snaps bem-sucedidos: 222 (100.0%)
   Snaps forçados (>100m): 222 (100.0%)
   ✅ TODOS os pontos estão em ruas (FORCE_SNAP=True)
======================================================================

💾 Dados agregados salvos em: ../data/offset_batch/vehicles_step_sim_1/run_058.csv
[csv-worker_0] [vehicles_step_sim_1] ===== LOG RUN 058 FIM =====

[csv-worker_0] [vehicles_step_sim_1] ===== LOG RUN 059 INICIO =====
======================================================================
🚗 PROCESSAMENTO SUMO → E1 REGISTRY (OFFSET ALEATÓRIO - veh0)
======================================================================
📄 Entrada: ../data/vehicles_step_sim_1.csv
🏭 Consumo fabricante: 12.0 km/l
💰 Preço carbono: R$ 50.0/ton
⭕ Raio máximo do offset aleatório: 2.0 km
🎲 Offset gerado aleatoriamente:
   Ângulo: 151.3°
   Distância: 1.5903 km
   offset_x (lat): -0.012525°  |  offset_y (lon): 0.006869°
📊 Row stepping: Processando todas as linhas
🗺️  Map matching: ATIVADO (raio 1500m) - pontos snapped para ruas
📐 Cálculo de distância: HAVERSINE PURO dos pontos COM snap (consistência)
======================================================================

📊 Carregando dados SUMO...
   Total de registros no arquivo: 323
   Veículos únicos: 1
   🚙 Vehicle selecionado: carro_1000

🔄 Agregando viagens por vehicle_id...
  📐 SUMO_carro_1000: Calculando distâncias com Haversine direto (SEM routing API)
      Original: 222 pontos → 1.9688 km (Haversine)
      Offset:   222 pontos → 2.4734 km (Haversine)

🚙 Veículo: SUMO_carro_1000
   Modelo: HBEFA4/PC_petrol_Euro-6ab
   Segmentos: 222
   📏 Distância: 1.973 km (city: 1.973, highway: 0.000)
   ⛽ Combustível: 24.219 l
   🏭 CO2 real: 55946.2 g
   🎯 CO2 meta: 379.8 g
   📊 Delta: -55566.4 g
   💰 Valor E1: R$ -2.7783
   🧭 Tentativas map matching: 224

   🔑 OFFSET DETERMINÍSTICO (x=0.006683915490942266°, y=-0.003494800243502677°, max=2.0km):
   📍 Start Original:  (40.775644, -73.960687)
   🔒 Start Protegido: (40.782464, -73.963530) ✓ 0.80 km | ✓ MAP MATCHED
   📏 Deslocamento final: 796.1 metros
   📍 End Original:    (40.772651, -73.962544)
   🔒 End Protegido:   (40.778163, -73.966325) ✓ 0.80 km | ✓ MAP MATCHED
   📏 Deslocamento final: 691.4 metros

   📐 ANÁLISE DE DISTÂNCIA DO TRAJETO (HAVERSINE DOS PONTOS ARMAZENADOS):
   ✨ 182 pontos privados duplicados foram separados para garantir visualização 1:1.
   ℹ️  Dica: use --debug-map-matching para ver tentativas detalhadas de re-snap.
   🔢 Pontos unicos original/offset: 221/40 (Δ -181, -81.9% )
   📍 Trajeto original: 1.969 km (linha reta entre pontos GPS)
   🔒 Trajeto com offset: 2.473 km (linha reta entre pontos COM snap)
   📊 Diferença: +0.505 km (+25.6%)

======================================================================
📊 ESTATÍSTICAS FINAIS
======================================================================
Viagens processadas: 1
Distância total: 1.97 km
Combustível total: 24.22 l
CO2 real total: 55946.2 g
CO2 meta total: 379.8 g
Delta CO2: -55566.4 g
Valor E1 total: R$ -2.78

💰 Créditos: R$ 0.00
💸 Débitos: R$ 2.78
📈 Saldo líquido: R$ -2.78

🗺️  MAP MATCHING:
   Pontos processados: 222
   Snaps tentados: 222 (100.0%)
   Snaps bem-sucedidos: 222 (100.0%)
   Snaps forçados (>100m): 222 (100.0%)
   ✅ TODOS os pontos estão em ruas (FORCE_SNAP=True)
======================================================================

💾 Dados agregados salvos em: ../data/offset_batch/vehicles_step_sim_1/run_059.csv
[csv-worker_0] [vehicles_step_sim_1] ===== LOG RUN 059 FIM =====

[csv-worker_0] [vehicles_step_sim_1] ===== LOG RUN 060 INICIO =====
======================================================================
🚗 PROCESSAMENTO SUMO → E1 REGISTRY (OFFSET ALEATÓRIO - veh0)
======================================================================
📄 Entrada: ../data/vehicles_step_sim_1.csv
🏭 Consumo fabricante: 12.0 km/l
💰 Preço carbono: R$ 50.0/ton
⭕ Raio máximo do offset aleatório: 2.0 km
🎲 Offset gerado aleatoriamente:
   Ângulo: 267.4°
   Distância: 1.6036 km
   offset_x (lat): -0.000665°  |  offset_y (lon): -0.014390°
📊 Row stepping: Processando todas as linhas
🗺️  Map matching: ATIVADO (raio 1500m) - pontos snapped para ruas
📐 Cálculo de distância: HAVERSINE PURO dos pontos COM snap (consistência)
======================================================================

📊 Carregando dados SUMO...
   Total de registros no arquivo: 323
   Veículos únicos: 1
   🚙 Vehicle selecionado: carro_1000

🔄 Agregando viagens por vehicle_id...
  📐 SUMO_carro_1000: Calculando distâncias com Haversine direto (SEM routing API)
      Original: 312 pontos → 3.1845 km (Haversine)
      Offset:   312 pontos → 3.2812 km (Haversine)

🚙 Veículo: SUMO_carro_1000
   Modelo: HBEFA4/PC_petrol_Euro-6ab
   Segmentos: 312
   📏 Distância: 3.190 km (city: 2.602, highway: 0.587)
   ⛽ Combustível: 54.577 l
   🏭 CO2 real: 126071.8 g
   🎯 CO2 meta: 614.1 g
   📊 Delta: -125457.8 g
   💰 Valor E1: R$ -6.2729
   🧭 Tentativas map matching: 314

   🔑 OFFSET DETERMINÍSTICO (x=0.010394513204726705°, y=-0.0029576171420119114°, max=2.0km):
   📍 Start Original:  (40.775644, -73.960687)
   🔒 Start Protegido: (40.783621, -73.964755) ✓ 1.18 km | ✓ MAP MATCHED
   📏 Deslocamento final: 952.0 metros
   📍 End Original:    (40.771637, -73.963520)
   🔒 End Protegido:   (40.783844, -73.965537) ✓ 1.18 km | ✓ MAP MATCHED
   📏 Deslocamento final: 1369.6 metros

   📐 ANÁLISE DE DISTÂNCIA DO TRAJETO (HAVERSINE DOS PONTOS ARMAZENADOS):
   ✨ 271 pontos privados duplicados foram separados para garantir visualização 1:1.
   ℹ️  Dica: use --debug-map-matching para ver tentativas detalhadas de re-snap.
   🔢 Pontos unicos original/offset: 312/41 (Δ -271, -86.9% )
   📍 Trajeto original: 3.185 km (linha reta entre pontos GPS)
   🔒 Trajeto com offset: 3.281 km (linha reta entre pontos COM snap)
   📊 Diferença: +0.097 km (+3.0%)

======================================================================
📊 ESTATÍSTICAS FINAIS
======================================================================
Viagens processadas: 1
Distância total: 3.19 km
Combustível total: 54.58 l
CO2 real total: 126071.8 g
CO2 meta total: 614.1 g
Delta CO2: -125457.8 g
Valor E1 total: R$ -6.27

💰 Créditos: R$ 0.00
💸 Débitos: R$ 6.27
📈 Saldo líquido: R$ -6.27

🗺️  MAP MATCHING:
   Pontos processados: 312
   Snaps tentados: 312 (100.0%)
   Snaps bem-sucedidos: 312 (100.0%)
   Snaps forçados (>100m): 312 (100.0%)
   ✅ TODOS os pontos estão em ruas (FORCE_SNAP=True)
======================================================================

💾 Dados agregados salvos em: ../data/offset_batch/vehicles_step_sim_1/run_060.csv
[csv-worker_0] [vehicles_step_sim_1] ===== LOG RUN 060 FIM =====

[csv-worker_0] [vehicles_step_sim_1] ===== LOG RUN 061 INICIO =====
======================================================================
🚗 PROCESSAMENTO SUMO → E1 REGISTRY (OFFSET ALEATÓRIO - veh0)
======================================================================
📄 Entrada: ../data/vehicles_step_sim_1.csv
🏭 Consumo fabricante: 12.0 km/l
💰 Preço carbono: R$ 50.0/ton
⭕ Raio máximo do offset aleatório: 2.0 km
🎲 Offset gerado aleatoriamente:
   Ângulo: 312.0°
   Distância: 1.3649 km
   offset_x (lat): 0.008199°  |  offset_y (lon): -0.009116°
📊 Row stepping: Processando todas as linhas
🗺️  Map matching: ATIVADO (raio 1500m) - pontos snapped para ruas
📐 Cálculo de distância: HAVERSINE PURO dos pontos COM snap (consistência)
======================================================================

📊 Carregando dados SUMO...
   Total de registros no arquivo: 323
   Veículos únicos: 1
   🚙 Vehicle selecionado: carro_1000

🔄 Agregando viagens por vehicle_id...
  📐 SUMO_carro_1000: Calculando distâncias com Haversine direto (SEM routing API)
      Original: 300 pontos → 3.1542 km (Haversine)
      Offset:   300 pontos → 3.9670 km (Haversine)

🚙 Veículo: SUMO_carro_1000
   Modelo: HBEFA4/PC_petrol_Euro-6ab
   Segmentos: 300
   📏 Distância: 3.158 km (city: 2.541, highway: 0.617)
   ⛽ Combustível: 49.984 l
   🏭 CO2 real: 115462.6 g
   🎯 CO2 meta: 608.0 g
   📊 Delta: -114854.6 g
   💰 Valor E1: R$ -5.7427
   🧭 Tentativas map matching: 302

   🔑 OFFSET DETERMINÍSTICO (x=0.008122688837510458°, y=0.013869527036661531°, max=2.0km):
   📍 Start Original:  (40.775644, -73.960687)
   🔒 Start Protegido: (40.783847, -73.947385) ✓ 1.48 km | ✓ MAP MATCHED
   📏 Deslocamento final: 1446.2 metros
   📍 End Original:    (40.773912, -73.961904)
   🔒 End Protegido:   (40.782261, -73.948387) ✓ 1.48 km | ✓ MAP MATCHED
   📏 Deslocamento final: 1470.5 metros

   📐 ANÁLISE DE DISTÂNCIA DO TRAJETO (HAVERSINE DOS PONTOS ARMAZENADOS):
   ✨ 264 pontos privados duplicados foram separados para garantir visualização 1:1.
   ℹ️  Dica: use --debug-map-matching para ver tentativas detalhadas de re-snap.
   🔢 Pontos unicos original/offset: 299/36 (Δ -263, -88.0% )
   📍 Trajeto original: 3.154 km (linha reta entre pontos GPS)
   🔒 Trajeto com offset: 3.967 km (linha reta entre pontos COM snap)
   📊 Diferença: +0.813 km (+25.8%)

======================================================================
📊 ESTATÍSTICAS FINAIS
======================================================================
Viagens processadas: 1
Distância total: 3.16 km
Combustível total: 49.98 l
CO2 real total: 115462.6 g
CO2 meta total: 608.0 g
Delta CO2: -114854.6 g
Valor E1 total: R$ -5.74

💰 Créditos: R$ 0.00
💸 Débitos: R$ 5.74
📈 Saldo líquido: R$ -5.74

🗺️  MAP MATCHING:
   Pontos processados: 300
   Snaps tentados: 300 (100.0%)
   Snaps bem-sucedidos: 300 (100.0%)
   Snaps forçados (>100m): 300 (100.0%)
   ✅ TODOS os pontos estão em ruas (FORCE_SNAP=True)
======================================================================

💾 Dados agregados salvos em: ../data/offset_batch/vehicles_step_sim_1/run_061.csv
[csv-worker_0] [vehicles_step_sim_1] ===== LOG RUN 061 FIM =====

[csv-worker_0] [vehicles_step_sim_1] ===== LOG RUN 062 INICIO =====
======================================================================
🚗 PROCESSAMENTO SUMO → E1 REGISTRY (OFFSET ALEATÓRIO - veh0)
======================================================================
📄 Entrada: ../data/vehicles_step_sim_1.csv
🏭 Consumo fabricante: 12.0 km/l
💰 Preço carbono: R$ 50.0/ton
⭕ Raio máximo do offset aleatório: 2.0 km
🎲 Offset gerado aleatoriamente:
   Ângulo: 204.4°
   Distância: 1.8100 km
   offset_x (lat): -0.014811°  |  offset_y (lon): -0.006709°
📊 Row stepping: Processando todas as linhas
🗺️  Map matching: ATIVADO (raio 1500m) - pontos snapped para ruas
📐 Cálculo de distância: HAVERSINE PURO dos pontos COM snap (consistência)
======================================================================

📊 Carregando dados SUMO...
   Total de registros no arquivo: 323
   Veículos únicos: 1
   🚙 Vehicle selecionado: carro_1000

🔄 Agregando viagens por vehicle_id...
  📐 SUMO_carro_1000: Calculando distâncias com Haversine direto (SEM routing API)
      Original: 300 pontos → 3.1542 km (Haversine)
      Offset:   300 pontos → 3.8417 km (Haversine)

🚙 Veículo: SUMO_carro_1000
   Modelo: HBEFA4/PC_petrol_Euro-6ab
   Segmentos: 300
   📏 Distância: 3.158 km (city: 2.541, highway: 0.617)
   ⛽ Combustível: 49.984 l
   🏭 CO2 real: 115462.6 g
   🎯 CO2 meta: 608.0 g
   📊 Delta: -114854.6 g
   💰 Valor E1: R$ -5.7427
   🧭 Tentativas map matching: 302

   🔑 OFFSET DETERMINÍSTICO (x=-0.0030566744669533784°, y=-0.005266127421667597°, max=2.0km):
   📍 Start Original:  (40.775644, -73.960687)
   🔒 Start Protegido: (40.772279, -73.966619) ✓ 0.56 km | ✓ MAP MATCHED
   📏 Deslocamento final: 624.8 metros
   📍 End Original:    (40.773912, -73.961904)
   🔒 End Protegido:   (40.770863, -73.967315) ✓ 0.56 km | ✓ MAP MATCHED
   📏 Deslocamento final: 568.6 metros

   📐 ANÁLISE DE DISTÂNCIA DO TRAJETO (HAVERSINE DOS PONTOS ARMAZENADOS):
   ✨ 264 pontos privados duplicados foram separados para garantir visualização 1:1.
   ℹ️  Dica: use --debug-map-matching para ver tentativas detalhadas de re-snap.
   🔢 Pontos unicos original/offset: 299/36 (Δ -263, -88.0% )
   📍 Trajeto original: 3.154 km (linha reta entre pontos GPS)
   🔒 Trajeto com offset: 3.842 km (linha reta entre pontos COM snap)
   📊 Diferença: +0.688 km (+21.8%)

======================================================================
📊 ESTATÍSTICAS FINAIS
======================================================================
Viagens processadas: 1
Distância total: 3.16 km
Combustível total: 49.98 l
CO2 real total: 115462.6 g
CO2 meta total: 608.0 g
Delta CO2: -114854.6 g
Valor E1 total: R$ -5.74

💰 Créditos: R$ 0.00
💸 Débitos: R$ 5.74
📈 Saldo líquido: R$ -5.74

🗺️  MAP MATCHING:
   Pontos processados: 300
   Snaps tentados: 300 (100.0%)
   Snaps bem-sucedidos: 300 (100.0%)
   Snaps forçados (>100m): 300 (100.0%)
   ✅ TODOS os pontos estão em ruas (FORCE_SNAP=True)
======================================================================

💾 Dados agregados salvos em: ../data/offset_batch/vehicles_step_sim_1/run_062.csv
[csv-worker_0] [vehicles_step_sim_1] ===== LOG RUN 062 FIM =====

[csv-worker_0] [vehicles_step_sim_1] ===== LOG RUN 063 INICIO =====
======================================================================
🚗 PROCESSAMENTO SUMO → E1 REGISTRY (OFFSET ALEATÓRIO - veh0)
======================================================================
📄 Entrada: ../data/vehicles_step_sim_1.csv
🏭 Consumo fabricante: 12.0 km/l
💰 Preço carbono: R$ 50.0/ton
⭕ Raio máximo do offset aleatório: 2.0 km
🎲 Offset gerado aleatoriamente:
   Ângulo: 120.5°
   Distância: 0.9619 km
   offset_x (lat): -0.004384°  |  offset_y (lon): 0.007446°
📊 Row stepping: Processando todas as linhas
🗺️  Map matching: ATIVADO (raio 1500m) - pontos snapped para ruas
📐 Cálculo de distância: HAVERSINE PURO dos pontos COM snap (consistência)
======================================================================

📊 Carregando dados SUMO...
   Total de registros no arquivo: 323
   Veículos únicos: 1
   🚙 Vehicle selecionado: carro_1000

🔄 Agregando viagens por vehicle_id...
  📐 SUMO_carro_1000: Calculando distâncias com Haversine direto (SEM routing API)
      Original: 300 pontos → 3.1542 km (Haversine)
      Offset:   300 pontos → 3.7939 km (Haversine)

🚙 Veículo: SUMO_carro_1000
   Modelo: HBEFA4/PC_petrol_Euro-6ab
   Segmentos: 300
   📏 Distância: 3.158 km (city: 2.541, highway: 0.617)
   ⛽ Combustível: 49.984 l
   🏭 CO2 real: 115462.6 g
   🎯 CO2 meta: 608.0 g
   📊 Delta: -114854.6 g
   💰 Valor E1: R$ -5.7427
   🧭 Tentativas map matching: 302

   🔑 OFFSET DETERMINÍSTICO (x=-0.012650406727560121°, y=0.006230781776213°, max=2.0km):
   📍 Start Original:  (40.775644, -73.960687)
   🔒 Start Protegido: (40.762795, -73.954236) ✓ 1.50 km | ✓ MAP MATCHED
   📏 Deslocamento final: 1530.2 metros
   📍 End Original:    (40.773912, -73.961904)
   🔒 End Protegido:   (40.761288, -73.955718) ✓ 1.50 km | ✓ MAP MATCHED
   📏 Deslocamento final: 1498.9 metros

   📐 ANÁLISE DE DISTÂNCIA DO TRAJETO (HAVERSINE DOS PONTOS ARMAZENADOS):
   ✨ 242 pontos privados duplicados foram separados para garantir visualização 1:1.
   ℹ️  Dica: use --debug-map-matching para ver tentativas detalhadas de re-snap.
   🔢 Pontos unicos original/offset: 299/58 (Δ -241, -80.6% )
   📍 Trajeto original: 3.154 km (linha reta entre pontos GPS)
   🔒 Trajeto com offset: 3.794 km (linha reta entre pontos COM snap)
   📊 Diferença: +0.640 km (+20.3%)

======================================================================
📊 ESTATÍSTICAS FINAIS
======================================================================
Viagens processadas: 1
Distância total: 3.16 km
Combustível total: 49.98 l
CO2 real total: 115462.6 g
CO2 meta total: 608.0 g
Delta CO2: -114854.6 g
Valor E1 total: R$ -5.74

💰 Créditos: R$ 0.00
💸 Débitos: R$ 5.74
📈 Saldo líquido: R$ -5.74

🗺️  MAP MATCHING:
   Pontos processados: 300
   Snaps tentados: 300 (100.0%)
   Snaps bem-sucedidos: 300 (100.0%)
   Snaps forçados (>100m): 300 (100.0%)
   ✅ TODOS os pontos estão em ruas (FORCE_SNAP=True)
======================================================================

💾 Dados agregados salvos em: ../data/offset_batch/vehicles_step_sim_1/run_063.csv
[csv-worker_0] [vehicles_step_sim_1] ===== LOG RUN 063 FIM =====

[csv-worker_0] [vehicles_step_sim_1] ===== LOG RUN 064 INICIO =====
======================================================================
🚗 PROCESSAMENTO SUMO → E1 REGISTRY (OFFSET ALEATÓRIO - veh0)
======================================================================
📄 Entrada: ../data/vehicles_step_sim_1.csv
🏭 Consumo fabricante: 12.0 km/l
💰 Preço carbono: R$ 50.0/ton
⭕ Raio máximo do offset aleatório: 2.0 km
🎲 Offset gerado aleatoriamente:
   Ângulo: 206.1°
   Distância: 0.8886 km
   offset_x (lat): -0.007169°  |  offset_y (lon): -0.003510°
📊 Row stepping: Processando todas as linhas
🗺️  Map matching: ATIVADO (raio 1500m) - pontos snapped para ruas
📐 Cálculo de distância: HAVERSINE PURO dos pontos COM snap (consistência)
======================================================================

📊 Carregando dados SUMO...
   Total de registros no arquivo: 323
   Veículos únicos: 1
   🚙 Vehicle selecionado: carro_1000

🔄 Agregando viagens por vehicle_id...
  📐 SUMO_carro_1000: Calculando distâncias com Haversine direto (SEM routing API)
      Original: 300 pontos → 3.1542 km (Haversine)
      Offset:   300 pontos → 3.0896 km (Haversine)

🚙 Veículo: SUMO_carro_1000
   Modelo: HBEFA4/PC_petrol_Euro-6ab
   Segmentos: 300
   📏 Distância: 3.158 km (city: 2.541, highway: 0.617)
   ⛽ Combustível: 49.984 l
   🏭 CO2 real: 115462.6 g
   🎯 CO2 meta: 608.0 g
   📊 Delta: -114854.6 g
   💰 Valor E1: R$ -5.7427
   🧭 Tentativas map matching: 302

   🔑 OFFSET DETERMINÍSTICO (x=0.004439152977527744°, y=-0.015654177171249593°, max=2.0km):
   📍 Start Original:  (40.775644, -73.960687)
   🔒 Start Protegido: (40.780162, -73.976795) ✓ 1.41 km | ✓ MAP MATCHED
   📏 Deslocamento final: 1448.1 metros
   📍 End Original:    (40.773912, -73.961904)
   🔒 End Protegido:   (40.778680, -73.977697) ✓ 1.41 km | ✓ MAP MATCHED
   📏 Deslocamento final: 1433.3 metros

   📐 ANÁLISE DE DISTÂNCIA DO TRAJETO (HAVERSINE DOS PONTOS ARMAZENADOS):
   ✨ 267 pontos privados duplicados foram separados para garantir visualização 1:1.
   ℹ️  Dica: use --debug-map-matching para ver tentativas detalhadas de re-snap.
   🔢 Pontos unicos original/offset: 299/33 (Δ -266, -89.0% )
   📍 Trajeto original: 3.154 km (linha reta entre pontos GPS)
   🔒 Trajeto com offset: 3.090 km (linha reta entre pontos COM snap)
   📊 Diferença: -0.065 km (-2.0%)

======================================================================
📊 ESTATÍSTICAS FINAIS
======================================================================
Viagens processadas: 1
Distância total: 3.16 km
Combustível total: 49.98 l
CO2 real total: 115462.6 g
CO2 meta total: 608.0 g
Delta CO2: -114854.6 g
Valor E1 total: R$ -5.74

💰 Créditos: R$ 0.00
💸 Débitos: R$ 5.74
📈 Saldo líquido: R$ -5.74

🗺️  MAP MATCHING:
   Pontos processados: 300
   Snaps tentados: 300 (100.0%)
   Snaps bem-sucedidos: 300 (100.0%)
   Snaps forçados (>100m): 300 (100.0%)
   ✅ TODOS os pontos estão em ruas (FORCE_SNAP=True)
======================================================================

💾 Dados agregados salvos em: ../data/offset_batch/vehicles_step_sim_1/run_064.csv
[csv-worker_0] [vehicles_step_sim_1] ===== LOG RUN 064 FIM =====

[csv-worker_0] [vehicles_step_sim_1] ===== LOG RUN 065 INICIO =====
======================================================================
🚗 PROCESSAMENTO SUMO → E1 REGISTRY (OFFSET ALEATÓRIO - veh0)
======================================================================
📄 Entrada: ../data/vehicles_step_sim_1.csv
🏭 Consumo fabricante: 12.0 km/l
💰 Preço carbono: R$ 50.0/ton
⭕ Raio máximo do offset aleatório: 2.0 km
🎲 Offset gerado aleatoriamente:
   Ângulo: 178.3°
   Distância: 1.6225 km
   offset_x (lat): -0.014568°  |  offset_y (lon): 0.000438°
📊 Row stepping: Processando todas as linhas
🗺️  Map matching: ATIVADO (raio 1500m) - pontos snapped para ruas
📐 Cálculo de distância: HAVERSINE PURO dos pontos COM snap (consistência)
======================================================================

📊 Carregando dados SUMO...
   Total de registros no arquivo: 323
   Veículos únicos: 1
   🚙 Vehicle selecionado: carro_1000

🔄 Agregando viagens por vehicle_id...
  📐 SUMO_carro_1000: Calculando distâncias com Haversine direto (SEM routing API)
      Original: 299 pontos → 3.0526 km (Haversine)
      Offset:   299 pontos → 3.8780 km (Haversine)

🚙 Veículo: SUMO_carro_1000
   Modelo: HBEFA4/PC_petrol_Euro-6ab
   Segmentos: 299
   📏 Distância: 3.060 km (city: 3.060, highway: 0.000)
   ⛽ Combustível: 48.384 l
   🏭 CO2 real: 111766.0 g
   🎯 CO2 meta: 589.0 g
   📊 Delta: -111177.0 g
   💰 Valor E1: R$ -5.5588
   🧭 Tentativas map matching: 301

   🔑 OFFSET DETERMINÍSTICO (x=-0.011946439401064953°, y=0.0052658624164209165°, max=2.0km):
   📍 Start Original:  (40.775644, -73.960687)
   🔒 Start Protegido: (40.763968, -73.955863) ✓ 1.40 km | ✓ MAP MATCHED
   📏 Deslocamento final: 1361.8 metros
   📍 End Original:    (40.774198, -73.961141)
   🔒 End Protegido:   (40.761445, -73.955694) ✓ 1.40 km | ✓ MAP MATCHED
   📏 Deslocamento final: 1492.2 metros

   📐 ANÁLISE DE DISTÂNCIA DO TRAJETO (HAVERSINE DOS PONTOS ARMAZENADOS):
   ✨ 251 pontos privados duplicados foram separados para garantir visualização 1:1.
   ℹ️  Dica: use --debug-map-matching para ver tentativas detalhadas de re-snap.
   🔢 Pontos unicos original/offset: 299/48 (Δ -251, -83.9% )
   📍 Trajeto original: 3.053 km (linha reta entre pontos GPS)
   🔒 Trajeto com offset: 3.878 km (linha reta entre pontos COM snap)
   📊 Diferença: +0.825 km (+27.0%)

======================================================================
📊 ESTATÍSTICAS FINAIS
======================================================================
Viagens processadas: 1
Distância total: 3.06 km
Combustível total: 48.38 l
CO2 real total: 111766.0 g
CO2 meta total: 589.0 g
Delta CO2: -111177.0 g
Valor E1 total: R$ -5.56

💰 Créditos: R$ 0.00
💸 Débitos: R$ 5.56
📈 Saldo líquido: R$ -5.56

🗺️  MAP MATCHING:
   Pontos processados: 299
   Snaps tentados: 299 (100.0%)
   Snaps bem-sucedidos: 299 (100.0%)
   Snaps forçados (>100m): 299 (100.0%)
   ✅ TODOS os pontos estão em ruas (FORCE_SNAP=True)
======================================================================

💾 Dados agregados salvos em: ../data/offset_batch/vehicles_step_sim_1/run_065.csv
[csv-worker_0] [vehicles_step_sim_1] ===== LOG RUN 065 FIM =====

[csv-worker_0] [vehicles_step_sim_1] ===== LOG RUN 066 INICIO =====
======================================================================
🚗 PROCESSAMENTO SUMO → E1 REGISTRY (OFFSET ALEATÓRIO - veh0)
======================================================================
📄 Entrada: ../data/vehicles_step_sim_1.csv
🏭 Consumo fabricante: 12.0 km/l
💰 Preço carbono: R$ 50.0/ton
⭕ Raio máximo do offset aleatório: 2.0 km
🎲 Offset gerado aleatoriamente:
   Ângulo: 300.9°
   Distância: 1.0816 km
   offset_x (lat): 0.004985°  |  offset_y (lon): -0.008339°
📊 Row stepping: Processando todas as linhas
🗺️  Map matching: ATIVADO (raio 1500m) - pontos snapped para ruas
📐 Cálculo de distância: HAVERSINE PURO dos pontos COM snap (consistência)
======================================================================

📊 Carregando dados SUMO...
   Total de registros no arquivo: 323
   Veículos únicos: 1
   🚙 Vehicle selecionado: carro_1000

🔄 Agregando viagens por vehicle_id...
  📐 SUMO_carro_1000: Calculando distâncias com Haversine direto (SEM routing API)
      Original: 222 pontos → 1.9688 km (Haversine)
      Offset:   222 pontos → 2.1641 km (Haversine)

🚙 Veículo: SUMO_carro_1000
   Modelo: HBEFA4/PC_petrol_Euro-6ab
   Segmentos: 222
   📏 Distância: 1.973 km (city: 1.973, highway: 0.000)
   ⛽ Combustível: 24.219 l
   🏭 CO2 real: 55946.2 g
   🎯 CO2 meta: 379.8 g
   📊 Delta: -55566.4 g
   💰 Valor E1: R$ -2.7783
   🧭 Tentativas map matching: 224

   🔑 OFFSET DETERMINÍSTICO (x=0.012169328875633375°, y=0.004655905522909807°, max=2.0km):
   📍 Start Original:  (40.775644, -73.960687)
   🔒 Start Protegido: (40.787820, -73.955826) ✓ 1.41 km | ✓ MAP MATCHED
   📏 Deslocamento final: 1416.1 metros
   📍 End Original:    (40.772651, -73.962544)
   🔒 End Protegido:   (40.784779, -73.958049) ✓ 1.41 km | ✓ MAP MATCHED
   📏 Deslocamento final: 1402.3 metros

   📐 ANÁLISE DE DISTÂNCIA DO TRAJETO (HAVERSINE DOS PONTOS ARMAZENADOS):
   ✨ 181 pontos privados duplicados foram separados para garantir visualização 1:1.
   ℹ️  Dica: use --debug-map-matching para ver tentativas detalhadas de re-snap.
   🔢 Pontos unicos original/offset: 221/41 (Δ -180, -81.4% )
   📍 Trajeto original: 1.969 km (linha reta entre pontos GPS)
   🔒 Trajeto com offset: 2.164 km (linha reta entre pontos COM snap)
   📊 Diferença: +0.195 km (+9.9%)

======================================================================
📊 ESTATÍSTICAS FINAIS
======================================================================
Viagens processadas: 1
Distância total: 1.97 km
Combustível total: 24.22 l
CO2 real total: 55946.2 g
CO2 meta total: 379.8 g
Delta CO2: -55566.4 g
Valor E1 total: R$ -2.78

💰 Créditos: R$ 0.00
💸 Débitos: R$ 2.78
📈 Saldo líquido: R$ -2.78

🗺️  MAP MATCHING:
   Pontos processados: 222
   Snaps tentados: 222 (100.0%)
   Snaps bem-sucedidos: 222 (100.0%)
   Snaps forçados (>100m): 222 (100.0%)
   ✅ TODOS os pontos estão em ruas (FORCE_SNAP=True)
======================================================================

💾 Dados agregados salvos em: ../data/offset_batch/vehicles_step_sim_1/run_066.csv
[csv-worker_0] [vehicles_step_sim_1] ===== LOG RUN 066 FIM =====

[csv-worker_0] [vehicles_step_sim_1] ===== LOG RUN 067 INICIO =====
======================================================================
🚗 PROCESSAMENTO SUMO → E1 REGISTRY (OFFSET ALEATÓRIO - veh0)
======================================================================
📄 Entrada: ../data/vehicles_step_sim_1.csv
🏭 Consumo fabricante: 12.0 km/l
💰 Preço carbono: R$ 50.0/ton
⭕ Raio máximo do offset aleatório: 2.0 km
🎲 Offset gerado aleatoriamente:
   Ângulo: 292.5°
   Distância: 1.4260 km
   offset_x (lat): 0.004895°  |  offset_y (lon): -0.011838°
📊 Row stepping: Processando todas as linhas
🗺️  Map matching: ATIVADO (raio 1500m) - pontos snapped para ruas
📐 Cálculo de distância: HAVERSINE PURO dos pontos COM snap (consistência)
======================================================================

📊 Carregando dados SUMO...
   Total de registros no arquivo: 323
   Veículos únicos: 1
   🚙 Vehicle selecionado: carro_1000

🔄 Agregando viagens por vehicle_id...
  📐 SUMO_carro_1000: Calculando distâncias com Haversine direto (SEM routing API)
      Original: 222 pontos → 1.9688 km (Haversine)
      Offset:   222 pontos → 1.2168 km (Haversine)

🚙 Veículo: SUMO_carro_1000
   Modelo: HBEFA4/PC_petrol_Euro-6ab
   Segmentos: 222
   📏 Distância: 1.973 km (city: 1.973, highway: 0.000)
   ⛽ Combustível: 24.219 l
   🏭 CO2 real: 55946.2 g
   🎯 CO2 meta: 379.8 g
   📊 Delta: -55566.4 g
   💰 Valor E1: R$ -2.7783
   🧭 Tentativas map matching: 224

   🔑 OFFSET DETERMINÍSTICO (x=0.011141154906748149°, y=0.002220743797223683°, max=2.0km):
   📍 Start Original:  (40.775644, -73.960687)
   🔒 Start Protegido: (40.786035, -73.957131) ✓ 1.25 km | ✓ MAP MATCHED
   📏 Deslocamento final: 1194.9 metros
   📍 End Original:    (40.772651, -73.962544)
   🔒 End Protegido:   (40.783410, -73.959035) ✓ 1.25 km | ✓ MAP MATCHED
   📏 Deslocamento final: 1233.7 metros

   📐 ANÁLISE DE DISTÂNCIA DO TRAJETO (HAVERSINE DOS PONTOS ARMAZENADOS):
   ✨ 201 pontos privados duplicados foram separados para garantir visualização 1:1.
   ℹ️  Dica: use --debug-map-matching para ver tentativas detalhadas de re-snap.
   🔢 Pontos unicos original/offset: 221/21 (Δ -200, -90.5% )
   📍 Trajeto original: 1.969 km (linha reta entre pontos GPS)
   🔒 Trajeto com offset: 1.217 km (linha reta entre pontos COM snap)
   📊 Diferença: -0.752 km (-38.2%)

======================================================================
📊 ESTATÍSTICAS FINAIS
======================================================================
Viagens processadas: 1
Distância total: 1.97 km
Combustível total: 24.22 l
CO2 real total: 55946.2 g
CO2 meta total: 379.8 g
Delta CO2: -55566.4 g
Valor E1 total: R$ -2.78

💰 Créditos: R$ 0.00
💸 Débitos: R$ 2.78
📈 Saldo líquido: R$ -2.78

🗺️  MAP MATCHING:
   Pontos processados: 222
   Snaps tentados: 222 (100.0%)
   Snaps bem-sucedidos: 222 (100.0%)
   Snaps forçados (>100m): 222 (100.0%)
   ✅ TODOS os pontos estão em ruas (FORCE_SNAP=True)
======================================================================

💾 Dados agregados salvos em: ../data/offset_batch/vehicles_step_sim_1/run_067.csv
[csv-worker_0] [vehicles_step_sim_1] ===== LOG RUN 067 FIM =====

[csv-worker_0] [vehicles_step_sim_1] ===== LOG RUN 068 INICIO =====
======================================================================
🚗 PROCESSAMENTO SUMO → E1 REGISTRY (OFFSET ALEATÓRIO - veh0)
======================================================================
📄 Entrada: ../data/vehicles_step_sim_1.csv
🏭 Consumo fabricante: 12.0 km/l
💰 Preço carbono: R$ 50.0/ton
⭕ Raio máximo do offset aleatório: 2.0 km
🎲 Offset gerado aleatoriamente:
   Ângulo: 83.0°
   Distância: 1.0205 km
   offset_x (lat): 0.001113°  |  offset_y (lon): 0.009100°
📊 Row stepping: Processando todas as linhas
🗺️  Map matching: ATIVADO (raio 1500m) - pontos snapped para ruas
📐 Cálculo de distância: HAVERSINE PURO dos pontos COM snap (consistência)
======================================================================

📊 Carregando dados SUMO...
   Total de registros no arquivo: 323
   Veículos únicos: 1
   🚙 Vehicle selecionado: carro_1000

🔄 Agregando viagens por vehicle_id...
  📐 SUMO_carro_1000: Calculando distâncias com Haversine direto (SEM routing API)
      Original: 324 pontos → 3.1629 km (Haversine)
      Offset:   324 pontos → 3.2929 km (Haversine)

🚙 Veículo: SUMO_carro_1000
   Modelo: HBEFA4/PC_petrol_Euro-6ab
   Segmentos: 324
   📏 Distância: 3.166 km (city: 3.024, highway: 0.142)
   ⛽ Combustível: 49.530 l
   🏭 CO2 real: 114414.1 g
   🎯 CO2 meta: 609.4 g
   📊 Delta: -113804.6 g
   💰 Valor E1: R$ -5.6902
   🧭 Tentativas map matching: 326

   🔑 OFFSET DETERMINÍSTICO (x=-0.0022259770831744995°, y=-0.013914707413396482°, max=2.0km):
   📍 Start Original:  (40.775644, -73.960687)
   🔒 Start Protegido: (40.774350, -73.977334) ✓ 1.20 km | ✓ MAP MATCHED
   📏 Deslocamento final: 1410.7 metros
   📍 End Original:    (40.772251, -73.963071)
   🔒 End Protegido:   (40.770786, -73.976129) ✓ 1.20 km | ✓ MAP MATCHED
   📏 Deslocamento final: 1112.9 metros

   📐 ANÁLISE DE DISTÂNCIA DO TRAJETO (HAVERSINE DOS PONTOS ARMAZENADOS):
   ✨ 299 pontos privados duplicados foram separados para garantir visualização 1:1.
   ℹ️  Dica: use --debug-map-matching para ver tentativas detalhadas de re-snap.
   🔢 Pontos unicos original/offset: 324/25 (Δ -299, -92.3% )
   📍 Trajeto original: 3.163 km (linha reta entre pontos GPS)
   🔒 Trajeto com offset: 3.293 km (linha reta entre pontos COM snap)
   📊 Diferença: +0.130 km (+4.1%)

======================================================================
📊 ESTATÍSTICAS FINAIS
======================================================================
Viagens processadas: 1
Distância total: 3.17 km
Combustível total: 49.53 l
CO2 real total: 114414.1 g
CO2 meta total: 609.4 g
Delta CO2: -113804.6 g
Valor E1 total: R$ -5.69

💰 Créditos: R$ 0.00
💸 Débitos: R$ 5.69
📈 Saldo líquido: R$ -5.69

🗺️  MAP MATCHING:
   Pontos processados: 324
   Snaps tentados: 324 (100.0%)
   Snaps bem-sucedidos: 324 (100.0%)
   Snaps forçados (>100m): 324 (100.0%)
   ✅ TODOS os pontos estão em ruas (FORCE_SNAP=True)
======================================================================

💾 Dados agregados salvos em: ../data/offset_batch/vehicles_step_sim_1/run_068.csv
[csv-worker_0] [vehicles_step_sim_1] ===== LOG RUN 068 FIM =====

[csv-worker_0] [vehicles_step_sim_1] ===== LOG RUN 069 INICIO =====
======================================================================
🚗 PROCESSAMENTO SUMO → E1 REGISTRY (OFFSET ALEATÓRIO - veh0)
======================================================================
📄 Entrada: ../data/vehicles_step_sim_1.csv
🏭 Consumo fabricante: 12.0 km/l
💰 Preço carbono: R$ 50.0/ton
⭕ Raio máximo do offset aleatório: 2.0 km
🎲 Offset gerado aleatoriamente:
   Ângulo: 323.9°
   Distância: 1.7301 km
   offset_x (lat): 0.012557°  |  offset_y (lon): -0.009159°
📊 Row stepping: Processando todas as linhas
🗺️  Map matching: ATIVADO (raio 1500m) - pontos snapped para ruas
📐 Cálculo de distância: HAVERSINE PURO dos pontos COM snap (consistência)
======================================================================

📊 Carregando dados SUMO...
   Total de registros no arquivo: 323
   Veículos únicos: 1
   🚙 Vehicle selecionado: carro_1000

🔄 Agregando viagens por vehicle_id...
  📐 SUMO_carro_1000: Calculando distâncias com Haversine direto (SEM routing API)
      Original: 299 pontos → 3.0526 km (Haversine)
      Offset:   299 pontos → 3.2094 km (Haversine)

🚙 Veículo: SUMO_carro_1000
   Modelo: HBEFA4/PC_petrol_Euro-6ab
   Segmentos: 299
   📏 Distância: 3.060 km (city: 3.060, highway: 0.000)
   ⛽ Combustível: 48.384 l
   🏭 CO2 real: 111766.0 g
   🎯 CO2 meta: 589.0 g
   📊 Delta: -111177.0 g
   💰 Valor E1: R$ -5.5588
   🧭 Tentativas map matching: 301

   🔑 OFFSET DETERMINÍSTICO (x=-0.006292289524030584°, y=-0.010139781869304037°, max=2.0km):
   📍 Start Original:  (40.775644, -73.960687)
   🔒 Start Protegido: (40.768813, -73.970794) ✓ 1.11 km | ✓ MAP MATCHED
   📏 Deslocamento final: 1142.0 metros
   📍 End Original:    (40.774198, -73.961141)
   🔒 End Protegido:   (40.768303, -73.970876) ✓ 1.11 km | ✓ MAP MATCHED
   📏 Deslocamento final: 1050.7 metros

   📐 ANÁLISE DE DISTÂNCIA DO TRAJETO (HAVERSINE DOS PONTOS ARMAZENADOS):
   ✨ 268 pontos privados duplicados foram separados para garantir visualização 1:1.
   ℹ️  Dica: use --debug-map-matching para ver tentativas detalhadas de re-snap.
   🔢 Pontos unicos original/offset: 299/31 (Δ -268, -89.6% )
   📍 Trajeto original: 3.053 km (linha reta entre pontos GPS)
   🔒 Trajeto com offset: 3.209 km (linha reta entre pontos COM snap)
   📊 Diferença: +0.157 km (+5.1%)

======================================================================
📊 ESTATÍSTICAS FINAIS
======================================================================
Viagens processadas: 1
Distância total: 3.06 km
Combustível total: 48.38 l
CO2 real total: 111766.0 g
CO2 meta total: 589.0 g
Delta CO2: -111177.0 g
Valor E1 total: R$ -5.56

💰 Créditos: R$ 0.00
💸 Débitos: R$ 5.56
📈 Saldo líquido: R$ -5.56

🗺️  MAP MATCHING:
   Pontos processados: 299
   Snaps tentados: 299 (100.0%)
   Snaps bem-sucedidos: 299 (100.0%)
   Snaps forçados (>100m): 299 (100.0%)
   ✅ TODOS os pontos estão em ruas (FORCE_SNAP=True)
======================================================================

💾 Dados agregados salvos em: ../data/offset_batch/vehicles_step_sim_1/run_069.csv
[csv-worker_0] [vehicles_step_sim_1] ===== LOG RUN 069 FIM =====

[csv-worker_0] [vehicles_step_sim_1] ===== LOG RUN 070 INICIO =====
======================================================================
🚗 PROCESSAMENTO SUMO → E1 REGISTRY (OFFSET ALEATÓRIO - veh0)
======================================================================
📄 Entrada: ../data/vehicles_step_sim_1.csv
🏭 Consumo fabricante: 12.0 km/l
💰 Preço carbono: R$ 50.0/ton
⭕ Raio máximo do offset aleatório: 2.0 km
🎲 Offset gerado aleatoriamente:
   Ângulo: 274.0°
   Distância: 1.0234 km
   offset_x (lat): 0.000641°  |  offset_y (lon): -0.009171°
📊 Row stepping: Processando todas as linhas
🗺️  Map matching: ATIVADO (raio 1500m) - pontos snapped para ruas
📐 Cálculo de distância: HAVERSINE PURO dos pontos COM snap (consistência)
======================================================================

📊 Carregando dados SUMO...
   Total de registros no arquivo: 323
   Veículos únicos: 1
   🚙 Vehicle selecionado: carro_1000

🔄 Agregando viagens por vehicle_id...
  📐 SUMO_carro_1000: Calculando distâncias com Haversine direto (SEM routing API)
      Original: 299 pontos → 3.0526 km (Haversine)
      Offset:   299 pontos → 3.7943 km (Haversine)

🚙 Veículo: SUMO_carro_1000
   Modelo: HBEFA4/PC_petrol_Euro-6ab
   Segmentos: 299
   📏 Distância: 3.060 km (city: 3.060, highway: 0.000)
   ⛽ Combustível: 48.384 l
   🏭 CO2 real: 111766.0 g
   🎯 CO2 meta: 589.0 g
   📊 Delta: -111177.0 g
   💰 Valor E1: R$ -5.5588
   🧭 Tentativas map matching: 301

   🔑 OFFSET DETERMINÍSTICO (x=-0.011377674200729505°, y=-0.00966476313983276°, max=2.0km):
   📍 Start Original:  (40.775644, -73.960687)
   🔒 Start Protegido: (40.764188, -73.970839) ✓ 1.51 km | ✓ MAP MATCHED
   📏 Deslocamento final: 1535.8 metros
   📍 End Original:    (40.774198, -73.961141)
   🔒 End Protegido:   (40.762532, -73.970834) ✓ 1.51 km | ✓ MAP MATCHED
   📏 Deslocamento final: 1534.4 metros

   📐 ANÁLISE DE DISTÂNCIA DO TRAJETO (HAVERSINE DOS PONTOS ARMAZENADOS):
   ✨ 265 pontos privados duplicados foram separados para garantir visualização 1:1.
   ℹ️  Dica: use --debug-map-matching para ver tentativas detalhadas de re-snap.
   🔢 Pontos unicos original/offset: 299/34 (Δ -265, -88.6% )
   📍 Trajeto original: 3.053 km (linha reta entre pontos GPS)
   🔒 Trajeto com offset: 3.794 km (linha reta entre pontos COM snap)
   📊 Diferença: +0.742 km (+24.3%)

======================================================================
📊 ESTATÍSTICAS FINAIS
======================================================================
Viagens processadas: 1
Distância total: 3.06 km
Combustível total: 48.38 l
CO2 real total: 111766.0 g
CO2 meta total: 589.0 g
Delta CO2: -111177.0 g
Valor E1 total: R$ -5.56

💰 Créditos: R$ 0.00
💸 Débitos: R$ 5.56
📈 Saldo líquido: R$ -5.56

🗺️  MAP MATCHING:
   Pontos processados: 299
   Snaps tentados: 299 (100.0%)
   Snaps bem-sucedidos: 299 (100.0%)
   Snaps forçados (>100m): 299 (100.0%)
   ✅ TODOS os pontos estão em ruas (FORCE_SNAP=True)
======================================================================

💾 Dados agregados salvos em: ../data/offset_batch/vehicles_step_sim_1/run_070.csv
[csv-worker_0] [vehicles_step_sim_1] ===== LOG RUN 070 FIM =====

[csv-worker_0] [vehicles_step_sim_1] ===== LOG RUN 071 INICIO =====
======================================================================
🚗 PROCESSAMENTO SUMO → E1 REGISTRY (OFFSET ALEATÓRIO - veh0)
======================================================================
📄 Entrada: ../data/vehicles_step_sim_1.csv
🏭 Consumo fabricante: 12.0 km/l
💰 Preço carbono: R$ 50.0/ton
⭕ Raio máximo do offset aleatório: 2.0 km
🎲 Offset gerado aleatoriamente:
   Ângulo: 290.9°
   Distância: 1.4831 km
   offset_x (lat): 0.004762°  |  offset_y (lon): -0.012443°
📊 Row stepping: Processando todas as linhas
🗺️  Map matching: ATIVADO (raio 1500m) - pontos snapped para ruas
📐 Cálculo de distância: HAVERSINE PURO dos pontos COM snap (consistência)
======================================================================

📊 Carregando dados SUMO...
   Total de registros no arquivo: 323
   Veículos únicos: 1
   🚙 Vehicle selecionado: carro_1000

🔄 Agregando viagens por vehicle_id...
  📐 SUMO_carro_1000: Calculando distâncias com Haversine direto (SEM routing API)
      Original: 324 pontos → 3.1629 km (Haversine)
      Offset:   324 pontos → 3.9289 km (Haversine)

🚙 Veículo: SUMO_carro_1000
   Modelo: HBEFA4/PC_petrol_Euro-6ab
   Segmentos: 324
   📏 Distância: 3.166 km (city: 3.024, highway: 0.142)
   ⛽ Combustível: 49.530 l
   🏭 CO2 real: 114414.1 g
   🎯 CO2 meta: 609.4 g
   📊 Delta: -113804.6 g
   💰 Valor E1: R$ -5.6902
   🧭 Tentativas map matching: 326

   🔑 OFFSET DETERMINÍSTICO (x=0.012842160501026944°, y=-0.012479600490334562°, max=2.0km):
   📍 Start Original:  (40.775644, -73.960687)
   🔒 Start Protegido: (40.788839, -73.973708) ✓ 1.77 km | ✓ MAP MATCHED
   📏 Deslocamento final: 1833.7 metros
   📍 End Original:    (40.772251, -73.963071)
   🔒 End Protegido:   (40.785684, -73.976321) ✓ 1.77 km | ✓ MAP MATCHED
   📏 Deslocamento final: 1866.6 metros

   📐 ANÁLISE DE DISTÂNCIA DO TRAJETO (HAVERSINE DOS PONTOS ARMAZENADOS):
   ✨ 284 pontos privados duplicados foram separados para garantir visualização 1:1.
   ℹ️  Dica: use --debug-map-matching para ver tentativas detalhadas de re-snap.
   🔢 Pontos unicos original/offset: 324/40 (Δ -284, -87.7% )
   📍 Trajeto original: 3.163 km (linha reta entre pontos GPS)
   🔒 Trajeto com offset: 3.929 km (linha reta entre pontos COM snap)
   📊 Diferença: +0.766 km (+24.2%)

======================================================================
📊 ESTATÍSTICAS FINAIS
======================================================================
Viagens processadas: 1
Distância total: 3.17 km
Combustível total: 49.53 l
CO2 real total: 114414.1 g
CO2 meta total: 609.4 g
Delta CO2: -113804.6 g
Valor E1 total: R$ -5.69

💰 Créditos: R$ 0.00
💸 Débitos: R$ 5.69
📈 Saldo líquido: R$ -5.69

🗺️  MAP MATCHING:
   Pontos processados: 324
   Snaps tentados: 324 (100.0%)
   Snaps bem-sucedidos: 324 (100.0%)
   Snaps forçados (>100m): 324 (100.0%)
   ✅ TODOS os pontos estão em ruas (FORCE_SNAP=True)
======================================================================

💾 Dados agregados salvos em: ../data/offset_batch/vehicles_step_sim_1/run_071.csv
[csv-worker_0] [vehicles_step_sim_1] ===== LOG RUN 071 FIM =====

[csv-worker_0] [vehicles_step_sim_1] ===== LOG RUN 072 INICIO =====
======================================================================
🚗 PROCESSAMENTO SUMO → E1 REGISTRY (OFFSET ALEATÓRIO - veh0)
======================================================================
📄 Entrada: ../data/vehicles_step_sim_1.csv
🏭 Consumo fabricante: 12.0 km/l
💰 Preço carbono: R$ 50.0/ton
⭕ Raio máximo do offset aleatório: 2.0 km
🎲 Offset gerado aleatoriamente:
   Ângulo: 44.8°
   Distância: 1.7455 km
   offset_x (lat): 0.011123°  |  offset_y (lon): 0.011051°
📊 Row stepping: Processando todas as linhas
🗺️  Map matching: ATIVADO (raio 1500m) - pontos snapped para ruas
📐 Cálculo de distância: HAVERSINE PURO dos pontos COM snap (consistência)
======================================================================

📊 Carregando dados SUMO...
   Total de registros no arquivo: 323
   Veículos únicos: 1
   🚙 Vehicle selecionado: carro_1000

🔄 Agregando viagens por vehicle_id...
  📐 SUMO_carro_1000: Calculando distâncias com Haversine direto (SEM routing API)
      Original: 324 pontos → 3.1629 km (Haversine)
      Offset:   324 pontos → 3.3328 km (Haversine)

🚙 Veículo: SUMO_carro_1000
   Modelo: HBEFA4/PC_petrol_Euro-6ab
   Segmentos: 324
   📏 Distância: 3.166 km (city: 3.024, highway: 0.142)
   ⛽ Combustível: 49.530 l
   🏭 CO2 real: 114414.1 g
   🎯 CO2 meta: 609.4 g
   📊 Delta: -113804.6 g
   💰 Valor E1: R$ -5.6902
   🧭 Tentativas map matching: 326

   🔑 OFFSET DETERMINÍSTICO (x=-0.00953874656325527°, y=-0.010429558187192333°, max=2.0km):
   📍 Start Original:  (40.775644, -73.960687)
   🔒 Start Protegido: (40.766098, -73.971542) ✓ 1.38 km | ✓ MAP MATCHED
   📏 Deslocamento final: 1402.3 metros
   📍 End Original:    (40.772251, -73.963071)
   🔒 End Protegido:   (40.762621, -73.973139) ✓ 1.38 km | ✓ MAP MATCHED
   📏 Deslocamento final: 1367.3 metros

   📐 ANÁLISE DE DISTÂNCIA DO TRAJETO (HAVERSINE DOS PONTOS ARMAZENADOS):
   ✨ 285 pontos privados duplicados foram separados para garantir visualização 1:1.
   ℹ️  Dica: use --debug-map-matching para ver tentativas detalhadas de re-snap.
   🔢 Pontos unicos original/offset: 324/39 (Δ -285, -88.0% )
   📍 Trajeto original: 3.163 km (linha reta entre pontos GPS)
   🔒 Trajeto com offset: 3.333 km (linha reta entre pontos COM snap)
   📊 Diferença: +0.170 km (+5.4%)

======================================================================
📊 ESTATÍSTICAS FINAIS
======================================================================
Viagens processadas: 1
Distância total: 3.17 km
Combustível total: 49.53 l
CO2 real total: 114414.1 g
CO2 meta total: 609.4 g
Delta CO2: -113804.6 g
Valor E1 total: R$ -5.69

💰 Créditos: R$ 0.00
💸 Débitos: R$ 5.69
📈 Saldo líquido: R$ -5.69

🗺️  MAP MATCHING:
   Pontos processados: 324
   Snaps tentados: 324 (100.0%)
   Snaps bem-sucedidos: 324 (100.0%)
   Snaps forçados (>100m): 324 (100.0%)
   ✅ TODOS os pontos estão em ruas (FORCE_SNAP=True)
======================================================================

💾 Dados agregados salvos em: ../data/offset_batch/vehicles_step_sim_1/run_072.csv
[csv-worker_0] [vehicles_step_sim_1] ===== LOG RUN 072 FIM =====

[csv-worker_0] [vehicles_step_sim_1] ===== LOG RUN 073 INICIO =====
======================================================================
🚗 PROCESSAMENTO SUMO → E1 REGISTRY (OFFSET ALEATÓRIO - veh0)
======================================================================
📄 Entrada: ../data/vehicles_step_sim_1.csv
🏭 Consumo fabricante: 12.0 km/l
💰 Preço carbono: R$ 50.0/ton
⭕ Raio máximo do offset aleatório: 2.0 km
🎲 Offset gerado aleatoriamente:
   Ângulo: 206.5°
   Distância: 1.3807 km
   offset_x (lat): -0.011100°  |  offset_y (lon): -0.005534°
📊 Row stepping: Processando todas as linhas
🗺️  Map matching: ATIVADO (raio 1500m) - pontos snapped para ruas
📐 Cálculo de distância: HAVERSINE PURO dos pontos COM snap (consistência)
======================================================================

📊 Carregando dados SUMO...
   Total de registros no arquivo: 323
   Veículos únicos: 1
   🚙 Vehicle selecionado: carro_1000

🔄 Agregando viagens por vehicle_id...
  📐 SUMO_carro_1000: Calculando distâncias com Haversine direto (SEM routing API)
      Original: 324 pontos → 3.1629 km (Haversine)
      Offset:   324 pontos → 3.3375 km (Haversine)

🚙 Veículo: SUMO_carro_1000
   Modelo: HBEFA4/PC_petrol_Euro-6ab
   Segmentos: 324
   📏 Distância: 3.166 km (city: 3.024, highway: 0.142)
   ⛽ Combustível: 49.530 l
   🏭 CO2 real: 114414.1 g
   🎯 CO2 meta: 609.4 g
   📊 Delta: -113804.6 g
   💰 Valor E1: R$ -5.6902
   🧭 Tentativas map matching: 326

   🔑 OFFSET DETERMINÍSTICO (x=0.013242552482939143°, y=0.005937409969528216°, max=2.0km):
   📍 Start Original:  (40.775644, -73.960687)
   🔒 Start Protegido: (40.788989, -73.954971) ✓ 1.56 km | ✓ MAP MATCHED
   📏 Deslocamento final: 1561.8 metros
   📍 End Original:    (40.772251, -73.963071)
   🔒 End Protegido:   (40.785401, -73.957595) ✓ 1.56 km | ✓ MAP MATCHED
   📏 Deslocamento final: 1534.9 metros

   📐 ANÁLISE DE DISTÂNCIA DO TRAJETO (HAVERSINE DOS PONTOS ARMAZENADOS):
   ✨ 274 pontos privados duplicados foram separados para garantir visualização 1:1.
   ℹ️  Dica: use --debug-map-matching para ver tentativas detalhadas de re-snap.
   🔢 Pontos unicos original/offset: 324/50 (Δ -274, -84.6% )
   📍 Trajeto original: 3.163 km (linha reta entre pontos GPS)
   🔒 Trajeto com offset: 3.337 km (linha reta entre pontos COM snap)
   📊 Diferença: +0.175 km (+5.5%)

======================================================================
📊 ESTATÍSTICAS FINAIS
======================================================================
Viagens processadas: 1
Distância total: 3.17 km
Combustível total: 49.53 l
CO2 real total: 114414.1 g
CO2 meta total: 609.4 g
Delta CO2: -113804.6 g
Valor E1 total: R$ -5.69

💰 Créditos: R$ 0.00
💸 Débitos: R$ 5.69
📈 Saldo líquido: R$ -5.69

🗺️  MAP MATCHING:
   Pontos processados: 324
   Snaps tentados: 324 (100.0%)
   Snaps bem-sucedidos: 324 (100.0%)
   Snaps forçados (>100m): 324 (100.0%)
   ✅ TODOS os pontos estão em ruas (FORCE_SNAP=True)
======================================================================

💾 Dados agregados salvos em: ../data/offset_batch/vehicles_step_sim_1/run_073.csv
[csv-worker_0] [vehicles_step_sim_1] ===== LOG RUN 073 FIM =====

[csv-worker_0] [vehicles_step_sim_1] ===== LOG RUN 074 INICIO =====
======================================================================
🚗 PROCESSAMENTO SUMO → E1 REGISTRY (OFFSET ALEATÓRIO - veh0)
======================================================================
📄 Entrada: ../data/vehicles_step_sim_1.csv
🏭 Consumo fabricante: 12.0 km/l
💰 Preço carbono: R$ 50.0/ton
⭕ Raio máximo do offset aleatório: 2.0 km
🎲 Offset gerado aleatoriamente:
   Ângulo: 354.0°
   Distância: 1.8335 km
   offset_x (lat): 0.016381°  |  offset_y (lon): -0.001715°
📊 Row stepping: Processando todas as linhas
🗺️  Map matching: ATIVADO (raio 1500m) - pontos snapped para ruas
📐 Cálculo de distância: HAVERSINE PURO dos pontos COM snap (consistência)
======================================================================

📊 Carregando dados SUMO...
   Total de registros no arquivo: 323
   Veículos únicos: 1
   🚙 Vehicle selecionado: carro_1000

🔄 Agregando viagens por vehicle_id...
  📐 SUMO_carro_1000: Calculando distâncias com Haversine direto (SEM routing API)
      Original: 301 pontos → 3.1480 km (Haversine)
      Offset:   301 pontos → 2.1704 km (Haversine)

🚙 Veículo: SUMO_carro_1000
   Modelo: HBEFA4/PC_petrol_Euro-6ab
   Segmentos: 301
   📏 Distância: 3.159 km (city: 3.020, highway: 0.139)
   ⛽ Combustível: 51.224 l
   🏭 CO2 real: 118326.7 g
   🎯 CO2 meta: 608.1 g
   📊 Delta: -117718.6 g
   💰 Valor E1: R$ -5.8859
   🧭 Tentativas map matching: 303

   🔑 OFFSET DETERMINÍSTICO (x=-0.003955197737031468°, y=0.012061438882732116°, max=2.0km):
   📍 Start Original:  (40.775644, -73.960687)
   🔒 Start Protegido: (40.771127, -73.947721) ✓ 1.11 km | ✓ MAP MATCHED
   📏 Deslocamento final: 1203.1 metros
   📍 End Original:    (40.771236, -73.963813)
   🔒 End Protegido:   (40.766804, -73.951538) ✓ 1.11 km | ✓ MAP MATCHED
   📏 Deslocamento final: 1146.4 metros

   📐 ANÁLISE DE DISTÂNCIA DO TRAJETO (HAVERSINE DOS PONTOS ARMAZENADOS):
   ✨ 263 pontos privados duplicados foram separados para garantir visualização 1:1.
   ℹ️  Dica: use --debug-map-matching para ver tentativas detalhadas de re-snap.
   🔢 Pontos unicos original/offset: 301/38 (Δ -263, -87.4% )
   📍 Trajeto original: 3.148 km (linha reta entre pontos GPS)
   🔒 Trajeto com offset: 2.170 km (linha reta entre pontos COM snap)
   📊 Diferença: -0.978 km (-31.1%)

======================================================================
📊 ESTATÍSTICAS FINAIS
======================================================================
Viagens processadas: 1
Distância total: 3.16 km
Combustível total: 51.22 l
CO2 real total: 118326.7 g
CO2 meta total: 608.1 g
Delta CO2: -117718.6 g
Valor E1 total: R$ -5.89

💰 Créditos: R$ 0.00
💸 Débitos: R$ 5.89
📈 Saldo líquido: R$ -5.89

🗺️  MAP MATCHING:
   Pontos processados: 301
   Snaps tentados: 301 (100.0%)
   Snaps bem-sucedidos: 301 (100.0%)
   Snaps forçados (>100m): 301 (100.0%)
   ✅ TODOS os pontos estão em ruas (FORCE_SNAP=True)
======================================================================

💾 Dados agregados salvos em: ../data/offset_batch/vehicles_step_sim_1/run_074.csv
[csv-worker_0] [vehicles_step_sim_1] ===== LOG RUN 074 FIM =====

[csv-worker_0] [vehicles_step_sim_1] ===== LOG RUN 075 INICIO =====
======================================================================
🚗 PROCESSAMENTO SUMO → E1 REGISTRY (OFFSET ALEATÓRIO - veh0)
======================================================================
📄 Entrada: ../data/vehicles_step_sim_1.csv
🏭 Consumo fabricante: 12.0 km/l
💰 Preço carbono: R$ 50.0/ton
⭕ Raio máximo do offset aleatório: 2.0 km
🎲 Offset gerado aleatoriamente:
   Ângulo: 286.9°
   Distância: 1.4505 km
   offset_x (lat): 0.003788°  |  offset_y (lon): -0.012467°
📊 Row stepping: Processando todas as linhas
🗺️  Map matching: ATIVADO (raio 1500m) - pontos snapped para ruas
📐 Cálculo de distância: HAVERSINE PURO dos pontos COM snap (consistência)
======================================================================

📊 Carregando dados SUMO...
   Total de registros no arquivo: 323
   Veículos únicos: 1
   🚙 Vehicle selecionado: carro_1000

🔄 Agregando viagens por vehicle_id...
  📐 SUMO_carro_1000: Calculando distâncias com Haversine direto (SEM routing API)
      Original: 301 pontos → 3.1480 km (Haversine)
      Offset:   301 pontos → 3.9714 km (Haversine)

🚙 Veículo: SUMO_carro_1000
   Modelo: HBEFA4/PC_petrol_Euro-6ab
   Segmentos: 301
   📏 Distância: 3.159 km (city: 3.020, highway: 0.139)
   ⛽ Combustível: 51.224 l
   🏭 CO2 real: 118326.7 g
   🎯 CO2 meta: 608.1 g
   📊 Delta: -117718.6 g
   💰 Valor E1: R$ -5.8859
   🧭 Tentativas map matching: 303

   🔑 OFFSET DETERMINÍSTICO (x=-0.016177276280360038°, y=-0.007059466466943959°, max=2.0km):
   📍 Start Original:  (40.775644, -73.960687)
   🔒 Start Protegido: (40.759527, -73.967884) ✓ 1.90 km | ✓ MAP MATCHED
   📏 Deslocamento final: 1893.9 metros
   📍 End Original:    (40.771236, -73.963813)
   🔒 End Protegido:   (40.754971, -73.970683) ✓ 1.90 km | ✓ MAP MATCHED
   📏 Deslocamento final: 1901.0 metros

   📐 ANÁLISE DE DISTÂNCIA DO TRAJETO (HAVERSINE DOS PONTOS ARMAZENADOS):
   ✨ 249 pontos privados duplicados foram separados para garantir visualização 1:1.
   ℹ️  Dica: use --debug-map-matching para ver tentativas detalhadas de re-snap.
   🔢 Pontos unicos original/offset: 301/52 (Δ -249, -82.7% )
   📍 Trajeto original: 3.148 km (linha reta entre pontos GPS)
   🔒 Trajeto com offset: 3.971 km (linha reta entre pontos COM snap)
   📊 Diferença: +0.823 km (+26.2%)

======================================================================
📊 ESTATÍSTICAS FINAIS
======================================================================
Viagens processadas: 1
Distância total: 3.16 km
Combustível total: 51.22 l
CO2 real total: 118326.7 g
CO2 meta total: 608.1 g
Delta CO2: -117718.6 g
Valor E1 total: R$ -5.89

💰 Créditos: R$ 0.00
💸 Débitos: R$ 5.89
📈 Saldo líquido: R$ -5.89

🗺️  MAP MATCHING:
   Pontos processados: 301
   Snaps tentados: 301 (100.0%)
   Snaps bem-sucedidos: 301 (100.0%)
   Snaps forçados (>100m): 301 (100.0%)
   ✅ TODOS os pontos estão em ruas (FORCE_SNAP=True)
======================================================================

💾 Dados agregados salvos em: ../data/offset_batch/vehicles_step_sim_1/run_075.csv
[csv-worker_0] [vehicles_step_sim_1] ===== LOG RUN 075 FIM =====

[csv-worker_0] [vehicles_step_sim_1] ===== LOG RUN 076 INICIO =====
======================================================================
🚗 PROCESSAMENTO SUMO → E1 REGISTRY (OFFSET ALEATÓRIO - veh0)
======================================================================
📄 Entrada: ../data/vehicles_step_sim_1.csv
🏭 Consumo fabricante: 12.0 km/l
💰 Preço carbono: R$ 50.0/ton
⭕ Raio máximo do offset aleatório: 2.0 km
🎲 Offset gerado aleatoriamente:
   Ângulo: 66.9°
   Distância: 1.3036 km
   offset_x (lat): 0.004588°  |  offset_y (lon): 0.010774°
📊 Row stepping: Processando todas as linhas
🗺️  Map matching: ATIVADO (raio 1500m) - pontos snapped para ruas
📐 Cálculo de distância: HAVERSINE PURO dos pontos COM snap (consistência)
======================================================================

📊 Carregando dados SUMO...
   Total de registros no arquivo: 323
   Veículos únicos: 1
   🚙 Vehicle selecionado: carro_1000

🔄 Agregando viagens por vehicle_id...
  📐 SUMO_carro_1000: Calculando distâncias com Haversine direto (SEM routing API)
      Original: 301 pontos → 3.1480 km (Haversine)
      Offset:   301 pontos → 3.8647 km (Haversine)

🚙 Veículo: SUMO_carro_1000
   Modelo: HBEFA4/PC_petrol_Euro-6ab
   Segmentos: 301
   📏 Distância: 3.159 km (city: 3.020, highway: 0.139)
   ⛽ Combustível: 51.224 l
   🏭 CO2 real: 118326.7 g
   🎯 CO2 meta: 608.1 g
   📊 Delta: -117718.6 g
   💰 Valor E1: R$ -5.8859
   🧭 Tentativas map matching: 303

   🔑 OFFSET DETERMINÍSTICO (x=-0.008553195375493629°, y=-0.003596203504228614°, max=2.0km):
   📍 Start Original:  (40.775644, -73.960687)
   🔒 Start Protegido: (40.767199, -73.964432) ✓ 1.00 km | ✓ MAP MATCHED
   📏 Deslocamento final: 991.7 metros
   📍 End Original:    (40.771236, -73.963813)
   🔒 End Protegido:   (40.762802, -73.967552) ✓ 1.00 km | ✓ MAP MATCHED
   📏 Deslocamento final: 990.3 metros

   📐 ANÁLISE DE DISTÂNCIA DO TRAJETO (HAVERSINE DOS PONTOS ARMAZENADOS):
   ✨ 257 pontos privados duplicados foram separados para garantir visualização 1:1.
   ℹ️  Dica: use --debug-map-matching para ver tentativas detalhadas de re-snap.
   🔢 Pontos unicos original/offset: 301/44 (Δ -257, -85.4% )
   📍 Trajeto original: 3.148 km (linha reta entre pontos GPS)
   🔒 Trajeto com offset: 3.865 km (linha reta entre pontos COM snap)
   📊 Diferença: +0.717 km (+22.8%)

======================================================================
📊 ESTATÍSTICAS FINAIS
======================================================================
Viagens processadas: 1
Distância total: 3.16 km
Combustível total: 51.22 l
CO2 real total: 118326.7 g
CO2 meta total: 608.1 g
Delta CO2: -117718.6 g
Valor E1 total: R$ -5.89

💰 Créditos: R$ 0.00
💸 Débitos: R$ 5.89
📈 Saldo líquido: R$ -5.89

🗺️  MAP MATCHING:
   Pontos processados: 301
   Snaps tentados: 301 (100.0%)
   Snaps bem-sucedidos: 301 (100.0%)
   Snaps forçados (>100m): 301 (100.0%)
   ✅ TODOS os pontos estão em ruas (FORCE_SNAP=True)
======================================================================

💾 Dados agregados salvos em: ../data/offset_batch/vehicles_step_sim_1/run_076.csv
[csv-worker_0] [vehicles_step_sim_1] ===== LOG RUN 076 FIM =====

[csv-worker_0] [vehicles_step_sim_1] ===== LOG RUN 077 INICIO =====
======================================================================
🚗 PROCESSAMENTO SUMO → E1 REGISTRY (OFFSET ALEATÓRIO - veh0)
======================================================================
📄 Entrada: ../data/vehicles_step_sim_1.csv
🏭 Consumo fabricante: 12.0 km/l
💰 Preço carbono: R$ 50.0/ton
⭕ Raio máximo do offset aleatório: 2.0 km
🎲 Offset gerado aleatoriamente:
   Ângulo: 105.2°
   Distância: 1.3160 km
   offset_x (lat): -0.003103°  |  offset_y (lon): 0.011408°
📊 Row stepping: Processando todas as linhas
🗺️  Map matching: ATIVADO (raio 1500m) - pontos snapped para ruas
📐 Cálculo de distância: HAVERSINE PURO dos pontos COM snap (consistência)
======================================================================

📊 Carregando dados SUMO...
   Total de registros no arquivo: 323
   Veículos únicos: 1
   🚙 Vehicle selecionado: carro_1000

🔄 Agregando viagens por vehicle_id...
  📐 SUMO_carro_1000: Calculando distâncias com Haversine direto (SEM routing API)
      Original: 300 pontos → 3.1542 km (Haversine)
      Offset:   300 pontos → 3.3452 km (Haversine)

🚙 Veículo: SUMO_carro_1000
   Modelo: HBEFA4/PC_petrol_Euro-6ab
   Segmentos: 300
   📏 Distância: 3.158 km (city: 2.541, highway: 0.617)
   ⛽ Combustível: 49.984 l
   🏭 CO2 real: 115462.6 g
   🎯 CO2 meta: 608.0 g
   📊 Delta: -114854.6 g
   💰 Valor E1: R$ -5.7427
   🧭 Tentativas map matching: 302

   🔑 OFFSET DETERMINÍSTICO (x=0.004480400371857038°, y=-0.000787660946000468°, max=2.0km):
   📍 Start Original:  (40.775644, -73.960687)
   🔒 Start Protegido: (40.780158, -73.961417) ✓ 0.50 km | ✓ MAP MATCHED
   📏 Deslocamento final: 506.3 metros
   📍 End Original:    (40.773912, -73.961904)
   🔒 End Protegido:   (40.778374, -73.962718) ✓ 0.50 km | ✓ MAP MATCHED
   📏 Deslocamento final: 501.3 metros

   📐 ANÁLISE DE DISTÂNCIA DO TRAJETO (HAVERSINE DOS PONTOS ARMAZENADOS):
   ✨ 237 pontos privados duplicados foram separados para garantir visualização 1:1.
   ℹ️  Dica: use --debug-map-matching para ver tentativas detalhadas de re-snap.
   🔢 Pontos unicos original/offset: 299/63 (Δ -236, -78.9% )
   📍 Trajeto original: 3.154 km (linha reta entre pontos GPS)
   🔒 Trajeto com offset: 3.345 km (linha reta entre pontos COM snap)
   📊 Diferença: +0.191 km (+6.1%)

======================================================================
📊 ESTATÍSTICAS FINAIS
======================================================================
Viagens processadas: 1
Distância total: 3.16 km
Combustível total: 49.98 l
CO2 real total: 115462.6 g
CO2 meta total: 608.0 g
Delta CO2: -114854.6 g
Valor E1 total: R$ -5.74

💰 Créditos: R$ 0.00
💸 Débitos: R$ 5.74
📈 Saldo líquido: R$ -5.74

🗺️  MAP MATCHING:
   Pontos processados: 300
   Snaps tentados: 300 (100.0%)
   Snaps bem-sucedidos: 300 (100.0%)
   Snaps forçados (>100m): 300 (100.0%)
   ✅ TODOS os pontos estão em ruas (FORCE_SNAP=True)
======================================================================

💾 Dados agregados salvos em: ../data/offset_batch/vehicles_step_sim_1/run_077.csv
[csv-worker_0] [vehicles_step_sim_1] ===== LOG RUN 077 FIM =====

[csv-worker_0] [vehicles_step_sim_1] ===== LOG RUN 078 INICIO =====
======================================================================
🚗 PROCESSAMENTO SUMO → E1 REGISTRY (OFFSET ALEATÓRIO - veh0)
======================================================================
📄 Entrada: ../data/vehicles_step_sim_1.csv
🏭 Consumo fabricante: 12.0 km/l
💰 Preço carbono: R$ 50.0/ton
⭕ Raio máximo do offset aleatório: 2.0 km
🎲 Offset gerado aleatoriamente:
   Ângulo: 193.9°
   Distância: 1.2183 km
   offset_x (lat): -0.010625°  |  offset_y (lon): -0.002623°
📊 Row stepping: Processando todas as linhas
🗺️  Map matching: ATIVADO (raio 1500m) - pontos snapped para ruas
📐 Cálculo de distância: HAVERSINE PURO dos pontos COM snap (consistência)
======================================================================

📊 Carregando dados SUMO...
   Total de registros no arquivo: 323
   Veículos únicos: 1
   🚙 Vehicle selecionado: carro_1000

🔄 Agregando viagens por vehicle_id...
  📐 SUMO_carro_1000: Calculando distâncias com Haversine direto (SEM routing API)
      Original: 301 pontos → 3.1480 km (Haversine)
      Offset:   301 pontos → 3.6854 km (Haversine)

🚙 Veículo: SUMO_carro_1000
   Modelo: HBEFA4/PC_petrol_Euro-6ab
   Segmentos: 301
   📏 Distância: 3.159 km (city: 3.020, highway: 0.139)
   ⛽ Combustível: 51.224 l
   🏭 CO2 real: 118326.7 g
   🎯 CO2 meta: 608.1 g
   📊 Delta: -117718.6 g
   💰 Valor E1: R$ -5.8859
   🧭 Tentativas map matching: 303

   🔑 OFFSET DETERMINÍSTICO (x=0.0052458150668582455°, y=0.015539866679282392°, max=2.0km):
   📍 Start Original:  (40.775644, -73.960687)
   🔒 Start Protegido: (40.780965, -73.945249) ✓ 1.43 km | ✓ MAP MATCHED
   📏 Deslocamento final: 1429.9 metros
   📍 End Original:    (40.771236, -73.963813)
   🔒 End Protegido:   (40.776554, -73.948582) ✓ 1.43 km | ✓ MAP MATCHED
   📏 Deslocamento final: 1413.9 metros

   📐 ANÁLISE DE DISTÂNCIA DO TRAJETO (HAVERSINE DOS PONTOS ARMAZENADOS):
   ✨ 259 pontos privados duplicados foram separados para garantir visualização 1:1.
   ℹ️  Dica: use --debug-map-matching para ver tentativas detalhadas de re-snap.
   🔢 Pontos unicos original/offset: 301/42 (Δ -259, -86.0% )
   📍 Trajeto original: 3.148 km (linha reta entre pontos GPS)
   🔒 Trajeto com offset: 3.685 km (linha reta entre pontos COM snap)
   📊 Diferença: +0.537 km (+17.1%)

======================================================================
📊 ESTATÍSTICAS FINAIS
======================================================================
Viagens processadas: 1
Distância total: 3.16 km
Combustível total: 51.22 l
CO2 real total: 118326.7 g
CO2 meta total: 608.1 g
Delta CO2: -117718.6 g
Valor E1 total: R$ -5.89

💰 Créditos: R$ 0.00
💸 Débitos: R$ 5.89
📈 Saldo líquido: R$ -5.89

🗺️  MAP MATCHING:
   Pontos processados: 301
   Snaps tentados: 301 (100.0%)
   Snaps bem-sucedidos: 301 (100.0%)
   Snaps forçados (>100m): 301 (100.0%)
   ✅ TODOS os pontos estão em ruas (FORCE_SNAP=True)
======================================================================

💾 Dados agregados salvos em: ../data/offset_batch/vehicles_step_sim_1/run_078.csv
[csv-worker_0] [vehicles_step_sim_1] ===== LOG RUN 078 FIM =====

[csv-worker_0] [vehicles_step_sim_1] ===== LOG RUN 079 INICIO =====
======================================================================
🚗 PROCESSAMENTO SUMO → E1 REGISTRY (OFFSET ALEATÓRIO - veh0)
======================================================================
📄 Entrada: ../data/vehicles_step_sim_1.csv
🏭 Consumo fabricante: 12.0 km/l
💰 Preço carbono: R$ 50.0/ton
⭕ Raio máximo do offset aleatório: 2.0 km
🎲 Offset gerado aleatoriamente:
   Ângulo: 134.5°
   Distância: 1.6195 km
   offset_x (lat): -0.010198°  |  offset_y (lon): 0.010376°
📊 Row stepping: Processando todas as linhas
🗺️  Map matching: ATIVADO (raio 1500m) - pontos snapped para ruas
📐 Cálculo de distância: HAVERSINE PURO dos pontos COM snap (consistência)
======================================================================

📊 Carregando dados SUMO...
   Total de registros no arquivo: 323
   Veículos únicos: 1
   🚙 Vehicle selecionado: carro_1000

🔄 Agregando viagens por vehicle_id...
  📐 SUMO_carro_1000: Calculando distâncias com Haversine direto (SEM routing API)
      Original: 324 pontos → 3.1629 km (Haversine)
      Offset:   324 pontos → 3.4085 km (Haversine)

🚙 Veículo: SUMO_carro_1000
   Modelo: HBEFA4/PC_petrol_Euro-6ab
   Segmentos: 324
   📏 Distância: 3.166 km (city: 3.024, highway: 0.142)
   ⛽ Combustível: 49.530 l
   🏭 CO2 real: 114414.1 g
   🎯 CO2 meta: 609.4 g
   📊 Delta: -113804.6 g
   💰 Valor E1: R$ -5.6902
   🧭 Tentativas map matching: 326

   🔑 OFFSET DETERMINÍSTICO (x=0.0092788089111676°, y=0.012661683434310908°, max=2.0km):
   📍 Start Original:  (40.775644, -73.960687)
   🔒 Start Protegido: (40.785271, -73.947337) ✓ 1.49 km | ✓ MAP MATCHED
   📏 Deslocamento final: 1554.1 metros
   📍 End Original:    (40.772251, -73.963071)
   🔒 End Protegido:   (40.782052, -73.949825) ✓ 1.49 km | ✓ MAP MATCHED
   📏 Deslocamento final: 1561.2 metros

   📐 ANÁLISE DE DISTÂNCIA DO TRAJETO (HAVERSINE DOS PONTOS ARMAZENADOS):
   ✨ 273 pontos privados duplicados foram separados para garantir visualização 1:1.
   ℹ️  Dica: use --debug-map-matching para ver tentativas detalhadas de re-snap.
   🔢 Pontos unicos original/offset: 324/51 (Δ -273, -84.3% )
   📍 Trajeto original: 3.163 km (linha reta entre pontos GPS)
   🔒 Trajeto com offset: 3.408 km (linha reta entre pontos COM snap)
   📊 Diferença: +0.246 km (+7.8%)

======================================================================
📊 ESTATÍSTICAS FINAIS
======================================================================
Viagens processadas: 1
Distância total: 3.17 km
Combustível total: 49.53 l
CO2 real total: 114414.1 g
CO2 meta total: 609.4 g
Delta CO2: -113804.6 g
Valor E1 total: R$ -5.69

💰 Créditos: R$ 0.00
💸 Débitos: R$ 5.69
📈 Saldo líquido: R$ -5.69

🗺️  MAP MATCHING:
   Pontos processados: 324
   Snaps tentados: 324 (100.0%)
   Snaps bem-sucedidos: 324 (100.0%)
   Snaps forçados (>100m): 324 (100.0%)
   ✅ TODOS os pontos estão em ruas (FORCE_SNAP=True)
======================================================================

💾 Dados agregados salvos em: ../data/offset_batch/vehicles_step_sim_1/run_079.csv
[csv-worker_0] [vehicles_step_sim_1] ===== LOG RUN 079 FIM =====

[csv-worker_0] [vehicles_step_sim_1] ===== LOG RUN 080 INICIO =====
======================================================================
🚗 PROCESSAMENTO SUMO → E1 REGISTRY (OFFSET ALEATÓRIO - veh0)
======================================================================
📄 Entrada: ../data/vehicles_step_sim_1.csv
🏭 Consumo fabricante: 12.0 km/l
💰 Preço carbono: R$ 50.0/ton
⭕ Raio máximo do offset aleatório: 2.0 km
🎲 Offset gerado aleatoriamente:
   Ângulo: 93.9°
   Distância: 1.5326 km
   offset_x (lat): -0.000939°  |  offset_y (lon): 0.013735°
📊 Row stepping: Processando todas as linhas
🗺️  Map matching: ATIVADO (raio 1500m) - pontos snapped para ruas
📐 Cálculo de distância: HAVERSINE PURO dos pontos COM snap (consistência)
======================================================================

📊 Carregando dados SUMO...
   Total de registros no arquivo: 323
   Veículos únicos: 1
   🚙 Vehicle selecionado: carro_1000

🔄 Agregando viagens por vehicle_id...
  📐 SUMO_carro_1000: Calculando distâncias com Haversine direto (SEM routing API)
      Original: 299 pontos → 3.0526 km (Haversine)
      Offset:   299 pontos → 1.9813 km (Haversine)

🚙 Veículo: SUMO_carro_1000
   Modelo: HBEFA4/PC_petrol_Euro-6ab
   Segmentos: 299
   📏 Distância: 3.060 km (city: 3.060, highway: 0.000)
   ⛽ Combustível: 48.384 l
   🏭 CO2 real: 111766.0 g
   🎯 CO2 meta: 589.0 g
   📊 Delta: -111177.0 g
   💰 Valor E1: R$ -5.5588
   🧭 Tentativas map matching: 301

   🔑 OFFSET DETERMINÍSTICO (x=-0.005815310113807868°, y=0.016176966571168815°, max=2.0km):
   📍 Start Original:  (40.775644, -73.960687)
   🔒 Start Protegido: (40.771041, -73.946791) ✓ 1.51 km | ✓ MAP MATCHED
   📏 Deslocamento final: 1278.6 metros
   📍 End Original:    (40.774198, -73.961141)
   🔒 End Protegido:   (40.770104, -73.947664) ✓ 1.51 km | ✓ MAP MATCHED
   📏 Deslocamento final: 1224.1 metros

   📐 ANÁLISE DE DISTÂNCIA DO TRAJETO (HAVERSINE DOS PONTOS ARMAZENADOS):
   ✨ 286 pontos privados duplicados foram separados para garantir visualização 1:1.
   ℹ️  Dica: use --debug-map-matching para ver tentativas detalhadas de re-snap.
   🔢 Pontos unicos original/offset: 299/13 (Δ -286, -95.7% )
   📍 Trajeto original: 3.053 km (linha reta entre pontos GPS)
   🔒 Trajeto com offset: 1.981 km (linha reta entre pontos COM snap)
   📊 Diferença: -1.071 km (-35.1%)

======================================================================
📊 ESTATÍSTICAS FINAIS
======================================================================
Viagens processadas: 1
Distância total: 3.06 km
Combustível total: 48.38 l
CO2 real total: 111766.0 g
CO2 meta total: 589.0 g
Delta CO2: -111177.0 g
Valor E1 total: R$ -5.56

💰 Créditos: R$ 0.00
💸 Débitos: R$ 5.56
📈 Saldo líquido: R$ -5.56

🗺️  MAP MATCHING:
   Pontos processados: 299
   Snaps tentados: 299 (100.0%)
   Snaps bem-sucedidos: 299 (100.0%)
   Snaps forçados (>100m): 299 (100.0%)
   ✅ TODOS os pontos estão em ruas (FORCE_SNAP=True)
======================================================================

💾 Dados agregados salvos em: ../data/offset_batch/vehicles_step_sim_1/run_080.csv
[csv-worker_0] [vehicles_step_sim_1] ===== LOG RUN 080 FIM =====

[csv-worker_0] [vehicles_step_sim_1] ===== LOG RUN 081 INICIO =====
======================================================================
🚗 PROCESSAMENTO SUMO → E1 REGISTRY (OFFSET ALEATÓRIO - veh0)
======================================================================
📄 Entrada: ../data/vehicles_step_sim_1.csv
🏭 Consumo fabricante: 12.0 km/l
💰 Preço carbono: R$ 50.0/ton
⭕ Raio máximo do offset aleatório: 2.0 km
🎲 Offset gerado aleatoriamente:
   Ângulo: 308.4°
   Distância: 1.1824 km
   offset_x (lat): 0.006600°  |  offset_y (lon): -0.008322°
📊 Row stepping: Processando todas as linhas
🗺️  Map matching: ATIVADO (raio 1500m) - pontos snapped para ruas
📐 Cálculo de distância: HAVERSINE PURO dos pontos COM snap (consistência)
======================================================================

📊 Carregando dados SUMO...
   Total de registros no arquivo: 323
   Veículos únicos: 1
   🚙 Vehicle selecionado: carro_1000

🔄 Agregando viagens por vehicle_id...
  📐 SUMO_carro_1000: Calculando distâncias com Haversine direto (SEM routing API)
      Original: 299 pontos → 3.0526 km (Haversine)
      Offset:   299 pontos → 3.6900 km (Haversine)

🚙 Veículo: SUMO_carro_1000
   Modelo: HBEFA4/PC_petrol_Euro-6ab
   Segmentos: 299
   📏 Distância: 3.060 km (city: 3.060, highway: 0.000)
   ⛽ Combustível: 48.384 l
   🏭 CO2 real: 111766.0 g
   🎯 CO2 meta: 589.0 g
   📊 Delta: -111177.0 g
   💰 Valor E1: R$ -5.5588
   🧭 Tentativas map matching: 301

   🔑 OFFSET DETERMINÍSTICO (x=-0.007211945483429793°, y=-0.0025267900043112173°, max=2.0km):
   📍 Start Original:  (40.775644, -73.960687)
   🔒 Start Protegido: (40.768277, -73.963118) ✓ 0.83 km | ✓ MAP MATCHED
   📏 Deslocamento final: 845.2 metros
   📍 End Original:    (40.774198, -73.961141)
   🔒 End Protegido:   (40.766621, -73.963066) ✓ 0.83 km | ✓ MAP MATCHED
   📏 Deslocamento final: 858.9 metros

   📐 ANÁLISE DE DISTÂNCIA DO TRAJETO (HAVERSINE DOS PONTOS ARMAZENADOS):
   ✨ 259 pontos privados duplicados foram separados para garantir visualização 1:1.
   ℹ️  Dica: use --debug-map-matching para ver tentativas detalhadas de re-snap.
   🔢 Pontos unicos original/offset: 299/40 (Δ -259, -86.6% )
   📍 Trajeto original: 3.053 km (linha reta entre pontos GPS)
   🔒 Trajeto com offset: 3.690 km (linha reta entre pontos COM snap)
   📊 Diferença: +0.637 km (+20.9%)

======================================================================
📊 ESTATÍSTICAS FINAIS
======================================================================
Viagens processadas: 1
Distância total: 3.06 km
Combustível total: 48.38 l
CO2 real total: 111766.0 g
CO2 meta total: 589.0 g
Delta CO2: -111177.0 g
Valor E1 total: R$ -5.56

💰 Créditos: R$ 0.00
💸 Débitos: R$ 5.56
📈 Saldo líquido: R$ -5.56

🗺️  MAP MATCHING:
   Pontos processados: 299
   Snaps tentados: 299 (100.0%)
   Snaps bem-sucedidos: 299 (100.0%)
   Snaps forçados (>100m): 299 (100.0%)
   ✅ TODOS os pontos estão em ruas (FORCE_SNAP=True)
======================================================================

💾 Dados agregados salvos em: ../data/offset_batch/vehicles_step_sim_1/run_081.csv
[csv-worker_0] [vehicles_step_sim_1] ===== LOG RUN 081 FIM =====

[csv-worker_0] [vehicles_step_sim_1] ===== LOG RUN 082 INICIO =====
======================================================================
🚗 PROCESSAMENTO SUMO → E1 REGISTRY (OFFSET ALEATÓRIO - veh0)
======================================================================
📄 Entrada: ../data/vehicles_step_sim_1.csv
🏭 Consumo fabricante: 12.0 km/l
💰 Preço carbono: R$ 50.0/ton
⭕ Raio máximo do offset aleatório: 2.0 km
🎲 Offset gerado aleatoriamente:
   Ângulo: 234.9°
   Distância: 1.8073 km
   offset_x (lat): -0.009332°  |  offset_y (lon): -0.013285°
📊 Row stepping: Processando todas as linhas
🗺️  Map matching: ATIVADO (raio 1500m) - pontos snapped para ruas
📐 Cálculo de distância: HAVERSINE PURO dos pontos COM snap (consistência)
======================================================================

📊 Carregando dados SUMO...
   Total de registros no arquivo: 323
   Veículos únicos: 1
   🚙 Vehicle selecionado: carro_1000

🔄 Agregando viagens por vehicle_id...
  📐 SUMO_carro_1000: Calculando distâncias com Haversine direto (SEM routing API)
      Original: 299 pontos → 3.0526 km (Haversine)
      Offset:   299 pontos → 2.2991 km (Haversine)

🚙 Veículo: SUMO_carro_1000
   Modelo: HBEFA4/PC_petrol_Euro-6ab
   Segmentos: 299
   📏 Distância: 3.060 km (city: 3.060, highway: 0.000)
   ⛽ Combustível: 48.384 l
   🏭 CO2 real: 111766.0 g
   🎯 CO2 meta: 589.0 g
   📊 Delta: -111177.0 g
   💰 Valor E1: R$ -5.5588
   🧭 Tentativas map matching: 301

   🔑 OFFSET DETERMINÍSTICO (x=0.0032596011214522584°, y=-0.015491523405721996°, max=2.0km):
   📍 Start Original:  (40.775644, -73.960687)
   🔒 Start Protegido: (40.779317, -73.977252) ✓ 1.36 km | ✓ MAP MATCHED
   📏 Deslocamento final: 1455.1 metros
   📍 End Original:    (40.774198, -73.961141)
   🔒 End Protegido:   (40.777246, -73.976272) ✓ 1.36 km | ✓ MAP MATCHED
   📏 Deslocamento final: 1319.9 metros

   📐 ANÁLISE DE DISTÂNCIA DO TRAJETO (HAVERSINE DOS PONTOS ARMAZENADOS):
   ✨ 276 pontos privados duplicados foram separados para garantir visualização 1:1.
   ℹ️  Dica: use --debug-map-matching para ver tentativas detalhadas de re-snap.
   🔢 Pontos unicos original/offset: 299/23 (Δ -276, -92.3% )
   📍 Trajeto original: 3.053 km (linha reta entre pontos GPS)
   🔒 Trajeto com offset: 2.299 km (linha reta entre pontos COM snap)
   📊 Diferença: -0.753 km (-24.7%)

======================================================================
📊 ESTATÍSTICAS FINAIS
======================================================================
Viagens processadas: 1
Distância total: 3.06 km
Combustível total: 48.38 l
CO2 real total: 111766.0 g
CO2 meta total: 589.0 g
Delta CO2: -111177.0 g
Valor E1 total: R$ -5.56

💰 Créditos: R$ 0.00
💸 Débitos: R$ 5.56
📈 Saldo líquido: R$ -5.56

🗺️  MAP MATCHING:
   Pontos processados: 299
   Snaps tentados: 299 (100.0%)
   Snaps bem-sucedidos: 299 (100.0%)
   Snaps forçados (>100m): 299 (100.0%)
   ✅ TODOS os pontos estão em ruas (FORCE_SNAP=True)
======================================================================

💾 Dados agregados salvos em: ../data/offset_batch/vehicles_step_sim_1/run_082.csv
[csv-worker_0] [vehicles_step_sim_1] ===== LOG RUN 082 FIM =====

[csv-worker_0] [vehicles_step_sim_1] ===== LOG RUN 083 INICIO =====
======================================================================
🚗 PROCESSAMENTO SUMO → E1 REGISTRY (OFFSET ALEATÓRIO - veh0)
======================================================================
📄 Entrada: ../data/vehicles_step_sim_1.csv
🏭 Consumo fabricante: 12.0 km/l
💰 Preço carbono: R$ 50.0/ton
⭕ Raio máximo do offset aleatório: 2.0 km
🎲 Offset gerado aleatoriamente:
   Ângulo: 49.2°
   Distância: 0.5681 km
   offset_x (lat): 0.003332°  |  offset_y (lon): 0.003866°
📊 Row stepping: Processando todas as linhas
🗺️  Map matching: ATIVADO (raio 1500m) - pontos snapped para ruas
📐 Cálculo de distância: HAVERSINE PURO dos pontos COM snap (consistência)
======================================================================

📊 Carregando dados SUMO...
   Total de registros no arquivo: 323
   Veículos únicos: 1
   🚙 Vehicle selecionado: carro_1000

🔄 Agregando viagens por vehicle_id...
  📐 SUMO_carro_1000: Calculando distâncias com Haversine direto (SEM routing API)
      Original: 337 pontos → 3.3706 km (Haversine)
      Offset:   337 pontos → 3.1525 km (Haversine)

🚙 Veículo: SUMO_carro_1000
   Modelo: HBEFA4/PC_petrol_Euro-6ab
   Segmentos: 337
   📏 Distância: 3.379 km (city: 3.069, highway: 0.310)
   ⛽ Combustível: 58.616 l
   🏭 CO2 real: 135402.3 g
   🎯 CO2 meta: 650.5 g
   📊 Delta: -134751.8 g
   💰 Valor E1: R$ -6.7376
   🧭 Tentativas map matching: 339

   🔑 OFFSET DETERMINÍSTICO (x=0.009846144153448717°, y=0.0011637007857765106°, max=2.0km):
   📍 Start Original:  (40.775644, -73.960687)
   🔒 Start Protegido: (40.784779, -73.958049) ✓ 1.10 km | ✓ MAP MATCHED
   📏 Deslocamento final: 1041.0 metros
   📍 End Original:    (40.774801, -73.960637)
   🔒 End Protegido:   (40.784168, -73.958498) ✓ 1.10 km | ✓ MAP MATCHED
   📏 Deslocamento final: 1058.1 metros

   📐 ANÁLISE DE DISTÂNCIA DO TRAJETO (HAVERSINE DOS PONTOS ARMAZENADOS):
   ✨ 267 pontos privados duplicados foram separados para garantir visualização 1:1.
   ℹ️  Dica: use --debug-map-matching para ver tentativas detalhadas de re-snap.
   🔢 Pontos unicos original/offset: 337/70 (Δ -267, -79.2% )
   📍 Trajeto original: 3.371 km (linha reta entre pontos GPS)
   🔒 Trajeto com offset: 3.152 km (linha reta entre pontos COM snap)
   📊 Diferença: -0.218 km (-6.5%)

======================================================================
📊 ESTATÍSTICAS FINAIS
======================================================================
Viagens processadas: 1
Distância total: 3.38 km
Combustível total: 58.62 l
CO2 real total: 135402.3 g
CO2 meta total: 650.5 g
Delta CO2: -134751.8 g
Valor E1 total: R$ -6.74

💰 Créditos: R$ 0.00
💸 Débitos: R$ 6.74
📈 Saldo líquido: R$ -6.74

🗺️  MAP MATCHING:
   Pontos processados: 337
   Snaps tentados: 337 (100.0%)
   Snaps bem-sucedidos: 337 (100.0%)
   Snaps forçados (>100m): 337 (100.0%)
   ✅ TODOS os pontos estão em ruas (FORCE_SNAP=True)
======================================================================

💾 Dados agregados salvos em: ../data/offset_batch/vehicles_step_sim_1/run_083.csv
[csv-worker_0] [vehicles_step_sim_1] ===== LOG RUN 083 FIM =====

[csv-worker_0] [vehicles_step_sim_1] ===== LOG RUN 084 INICIO =====
======================================================================
🚗 PROCESSAMENTO SUMO → E1 REGISTRY (OFFSET ALEATÓRIO - veh0)
======================================================================
📄 Entrada: ../data/vehicles_step_sim_1.csv
🏭 Consumo fabricante: 12.0 km/l
💰 Preço carbono: R$ 50.0/ton
⭕ Raio máximo do offset aleatório: 2.0 km
🎲 Offset gerado aleatoriamente:
   Ângulo: 10.9°
   Distância: 1.6190 km
   offset_x (lat): 0.014284°  |  offset_y (lon): 0.002739°
📊 Row stepping: Processando todas as linhas
🗺️  Map matching: ATIVADO (raio 1500m) - pontos snapped para ruas
📐 Cálculo de distância: HAVERSINE PURO dos pontos COM snap (consistência)
======================================================================

📊 Carregando dados SUMO...
   Total de registros no arquivo: 323
   Veículos únicos: 1
   🚙 Vehicle selecionado: carro_1000

🔄 Agregando viagens por vehicle_id...
  📐 SUMO_carro_1000: Calculando distâncias com Haversine direto (SEM routing API)
      Original: 337 pontos → 3.3706 km (Haversine)
      Offset:   337 pontos → 3.7129 km (Haversine)

🚙 Veículo: SUMO_carro_1000
   Modelo: HBEFA4/PC_petrol_Euro-6ab
   Segmentos: 337
   📏 Distância: 3.379 km (city: 3.069, highway: 0.310)
   ⛽ Combustível: 58.616 l
   🏭 CO2 real: 135402.3 g
   🎯 CO2 meta: 650.5 g
   📊 Delta: -134751.8 g
   💰 Valor E1: R$ -6.7376
   🧭 Tentativas map matching: 339

   🔑 OFFSET DETERMINÍSTICO (x=0.008333698956388627°, y=0.005004193031506389°, max=2.0km):
   📍 Start Original:  (40.775644, -73.960687)
   🔒 Start Protegido: (40.784008, -73.956377) ✓ 1.02 km | ✓ MAP MATCHED
   📏 Deslocamento final: 999.5 metros
   📍 End Original:    (40.774801, -73.960637)
   🔒 End Protegido:   (40.782824, -73.955539) ✓ 1.02 km | ✓ MAP MATCHED
   📏 Deslocamento final: 991.1 metros

   📐 ANÁLISE DE DISTÂNCIA DO TRAJETO (HAVERSINE DOS PONTOS ARMAZENADOS):
   ✨ 286 pontos privados duplicados foram separados para garantir visualização 1:1.
   ℹ️  Dica: use --debug-map-matching para ver tentativas detalhadas de re-snap.
   🔢 Pontos unicos original/offset: 337/51 (Δ -286, -84.9% )
   📍 Trajeto original: 3.371 km (linha reta entre pontos GPS)
   🔒 Trajeto com offset: 3.713 km (linha reta entre pontos COM snap)
   📊 Diferença: +0.342 km (+10.2%)

======================================================================
📊 ESTATÍSTICAS FINAIS
======================================================================
Viagens processadas: 1
Distância total: 3.38 km
Combustível total: 58.62 l
CO2 real total: 135402.3 g
CO2 meta total: 650.5 g
Delta CO2: -134751.8 g
Valor E1 total: R$ -6.74

💰 Créditos: R$ 0.00
💸 Débitos: R$ 6.74
📈 Saldo líquido: R$ -6.74

🗺️  MAP MATCHING:
   Pontos processados: 337
   Snaps tentados: 337 (100.0%)
   Snaps bem-sucedidos: 337 (100.0%)
   Snaps forçados (>100m): 337 (100.0%)
   ✅ TODOS os pontos estão em ruas (FORCE_SNAP=True)
======================================================================

💾 Dados agregados salvos em: ../data/offset_batch/vehicles_step_sim_1/run_084.csv
[csv-worker_0] [vehicles_step_sim_1] ===== LOG RUN 084 FIM =====

[csv-worker_0] [vehicles_step_sim_1] ===== LOG RUN 085 INICIO =====
======================================================================
🚗 PROCESSAMENTO SUMO → E1 REGISTRY (OFFSET ALEATÓRIO - veh0)
======================================================================
📄 Entrada: ../data/vehicles_step_sim_1.csv
🏭 Consumo fabricante: 12.0 km/l
💰 Preço carbono: R$ 50.0/ton
⭕ Raio máximo do offset aleatório: 2.0 km
🎲 Offset gerado aleatoriamente:
   Ângulo: 322.8°
   Distância: 1.6909 km
   offset_x (lat): 0.012103°  |  offset_y (lon): -0.009179°
📊 Row stepping: Processando todas as linhas
🗺️  Map matching: ATIVADO (raio 1500m) - pontos snapped para ruas
📐 Cálculo de distância: HAVERSINE PURO dos pontos COM snap (consistência)
======================================================================

📊 Carregando dados SUMO...
   Total de registros no arquivo: 323
   Veículos únicos: 1
   🚙 Vehicle selecionado: carro_1000

🔄 Agregando viagens por vehicle_id...
  📐 SUMO_carro_1000: Calculando distâncias com Haversine direto (SEM routing API)
      Original: 337 pontos → 3.3706 km (Haversine)
      Offset:   337 pontos → 4.5702 km (Haversine)

🚙 Veículo: SUMO_carro_1000
   Modelo: HBEFA4/PC_petrol_Euro-6ab
   Segmentos: 337
   📏 Distância: 3.379 km (city: 3.069, highway: 0.310)
   ⛽ Combustível: 58.616 l
   🏭 CO2 real: 135402.3 g
   🎯 CO2 meta: 650.5 g
   📊 Delta: -134751.8 g
   💰 Valor E1: R$ -6.7376
   🧭 Tentativas map matching: 339

   🔑 OFFSET DETERMINÍSTICO (x=0.005558290650472913°, y=0.011995304430979254°, max=2.0km):
   📍 Start Original:  (40.775644, -73.960687)
   🔒 Start Protegido: (40.781455, -73.949132) ✓ 1.19 km | ✓ MAP MATCHED
   📏 Deslocamento final: 1169.4 metros
   📍 End Original:    (40.774801, -73.960637)
   🔒 End Protegido:   (40.781021, -73.949295) ✓ 1.19 km | ✓ MAP MATCHED
   📏 Deslocamento final: 1180.5 metros

   📐 ANÁLISE DE DISTÂNCIA DO TRAJETO (HAVERSINE DOS PONTOS ARMAZENADOS):
   ✨ 295 pontos privados duplicados foram separados para garantir visualização 1:1.
   ℹ️  Dica: use --debug-map-matching para ver tentativas detalhadas de re-snap.
   🔢 Pontos unicos original/offset: 337/42 (Δ -295, -87.5% )
   📍 Trajeto original: 3.371 km (linha reta entre pontos GPS)
   🔒 Trajeto com offset: 4.570 km (linha reta entre pontos COM snap)
   📊 Diferença: +1.200 km (+35.6%)

======================================================================
📊 ESTATÍSTICAS FINAIS
======================================================================
Viagens processadas: 1
Distância total: 3.38 km
Combustível total: 58.62 l
CO2 real total: 135402.3 g
CO2 meta total: 650.5 g
Delta CO2: -134751.8 g
Valor E1 total: R$ -6.74

💰 Créditos: R$ 0.00
💸 Débitos: R$ 6.74
📈 Saldo líquido: R$ -6.74

🗺️  MAP MATCHING:
   Pontos processados: 337
   Snaps tentados: 337 (100.0%)
   Snaps bem-sucedidos: 337 (100.0%)
   Snaps forçados (>100m): 337 (100.0%)
   ✅ TODOS os pontos estão em ruas (FORCE_SNAP=True)
======================================================================

💾 Dados agregados salvos em: ../data/offset_batch/vehicles_step_sim_1/run_085.csv
[csv-worker_0] [vehicles_step_sim_1] ===== LOG RUN 085 FIM =====

[csv-worker_0] [vehicles_step_sim_1] ===== LOG RUN 086 INICIO =====
======================================================================
🚗 PROCESSAMENTO SUMO → E1 REGISTRY (OFFSET ALEATÓRIO - veh0)
======================================================================
📄 Entrada: ../data/vehicles_step_sim_1.csv
🏭 Consumo fabricante: 12.0 km/l
💰 Preço carbono: R$ 50.0/ton
⭕ Raio máximo do offset aleatório: 2.0 km
🎲 Offset gerado aleatoriamente:
   Ângulo: 357.5°
   Distância: 0.3720 km
   offset_x (lat): 0.003338°  |  offset_y (lon): -0.000145°
📊 Row stepping: Processando todas as linhas
🗺️  Map matching: ATIVADO (raio 1500m) - pontos snapped para ruas
📐 Cálculo de distância: HAVERSINE PURO dos pontos COM snap (consistência)
======================================================================

📊 Carregando dados SUMO...
   Total de registros no arquivo: 323
   Veículos únicos: 1
   🚙 Vehicle selecionado: carro_1000

🔄 Agregando viagens por vehicle_id...
  📐 SUMO_carro_1000: Calculando distâncias com Haversine direto (SEM routing API)
      Original: 324 pontos → 3.1629 km (Haversine)
      Offset:   324 pontos → 3.8650 km (Haversine)

🚙 Veículo: SUMO_carro_1000
   Modelo: HBEFA4/PC_petrol_Euro-6ab
   Segmentos: 324
   📏 Distância: 3.166 km (city: 3.024, highway: 0.142)
   ⛽ Combustível: 49.530 l
   🏭 CO2 real: 114414.1 g
   🎯 CO2 meta: 609.4 g
   📊 Delta: -113804.6 g
   💰 Valor E1: R$ -5.6902
   🧭 Tentativas map matching: 326

   🔑 OFFSET DETERMINÍSTICO (x=0.008129937281727282°, y=0.0039115074328800285°, max=2.0km):
   📍 Start Original:  (40.775644, -73.960687)
   🔒 Start Protegido: (40.783991, -73.956526) ✓ 0.96 km | ✓ MAP MATCHED
   📏 Deslocamento final: 993.3 metros
   📍 End Original:    (40.772251, -73.963071)
   🔒 End Protegido:   (40.780239, -73.959264) ✓ 0.96 km | ✓ MAP MATCHED
   📏 Deslocamento final: 945.4 metros

   📐 ANÁLISE DE DISTÂNCIA DO TRAJETO (HAVERSINE DOS PONTOS ARMAZENADOS):
   ✨ 242 pontos privados duplicados foram separados para garantir visualização 1:1.
   ℹ️  Dica: use --debug-map-matching para ver tentativas detalhadas de re-snap.
   🔢 Pontos unicos original/offset: 324/82 (Δ -242, -74.7% )
   📍 Trajeto original: 3.163 km (linha reta entre pontos GPS)
   🔒 Trajeto com offset: 3.865 km (linha reta entre pontos COM snap)
   📊 Diferença: +0.702 km (+22.2%)

======================================================================
📊 ESTATÍSTICAS FINAIS
======================================================================
Viagens processadas: 1
Distância total: 3.17 km
Combustível total: 49.53 l
CO2 real total: 114414.1 g
CO2 meta total: 609.4 g
Delta CO2: -113804.6 g
Valor E1 total: R$ -5.69

💰 Créditos: R$ 0.00
💸 Débitos: R$ 5.69
📈 Saldo líquido: R$ -5.69

🗺️  MAP MATCHING:
   Pontos processados: 324
   Snaps tentados: 324 (100.0%)
   Snaps bem-sucedidos: 324 (100.0%)
   Snaps forçados (>100m): 324 (100.0%)
   ✅ TODOS os pontos estão em ruas (FORCE_SNAP=True)
======================================================================

💾 Dados agregados salvos em: ../data/offset_batch/vehicles_step_sim_1/run_086.csv
[csv-worker_0] [vehicles_step_sim_1] ===== LOG RUN 086 FIM =====

[csv-worker_0] [vehicles_step_sim_1] ===== LOG RUN 087 INICIO =====
======================================================================
🚗 PROCESSAMENTO SUMO → E1 REGISTRY (OFFSET ALEATÓRIO - veh0)
======================================================================
📄 Entrada: ../data/vehicles_step_sim_1.csv
🏭 Consumo fabricante: 12.0 km/l
💰 Preço carbono: R$ 50.0/ton
⭕ Raio máximo do offset aleatório: 2.0 km
🎲 Offset gerado aleatoriamente:
   Ângulo: 169.0°
   Distância: 1.4752 km
   offset_x (lat): -0.013006°  |  offset_y (lon): 0.002538°
📊 Row stepping: Processando todas as linhas
🗺️  Map matching: ATIVADO (raio 1500m) - pontos snapped para ruas
📐 Cálculo de distância: HAVERSINE PURO dos pontos COM snap (consistência)
======================================================================

📊 Carregando dados SUMO...
   Total de registros no arquivo: 323
   Veículos únicos: 1
   🚙 Vehicle selecionado: carro_1000

🔄 Agregando viagens por vehicle_id...
  📐 SUMO_carro_1000: Calculando distâncias com Haversine direto (SEM routing API)
      Original: 300 pontos → 3.1542 km (Haversine)
      Offset:   300 pontos → 3.8940 km (Haversine)

🚙 Veículo: SUMO_carro_1000
   Modelo: HBEFA4/PC_petrol_Euro-6ab
   Segmentos: 300
   📏 Distância: 3.158 km (city: 2.541, highway: 0.617)
   ⛽ Combustível: 49.984 l
   🏭 CO2 real: 115462.6 g
   🎯 CO2 meta: 608.0 g
   📊 Delta: -114854.6 g
   💰 Valor E1: R$ -5.7427
   🧭 Tentativas map matching: 302

   🔑 OFFSET DETERMINÍSTICO (x=0.004895463535776447°, y=0.014879498010822802°, max=2.0km):
   📍 Start Original:  (40.775644, -73.960687)
   🔒 Start Protegido: (40.780565, -73.946250) ✓ 1.37 km | ✓ MAP MATCHED
   📏 Deslocamento final: 1334.6 metros
   📍 End Original:    (40.773912, -73.961904)
   🔒 End Protegido:   (40.778746, -73.947779) ✓ 1.37 km | ✓ MAP MATCHED
   📏 Deslocamento final: 1306.7 metros

   📐 ANÁLISE DE DISTÂNCIA DO TRAJETO (HAVERSINE DOS PONTOS ARMAZENADOS):
   ✨ 272 pontos privados duplicados foram separados para garantir visualização 1:1.
   ℹ️  Dica: use --debug-map-matching para ver tentativas detalhadas de re-snap.
   🔢 Pontos unicos original/offset: 299/28 (Δ -271, -90.6% )
   📍 Trajeto original: 3.154 km (linha reta entre pontos GPS)
   🔒 Trajeto com offset: 3.894 km (linha reta entre pontos COM snap)
   📊 Diferença: +0.740 km (+23.5%)

======================================================================
📊 ESTATÍSTICAS FINAIS
======================================================================
Viagens processadas: 1
Distância total: 3.16 km
Combustível total: 49.98 l
CO2 real total: 115462.6 g
CO2 meta total: 608.0 g
Delta CO2: -114854.6 g
Valor E1 total: R$ -5.74

💰 Créditos: R$ 0.00
💸 Débitos: R$ 5.74
📈 Saldo líquido: R$ -5.74

🗺️  MAP MATCHING:
   Pontos processados: 300
   Snaps tentados: 300 (100.0%)
   Snaps bem-sucedidos: 300 (100.0%)
   Snaps forçados (>100m): 300 (100.0%)
   ✅ TODOS os pontos estão em ruas (FORCE_SNAP=True)
======================================================================

💾 Dados agregados salvos em: ../data/offset_batch/vehicles_step_sim_1/run_087.csv
[csv-worker_0] [vehicles_step_sim_1] ===== LOG RUN 087 FIM =====

[csv-worker_0] [vehicles_step_sim_1] ===== LOG RUN 088 INICIO =====
======================================================================
🚗 PROCESSAMENTO SUMO → E1 REGISTRY (OFFSET ALEATÓRIO - veh0)
======================================================================
📄 Entrada: ../data/vehicles_step_sim_1.csv
🏭 Consumo fabricante: 12.0 km/l
💰 Preço carbono: R$ 50.0/ton
⭕ Raio máximo do offset aleatório: 2.0 km
🎲 Offset gerado aleatoriamente:
   Ângulo: 80.2°
   Distância: 1.8860 km
   offset_x (lat): 0.002890°  |  offset_y (lon): 0.016694°
📊 Row stepping: Processando todas as linhas
🗺️  Map matching: ATIVADO (raio 1500m) - pontos snapped para ruas
📐 Cálculo de distância: HAVERSINE PURO dos pontos COM snap (consistência)
======================================================================

📊 Carregando dados SUMO...
   Total de registros no arquivo: 323
   Veículos únicos: 1
   🚙 Vehicle selecionado: carro_1000

🔄 Agregando viagens por vehicle_id...
  📐 SUMO_carro_1000: Calculando distâncias com Haversine direto (SEM routing API)
      Original: 324 pontos → 3.1629 km (Haversine)
      Offset:   324 pontos → 4.2889 km (Haversine)

🚙 Veículo: SUMO_carro_1000
   Modelo: HBEFA4/PC_petrol_Euro-6ab
   Segmentos: 324
   📏 Distância: 3.166 km (city: 3.024, highway: 0.142)
   ⛽ Combustível: 49.530 l
   🏭 CO2 real: 114414.1 g
   🎯 CO2 meta: 609.4 g
   📊 Delta: -113804.6 g
   💰 Valor E1: R$ -5.6902
   🧭 Tentativas map matching: 326

   🔑 OFFSET DETERMINÍSTICO (x=0.0007130232379468076°, y=0.009144746432163805°, max=2.0km):
   📍 Start Original:  (40.775644, -73.960687)
   🔒 Start Protegido: (40.776508, -73.952576) ✓ 0.77 km | ✓ MAP MATCHED
   📏 Deslocamento final: 690.5 metros
   📍 End Original:    (40.772251, -73.963071)
   🔒 End Protegido:   (40.773106, -73.954479) ✓ 0.78 km | ✓ MAP MATCHED
   📏 Deslocamento final: 730.5 metros

   📐 ANÁLISE DE DISTÂNCIA DO TRAJETO (HAVERSINE DOS PONTOS ARMAZENADOS):
   ✨ 278 pontos privados duplicados foram separados para garantir visualização 1:1.
   ℹ️  Dica: use --debug-map-matching para ver tentativas detalhadas de re-snap.
   🔢 Pontos unicos original/offset: 324/46 (Δ -278, -85.8% )
   📍 Trajeto original: 3.163 km (linha reta entre pontos GPS)
   🔒 Trajeto com offset: 4.289 km (linha reta entre pontos COM snap)
   📊 Diferença: +1.126 km (+35.6%)

======================================================================
📊 ESTATÍSTICAS FINAIS
======================================================================
Viagens processadas: 1
Distância total: 3.17 km
Combustível total: 49.53 l
CO2 real total: 114414.1 g
CO2 meta total: 609.4 g
Delta CO2: -113804.6 g
Valor E1 total: R$ -5.69

💰 Créditos: R$ 0.00
💸 Débitos: R$ 5.69
📈 Saldo líquido: R$ -5.69

🗺️  MAP MATCHING:
   Pontos processados: 324
   Snaps tentados: 324 (100.0%)
   Snaps bem-sucedidos: 324 (100.0%)
   Snaps forçados (>100m): 324 (100.0%)
   ✅ TODOS os pontos estão em ruas (FORCE_SNAP=True)
======================================================================

💾 Dados agregados salvos em: ../data/offset_batch/vehicles_step_sim_1/run_088.csv
[csv-worker_0] [vehicles_step_sim_1] ===== LOG RUN 088 FIM =====

[csv-worker_0] [vehicles_step_sim_1] ===== LOG RUN 089 INICIO =====
======================================================================
🚗 PROCESSAMENTO SUMO → E1 REGISTRY (OFFSET ALEATÓRIO - veh0)
======================================================================
📄 Entrada: ../data/vehicles_step_sim_1.csv
🏭 Consumo fabricante: 12.0 km/l
💰 Preço carbono: R$ 50.0/ton
⭕ Raio máximo do offset aleatório: 2.0 km
🎲 Offset gerado aleatoriamente:
   Ângulo: 288.7°
   Distância: 0.7753 km
   offset_x (lat): 0.002231°  |  offset_y (lon): -0.006597°
📊 Row stepping: Processando todas as linhas
🗺️  Map matching: ATIVADO (raio 1500m) - pontos snapped para ruas
📐 Cálculo de distância: HAVERSINE PURO dos pontos COM snap (consistência)
======================================================================

📊 Carregando dados SUMO...
   Total de registros no arquivo: 323
   Veículos únicos: 1
   🚙 Vehicle selecionado: carro_1000

🔄 Agregando viagens por vehicle_id...
  📐 SUMO_carro_1000: Calculando distâncias com Haversine direto (SEM routing API)
      Original: 300 pontos → 3.1542 km (Haversine)
      Offset:   300 pontos → 3.5544 km (Haversine)

🚙 Veículo: SUMO_carro_1000
   Modelo: HBEFA4/PC_petrol_Euro-6ab
   Segmentos: 300
   📏 Distância: 3.158 km (city: 2.541, highway: 0.617)
   ⛽ Combustível: 49.984 l
   🏭 CO2 real: 115462.6 g
   🎯 CO2 meta: 608.0 g
   📊 Delta: -114854.6 g
   💰 Valor E1: R$ -5.7427
   🧭 Tentativas map matching: 302

   🔑 OFFSET DETERMINÍSTICO (x=0.014900429670676441°, y=0.007706811429360661°, max=2.0km):
   📍 Start Original:  (40.775644, -73.960687)
   🔒 Start Protegido: (40.790729, -73.952581) ✓ 1.78 km | ✓ MAP MATCHED
   📏 Deslocamento final: 1813.0 metros
   📍 End Original:    (40.773912, -73.961904)
   🔒 End Protegido:   (40.789166, -73.954725) ✓ 1.78 km | ✓ MAP MATCHED
   📏 Deslocamento final: 1802.7 metros

   📐 ANÁLISE DE DISTÂNCIA DO TRAJETO (HAVERSINE DOS PONTOS ARMAZENADOS):
   ✨ 263 pontos privados duplicados foram separados para garantir visualização 1:1.
   ℹ️  Dica: use --debug-map-matching para ver tentativas detalhadas de re-snap.
   🔢 Pontos unicos original/offset: 299/37 (Δ -262, -87.6% )
   📍 Trajeto original: 3.154 km (linha reta entre pontos GPS)
   🔒 Trajeto com offset: 3.554 km (linha reta entre pontos COM snap)
   📊 Diferença: +0.400 km (+12.7%)

======================================================================
📊 ESTATÍSTICAS FINAIS
======================================================================
Viagens processadas: 1
Distância total: 3.16 km
Combustível total: 49.98 l
CO2 real total: 115462.6 g
CO2 meta total: 608.0 g
Delta CO2: -114854.6 g
Valor E1 total: R$ -5.74

💰 Créditos: R$ 0.00
💸 Débitos: R$ 5.74
📈 Saldo líquido: R$ -5.74

🗺️  MAP MATCHING:
   Pontos processados: 300
   Snaps tentados: 300 (100.0%)
   Snaps bem-sucedidos: 300 (100.0%)
   Snaps forçados (>100m): 300 (100.0%)
   ✅ TODOS os pontos estão em ruas (FORCE_SNAP=True)
======================================================================

💾 Dados agregados salvos em: ../data/offset_batch/vehicles_step_sim_1/run_089.csv
[csv-worker_0] [vehicles_step_sim_1] ===== LOG RUN 089 FIM =====

[csv-worker_0] [vehicles_step_sim_1] ===== LOG RUN 090 INICIO =====
======================================================================
🚗 PROCESSAMENTO SUMO → E1 REGISTRY (OFFSET ALEATÓRIO - veh0)
======================================================================
📄 Entrada: ../data/vehicles_step_sim_1.csv
🏭 Consumo fabricante: 12.0 km/l
💰 Preço carbono: R$ 50.0/ton
⭕ Raio máximo do offset aleatório: 2.0 km
🎲 Offset gerado aleatoriamente:
   Ângulo: 52.7°
   Distância: 1.8711 km
   offset_x (lat): 0.010179°  |  offset_y (lon): 0.013376°
📊 Row stepping: Processando todas as linhas
🗺️  Map matching: ATIVADO (raio 1500m) - pontos snapped para ruas
📐 Cálculo de distância: HAVERSINE PURO dos pontos COM snap (consistência)
======================================================================

📊 Carregando dados SUMO...
   Total de registros no arquivo: 323
   Veículos únicos: 1
   🚙 Vehicle selecionado: carro_1000

🔄 Agregando viagens por vehicle_id...
  📐 SUMO_carro_1000: Calculando distâncias com Haversine direto (SEM routing API)
      Original: 301 pontos → 3.1480 km (Haversine)
      Offset:   301 pontos → 3.3427 km (Haversine)

🚙 Veículo: SUMO_carro_1000
   Modelo: HBEFA4/PC_petrol_Euro-6ab
   Segmentos: 301
   📏 Distância: 3.159 km (city: 3.020, highway: 0.139)
   ⛽ Combustível: 51.224 l
   🏭 CO2 real: 118326.7 g
   🎯 CO2 meta: 608.1 g
   📊 Delta: -117718.6 g
   💰 Valor E1: R$ -5.8859
   🧭 Tentativas map matching: 303

   🔑 OFFSET DETERMINÍSTICO (x=-0.004122980121396712°, y=-0.009293947914455413°, max=2.0km):
   📍 Start Original:  (40.775644, -73.960687)
   🔒 Start Protegido: (40.770585, -73.968404) ✓ 0.91 km | ✓ MAP MATCHED
   📏 Deslocamento final: 860.4 metros
   📍 End Original:    (40.771236, -73.963813)
   🔒 End Protegido:   (40.766207, -73.971605) ✓ 0.91 km | ✓ MAP MATCHED
   📏 Deslocamento final: 863.1 metros

   📐 ANÁLISE DE DISTÂNCIA DO TRAJETO (HAVERSINE DOS PONTOS ARMAZENADOS):
   ✨ 254 pontos privados duplicados foram separados para garantir visualização 1:1.
   ℹ️  Dica: use --debug-map-matching para ver tentativas detalhadas de re-snap.
   🔢 Pontos unicos original/offset: 301/47 (Δ -254, -84.4% )
   📍 Trajeto original: 3.148 km (linha reta entre pontos GPS)
   🔒 Trajeto com offset: 3.343 km (linha reta entre pontos COM snap)
   📊 Diferença: +0.195 km (+6.2%)

======================================================================
📊 ESTATÍSTICAS FINAIS
======================================================================
Viagens processadas: 1
Distância total: 3.16 km
Combustível total: 51.22 l
CO2 real total: 118326.7 g
CO2 meta total: 608.1 g
Delta CO2: -117718.6 g
Valor E1 total: R$ -5.89

💰 Créditos: R$ 0.00
💸 Débitos: R$ 5.89
📈 Saldo líquido: R$ -5.89

🗺️  MAP MATCHING:
   Pontos processados: 301
   Snaps tentados: 301 (100.0%)
   Snaps bem-sucedidos: 301 (100.0%)
   Snaps forçados (>100m): 301 (100.0%)
   ✅ TODOS os pontos estão em ruas (FORCE_SNAP=True)
======================================================================

💾 Dados agregados salvos em: ../data/offset_batch/vehicles_step_sim_1/run_090.csv
[csv-worker_0] [vehicles_step_sim_1] ===== LOG RUN 090 FIM =====

[csv-worker_0] [vehicles_step_sim_1] ===== LOG RUN 091 INICIO =====
======================================================================
🚗 PROCESSAMENTO SUMO → E1 REGISTRY (OFFSET ALEATÓRIO - veh0)
======================================================================
📄 Entrada: ../data/vehicles_step_sim_1.csv
🏭 Consumo fabricante: 12.0 km/l
💰 Preço carbono: R$ 50.0/ton
⭕ Raio máximo do offset aleatório: 2.0 km
🎲 Offset gerado aleatoriamente:
   Ângulo: 261.1°
   Distância: 1.6595 km
   offset_x (lat): -0.002296°  |  offset_y (lon): -0.014730°
📊 Row stepping: Processando todas as linhas
🗺️  Map matching: ATIVADO (raio 1500m) - pontos snapped para ruas
📐 Cálculo de distância: HAVERSINE PURO dos pontos COM snap (consistência)
======================================================================

📊 Carregando dados SUMO...
   Total de registros no arquivo: 323
   Veículos únicos: 1
   🚙 Vehicle selecionado: carro_1000

🔄 Agregando viagens por vehicle_id...
  📐 SUMO_carro_1000: Calculando distâncias com Haversine direto (SEM routing API)
      Original: 301 pontos → 3.1480 km (Haversine)
      Offset:   301 pontos → 3.3963 km (Haversine)

🚙 Veículo: SUMO_carro_1000
   Modelo: HBEFA4/PC_petrol_Euro-6ab
   Segmentos: 301
   📏 Distância: 3.159 km (city: 3.020, highway: 0.139)
   ⛽ Combustível: 51.224 l
   🏭 CO2 real: 118326.7 g
   🎯 CO2 meta: 608.1 g
   📊 Delta: -117718.6 g
   💰 Valor E1: R$ -5.8859
   🧭 Tentativas map matching: 303

   🔑 OFFSET DETERMINÍSTICO (x=0.0031665304380758793°, y=-0.0014758828341356546°, max=2.0km):
   📍 Start Original:  (40.775644, -73.960687)
   🔒 Start Protegido: (40.778913, -73.962222) ✓ 0.37 km | ✓ MAP MATCHED
   📏 Deslocamento final: 386.3 metros
   📍 End Original:    (40.771236, -73.963813)
   🔒 End Protegido:   (40.774371, -73.965525) ✓ 0.37 km | ✓ MAP MATCHED
   📏 Deslocamento final: 377.7 metros

   📐 ANÁLISE DE DISTÂNCIA DO TRAJETO (HAVERSINE DOS PONTOS ARMAZENADOS):
   ✨ 244 pontos privados duplicados foram separados para garantir visualização 1:1.
   ℹ️  Dica: use --debug-map-matching para ver tentativas detalhadas de re-snap.
   🔢 Pontos unicos original/offset: 301/57 (Δ -244, -81.1% )
   📍 Trajeto original: 3.148 km (linha reta entre pontos GPS)
   🔒 Trajeto com offset: 3.396 km (linha reta entre pontos COM snap)
   📊 Diferença: +0.248 km (+7.9%)

======================================================================
📊 ESTATÍSTICAS FINAIS
======================================================================
Viagens processadas: 1
Distância total: 3.16 km
Combustível total: 51.22 l
CO2 real total: 118326.7 g
CO2 meta total: 608.1 g
Delta CO2: -117718.6 g
Valor E1 total: R$ -5.89

💰 Créditos: R$ 0.00
💸 Débitos: R$ 5.89
📈 Saldo líquido: R$ -5.89

🗺️  MAP MATCHING:
   Pontos processados: 301
   Snaps tentados: 301 (100.0%)
   Snaps bem-sucedidos: 301 (100.0%)
   Snaps forçados (>100m): 301 (100.0%)
   ✅ TODOS os pontos estão em ruas (FORCE_SNAP=True)
======================================================================

💾 Dados agregados salvos em: ../data/offset_batch/vehicles_step_sim_1/run_091.csv
[csv-worker_0] [vehicles_step_sim_1] ===== LOG RUN 091 FIM =====

[csv-worker_0] [vehicles_step_sim_1] ===== LOG RUN 092 INICIO =====
======================================================================
🚗 PROCESSAMENTO SUMO → E1 REGISTRY (OFFSET ALEATÓRIO - veh0)
======================================================================
📄 Entrada: ../data/vehicles_step_sim_1.csv
🏭 Consumo fabricante: 12.0 km/l
💰 Preço carbono: R$ 50.0/ton
⭕ Raio máximo do offset aleatório: 2.0 km
🎲 Offset gerado aleatoriamente:
   Ângulo: 176.9°
   Distância: 1.6634 km
   offset_x (lat): -0.014920°  |  offset_y (lon): 0.000819°
📊 Row stepping: Processando todas as linhas
🗺️  Map matching: ATIVADO (raio 1500m) - pontos snapped para ruas
📐 Cálculo de distância: HAVERSINE PURO dos pontos COM snap (consistência)
======================================================================

📊 Carregando dados SUMO...
   Total de registros no arquivo: 323
   Veículos únicos: 1
   🚙 Vehicle selecionado: carro_1000

🔄 Agregando viagens por vehicle_id...
  📐 SUMO_carro_1000: Calculando distâncias com Haversine direto (SEM routing API)
      Original: 324 pontos → 3.1629 km (Haversine)
      Offset:   324 pontos → 2.7649 km (Haversine)

🚙 Veículo: SUMO_carro_1000
   Modelo: HBEFA4/PC_petrol_Euro-6ab
   Segmentos: 324
   📏 Distância: 3.166 km (city: 3.024, highway: 0.142)
   ⛽ Combustível: 49.530 l
   🏭 CO2 real: 114414.1 g
   🎯 CO2 meta: 609.4 g
   📊 Delta: -113804.6 g
   💰 Valor E1: R$ -5.6902
   🧭 Tentativas map matching: 326

   🔑 OFFSET DETERMINÍSTICO (x=-0.0014220538896302778°, y=0.01466878563929613°, max=2.0km):
   📍 Start Original:  (40.775644, -73.960687)
   🔒 Start Protegido: (40.774308, -73.945400) ✓ 1.25 km | ✓ MAP MATCHED
   📏 Deslocamento final: 1297.2 metros
   📍 End Original:    (40.772251, -73.963071)
   🔒 End Protegido:   (40.770466, -73.948217) ✓ 1.25 km | ✓ MAP MATCHED
   📏 Deslocamento final: 1267.9 metros

   📐 ANÁLISE DE DISTÂNCIA DO TRAJETO (HAVERSINE DOS PONTOS ARMAZENADOS):
   ✨ 282 pontos privados duplicados foram separados para garantir visualização 1:1.
   ℹ️  Dica: use --debug-map-matching para ver tentativas detalhadas de re-snap.
   🔢 Pontos unicos original/offset: 324/42 (Δ -282, -87.0% )
   📍 Trajeto original: 3.163 km (linha reta entre pontos GPS)
   🔒 Trajeto com offset: 2.765 km (linha reta entre pontos COM snap)
   📊 Diferença: -0.398 km (-12.6%)

======================================================================
📊 ESTATÍSTICAS FINAIS
======================================================================
Viagens processadas: 1
Distância total: 3.17 km
Combustível total: 49.53 l
CO2 real total: 114414.1 g
CO2 meta total: 609.4 g
Delta CO2: -113804.6 g
Valor E1 total: R$ -5.69

💰 Créditos: R$ 0.00
💸 Débitos: R$ 5.69
📈 Saldo líquido: R$ -5.69

🗺️  MAP MATCHING:
   Pontos processados: 324
   Snaps tentados: 324 (100.0%)
   Snaps bem-sucedidos: 324 (100.0%)
   Snaps forçados (>100m): 324 (100.0%)
   ✅ TODOS os pontos estão em ruas (FORCE_SNAP=True)
======================================================================

💾 Dados agregados salvos em: ../data/offset_batch/vehicles_step_sim_1/run_092.csv
[csv-worker_0] [vehicles_step_sim_1] ===== LOG RUN 092 FIM =====

[csv-worker_0] [vehicles_step_sim_1] ===== LOG RUN 093 INICIO =====
======================================================================
🚗 PROCESSAMENTO SUMO → E1 REGISTRY (OFFSET ALEATÓRIO - veh0)
======================================================================
📄 Entrada: ../data/vehicles_step_sim_1.csv
🏭 Consumo fabricante: 12.0 km/l
💰 Preço carbono: R$ 50.0/ton
⭕ Raio máximo do offset aleatório: 2.0 km
🎲 Offset gerado aleatoriamente:
   Ângulo: 240.6°
   Distância: 1.4271 km
   offset_x (lat): -0.006299°  |  offset_y (lon): -0.011165°
📊 Row stepping: Processando todas as linhas
🗺️  Map matching: ATIVADO (raio 1500m) - pontos snapped para ruas
📐 Cálculo de distância: HAVERSINE PURO dos pontos COM snap (consistência)
======================================================================

📊 Carregando dados SUMO...
   Total de registros no arquivo: 323
   Veículos únicos: 1
   🚙 Vehicle selecionado: carro_1000

🔄 Agregando viagens por vehicle_id...
  📐 SUMO_carro_1000: Calculando distâncias com Haversine direto (SEM routing API)
      Original: 324 pontos → 3.1629 km (Haversine)
      Offset:   324 pontos → 3.3818 km (Haversine)

🚙 Veículo: SUMO_carro_1000
   Modelo: HBEFA4/PC_petrol_Euro-6ab
   Segmentos: 324
   📏 Distância: 3.166 km (city: 3.024, highway: 0.142)
   ⛽ Combustível: 49.530 l
   🏭 CO2 real: 114414.1 g
   🎯 CO2 meta: 609.4 g
   📊 Delta: -113804.6 g
   💰 Valor E1: R$ -5.6902
   🧭 Tentativas map matching: 326

   🔑 OFFSET DETERMINÍSTICO (x=0.008112740254773328°, y=-0.013499359974497449°, max=2.0km):
   📍 Start Original:  (40.775644, -73.960687)
   🔒 Start Protegido: (40.783857, -73.974116) ✓ 1.45 km | ✓ MAP MATCHED
   📏 Deslocamento final: 1455.2 metros
   📍 End Original:    (40.772251, -73.963071)
   🔒 End Protegido:   (40.780362, -73.976657) ✓ 1.45 km | ✓ MAP MATCHED
   📏 Deslocamento final: 1458.5 metros

   📐 ANÁLISE DE DISTÂNCIA DO TRAJETO (HAVERSINE DOS PONTOS ARMAZENADOS):
   ✨ 263 pontos privados duplicados foram separados para garantir visualização 1:1.
   ℹ️  Dica: use --debug-map-matching para ver tentativas detalhadas de re-snap.
   🔢 Pontos unicos original/offset: 324/61 (Δ -263, -81.2% )
   📍 Trajeto original: 3.163 km (linha reta entre pontos GPS)
   🔒 Trajeto com offset: 3.382 km (linha reta entre pontos COM snap)
   📊 Diferença: +0.219 km (+6.9%)

======================================================================
📊 ESTATÍSTICAS FINAIS
======================================================================
Viagens processadas: 1
Distância total: 3.17 km
Combustível total: 49.53 l
CO2 real total: 114414.1 g
CO2 meta total: 609.4 g
Delta CO2: -113804.6 g
Valor E1 total: R$ -5.69

💰 Créditos: R$ 0.00
💸 Débitos: R$ 5.69
📈 Saldo líquido: R$ -5.69

🗺️  MAP MATCHING:
   Pontos processados: 324
   Snaps tentados: 324 (100.0%)
   Snaps bem-sucedidos: 324 (100.0%)
   Snaps forçados (>100m): 324 (100.0%)
   ✅ TODOS os pontos estão em ruas (FORCE_SNAP=True)
======================================================================

💾 Dados agregados salvos em: ../data/offset_batch/vehicles_step_sim_1/run_093.csv
[csv-worker_0] [vehicles_step_sim_1] ===== LOG RUN 093 FIM =====

[csv-worker_0] [vehicles_step_sim_1] ===== LOG RUN 094 INICIO =====
======================================================================
🚗 PROCESSAMENTO SUMO → E1 REGISTRY (OFFSET ALEATÓRIO - veh0)
======================================================================
📄 Entrada: ../data/vehicles_step_sim_1.csv
🏭 Consumo fabricante: 12.0 km/l
💰 Preço carbono: R$ 50.0/ton
⭕ Raio máximo do offset aleatório: 2.0 km
🎲 Offset gerado aleatoriamente:
   Ângulo: 160.9°
   Distância: 1.5506 km
   offset_x (lat): -0.013162°  |  offset_y (lon): 0.004558°
📊 Row stepping: Processando todas as linhas
🗺️  Map matching: ATIVADO (raio 1500m) - pontos snapped para ruas
📐 Cálculo de distância: HAVERSINE PURO dos pontos COM snap (consistência)
======================================================================

📊 Carregando dados SUMO...
   Total de registros no arquivo: 323
   Veículos únicos: 1
   🚙 Vehicle selecionado: carro_1000

🔄 Agregando viagens por vehicle_id...
  📐 SUMO_carro_1000: Calculando distâncias com Haversine direto (SEM routing API)
      Original: 324 pontos → 3.1629 km (Haversine)
      Offset:   324 pontos → 4.9652 km (Haversine)

🚙 Veículo: SUMO_carro_1000
   Modelo: HBEFA4/PC_petrol_Euro-6ab
   Segmentos: 324
   📏 Distância: 3.166 km (city: 3.024, highway: 0.142)
   ⛽ Combustível: 49.530 l
   🏭 CO2 real: 114414.1 g
   🎯 CO2 meta: 609.4 g
   📊 Delta: -113804.6 g
   💰 Valor E1: R$ -5.6902
   🧭 Tentativas map matching: 326

   🔑 OFFSET DETERMINÍSTICO (x=-0.01555101501762961°, y=0.006997347852138258°, max=2.0km):
   📍 Start Original:  (40.775644, -73.960687)
   🔒 Start Protegido: (40.759711, -73.953009) ✓ 1.83 km | ✓ MAP MATCHED
   📏 Deslocamento final: 1888.0 metros
   📍 End Original:    (40.772251, -73.963071)
   🔒 End Protegido:   (40.758029, -73.959088) ✓ 1.83 km | ✓ MAP MATCHED
   📏 Deslocamento final: 1618.4 metros

   📐 ANÁLISE DE DISTÂNCIA DO TRAJETO (HAVERSINE DOS PONTOS ARMAZENADOS):
   ✨ 250 pontos privados duplicados foram separados para garantir visualização 1:1.
   ℹ️  Dica: use --debug-map-matching para ver tentativas detalhadas de re-snap.
   🔢 Pontos unicos original/offset: 324/74 (Δ -250, -77.2% )
   📍 Trajeto original: 3.163 km (linha reta entre pontos GPS)
   🔒 Trajeto com offset: 4.965 km (linha reta entre pontos COM snap)
   📊 Diferença: +1.802 km (+57.0%)

======================================================================
📊 ESTATÍSTICAS FINAIS
======================================================================
Viagens processadas: 1
Distância total: 3.17 km
Combustível total: 49.53 l
CO2 real total: 114414.1 g
CO2 meta total: 609.4 g
Delta CO2: -113804.6 g
Valor E1 total: R$ -5.69

💰 Créditos: R$ 0.00
💸 Débitos: R$ 5.69
📈 Saldo líquido: R$ -5.69

🗺️  MAP MATCHING:
   Pontos processados: 324
   Snaps tentados: 324 (100.0%)
   Snaps bem-sucedidos: 324 (100.0%)
   Snaps forçados (>100m): 324 (100.0%)
   ✅ TODOS os pontos estão em ruas (FORCE_SNAP=True)
======================================================================

💾 Dados agregados salvos em: ../data/offset_batch/vehicles_step_sim_1/run_094.csv
[csv-worker_0] [vehicles_step_sim_1] ===== LOG RUN 094 FIM =====

[csv-worker_0] [vehicles_step_sim_1] ===== LOG RUN 095 INICIO =====
======================================================================
🚗 PROCESSAMENTO SUMO → E1 REGISTRY (OFFSET ALEATÓRIO - veh0)
======================================================================
📄 Entrada: ../data/vehicles_step_sim_1.csv
🏭 Consumo fabricante: 12.0 km/l
💰 Preço carbono: R$ 50.0/ton
⭕ Raio máximo do offset aleatório: 2.0 km
🎲 Offset gerado aleatoriamente:
   Ângulo: 159.7°
   Distância: 1.0348 km
   offset_x (lat): -0.008718°  |  offset_y (lon): 0.003227°
📊 Row stepping: Processando todas as linhas
🗺️  Map matching: ATIVADO (raio 1500m) - pontos snapped para ruas
📐 Cálculo de distância: HAVERSINE PURO dos pontos COM snap (consistência)
======================================================================

📊 Carregando dados SUMO...
   Total de registros no arquivo: 323
   Veículos únicos: 1
   🚙 Vehicle selecionado: carro_1000

🔄 Agregando viagens por vehicle_id...
  📐 SUMO_carro_1000: Calculando distâncias com Haversine direto (SEM routing API)
      Original: 324 pontos → 3.1629 km (Haversine)
      Offset:   324 pontos → 3.3829 km (Haversine)

🚙 Veículo: SUMO_carro_1000
   Modelo: HBEFA4/PC_petrol_Euro-6ab
   Segmentos: 324
   📏 Distância: 3.166 km (city: 3.024, highway: 0.142)
   ⛽ Combustível: 49.530 l
   🏭 CO2 real: 114414.1 g
   🎯 CO2 meta: 609.4 g
   📊 Delta: -113804.6 g
   💰 Valor E1: R$ -5.6902
   🧭 Tentativas map matching: 326

   🔑 OFFSET DETERMINÍSTICO (x=0.0086866783491132°, y=0.007152660718862649°, max=2.0km):
   📍 Start Original:  (40.775644, -73.960687)
   🔒 Start Protegido: (40.784541, -73.953762) ✓ 1.14 km | ✓ MAP MATCHED
   📏 Deslocamento final: 1149.7 metros
   📍 End Original:    (40.772251, -73.963071)
   🔒 End Protegido:   (40.781402, -73.956050) ✓ 1.14 km | ✓ MAP MATCHED
   📏 Deslocamento final: 1178.2 metros

   📐 ANÁLISE DE DISTÂNCIA DO TRAJETO (HAVERSINE DOS PONTOS ARMAZENADOS):
   ✨ 283 pontos privados duplicados foram separados para garantir visualização 1:1.
   ℹ️  Dica: use --debug-map-matching para ver tentativas detalhadas de re-snap.
   🔢 Pontos unicos original/offset: 324/41 (Δ -283, -87.3% )
   📍 Trajeto original: 3.163 km (linha reta entre pontos GPS)
   🔒 Trajeto com offset: 3.383 km (linha reta entre pontos COM snap)
   📊 Diferença: +0.220 km (+7.0%)

======================================================================
📊 ESTATÍSTICAS FINAIS
======================================================================
Viagens processadas: 1
Distância total: 3.17 km
Combustível total: 49.53 l
CO2 real total: 114414.1 g
CO2 meta total: 609.4 g
Delta CO2: -113804.6 g
Valor E1 total: R$ -5.69

💰 Créditos: R$ 0.00
💸 Débitos: R$ 5.69
📈 Saldo líquido: R$ -5.69

🗺️  MAP MATCHING:
   Pontos processados: 324
   Snaps tentados: 324 (100.0%)
   Snaps bem-sucedidos: 324 (100.0%)
   Snaps forçados (>100m): 324 (100.0%)
   ✅ TODOS os pontos estão em ruas (FORCE_SNAP=True)
======================================================================

💾 Dados agregados salvos em: ../data/offset_batch/vehicles_step_sim_1/run_095.csv
[csv-worker_0] [vehicles_step_sim_1] ===== LOG RUN 095 FIM =====

[csv-worker_0] [vehicles_step_sim_1] ===== LOG RUN 096 INICIO =====
======================================================================
🚗 PROCESSAMENTO SUMO → E1 REGISTRY (OFFSET ALEATÓRIO - veh0)
======================================================================
📄 Entrada: ../data/vehicles_step_sim_1.csv
🏭 Consumo fabricante: 12.0 km/l
💰 Preço carbono: R$ 50.0/ton
⭕ Raio máximo do offset aleatório: 2.0 km
🎲 Offset gerado aleatoriamente:
   Ângulo: 342.5°
   Distância: 1.3514 km
   offset_x (lat): 0.011580°  |  offset_y (lon): -0.003645°
📊 Row stepping: Processando todas as linhas
🗺️  Map matching: ATIVADO (raio 1500m) - pontos snapped para ruas
📐 Cálculo de distância: HAVERSINE PURO dos pontos COM snap (consistência)
======================================================================

📊 Carregando dados SUMO...
   Total de registros no arquivo: 323
   Veículos únicos: 1
   🚙 Vehicle selecionado: carro_1000

🔄 Agregando viagens por vehicle_id...
  📐 SUMO_carro_1000: Calculando distâncias com Haversine direto (SEM routing API)
      Original: 312 pontos → 3.1845 km (Haversine)
      Offset:   312 pontos → 3.5251 km (Haversine)

🚙 Veículo: SUMO_carro_1000
   Modelo: HBEFA4/PC_petrol_Euro-6ab
   Segmentos: 312
   📏 Distância: 3.190 km (city: 2.602, highway: 0.587)
   ⛽ Combustível: 54.577 l
   🏭 CO2 real: 126071.8 g
   🎯 CO2 meta: 614.1 g
   📊 Delta: -125457.8 g
   💰 Valor E1: R$ -6.2729
   🧭 Tentativas map matching: 314

   🔑 OFFSET DETERMINÍSTICO (x=0.01500805707375714°, y=-0.00812958409896639°, max=2.0km):
   📍 Start Original:  (40.775644, -73.960687)
   🔒 Start Protegido: (40.790881, -73.968815) ✓ 1.81 km | ✓ MAP MATCHED
   📏 Deslocamento final: 1829.3 metros
   📍 End Original:    (40.771637, -73.963520)
   🔒 End Protegido:   (40.786828, -73.971949) ✓ 1.81 km | ✓ MAP MATCHED
   📏 Deslocamento final: 1834.3 metros

   📐 ANÁLISE DE DISTÂNCIA DO TRAJETO (HAVERSINE DOS PONTOS ARMAZENADOS):
   ✨ 281 pontos privados duplicados foram separados para garantir visualização 1:1.
   ℹ️  Dica: use --debug-map-matching para ver tentativas detalhadas de re-snap.
   🔢 Pontos unicos original/offset: 312/31 (Δ -281, -90.1% )
   📍 Trajeto original: 3.185 km (linha reta entre pontos GPS)
   🔒 Trajeto com offset: 3.525 km (linha reta entre pontos COM snap)
   📊 Diferença: +0.341 km (+10.7%)

======================================================================
📊 ESTATÍSTICAS FINAIS
======================================================================
Viagens processadas: 1
Distância total: 3.19 km
Combustível total: 54.58 l
CO2 real total: 126071.8 g
CO2 meta total: 614.1 g
Delta CO2: -125457.8 g
Valor E1 total: R$ -6.27

💰 Créditos: R$ 0.00
💸 Débitos: R$ 6.27
📈 Saldo líquido: R$ -6.27

🗺️  MAP MATCHING:
   Pontos processados: 312
   Snaps tentados: 312 (100.0%)
   Snaps bem-sucedidos: 312 (100.0%)
   Snaps forçados (>100m): 312 (100.0%)
   ✅ TODOS os pontos estão em ruas (FORCE_SNAP=True)
======================================================================

💾 Dados agregados salvos em: ../data/offset_batch/vehicles_step_sim_1/run_096.csv
[csv-worker_0] [vehicles_step_sim_1] ===== LOG RUN 096 FIM =====

[csv-worker_0] [vehicles_step_sim_1] ===== LOG RUN 097 INICIO =====
======================================================================
🚗 PROCESSAMENTO SUMO → E1 REGISTRY (OFFSET ALEATÓRIO - veh0)
======================================================================
📄 Entrada: ../data/vehicles_step_sim_1.csv
🏭 Consumo fabricante: 12.0 km/l
💰 Preço carbono: R$ 50.0/ton
⭕ Raio máximo do offset aleatório: 2.0 km
🎲 Offset gerado aleatoriamente:
   Ângulo: 234.2°
   Distância: 1.0200 km
   offset_x (lat): -0.005360°  |  offset_y (lon): -0.007432°
📊 Row stepping: Processando todas as linhas
🗺️  Map matching: ATIVADO (raio 1500m) - pontos snapped para ruas
📐 Cálculo de distância: HAVERSINE PURO dos pontos COM snap (consistência)
======================================================================

📊 Carregando dados SUMO...
   Total de registros no arquivo: 323
   Veículos únicos: 1
   🚙 Vehicle selecionado: carro_1000

🔄 Agregando viagens por vehicle_id...
  📐 SUMO_carro_1000: Calculando distâncias com Haversine direto (SEM routing API)
      Original: 337 pontos → 3.3706 km (Haversine)
      Offset:   337 pontos → 4.0615 km (Haversine)

🚙 Veículo: SUMO_carro_1000
   Modelo: HBEFA4/PC_petrol_Euro-6ab
   Segmentos: 337
   📏 Distância: 3.379 km (city: 3.069, highway: 0.310)
   ⛽ Combustível: 58.616 l
   🏭 CO2 real: 135402.3 g
   🎯 CO2 meta: 650.5 g
   📊 Delta: -134751.8 g
   💰 Valor E1: R$ -6.7376
   🧭 Tentativas map matching: 339

   🔑 OFFSET DETERMINÍSTICO (x=-0.011964416097293032°, y=-0.006714887316759263°, max=2.0km):
   📍 Start Original:  (40.775644, -73.960687)
   🔒 Start Protegido: (40.763526, -73.967372) ✓ 1.45 km | ✓ MAP MATCHED
   📏 Deslocamento final: 1461.9 metros
   📍 End Original:    (40.774801, -73.960637)
   🔒 End Protegido:   (40.762802, -73.967552) ✓ 1.45 km | ✓ MAP MATCHED
   📏 Deslocamento final: 1457.4 metros

   📐 ANÁLISE DE DISTÂNCIA DO TRAJETO (HAVERSINE DOS PONTOS ARMAZENADOS):
   ✨ 258 pontos privados duplicados foram separados para garantir visualização 1:1.
   ℹ️  Dica: use --debug-map-matching para ver tentativas detalhadas de re-snap.
   🔢 Pontos unicos original/offset: 337/79 (Δ -258, -76.6% )
   📍 Trajeto original: 3.371 km (linha reta entre pontos GPS)
   🔒 Trajeto com offset: 4.061 km (linha reta entre pontos COM snap)
   📊 Diferença: +0.691 km (+20.5%)

======================================================================
📊 ESTATÍSTICAS FINAIS
======================================================================
Viagens processadas: 1
Distância total: 3.38 km
Combustível total: 58.62 l
CO2 real total: 135402.3 g
CO2 meta total: 650.5 g
Delta CO2: -134751.8 g
Valor E1 total: R$ -6.74

💰 Créditos: R$ 0.00
💸 Débitos: R$ 6.74
📈 Saldo líquido: R$ -6.74

🗺️  MAP MATCHING:
   Pontos processados: 337
   Snaps tentados: 337 (100.0%)
   Snaps bem-sucedidos: 337 (100.0%)
   Snaps forçados (>100m): 337 (100.0%)
   ✅ TODOS os pontos estão em ruas (FORCE_SNAP=True)
======================================================================

💾 Dados agregados salvos em: ../data/offset_batch/vehicles_step_sim_1/run_097.csv
[csv-worker_0] [vehicles_step_sim_1] ===== LOG RUN 097 FIM =====

[csv-worker_0] [vehicles_step_sim_1] ===== LOG RUN 098 INICIO =====
======================================================================
🚗 PROCESSAMENTO SUMO → E1 REGISTRY (OFFSET ALEATÓRIO - veh0)
======================================================================
📄 Entrada: ../data/vehicles_step_sim_1.csv
🏭 Consumo fabricante: 12.0 km/l
💰 Preço carbono: R$ 50.0/ton
⭕ Raio máximo do offset aleatório: 2.0 km
🎲 Offset gerado aleatoriamente:
   Ângulo: 359.9°
   Distância: 1.0165 km
   offset_x (lat): 0.009131°  |  offset_y (lon): -0.000019°
📊 Row stepping: Processando todas as linhas
🗺️  Map matching: ATIVADO (raio 1500m) - pontos snapped para ruas
📐 Cálculo de distância: HAVERSINE PURO dos pontos COM snap (consistência)
======================================================================

📊 Carregando dados SUMO...
   Total de registros no arquivo: 323
   Veículos únicos: 1
   🚙 Vehicle selecionado: carro_1000

🔄 Agregando viagens por vehicle_id...
  📐 SUMO_carro_1000: Calculando distâncias com Haversine direto (SEM routing API)
      Original: 337 pontos → 3.3706 km (Haversine)
      Offset:   337 pontos → 3.8943 km (Haversine)

🚙 Veículo: SUMO_carro_1000
   Modelo: HBEFA4/PC_petrol_Euro-6ab
   Segmentos: 337
   📏 Distância: 3.379 km (city: 3.069, highway: 0.310)
   ⛽ Combustível: 58.616 l
   🏭 CO2 real: 135402.3 g
   🎯 CO2 meta: 650.5 g
   📊 Delta: -134751.8 g
   💰 Valor E1: R$ -6.7376
   🧭 Tentativas map matching: 339

   🔑 OFFSET DETERMINÍSTICO (x=-0.0031712200345594232°, y=0.0033175942405712566°, max=2.0km):
   📍 Start Original:  (40.775644, -73.960687)
   🔒 Start Protegido: (40.772923, -73.958123) ✓ 0.45 km | ✓ MAP MATCHED
   📏 Deslocamento final: 372.1 metros
   📍 End Original:    (40.774801, -73.960637)
   🔒 End Protegido:   (40.771451, -73.956604) ✓ 0.45 km | ✓ MAP MATCHED
   📏 Deslocamento final: 504.6 metros

   📐 ANÁLISE DE DISTÂNCIA DO TRAJETO (HAVERSINE DOS PONTOS ARMAZENADOS):
   ✨ 294 pontos privados duplicados foram separados para garantir visualização 1:1.
   ℹ️  Dica: use --debug-map-matching para ver tentativas detalhadas de re-snap.
   🔢 Pontos unicos original/offset: 337/43 (Δ -294, -87.2% )
   📍 Trajeto original: 3.371 km (linha reta entre pontos GPS)
   🔒 Trajeto com offset: 3.894 km (linha reta entre pontos COM snap)
   📊 Diferença: +0.524 km (+15.5%)

======================================================================
📊 ESTATÍSTICAS FINAIS
======================================================================
Viagens processadas: 1
Distância total: 3.38 km
Combustível total: 58.62 l
CO2 real total: 135402.3 g
CO2 meta total: 650.5 g
Delta CO2: -134751.8 g
Valor E1 total: R$ -6.74

💰 Créditos: R$ 0.00
💸 Débitos: R$ 6.74
📈 Saldo líquido: R$ -6.74

🗺️  MAP MATCHING:
   Pontos processados: 337
   Snaps tentados: 337 (100.0%)
   Snaps bem-sucedidos: 337 (100.0%)
   Snaps forçados (>100m): 337 (100.0%)
   ✅ TODOS os pontos estão em ruas (FORCE_SNAP=True)
======================================================================

💾 Dados agregados salvos em: ../data/offset_batch/vehicles_step_sim_1/run_098.csv
[csv-worker_0] [vehicles_step_sim_1] ===== LOG RUN 098 FIM =====

[csv-worker_0] [vehicles_step_sim_1] ===== LOG RUN 099 INICIO =====
======================================================================
🚗 PROCESSAMENTO SUMO → E1 REGISTRY (OFFSET ALEATÓRIO - veh0)
======================================================================
📄 Entrada: ../data/vehicles_step_sim_1.csv
🏭 Consumo fabricante: 12.0 km/l
💰 Preço carbono: R$ 50.0/ton
⭕ Raio máximo do offset aleatório: 2.0 km
🎲 Offset gerado aleatoriamente:
   Ângulo: 302.4°
   Distância: 0.6221 km
   offset_x (lat): 0.002993°  |  offset_y (lon): -0.004719°
📊 Row stepping: Processando todas as linhas
🗺️  Map matching: ATIVADO (raio 1500m) - pontos snapped para ruas
📐 Cálculo de distância: HAVERSINE PURO dos pontos COM snap (consistência)
======================================================================

📊 Carregando dados SUMO...
   Total de registros no arquivo: 323
   Veículos únicos: 1
   🚙 Vehicle selecionado: carro_1000

🔄 Agregando viagens por vehicle_id...
  📐 SUMO_carro_1000: Calculando distâncias com Haversine direto (SEM routing API)
      Original: 324 pontos → 3.1629 km (Haversine)
      Offset:   324 pontos → 3.5717 km (Haversine)

🚙 Veículo: SUMO_carro_1000
   Modelo: HBEFA4/PC_petrol_Euro-6ab
   Segmentos: 324
   📏 Distância: 3.166 km (city: 3.024, highway: 0.142)
   ⛽ Combustível: 49.530 l
   🏭 CO2 real: 114414.1 g
   🎯 CO2 meta: 609.4 g
   📊 Delta: -113804.6 g
   💰 Valor E1: R$ -5.6902
   🧭 Tentativas map matching: 326

   🔑 OFFSET DETERMINÍSTICO (x=-0.015376572684038876°, y=-0.003266075311089178°, max=2.0km):
   📍 Start Original:  (40.775644, -73.960687)
   🔒 Start Protegido: (40.760340, -73.963695) ✓ 1.73 km | ✓ MAP MATCHED
   📏 Deslocamento final: 1722.4 metros
   📍 End Original:    (40.772251, -73.963071)
   🔒 End Protegido:   (40.756447, -73.966411) ✓ 1.73 km | ✓ MAP MATCHED
   📏 Deslocamento final: 1781.7 metros

   📐 ANÁLISE DE DISTÂNCIA DO TRAJETO (HAVERSINE DOS PONTOS ARMAZENADOS):
   ✨ 270 pontos privados duplicados foram separados para garantir visualização 1:1.
   ℹ️  Dica: use --debug-map-matching para ver tentativas detalhadas de re-snap.
   🔢 Pontos unicos original/offset: 324/54 (Δ -270, -83.3% )
   📍 Trajeto original: 3.163 km (linha reta entre pontos GPS)
   🔒 Trajeto com offset: 3.572 km (linha reta entre pontos COM snap)
   📊 Diferença: +0.409 km (+12.9%)

======================================================================
📊 ESTATÍSTICAS FINAIS
======================================================================
Viagens processadas: 1
Distância total: 3.17 km
Combustível total: 49.53 l
CO2 real total: 114414.1 g
CO2 meta total: 609.4 g
Delta CO2: -113804.6 g
Valor E1 total: R$ -5.69

💰 Créditos: R$ 0.00
💸 Débitos: R$ 5.69
📈 Saldo líquido: R$ -5.69

🗺️  MAP MATCHING:
   Pontos processados: 324
   Snaps tentados: 324 (100.0%)
   Snaps bem-sucedidos: 324 (100.0%)
   Snaps forçados (>100m): 324 (100.0%)
   ✅ TODOS os pontos estão em ruas (FORCE_SNAP=True)
======================================================================

💾 Dados agregados salvos em: ../data/offset_batch/vehicles_step_sim_1/run_099.csv
[csv-worker_0] [vehicles_step_sim_1] ===== LOG RUN 099 FIM =====

[csv-worker_0] [vehicles_step_sim_1] ===== LOG RUN 100 INICIO =====
======================================================================
🚗 PROCESSAMENTO SUMO → E1 REGISTRY (OFFSET ALEATÓRIO - veh0)
======================================================================
📄 Entrada: ../data/vehicles_step_sim_1.csv
🏭 Consumo fabricante: 12.0 km/l
💰 Preço carbono: R$ 50.0/ton
⭕ Raio máximo do offset aleatório: 2.0 km
🎲 Offset gerado aleatoriamente:
   Ângulo: 341.6°
   Distância: 1.1856 km
   offset_x (lat): 0.010106°  |  offset_y (lon): -0.003360°
📊 Row stepping: Processando todas as linhas
🗺️  Map matching: ATIVADO (raio 1500m) - pontos snapped para ruas
📐 Cálculo de distância: HAVERSINE PURO dos pontos COM snap (consistência)
======================================================================

📊 Carregando dados SUMO...
   Total de registros no arquivo: 323
   Veículos únicos: 1
   🚙 Vehicle selecionado: carro_1000

🔄 Agregando viagens por vehicle_id...
  📐 SUMO_carro_1000: Calculando distâncias com Haversine direto (SEM routing API)
      Original: 324 pontos → 3.1629 km (Haversine)
      Offset:   324 pontos → 2.2056 km (Haversine)

🚙 Veículo: SUMO_carro_1000
   Modelo: HBEFA4/PC_petrol_Euro-6ab
   Segmentos: 324
   📏 Distância: 3.166 km (city: 3.024, highway: 0.142)
   ⛽ Combustível: 49.530 l
   🏭 CO2 real: 114414.1 g
   🎯 CO2 meta: 609.4 g
   📊 Delta: -113804.6 g
   💰 Valor E1: R$ -5.6902
   🧭 Tentativas map matching: 326

   🔑 OFFSET DETERMINÍSTICO (x=0.016994428503466625°, y=0.0005424592334268537°, max=2.0km):
   📍 Start Original:  (40.775644, -73.960687)
   🔒 Start Protegido: (40.791156, -73.961425) ✓ 1.89 km | ✓ MAP MATCHED
   📏 Deslocamento final: 1728.0 metros
   📍 End Original:    (40.772251, -73.963071)
   🔒 End Protegido:   (40.790661, -73.960644) ✓ 1.89 km | ✓ MAP MATCHED
   📏 Deslocamento final: 2059.6 metros

   📐 ANÁLISE DE DISTÂNCIA DO TRAJETO (HAVERSINE DOS PONTOS ARMAZENADOS):
   ✨ 290 pontos privados duplicados foram separados para garantir visualização 1:1.
   ℹ️  Dica: use --debug-map-matching para ver tentativas detalhadas de re-snap.
   🔢 Pontos unicos original/offset: 324/34 (Δ -290, -89.5% )
   📍 Trajeto original: 3.163 km (linha reta entre pontos GPS)
   🔒 Trajeto com offset: 2.206 km (linha reta entre pontos COM snap)
   📊 Diferença: -0.957 km (-30.3%)

======================================================================
📊 ESTATÍSTICAS FINAIS
======================================================================
Viagens processadas: 1
Distância total: 3.17 km
Combustível total: 49.53 l
CO2 real total: 114414.1 g
CO2 meta total: 609.4 g
Delta CO2: -113804.6 g
Valor E1 total: R$ -5.69

💰 Créditos: R$ 0.00
💸 Débitos: R$ 5.69
📈 Saldo líquido: R$ -5.69

🗺️  MAP MATCHING:
   Pontos processados: 324
   Snaps tentados: 324 (100.0%)
   Snaps bem-sucedidos: 324 (100.0%)
   Snaps forçados (>100m): 324 (100.0%)
   ✅ TODOS os pontos estão em ruas (FORCE_SNAP=True)
======================================================================

💾 Dados agregados salvos em: ../data/offset_batch/vehicles_step_sim_1/run_100.csv
[csv-worker_0] [vehicles_step_sim_1] ===== LOG RUN 100 FIM =====

FIM CSV: vehicles_step_sim_1
