
==========================================================================================
INICIO CSV: vehicles_step_sim_6 | runs=100 | source=vehicles_step_sim_6.csv
==========================================================================================

[csv-worker_6] [vehicles_step_sim_6] ===== LOG RUN 001 INICIO =====
======================================================================
🚗 PROCESSAMENTO SUMO → E1 REGISTRY (OFFSET ALEATÓRIO - veh0)
======================================================================
📄 Entrada: ../data/vehicles_step_sim_6.csv
🏭 Consumo fabricante: 12.0 km/l
💰 Preço carbono: R$ 50.0/ton
⭕ Raio máximo do offset aleatório: 2.0 km
🎲 Offset gerado aleatoriamente:
   Ângulo: 52.3°
   Distância: 0.8949 km
   offset_x (lat): 0.004916°  |  offset_y (lon): 0.006360°
📊 Row stepping: Processando todas as linhas
🗺️  Map matching: ATIVADO (raio 1500m) - pontos snapped para ruas
📐 Cálculo de distância: HAVERSINE PURO dos pontos COM snap (consistência)
======================================================================

📊 Carregando dados SUMO...
   Total de registros no arquivo: 222
   Veículos únicos: 1
   🚙 Vehicle selecionado: carro_1000

🔄 Agregando viagens por vehicle_id...
   Total de registros no arquivo: 324

💾 Dados agregados salvos em: ../data/offset_batch/vehicles_step_sim_6/run_001.csv
[csv-worker_6] [vehicles_step_sim_6] ===== LOG RUN 001 FIM =====

[csv-worker_6] [vehicles_step_sim_6] ===== LOG RUN 002 INICIO =====
======================================================================
🚗 PROCESSAMENTO SUMO → E1 REGISTRY (OFFSET ALEATÓRIO - veh0)
======================================================================
📄 Entrada: ../data/vehicles_step_sim_6.csv
🏭 Consumo fabricante: 12.0 km/l
💰 Preço carbono: R$ 50.0/ton
⭕ Raio máximo do offset aleatório: 2.0 km
🎲 Offset gerado aleatoriamente:
   Ângulo: 135.8°
   Distância: 0.6115 km
   offset_x (lat): -0.003939°  |  offset_y (lon): 0.003829°
📊 Row stepping: Processando todas as linhas
🗺️  Map matching: ATIVADO (raio 1500m) - pontos snapped para ruas
📐 Cálculo de distância: HAVERSINE PURO dos pontos COM snap (consistência)
======================================================================

📊 Carregando dados SUMO...
   Total de registros no arquivo: 155
   Veículos únicos: 1
   🚙 Vehicle selecionado: carro_1000

🔄 Agregando viagens por vehicle_id...
  📐 SUMO_carro_1000: Calculando distâncias com Haversine direto (SEM routing API)
      Original: 299 pontos → 3.0526 km (Haversine)
      Offset:   299 pontos → 3.6929 km (Haversine)

🚙 Veículo: SUMO_carro_1000
   Modelo: HBEFA4/PC_petrol_Euro-6ab
   Segmentos: 299
   📏 Distância: 3.060 km (city: 3.060, highway: 0.000)
   ⛽ Combustível: 48.384 l
   🏭 CO2 real: 111766.0 g
   🎯 CO2 meta: 589.0 g
   📊 Delta: -111177.0 g
   💰 Valor E1: R$ -5.5588
   🧭 Tentativas map matching: 301

   🔑 OFFSET DETERMINÍSTICO (x=-0.01365581983112295°, y=-0.005111057806933895°, max=2.0km):
   📍 Start Original:  (40.775644, -73.960687)
   🔒 Start Protegido: (40.762136, -73.965989) ✓ 1.58 km | ✓ MAP MATCHED
   📏 Deslocamento final: 1568.7 metros
   📍 End Original:    (40.774198, -73.961141)
   🔒 End Protegido:   (40.760880, -73.966900) ✓ 1.58 km | ✓ MAP MATCHED
   📏 Deslocamento final: 1560.0 metros

   📐 ANÁLISE DE DISTÂNCIA DO TRAJETO (HAVERSINE DOS PONTOS ARMAZENADOS):
   ✨ 257 pontos privados duplicados foram separados para garantir visualização 1:1.
   ℹ️  Dica: use --debug-map-matching para ver tentativas detalhadas de re-snap.
   🔢 Pontos unicos original/offset: 299/42 (Δ -257, -86.0% )
   📍 Trajeto original: 3.053 km (linha reta entre pontos GPS)
   🔒 Trajeto com offset: 3.693 km (linha reta entre pontos COM snap)
   📊 Diferença: +0.640 km (+21.0%)

======================================================================
📊 ESTATÍSTICAS FINAIS
======================================================================
Viagens processadas: 1
Distância total: 3.06 km
Combustível total: 48.38 l
CO2 real total: 111766.0 g
CO2 meta total: 589.0 g
Delta CO2: -111177.0 g
Valor E1 total: R$ -5.56

💰 Créditos: R$ 0.00
💸 Débitos: R$ 5.56
📈 Saldo líquido: R$ -5.56

🗺️  MAP MATCHING:
   Pontos processados: 299
   Snaps tentados: 299 (100.0%)
   Snaps bem-sucedidos: 299 (100.0%)
   Snaps forçados (>100m): 299 (100.0%)
   ✅ TODOS os pontos estão em ruas (FORCE_SNAP=True)
======================================================================

💾 Dados agregados salvos em: ../data/offset_batch/vehicles_step_sim_6/run_002.csv
[csv-worker_6] [vehicles_step_sim_6] ===== LOG RUN 002 FIM =====

[csv-worker_6] [vehicles_step_sim_6] ===== LOG RUN 003 INICIO =====
======================================================================
🚗 PROCESSAMENTO SUMO → E1 REGISTRY (OFFSET ALEATÓRIO - veh0)
======================================================================
📄 Entrada: ../data/vehicles_step_sim_6.csv
🏭 Consumo fabricante: 12.0 km/l
💰 Preço carbono: R$ 50.0/ton
⭕ Raio máximo do offset aleatório: 2.0 km
🎲 Offset gerado aleatoriamente:
   Ângulo: 317.3°
   Distância: 1.9055 km
   offset_x (lat): 0.012580°  |  offset_y (lon): -0.011608°
📊 Row stepping: Processando todas as linhas
🗺️  Map matching: ATIVADO (raio 1500m) - pontos snapped para ruas
📐 Cálculo de distância: HAVERSINE PURO dos pontos COM snap (consistência)
======================================================================

📊 Carregando dados SUMO...
   Total de registros no arquivo: 155
   Veículos únicos: 1
   🚙 Vehicle selecionado: carro_1000

🔄 Agregando viagens por vehicle_id...
  📐 SUMO_carro_1000: Calculando distâncias com Haversine direto (SEM routing API)
      Original: 323 pontos → 2.9161 km (Haversine)
      Offset:   323 pontos → 3.3085 km (Haversine)

🚙 Veículo: SUMO_carro_1000
   Modelo: HBEFA4/PC_petrol_Euro-6ab
   Segmentos: 323
   📏 Distância: 2.926 km (city: 2.764, highway: 0.161)
   ⛽ Combustível: 54.094 l
   🏭 CO2 real: 124958.0 g
   🎯 CO2 meta: 563.2 g
   📊 Delta: -124394.9 g
   💰 Valor E1: R$ -6.2197
   🧭 Tentativas map matching: 325

   🔑 OFFSET DETERMINÍSTICO (x=0.0023190164961886034°, y=-0.0067667687081106815°, max=2.0km):
   📍 Start Original:  (40.775644, -73.960687)
   🔒 Start Protegido: (40.778378, -73.967212) ✓ 0.63 km | ✓ MAP MATCHED
   📏 Deslocamento final: 628.6 metros
   📍 End Original:    (40.774046, -73.961617)
   🔒 End Protegido:   (40.778378, -73.967212) ✓ 0.63 km | ✓ MAP MATCHED
   📏 Deslocamento final: 674.5 metros

   📐 ANÁLISE DE DISTÂNCIA DO TRAJETO (HAVERSINE DOS PONTOS ARMAZENADOS):
   ✨ 288 pontos privados duplicados foram separados para garantir visualização 1:1.
   ℹ️  Dica: use --debug-map-matching para ver tentativas detalhadas de re-snap.
   🔢 Pontos unicos original/offset: 320/35 (Δ -285, -89.1% )
   📍 Trajeto original: 2.916 km (linha reta entre pontos GPS)
   🔒 Trajeto com offset: 3.308 km (linha reta entre pontos COM snap)
   📊 Diferença: +0.392 km (+13.5%)

======================================================================
📊 ESTATÍSTICAS FINAIS
======================================================================
Viagens processadas: 1
Distância total: 2.93 km
Combustível total: 54.09 l
CO2 real total: 124958.0 g
CO2 meta total: 563.2 g
Delta CO2: -124394.9 g
Valor E1 total: R$ -6.22

💰 Créditos: R$ 0.00
💸 Débitos: R$ 6.22
📈 Saldo líquido: R$ -6.22

🗺️  MAP MATCHING:
   Pontos processados: 323
   Snaps tentados: 323 (100.0%)
   Snaps bem-sucedidos: 323 (100.0%)
   Snaps forçados (>100m): 323 (100.0%)
   ✅ TODOS os pontos estão em ruas (FORCE_SNAP=True)
======================================================================

💾 Dados agregados salvos em: ../data/offset_batch/vehicles_step_sim_6/run_003.csv
[csv-worker_6] [vehicles_step_sim_6] ===== LOG RUN 003 FIM =====

[csv-worker_6] [vehicles_step_sim_6] ===== LOG RUN 004 INICIO =====
======================================================================
🚗 PROCESSAMENTO SUMO → E1 REGISTRY (OFFSET ALEATÓRIO - veh0)
======================================================================
📄 Entrada: ../data/vehicles_step_sim_6.csv
🏭 Consumo fabricante: 12.0 km/l
💰 Preço carbono: R$ 50.0/ton
⭕ Raio máximo do offset aleatório: 2.0 km
🎲 Offset gerado aleatoriamente:
   Ângulo: 304.5°
   Distância: 1.9298 km
   offset_x (lat): 0.009823°  |  offset_y (lon): -0.014284°
📊 Row stepping: Processando todas as linhas
🗺️  Map matching: ATIVADO (raio 1500m) - pontos snapped para ruas
📐 Cálculo de distância: HAVERSINE PURO dos pontos COM snap (consistência)
======================================================================

📊 Carregando dados SUMO...
   Total de registros no arquivo: 155
   Veículos únicos: 1
   🚙 Vehicle selecionado: carro_1000

🔄 Agregando viagens por vehicle_id...
  📐 SUMO_carro_1000: Calculando distâncias com Haversine direto (SEM routing API)
      Original: 222 pontos → 1.9688 km (Haversine)
      Offset:   222 pontos → 1.4730 km (Haversine)

🚙 Veículo: SUMO_carro_1000
   Modelo: HBEFA4/PC_petrol_Euro-6ab
   Segmentos: 222
   📏 Distância: 1.973 km (city: 1.973, highway: 0.000)
   ⛽ Combustível: 24.219 l
   🏭 CO2 real: 55946.2 g
   🎯 CO2 meta: 379.8 g
   📊 Delta: -55566.4 g
   💰 Valor E1: R$ -2.7783
   🧭 Tentativas map matching: 224

   🔑 OFFSET DETERMINÍSTICO (x=-0.015306422966903613°, y=0.009233887654375543°, max=2.0km):
   📍 Start Original:  (40.775644, -73.960687)
   🔒 Start Protegido: (40.760351, -73.951488) ✓ 1.87 km | ✓ MAP MATCHED
   📏 Deslocamento final: 1870.7 metros
   📍 End Original:    (40.772651, -73.962544)
   🔒 End Protegido:   (40.757164, -73.953256) ✓ 1.87 km | ✓ MAP MATCHED
   📏 Deslocamento final: 1893.5 metros

   📐 ANÁLISE DE DISTÂNCIA DO TRAJETO (HAVERSINE DOS PONTOS ARMAZENADOS):
   ✨ 176 pontos privados duplicados foram separados para garantir visualização 1:1.
   ℹ️  Dica: use --debug-map-matching para ver tentativas detalhadas de re-snap.
   🔢 Pontos unicos original/offset: 221/46 (Δ -175, -79.2% )
   📍 Trajeto original: 1.969 km (linha reta entre pontos GPS)
   🔒 Trajeto com offset: 1.473 km (linha reta entre pontos COM snap)
   📊 Diferença: -0.496 km (-25.2%)

======================================================================
📊 ESTATÍSTICAS FINAIS
======================================================================
Viagens processadas: 1
Distância total: 1.97 km
Combustível total: 24.22 l
CO2 real total: 55946.2 g
CO2 meta total: 379.8 g
Delta CO2: -55566.4 g
Valor E1 total: R$ -2.78

💰 Créditos: R$ 0.00
💸 Débitos: R$ 2.78
📈 Saldo líquido: R$ -2.78

🗺️  MAP MATCHING:
   Pontos processados: 222
   Snaps tentados: 222 (100.0%)
   Snaps bem-sucedidos: 222 (100.0%)
   Snaps forçados (>100m): 222 (100.0%)
   ✅ TODOS os pontos estão em ruas (FORCE_SNAP=True)
======================================================================

💾 Dados agregados salvos em: ../data/offset_batch/vehicles_step_sim_6/run_004.csv
[csv-worker_6] [vehicles_step_sim_6] ===== LOG RUN 004 FIM =====

[csv-worker_6] [vehicles_step_sim_6] ===== LOG RUN 005 INICIO =====
======================================================================
🚗 PROCESSAMENTO SUMO → E1 REGISTRY (OFFSET ALEATÓRIO - veh0)
======================================================================
📄 Entrada: ../data/vehicles_step_sim_6.csv
🏭 Consumo fabricante: 12.0 km/l
💰 Preço carbono: R$ 50.0/ton
⭕ Raio máximo do offset aleatório: 2.0 km
🎲 Offset gerado aleatoriamente:
   Ângulo: 303.0°
   Distância: 1.9615 km
   offset_x (lat): 0.009586°  |  offset_y (lon): -0.014785°
📊 Row stepping: Processando todas as linhas
🗺️  Map matching: ATIVADO (raio 1500m) - pontos snapped para ruas
📐 Cálculo de distância: HAVERSINE PURO dos pontos COM snap (consistência)
======================================================================

📊 Carregando dados SUMO...
   Total de registros no arquivo: 155
   Veículos únicos: 1
   🚙 Vehicle selecionado: carro_1000

🔄 Agregando viagens por vehicle_id...
  📐 SUMO_carro_1000: Calculando distâncias com Haversine direto (SEM routing API)
      Original: 323 pontos → 2.9161 km (Haversine)
      Offset:   323 pontos → 2.9724 km (Haversine)

🚙 Veículo: SUMO_carro_1000
   Modelo: HBEFA4/PC_petrol_Euro-6ab
   Segmentos: 323
   📏 Distância: 2.926 km (city: 2.764, highway: 0.161)
   ⛽ Combustível: 54.094 l
   🏭 CO2 real: 124958.0 g
   🎯 CO2 meta: 563.2 g
   📊 Delta: -124394.9 g
   💰 Valor E1: R$ -6.2197
   🧭 Tentativas map matching: 325

   🔑 OFFSET DETERMINÍSTICO (x=0.009197130754369785°, y=0.004699199714835854°, max=2.0km):
   📍 Start Original:  (40.775644, -73.960687)
   🔒 Start Protegido: (40.784725, -73.955990) ✓ 1.10 km | ✓ MAP MATCHED
   📏 Deslocamento final: 1085.7 metros
   📍 End Original:    (40.774046, -73.961617)
   🔒 End Protegido:   (40.783244, -73.957072) ✓ 1.10 km | ✓ MAP MATCHED
   📏 Deslocamento final: 1093.3 metros

   📐 ANÁLISE DE DISTÂNCIA DO TRAJETO (HAVERSINE DOS PONTOS ARMAZENADOS):
   ✨ 264 pontos privados duplicados foram separados para garantir visualização 1:1.
   ℹ️  Dica: use --debug-map-matching para ver tentativas detalhadas de re-snap.
   🔢 Pontos unicos original/offset: 320/59 (Δ -261, -81.6% )
   📍 Trajeto original: 2.916 km (linha reta entre pontos GPS)
   🔒 Trajeto com offset: 2.972 km (linha reta entre pontos COM snap)
   📊 Diferença: +0.056 km (+1.9%)

======================================================================
📊 ESTATÍSTICAS FINAIS
======================================================================
Viagens processadas: 1
Distância total: 2.93 km
Combustível total: 54.09 l
CO2 real total: 124958.0 g
CO2 meta total: 563.2 g
Delta CO2: -124394.9 g
Valor E1 total: R$ -6.22

💰 Créditos: R$ 0.00
💸 Débitos: R$ 6.22
📈 Saldo líquido: R$ -6.22

🗺️  MAP MATCHING:
   Pontos processados: 323
   Snaps tentados: 323 (100.0%)
   Snaps bem-sucedidos: 323 (100.0%)
   Snaps forçados (>100m): 323 (100.0%)
   ✅ TODOS os pontos estão em ruas (FORCE_SNAP=True)
======================================================================

💾 Dados agregados salvos em: ../data/offset_batch/vehicles_step_sim_6/run_005.csv
[csv-worker_6] [vehicles_step_sim_6] ===== LOG RUN 005 FIM =====

[csv-worker_6] [vehicles_step_sim_6] ===== LOG RUN 006 INICIO =====
======================================================================
🚗 PROCESSAMENTO SUMO → E1 REGISTRY (OFFSET ALEATÓRIO - veh0)
======================================================================
📄 Entrada: ../data/vehicles_step_sim_6.csv
🏭 Consumo fabricante: 12.0 km/l
💰 Preço carbono: R$ 50.0/ton
⭕ Raio máximo do offset aleatório: 2.0 km
🎲 Offset gerado aleatoriamente:
   Ângulo: 141.8°
   Distância: 1.4006 km
   offset_x (lat): -0.009883°  |  offset_y (lon): 0.007786°
📊 Row stepping: Processando todas as linhas
🗺️  Map matching: ATIVADO (raio 1500m) - pontos snapped para ruas
📐 Cálculo de distância: HAVERSINE PURO dos pontos COM snap (consistência)
======================================================================

📊 Carregando dados SUMO...
   Total de registros no arquivo: 155
   Veículos únicos: 1
   🚙 Vehicle selecionado: carro_1000

🔄 Agregando viagens por vehicle_id...
  📐 SUMO_carro_1000: Calculando distâncias com Haversine direto (SEM routing API)
      Original: 299 pontos → 3.0526 km (Haversine)
      Offset:   299 pontos → 3.1133 km (Haversine)

🚙 Veículo: SUMO_carro_1000
   Modelo: HBEFA4/PC_petrol_Euro-6ab
   Segmentos: 299
   📏 Distância: 3.060 km (city: 3.060, highway: 0.000)
   ⛽ Combustível: 48.384 l
   🏭 CO2 real: 111766.0 g
   🎯 CO2 meta: 589.0 g
   📊 Delta: -111177.0 g
   💰 Valor E1: R$ -5.5588
   🧭 Tentativas map matching: 301

   🔑 OFFSET DETERMINÍSTICO (x=-0.0033056700279884056°, y=-0.009925752927817838°, max=2.0km):
   📍 Start Original:  (40.775644, -73.960687)
   🔒 Start Protegido: (40.771207, -73.967950) ✓ 0.91 km | ✓ MAP MATCHED
   📏 Deslocamento final: 786.7 metros
   📍 End Original:    (40.774198, -73.961141)
   🔒 End Protegido:   (40.769954, -73.968865) ✓ 0.91 km | ✓ MAP MATCHED
   📏 Deslocamento final: 804.5 metros

   📐 ANÁLISE DE DISTÂNCIA DO TRAJETO (HAVERSINE DOS PONTOS ARMAZENADOS):
   ✨ 261 pontos privados duplicados foram separados para garantir visualização 1:1.
   ℹ️  Dica: use --debug-map-matching para ver tentativas detalhadas de re-snap.
   🔢 Pontos unicos original/offset: 299/38 (Δ -261, -87.3% )
   📍 Trajeto original: 3.053 km (linha reta entre pontos GPS)
   🔒 Trajeto com offset: 3.113 km (linha reta entre pontos COM snap)
   📊 Diferença: +0.061 km (+2.0%)

======================================================================
📊 ESTATÍSTICAS FINAIS
======================================================================
Viagens processadas: 1
Distância total: 3.06 km
Combustível total: 48.38 l
CO2 real total: 111766.0 g
CO2 meta total: 589.0 g
Delta CO2: -111177.0 g
Valor E1 total: R$ -5.56

💰 Créditos: R$ 0.00
💸 Débitos: R$ 5.56
📈 Saldo líquido: R$ -5.56

🗺️  MAP MATCHING:
   Pontos processados: 299
   Snaps tentados: 299 (100.0%)
   Snaps bem-sucedidos: 299 (100.0%)
   Snaps forçados (>100m): 299 (100.0%)
   ✅ TODOS os pontos estão em ruas (FORCE_SNAP=True)
======================================================================

💾 Dados agregados salvos em: ../data/offset_batch/vehicles_step_sim_6/run_006.csv
[csv-worker_6] [vehicles_step_sim_6] ===== LOG RUN 006 FIM =====

[csv-worker_6] [vehicles_step_sim_6] ===== LOG RUN 007 INICIO =====
======================================================================
🚗 PROCESSAMENTO SUMO → E1 REGISTRY (OFFSET ALEATÓRIO - veh0)
======================================================================
📄 Entrada: ../data/vehicles_step_sim_6.csv
🏭 Consumo fabricante: 12.0 km/l
💰 Preço carbono: R$ 50.0/ton
⭕ Raio máximo do offset aleatório: 2.0 km
🎲 Offset gerado aleatoriamente:
   Ângulo: 55.5°
   Distância: 0.5319 km
   offset_x (lat): 0.002704°  |  offset_y (lon): 0.003940°
📊 Row stepping: Processando todas as linhas
🗺️  Map matching: ATIVADO (raio 1500m) - pontos snapped para ruas
📐 Cálculo de distância: HAVERSINE PURO dos pontos COM snap (consistência)
======================================================================

📊 Carregando dados SUMO...
   Total de registros no arquivo: 155
   Veículos únicos: 1
   🚙 Vehicle selecionado: carro_1000

🔄 Agregando viagens por vehicle_id...
  📐 SUMO_carro_1000: Calculando distâncias com Haversine direto (SEM routing API)
      Original: 222 pontos → 1.9688 km (Haversine)
      Offset:   222 pontos → 2.5919 km (Haversine)

🚙 Veículo: SUMO_carro_1000
   Modelo: HBEFA4/PC_petrol_Euro-6ab
   Segmentos: 222
   📏 Distância: 1.973 km (city: 1.973, highway: 0.000)
   ⛽ Combustível: 24.219 l
   🏭 CO2 real: 55946.2 g
   🎯 CO2 meta: 379.8 g
   📊 Delta: -55566.4 g
   💰 Valor E1: R$ -2.7783
   🧭 Tentativas map matching: 224

   🔑 OFFSET DETERMINÍSTICO (x=0.0004982631470584712°, y=-0.012397378961165337°, max=2.0km):
   📍 Start Original:  (40.775644, -73.960687)
   🔒 Start Protegido: (40.776943, -73.975442) ✓ 1.05 km | ✓ MAP MATCHED
   📏 Deslocamento final: 1252.2 metros
   📍 End Original:    (40.772651, -73.962544)
   🔒 End Protegido:   (40.774236, -73.977413) ✓ 1.05 km | ✓ MAP MATCHED
   📏 Deslocamento final: 1265.9 metros

   📐 ANÁLISE DE DISTÂNCIA DO TRAJETO (HAVERSINE DOS PONTOS ARMAZENADOS):
   ✨ 201 pontos privados duplicados foram separados para garantir visualização 1:1.
   ℹ️  Dica: use --debug-map-matching para ver tentativas detalhadas de re-snap.
   🔢 Pontos unicos original/offset: 221/21 (Δ -200, -90.5% )
   📍 Trajeto original: 1.969 km (linha reta entre pontos GPS)
   🔒 Trajeto com offset: 2.592 km (linha reta entre pontos COM snap)
   📊 Diferença: +0.623 km (+31.7%)

======================================================================
📊 ESTATÍSTICAS FINAIS
======================================================================
Viagens processadas: 1
Distância total: 1.97 km
Combustível total: 24.22 l
CO2 real total: 55946.2 g
CO2 meta total: 379.8 g
Delta CO2: -55566.4 g
Valor E1 total: R$ -2.78

💰 Créditos: R$ 0.00
💸 Débitos: R$ 2.78
📈 Saldo líquido: R$ -2.78

🗺️  MAP MATCHING:
   Pontos processados: 222
   Snaps tentados: 222 (100.0%)
   Snaps bem-sucedidos: 222 (100.0%)
   Snaps forçados (>100m): 222 (100.0%)
   ✅ TODOS os pontos estão em ruas (FORCE_SNAP=True)
======================================================================

💾 Dados agregados salvos em: ../data/offset_batch/vehicles_step_sim_6/run_007.csv
[csv-worker_6] [vehicles_step_sim_6] ===== LOG RUN 007 FIM =====

[csv-worker_6] [vehicles_step_sim_6] ===== LOG RUN 008 INICIO =====
======================================================================
🚗 PROCESSAMENTO SUMO → E1 REGISTRY (OFFSET ALEATÓRIO - veh0)
======================================================================
📄 Entrada: ../data/vehicles_step_sim_6.csv
🏭 Consumo fabricante: 12.0 km/l
💰 Preço carbono: R$ 50.0/ton
⭕ Raio máximo do offset aleatório: 2.0 km
🎲 Offset gerado aleatoriamente:
   Ângulo: 160.2°
   Distância: 0.9315 km
   offset_x (lat): -0.007874°  |  offset_y (lon): 0.002833°
📊 Row stepping: Processando todas as linhas
🗺️  Map matching: ATIVADO (raio 1500m) - pontos snapped para ruas
📐 Cálculo de distância: HAVERSINE PURO dos pontos COM snap (consistência)
======================================================================

📊 Carregando dados SUMO...
   Total de registros no arquivo: 155
   Veículos únicos: 1
   🚙 Vehicle selecionado: carro_1000

🔄 Agregando viagens por vehicle_id...
  📐 SUMO_carro_1000: Calculando distâncias com Haversine direto (SEM routing API)
      Original: 299 pontos → 3.0526 km (Haversine)
      Offset:   299 pontos → 4.6830 km (Haversine)

🚙 Veículo: SUMO_carro_1000
   Modelo: HBEFA4/PC_petrol_Euro-6ab
   Segmentos: 299
   📏 Distância: 3.060 km (city: 3.060, highway: 0.000)
   ⛽ Combustível: 48.384 l
   🏭 CO2 real: 111766.0 g
   🎯 CO2 meta: 589.0 g
   📊 Delta: -111177.0 g
   💰 Valor E1: R$ -5.5588
   🧭 Tentativas map matching: 301

   🔑 OFFSET DETERMINÍSTICO (x=-0.00318431779958231°, y=-0.0171822412892818°, max=2.0km):
   📍 Start Original:  (40.775644, -73.960687)
   🔒 Start Protegido: (40.772094, -73.978232) ✓ 1.49 km | ✓ MAP MATCHED
   📏 Deslocamento final: 1530.9 metros
   📍 End Original:    (40.774198, -73.961141)
   🔒 End Protegido:   (40.771719, -73.978550) ✓ 1.49 km | ✓ MAP MATCHED
   📏 Deslocamento final: 1493.4 metros

   📐 ANÁLISE DE DISTÂNCIA DO TRAJETO (HAVERSINE DOS PONTOS ARMAZENADOS):
   ✨ 266 pontos privados duplicados foram separados para garantir visualização 1:1.
   ℹ️  Dica: use --debug-map-matching para ver tentativas detalhadas de re-snap.
   🔢 Pontos unicos original/offset: 299/33 (Δ -266, -89.0% )
   📍 Trajeto original: 3.053 km (linha reta entre pontos GPS)
   🔒 Trajeto com offset: 4.683 km (linha reta entre pontos COM snap)
   📊 Diferença: +1.630 km (+53.4%)

======================================================================
📊 ESTATÍSTICAS FINAIS
======================================================================
Viagens processadas: 1
Distância total: 3.06 km
Combustível total: 48.38 l
CO2 real total: 111766.0 g
CO2 meta total: 589.0 g
Delta CO2: -111177.0 g
Valor E1 total: R$ -5.56

💰 Créditos: R$ 0.00
💸 Débitos: R$ 5.56
📈 Saldo líquido: R$ -5.56

🗺️  MAP MATCHING:
   Pontos processados: 299
   Snaps tentados: 299 (100.0%)
   Snaps bem-sucedidos: 299 (100.0%)
   Snaps forçados (>100m): 299 (100.0%)
   ✅ TODOS os pontos estão em ruas (FORCE_SNAP=True)
======================================================================

💾 Dados agregados salvos em: ../data/offset_batch/vehicles_step_sim_6/run_008.csv
[csv-worker_6] [vehicles_step_sim_6] ===== LOG RUN 008 FIM =====

[csv-worker_6] [vehicles_step_sim_6] ===== LOG RUN 009 INICIO =====
======================================================================
🚗 PROCESSAMENTO SUMO → E1 REGISTRY (OFFSET ALEATÓRIO - veh0)
======================================================================
📄 Entrada: ../data/vehicles_step_sim_6.csv
🏭 Consumo fabricante: 12.0 km/l
💰 Preço carbono: R$ 50.0/ton
⭕ Raio máximo do offset aleatório: 2.0 km
🎲 Offset gerado aleatoriamente:
   Ângulo: 244.8°
   Distância: 1.8182 km
   offset_x (lat): -0.006960°  |  offset_y (lon): -0.014776°
📊 Row stepping: Processando todas as linhas
🗺️  Map matching: ATIVADO (raio 1500m) - pontos snapped para ruas
📐 Cálculo de distância: HAVERSINE PURO dos pontos COM snap (consistência)
======================================================================

📊 Carregando dados SUMO...
   Total de registros no arquivo: 155
   Veículos únicos: 1
   🚙 Vehicle selecionado: carro_1000

🔄 Agregando viagens por vehicle_id...
  📐 SUMO_carro_1000: Calculando distâncias com Haversine direto (SEM routing API)
      Original: 323 pontos → 2.9161 km (Haversine)
      Offset:   323 pontos → 3.1473 km (Haversine)

🚙 Veículo: SUMO_carro_1000
   Modelo: HBEFA4/PC_petrol_Euro-6ab
   Segmentos: 323
   📏 Distância: 2.926 km (city: 2.764, highway: 0.161)
   ⛽ Combustível: 54.094 l
   🏭 CO2 real: 124958.0 g
   🎯 CO2 meta: 563.2 g
   📊 Delta: -124394.9 g
   💰 Valor E1: R$ -6.2197
   🧭 Tentativas map matching: 325

   🔑 OFFSET DETERMINÍSTICO (x=-0.011135022260631362°, y=-0.006542090228827239°, max=2.0km):
   📍 Start Original:  (40.775644, -73.960687)
   🔒 Start Protegido: (40.764154, -73.966917) ✓ 1.36 km | ✓ MAP MATCHED
   📏 Deslocamento final: 1382.6 metros
   📍 End Original:    (40.774046, -73.961617)
   🔒 End Protegido:   (40.763113, -73.968300) ✓ 1.36 km | ✓ MAP MATCHED
   📏 Deslocamento final: 1341.1 metros

   📐 ANÁLISE DE DISTÂNCIA DO TRAJETO (HAVERSINE DOS PONTOS ARMAZENADOS):
   ✨ 283 pontos privados duplicados foram separados para garantir visualização 1:1.
   ℹ️  Dica: use --debug-map-matching para ver tentativas detalhadas de re-snap.
   🔢 Pontos unicos original/offset: 320/40 (Δ -280, -87.5% )
   📍 Trajeto original: 2.916 km (linha reta entre pontos GPS)
   🔒 Trajeto com offset: 3.147 km (linha reta entre pontos COM snap)
   📊 Diferença: +0.231 km (+7.9%)

======================================================================
📊 ESTATÍSTICAS FINAIS
======================================================================
Viagens processadas: 1
Distância total: 2.93 km
Combustível total: 54.09 l
CO2 real total: 124958.0 g
CO2 meta total: 563.2 g
Delta CO2: -124394.9 g
Valor E1 total: R$ -6.22

💰 Créditos: R$ 0.00
💸 Débitos: R$ 6.22
📈 Saldo líquido: R$ -6.22

🗺️  MAP MATCHING:
   Pontos processados: 323
   Snaps tentados: 323 (100.0%)
   Snaps bem-sucedidos: 323 (100.0%)
   Snaps forçados (>100m): 323 (100.0%)
   ✅ TODOS os pontos estão em ruas (FORCE_SNAP=True)
======================================================================

💾 Dados agregados salvos em: ../data/offset_batch/vehicles_step_sim_6/run_009.csv
[csv-worker_6] [vehicles_step_sim_6] ===== LOG RUN 009 FIM =====

[csv-worker_6] [vehicles_step_sim_6] ===== LOG RUN 010 INICIO =====
======================================================================
🚗 PROCESSAMENTO SUMO → E1 REGISTRY (OFFSET ALEATÓRIO - veh0)
======================================================================
📄 Entrada: ../data/vehicles_step_sim_6.csv
🏭 Consumo fabricante: 12.0 km/l
💰 Preço carbono: R$ 50.0/ton
⭕ Raio máximo do offset aleatório: 2.0 km
🎲 Offset gerado aleatoriamente:
   Ângulo: 61.2°
   Distância: 1.3499 km
   offset_x (lat): 0.005837°  |  offset_y (lon): 0.010629°
📊 Row stepping: Processando todas as linhas
🗺️  Map matching: ATIVADO (raio 1500m) - pontos snapped para ruas
📐 Cálculo de distância: HAVERSINE PURO dos pontos COM snap (consistência)
======================================================================

📊 Carregando dados SUMO...
   Total de registros no arquivo: 155
   Veículos únicos: 1
   🚙 Vehicle selecionado: carro_1000

🔄 Agregando viagens por vehicle_id...
  📐 SUMO_carro_1000: Calculando distâncias com Haversine direto (SEM routing API)
      Original: 300 pontos → 3.1542 km (Haversine)
      Offset:   300 pontos → 3.3636 km (Haversine)

🚙 Veículo: SUMO_carro_1000
   Modelo: HBEFA4/PC_petrol_Euro-6ab
   Segmentos: 300
   📏 Distância: 3.158 km (city: 2.541, highway: 0.617)
   ⛽ Combustível: 49.984 l
   🏭 CO2 real: 115462.6 g
   🎯 CO2 meta: 608.0 g
   📊 Delta: -114854.6 g
   💰 Valor E1: R$ -5.7427
   🧭 Tentativas map matching: 302

   🔑 OFFSET DETERMINÍSTICO (x=0.004195621583619178°, y=0.002398346140785723°, max=2.0km):
   📍 Start Original:  (40.775644, -73.960687)
   🔒 Start Protegido: (40.779578, -73.957906) ✓ 0.51 km | ✓ MAP MATCHED
   📏 Deslocamento final: 496.8 metros
   📍 End Original:    (40.773912, -73.961904)
   🔒 End Protegido:   (40.777680, -73.959288) ✓ 0.51 km | ✓ MAP MATCHED
   📏 Deslocamento final: 473.8 metros

   📐 ANÁLISE DE DISTÂNCIA DO TRAJETO (HAVERSINE DOS PONTOS ARMAZENADOS):
   ✨ 262 pontos privados duplicados foram separados para garantir visualização 1:1.
   ℹ️  Dica: use --debug-map-matching para ver tentativas detalhadas de re-snap.
   🔢 Pontos unicos original/offset: 299/38 (Δ -261, -87.3% )
   📍 Trajeto original: 3.154 km (linha reta entre pontos GPS)
   🔒 Trajeto com offset: 3.364 km (linha reta entre pontos COM snap)
   📊 Diferença: +0.209 km (+6.6%)

======================================================================
📊 ESTATÍSTICAS FINAIS
======================================================================
Viagens processadas: 1
Distância total: 3.16 km
Combustível total: 49.98 l
CO2 real total: 115462.6 g
CO2 meta total: 608.0 g
Delta CO2: -114854.6 g
Valor E1 total: R$ -5.74

💰 Créditos: R$ 0.00
💸 Débitos: R$ 5.74
📈 Saldo líquido: R$ -5.74

🗺️  MAP MATCHING:
   Pontos processados: 300
   Snaps tentados: 300 (100.0%)
   Snaps bem-sucedidos: 300 (100.0%)
   Snaps forçados (>100m): 300 (100.0%)
   ✅ TODOS os pontos estão em ruas (FORCE_SNAP=True)
======================================================================

💾 Dados agregados salvos em: ../data/offset_batch/vehicles_step_sim_6/run_010.csv
[csv-worker_6] [vehicles_step_sim_6] ===== LOG RUN 010 FIM =====

[csv-worker_6] [vehicles_step_sim_6] ===== LOG RUN 011 INICIO =====
======================================================================
🚗 PROCESSAMENTO SUMO → E1 REGISTRY (OFFSET ALEATÓRIO - veh0)
======================================================================
📄 Entrada: ../data/vehicles_step_sim_6.csv
🏭 Consumo fabricante: 12.0 km/l
💰 Preço carbono: R$ 50.0/ton
⭕ Raio máximo do offset aleatório: 2.0 km
🎲 Offset gerado aleatoriamente:
   Ângulo: 306.5°
   Distância: 0.3980 km
   offset_x (lat): 0.002127°  |  offset_y (lon): -0.002874°
📊 Row stepping: Processando todas as linhas
🗺️  Map matching: ATIVADO (raio 1500m) - pontos snapped para ruas
📐 Cálculo de distância: HAVERSINE PURO dos pontos COM snap (consistência)
======================================================================

📊 Carregando dados SUMO...
   Total de registros no arquivo: 155
   Veículos únicos: 1
   🚙 Vehicle selecionado: carro_1000

🔄 Agregando viagens por vehicle_id...
  📐 SUMO_carro_1000: Calculando distâncias com Haversine direto (SEM routing API)
      Original: 131 pontos → 1.4055 km (Haversine)
      Offset:   131 pontos → 1.3363 km (Haversine)

🚙 Veículo: SUMO_carro_1000
   Modelo: HBEFA4/PC_petrol_Euro-6ab
   Segmentos: 131
   📏 Distância: 1.410 km (city: 1.410, highway: 0.000)
   ⛽ Combustível: 12.456 l
   🏭 CO2 real: 28774.3 g
   🎯 CO2 meta: 271.4 g
   📊 Delta: -28502.9 g
   💰 Valor E1: R$ -1.4251
   🧭 Tentativas map matching: 133

   🔑 OFFSET DETERMINÍSTICO (x=0.003718875531086745°, y=0.006055386392733835°, max=2.0km):
   📍 Start Original:  (40.775644, -73.960687)
   🔒 Start Protegido: (40.779053, -73.954507) ✓ 0.66 km | ✓ MAP MATCHED
   📏 Deslocamento final: 644.5 metros
   📍 End Original:    (40.772974, -73.962198)
   🔒 End Protegido:   (40.776297, -73.956009) ✓ 0.66 km | ✓ MAP MATCHED
   📏 Deslocamento final: 639.6 metros

   📐 ANÁLISE DE DISTÂNCIA DO TRAJETO (HAVERSINE DOS PONTOS ARMAZENADOS):
   ✨ 113 pontos privados duplicados foram separados para garantir visualização 1:1.
   ℹ️  Dica: use --debug-map-matching para ver tentativas detalhadas de re-snap.
   🔢 Pontos unicos original/offset: 130/18 (Δ -112, -86.2% )
   📍 Trajeto original: 1.405 km (linha reta entre pontos GPS)
   🔒 Trajeto com offset: 1.336 km (linha reta entre pontos COM snap)
   📊 Diferença: -0.069 km (-4.9%)

======================================================================
📊 ESTATÍSTICAS FINAIS
======================================================================
Viagens processadas: 1
Distância total: 1.41 km
Combustível total: 12.46 l
CO2 real total: 28774.3 g
CO2 meta total: 271.4 g
Delta CO2: -28502.9 g
Valor E1 total: R$ -1.43

💰 Créditos: R$ 0.00
💸 Débitos: R$ 1.43
📈 Saldo líquido: R$ -1.43

🗺️  MAP MATCHING:
   Pontos processados: 131
   Snaps tentados: 131 (100.0%)
   Snaps bem-sucedidos: 131 (100.0%)
   Snaps forçados (>100m): 131 (100.0%)
   ✅ TODOS os pontos estão em ruas (FORCE_SNAP=True)
======================================================================

💾 Dados agregados salvos em: ../data/offset_batch/vehicles_step_sim_6/run_011.csv
[csv-worker_6] [vehicles_step_sim_6] ===== LOG RUN 011 FIM =====

[csv-worker_6] [vehicles_step_sim_6] ===== LOG RUN 012 INICIO =====
======================================================================
🚗 PROCESSAMENTO SUMO → E1 REGISTRY (OFFSET ALEATÓRIO - veh0)
======================================================================
📄 Entrada: ../data/vehicles_step_sim_6.csv
🏭 Consumo fabricante: 12.0 km/l
💰 Preço carbono: R$ 50.0/ton
⭕ Raio máximo do offset aleatório: 2.0 km
🎲 Offset gerado aleatoriamente:
   Ângulo: 297.2°
   Distância: 1.8187 km
   offset_x (lat): 0.007466°  |  offset_y (lon): -0.014532°
📊 Row stepping: Processando todas as linhas
🗺️  Map matching: ATIVADO (raio 1500m) - pontos snapped para ruas
📐 Cálculo de distância: HAVERSINE PURO dos pontos COM snap (consistência)
======================================================================

📊 Carregando dados SUMO...
   Total de registros no arquivo: 155
   Veículos únicos: 1
   🚙 Vehicle selecionado: carro_1000

🔄 Agregando viagens por vehicle_id...
  📐 SUMO_carro_1000: Calculando distâncias com Haversine direto (SEM routing API)
      Original: 300 pontos → 3.1542 km (Haversine)
      Offset:   300 pontos → 3.5220 km (Haversine)

🚙 Veículo: SUMO_carro_1000
   Modelo: HBEFA4/PC_petrol_Euro-6ab
   Segmentos: 300
   📏 Distância: 3.158 km (city: 2.541, highway: 0.617)
   ⛽ Combustível: 49.984 l
   🏭 CO2 real: 115462.6 g
   🎯 CO2 meta: 608.0 g
   📊 Delta: -114854.6 g
   💰 Valor E1: R$ -5.7427
   🧭 Tentativas map matching: 302

   🔑 OFFSET DETERMINÍSTICO (x=-0.004526958000957211°, y=-0.000993159745491506°, max=2.0km):
   📍 Start Original:  (40.775644, -73.960687)
   🔒 Start Protegido: (40.771112, -73.961709) ✓ 0.51 km | ✓ MAP MATCHED
   📏 Deslocamento final: 511.8 metros
   📍 End Original:    (40.773912, -73.961904)
   🔒 End Protegido:   (40.769172, -73.963126) ✓ 0.51 km | ✓ MAP MATCHED
   📏 Deslocamento final: 537.6 metros

   📐 ANÁLISE DE DISTÂNCIA DO TRAJETO (HAVERSINE DOS PONTOS ARMAZENADOS):
   ✨ 253 pontos privados duplicados foram separados para garantir visualização 1:1.
   ℹ️  Dica: use --debug-map-matching para ver tentativas detalhadas de re-snap.
   🔢 Pontos unicos original/offset: 299/47 (Δ -252, -84.3% )
   📍 Trajeto original: 3.154 km (linha reta entre pontos GPS)
   🔒 Trajeto com offset: 3.522 km (linha reta entre pontos COM snap)
   📊 Diferença: +0.368 km (+11.7%)

======================================================================
📊 ESTATÍSTICAS FINAIS
======================================================================
Viagens processadas: 1
Distância total: 3.16 km
Combustível total: 49.98 l
CO2 real total: 115462.6 g
CO2 meta total: 608.0 g
Delta CO2: -114854.6 g
Valor E1 total: R$ -5.74

💰 Créditos: R$ 0.00
💸 Débitos: R$ 5.74
📈 Saldo líquido: R$ -5.74

🗺️  MAP MATCHING:
   Pontos processados: 300
   Snaps tentados: 300 (100.0%)
   Snaps bem-sucedidos: 300 (100.0%)
   Snaps forçados (>100m): 300 (100.0%)
   ✅ TODOS os pontos estão em ruas (FORCE_SNAP=True)
======================================================================

💾 Dados agregados salvos em: ../data/offset_batch/vehicles_step_sim_6/run_012.csv
[csv-worker_6] [vehicles_step_sim_6] ===== LOG RUN 012 FIM =====

[csv-worker_6] [vehicles_step_sim_6] ===== LOG RUN 013 INICIO =====
======================================================================
🚗 PROCESSAMENTO SUMO → E1 REGISTRY (OFFSET ALEATÓRIO - veh0)
======================================================================
📄 Entrada: ../data/vehicles_step_sim_6.csv
🏭 Consumo fabricante: 12.0 km/l
💰 Preço carbono: R$ 50.0/ton
⭕ Raio máximo do offset aleatório: 2.0 km
🎲 Offset gerado aleatoriamente:
   Ângulo: 102.1°
   Distância: 1.4924 km
   offset_x (lat): -0.002821°  |  offset_y (lon): 0.013106°
📊 Row stepping: Processando todas as linhas
🗺️  Map matching: ATIVADO (raio 1500m) - pontos snapped para ruas
📐 Cálculo de distância: HAVERSINE PURO dos pontos COM snap (consistência)
======================================================================

📊 Carregando dados SUMO...
   Total de registros no arquivo: 155
   Veículos únicos: 1
   🚙 Vehicle selecionado: carro_1000

🔄 Agregando viagens por vehicle_id...
  📐 SUMO_carro_1000: Calculando distâncias com Haversine direto (SEM routing API)
      Original: 131 pontos → 1.4055 km (Haversine)
      Offset:   131 pontos → 1.3247 km (Haversine)

🚙 Veículo: SUMO_carro_1000
   Modelo: HBEFA4/PC_petrol_Euro-6ab
   Segmentos: 131
   📏 Distância: 1.410 km (city: 1.410, highway: 0.000)
   ⛽ Combustível: 12.456 l
   🏭 CO2 real: 28774.3 g
   🎯 CO2 meta: 271.4 g
   📊 Delta: -28502.9 g
   💰 Valor E1: R$ -1.4251
   🧭 Tentativas map matching: 133

   🔑 OFFSET DETERMINÍSTICO (x=0.014963661035716022°, y=-0.001817201538744727°, max=2.0km):
   📍 Start Original:  (40.775644, -73.960687)
   🔒 Start Protegido: (40.791362, -73.961847) ✓ 1.67 km | ✓ MAP MATCHED
   📏 Deslocamento final: 1752.5 metros
   📍 End Original:    (40.772974, -73.962198)
   🔒 End Protegido:   (40.789067, -73.966601) ✓ 1.67 km | ✓ MAP MATCHED
   📏 Deslocamento final: 1829.5 metros

   📐 ANÁLISE DE DISTÂNCIA DO TRAJETO (HAVERSINE DOS PONTOS ARMAZENADOS):
   ✨ 104 pontos privados duplicados foram separados para garantir visualização 1:1.
   ℹ️  Dica: use --debug-map-matching para ver tentativas detalhadas de re-snap.
   🔢 Pontos unicos original/offset: 130/27 (Δ -103, -79.2% )
   📍 Trajeto original: 1.405 km (linha reta entre pontos GPS)
   🔒 Trajeto com offset: 1.325 km (linha reta entre pontos COM snap)
   📊 Diferença: -0.081 km (-5.7%)

======================================================================
📊 ESTATÍSTICAS FINAIS
======================================================================
Viagens processadas: 1
Distância total: 1.41 km
Combustível total: 12.46 l
CO2 real total: 28774.3 g
CO2 meta total: 271.4 g
Delta CO2: -28502.9 g
Valor E1 total: R$ -1.43

💰 Créditos: R$ 0.00
💸 Débitos: R$ 1.43
📈 Saldo líquido: R$ -1.43

🗺️  MAP MATCHING:
   Pontos processados: 131
   Snaps tentados: 131 (100.0%)
   Snaps bem-sucedidos: 131 (100.0%)
   Snaps forçados (>100m): 131 (100.0%)
   ✅ TODOS os pontos estão em ruas (FORCE_SNAP=True)
======================================================================

💾 Dados agregados salvos em: ../data/offset_batch/vehicles_step_sim_6/run_013.csv
[csv-worker_6] [vehicles_step_sim_6] ===== LOG RUN 013 FIM =====

[csv-worker_6] [vehicles_step_sim_6] ===== LOG RUN 014 INICIO =====
======================================================================
🚗 PROCESSAMENTO SUMO → E1 REGISTRY (OFFSET ALEATÓRIO - veh0)
======================================================================
📄 Entrada: ../data/vehicles_step_sim_6.csv
🏭 Consumo fabricante: 12.0 km/l
💰 Preço carbono: R$ 50.0/ton
⭕ Raio máximo do offset aleatório: 2.0 km
🎲 Offset gerado aleatoriamente:
   Ângulo: 190.8°
   Distância: 1.7105 km
   offset_x (lat): -0.015094°  |  offset_y (lon): -0.002876°
📊 Row stepping: Processando todas as linhas
🗺️  Map matching: ATIVADO (raio 1500m) - pontos snapped para ruas
📐 Cálculo de distância: HAVERSINE PURO dos pontos COM snap (consistência)
======================================================================

📊 Carregando dados SUMO...
   Total de registros no arquivo: 155
   Veículos únicos: 1
   🚙 Vehicle selecionado: carro_1000

🔄 Agregando viagens por vehicle_id...
   Total de registros no arquivo: 323
   Veículos únicos: 1
   🚙 Vehicle selecionado: carro_1000

🔄 Agregando viagens por vehicle_id...
  📐 SUMO_carro_1000: Calculando distâncias com Haversine direto (SEM routing API)
      Original: 222 pontos → 1.9688 km (Haversine)
      Offset:   222 pontos → 1.9817 km (Haversine)

🚙 Veículo: SUMO_carro_1000
   Modelo: HBEFA4/PC_petrol_Euro-6ab
   Segmentos: 222
   📏 Distância: 1.973 km (city: 1.973, highway: 0.000)
   ⛽ Combustível: 24.219 l
   🏭 CO2 real: 55946.2 g
   🎯 CO2 meta: 379.8 g
   📊 Delta: -55566.4 g
   💰 Valor E1: R$ -2.7783
   🧭 Tentativas map matching: 224

   🔑 OFFSET DETERMINÍSTICO (x=-0.0015733286057049174°, y=-0.016797048747343127°, max=2.0km):
   📍 Start Original:  (40.775644, -73.960687)
   🔒 Start Protegido: (40.774236, -73.977413) ✓ 1.43 km | ✓ MAP MATCHED
   📏 Deslocamento final: 1418.7 metros
   📍 End Original:    (40.772651, -73.962544)
   🔒 End Protegido:   (40.771218, -73.979616) ✓ 1.43 km | ✓ MAP MATCHED
   📏 Deslocamento final: 1448.0 metros

   📐 ANÁLISE DE DISTÂNCIA DO TRAJETO (HAVERSINE DOS PONTOS ARMAZENADOS):
   ✨ 187 pontos privados duplicados foram separados para garantir visualização 1:1.
   ℹ️  Dica: use --debug-map-matching para ver tentativas detalhadas de re-snap.
   🔢 Pontos unicos original/offset: 221/35 (Δ -186, -84.2% )
   📍 Trajeto original: 1.969 km (linha reta entre pontos GPS)
   🔒 Trajeto com offset: 1.982 km (linha reta entre pontos COM snap)
   📊 Diferença: +0.013 km (+0.7%)

======================================================================
📊 ESTATÍSTICAS FINAIS
======================================================================
Viagens processadas: 1
Distância total: 1.97 km
Combustível total: 24.22 l
CO2 real total: 55946.2 g
CO2 meta total: 379.8 g
Delta CO2: -55566.4 g
Valor E1 total: R$ -2.78

💰 Créditos: R$ 0.00
💸 Débitos: R$ 2.78
📈 Saldo líquido: R$ -2.78

🗺️  MAP MATCHING:
   Pontos processados: 222
   Snaps tentados: 222 (100.0%)
   Snaps bem-sucedidos: 222 (100.0%)
   Snaps forçados (>100m): 222 (100.0%)
   ✅ TODOS os pontos estão em ruas (FORCE_SNAP=True)
======================================================================

💾 Dados agregados salvos em: ../data/offset_batch/vehicles_step_sim_6/run_014.csv
[csv-worker_6] [vehicles_step_sim_6] ===== LOG RUN 014 FIM =====

[csv-worker_6] [vehicles_step_sim_6] ===== LOG RUN 015 INICIO =====
======================================================================
🚗 PROCESSAMENTO SUMO → E1 REGISTRY (OFFSET ALEATÓRIO - veh0)
======================================================================
📄 Entrada: ../data/vehicles_step_sim_6.csv
🏭 Consumo fabricante: 12.0 km/l
💰 Preço carbono: R$ 50.0/ton
⭕ Raio máximo do offset aleatório: 2.0 km
🎲 Offset gerado aleatoriamente:
   Ângulo: 240.5°
   Distância: 1.7271 km
   offset_x (lat): -0.007646°  |  offset_y (lon): -0.013500°
📊 Row stepping: Processando todas as linhas
🗺️  Map matching: ATIVADO (raio 1500m) - pontos snapped para ruas
📐 Cálculo de distância: HAVERSINE PURO dos pontos COM snap (consistência)
======================================================================

📊 Carregando dados SUMO...
   Total de registros no arquivo: 155
   Veículos únicos: 1
   🚙 Vehicle selecionado: carro_1000

🔄 Agregando viagens por vehicle_id...
  📐 SUMO_carro_1000: Calculando distâncias com Haversine direto (SEM routing API)
      Original: 131 pontos → 1.4055 km (Haversine)
      Offset:   131 pontos → 1.7508 km (Haversine)

🚙 Veículo: SUMO_carro_1000
   Modelo: HBEFA4/PC_petrol_Euro-6ab
   Segmentos: 131
   📏 Distância: 1.410 km (city: 1.410, highway: 0.000)
   ⛽ Combustível: 12.456 l
   🏭 CO2 real: 28774.3 g
   🎯 CO2 meta: 271.4 g
   📊 Delta: -28502.9 g
   💰 Valor E1: R$ -1.4251
   🧭 Tentativas map matching: 133

   🔑 OFFSET DETERMINÍSTICO (x=0.009497278910287607°, y=0.00458865404181497°, max=2.0km):
   📍 Start Original:  (40.775644, -73.960687)
   🔒 Start Protegido: (40.785343, -73.955680) ✓ 1.13 km | ✓ MAP MATCHED
   📏 Deslocamento final: 1159.3 metros
   📍 End Original:    (40.772974, -73.962198)
   🔒 End Protegido:   (40.782225, -73.957816) ✓ 1.13 km | ✓ MAP MATCHED
   📏 Deslocamento final: 1094.1 metros

   📐 ANÁLISE DE DISTÂNCIA DO TRAJETO (HAVERSINE DOS PONTOS ARMAZENADOS):
   ✨ 99 pontos privados duplicados foram separados para garantir visualização 1:1.
   ℹ️  Dica: use --debug-map-matching para ver tentativas detalhadas de re-snap.
   🔢 Pontos unicos original/offset: 130/32 (Δ -98, -75.4% )
   📍 Trajeto original: 1.405 km (linha reta entre pontos GPS)
   🔒 Trajeto com offset: 1.751 km (linha reta entre pontos COM snap)
   📊 Diferença: +0.345 km (+24.6%)

======================================================================
📊 ESTATÍSTICAS FINAIS
======================================================================
Viagens processadas: 1
Distância total: 1.41 km
Combustível total: 12.46 l
CO2 real total: 28774.3 g
CO2 meta total: 271.4 g
Delta CO2: -28502.9 g
Valor E1 total: R$ -1.43

💰 Créditos: R$ 0.00
💸 Débitos: R$ 1.43
📈 Saldo líquido: R$ -1.43

🗺️  MAP MATCHING:
   Pontos processados: 131
   Snaps tentados: 131 (100.0%)
   Snaps bem-sucedidos: 131 (100.0%)
   Snaps forçados (>100m): 131 (100.0%)
   ✅ TODOS os pontos estão em ruas (FORCE_SNAP=True)
======================================================================

💾 Dados agregados salvos em: ../data/offset_batch/vehicles_step_sim_6/run_015.csv
[csv-worker_6] [vehicles_step_sim_6] ===== LOG RUN 015 FIM =====

[csv-worker_6] [vehicles_step_sim_6] ===== LOG RUN 016 INICIO =====
======================================================================
🚗 PROCESSAMENTO SUMO → E1 REGISTRY (OFFSET ALEATÓRIO - veh0)
======================================================================
📄 Entrada: ../data/vehicles_step_sim_6.csv
🏭 Consumo fabricante: 12.0 km/l
💰 Preço carbono: R$ 50.0/ton
⭕ Raio máximo do offset aleatório: 2.0 km
🎲 Offset gerado aleatoriamente:
   Ângulo: 207.1°
   Distância: 1.6152 km
   offset_x (lat): -0.012922°  |  offset_y (lon): -0.006600°
📊 Row stepping: Processando todas as linhas
🗺️  Map matching: ATIVADO (raio 1500m) - pontos snapped para ruas
📐 Cálculo de distância: HAVERSINE PURO dos pontos COM snap (consistência)
======================================================================

📊 Carregando dados SUMO...
   Total de registros no arquivo: 155
   Veículos únicos: 1
   🚙 Vehicle selecionado: carro_1000

🔄 Agregando viagens por vehicle_id...
  📐 SUMO_carro_1000: Calculando distâncias com Haversine direto (SEM routing API)
      Original: 131 pontos → 1.4055 km (Haversine)
      Offset:   131 pontos → 1.4697 km (Haversine)

🚙 Veículo: SUMO_carro_1000
   Modelo: HBEFA4/PC_petrol_Euro-6ab
   Segmentos: 131
   📏 Distância: 1.410 km (city: 1.410, highway: 0.000)
   ⛽ Combustível: 12.456 l
   🏭 CO2 real: 28774.3 g
   🎯 CO2 meta: 271.4 g
   📊 Delta: -28502.9 g
   💰 Valor E1: R$ -1.4251
   🧭 Tentativas map matching: 133

   🔑 OFFSET DETERMINÍSTICO (x=0.006699674316572601°, y=-0.003359827036365782°, max=2.0km):
   📍 Start Original:  (40.775644, -73.960687)
   🔒 Start Protegido: (40.782395, -73.963510) ✓ 0.80 km | ✓ MAP MATCHED
   📏 Deslocamento final: 788.3 metros
   📍 End Original:    (40.772974, -73.962198)
   🔒 End Protegido:   (40.778123, -73.965825) ✓ 0.80 km | ✓ MAP MATCHED
   📏 Deslocamento final: 649.6 metros

   📐 ANÁLISE DE DISTÂNCIA DO TRAJETO (HAVERSINE DOS PONTOS ARMAZENADOS):
   ✨ 81 pontos privados duplicados foram separados para garantir visualização 1:1.
   ℹ️  Dica: use --debug-map-matching para ver tentativas detalhadas de re-snap.
   🔢 Pontos unicos original/offset: 130/50 (Δ -80, -61.5% )
   📍 Trajeto original: 1.405 km (linha reta entre pontos GPS)
   🔒 Trajeto com offset: 1.470 km (linha reta entre pontos COM snap)
   📊 Diferença: +0.064 km (+4.6%)

======================================================================
📊 ESTATÍSTICAS FINAIS
======================================================================
Viagens processadas: 1
Distância total: 1.41 km
Combustível total: 12.46 l
CO2 real total: 28774.3 g
CO2 meta total: 271.4 g
Delta CO2: -28502.9 g
Valor E1 total: R$ -1.43

💰 Créditos: R$ 0.00
💸 Débitos: R$ 1.43
📈 Saldo líquido: R$ -1.43

🗺️  MAP MATCHING:
   Pontos processados: 131
   Snaps tentados: 131 (100.0%)
   Snaps bem-sucedidos: 131 (100.0%)
   Snaps forçados (>100m): 131 (100.0%)
   ✅ TODOS os pontos estão em ruas (FORCE_SNAP=True)
======================================================================

💾 Dados agregados salvos em: ../data/offset_batch/vehicles_step_sim_6/run_016.csv
[csv-worker_6] [vehicles_step_sim_6] ===== LOG RUN 016 FIM =====

[csv-worker_6] [vehicles_step_sim_6] ===== LOG RUN 017 INICIO =====
======================================================================
🚗 PROCESSAMENTO SUMO → E1 REGISTRY (OFFSET ALEATÓRIO - veh0)
======================================================================
📄 Entrada: ../data/vehicles_step_sim_6.csv
🏭 Consumo fabricante: 12.0 km/l
💰 Preço carbono: R$ 50.0/ton
⭕ Raio máximo do offset aleatório: 2.0 km
🎲 Offset gerado aleatoriamente:
   Ângulo: 92.0°
   Distância: 1.1649 km
   offset_x (lat): -0.000366°  |  offset_y (lon): 0.010458°
📊 Row stepping: Processando todas as linhas
🗺️  Map matching: ATIVADO (raio 1500m) - pontos snapped para ruas
📐 Cálculo de distância: HAVERSINE PURO dos pontos COM snap (consistência)
======================================================================

📊 Carregando dados SUMO...
   Total de registros no arquivo: 155
   Veículos únicos: 1
   🚙 Vehicle selecionado: carro_1000

🔄 Agregando viagens por vehicle_id...
  📐 SUMO_carro_1000: Calculando distâncias com Haversine direto (SEM routing API)
      Original: 312 pontos → 3.1845 km (Haversine)
      Offset:   312 pontos → 3.9954 km (Haversine)

🚙 Veículo: SUMO_carro_1000
   Modelo: HBEFA4/PC_petrol_Euro-6ab
   Segmentos: 312
   📏 Distância: 3.190 km (city: 2.602, highway: 0.587)
   ⛽ Combustível: 54.577 l
   🏭 CO2 real: 126071.8 g
   🎯 CO2 meta: 614.1 g
   📊 Delta: -125457.8 g
   💰 Valor E1: R$ -6.2729
   🧭 Tentativas map matching: 314

   🔑 OFFSET DETERMINÍSTICO (x=0.01429017265056986°, y=0.0017804625158653069°, max=2.0km):
   📍 Start Original:  (40.775644, -73.960687)
   🔒 Start Protegido: (40.790061, -73.958841) ✓ 1.60 km | ✓ MAP MATCHED
   📏 Deslocamento final: 1612.4 metros
   📍 End Original:    (40.771637, -73.963520)
   🔒 End Protegido:   (40.784667, -73.958132) ✓ 1.60 km | ✓ MAP MATCHED
   📏 Deslocamento final: 1520.0 metros

   📐 ANÁLISE DE DISTÂNCIA DO TRAJETO (HAVERSINE DOS PONTOS ARMAZENADOS):
   ✨ 266 pontos privados duplicados foram separados para garantir visualização 1:1.
   ℹ️  Dica: use --debug-map-matching para ver tentativas detalhadas de re-snap.
   🔢 Pontos unicos original/offset: 312/46 (Δ -266, -85.3% )
   📍 Trajeto original: 3.185 km (linha reta entre pontos GPS)
   🔒 Trajeto com offset: 3.995 km (linha reta entre pontos COM snap)
   📊 Diferença: +0.811 km (+25.5%)

======================================================================
📊 ESTATÍSTICAS FINAIS
======================================================================
Viagens processadas: 1
Distância total: 3.19 km
Combustível total: 54.58 l
CO2 real total: 126071.8 g
CO2 meta total: 614.1 g
Delta CO2: -125457.8 g
Valor E1 total: R$ -6.27

💰 Créditos: R$ 0.00
💸 Débitos: R$ 6.27
📈 Saldo líquido: R$ -6.27

🗺️  MAP MATCHING:
   Pontos processados: 312
   Snaps tentados: 312 (100.0%)
   Snaps bem-sucedidos: 312 (100.0%)
   Snaps forçados (>100m): 312 (100.0%)
   ✅ TODOS os pontos estão em ruas (FORCE_SNAP=True)
======================================================================

💾 Dados agregados salvos em: ../data/offset_batch/vehicles_step_sim_6/run_017.csv
[csv-worker_6] [vehicles_step_sim_6] ===== LOG RUN 017 FIM =====

[csv-worker_6] [vehicles_step_sim_6] ===== LOG RUN 018 INICIO =====
======================================================================
🚗 PROCESSAMENTO SUMO → E1 REGISTRY (OFFSET ALEATÓRIO - veh0)
======================================================================
📄 Entrada: ../data/vehicles_step_sim_6.csv
🏭 Consumo fabricante: 12.0 km/l
💰 Preço carbono: R$ 50.0/ton
⭕ Raio máximo do offset aleatório: 2.0 km
🎲 Offset gerado aleatoriamente:
   Ângulo: 320.4°
   Distância: 1.9832 km
   offset_x (lat): 0.013730°  |  offset_y (lon): -0.011353°
📊 Row stepping: Processando todas as linhas
🗺️  Map matching: ATIVADO (raio 1500m) - pontos snapped para ruas
📐 Cálculo de distância: HAVERSINE PURO dos pontos COM snap (consistência)
======================================================================

📊 Carregando dados SUMO...
   Total de registros no arquivo: 155
   Veículos únicos: 1
   🚙 Vehicle selecionado: carro_1000

🔄 Agregando viagens por vehicle_id...
  📐 SUMO_carro_1000: Calculando distâncias com Haversine direto (SEM routing API)
      Original: 131 pontos → 1.4055 km (Haversine)
      Offset:   131 pontos → 1.2669 km (Haversine)

🚙 Veículo: SUMO_carro_1000
   Modelo: HBEFA4/PC_petrol_Euro-6ab
   Segmentos: 131
   📏 Distância: 1.410 km (city: 1.410, highway: 0.000)
   ⛽ Combustível: 12.456 l
   🏭 CO2 real: 28774.3 g
   🎯 CO2 meta: 271.4 g
   📊 Delta: -28502.9 g
   💰 Valor E1: R$ -1.4251
   🧭 Tentativas map matching: 133

   🔑 OFFSET DETERMINÍSTICO (x=0.002998016037322364°, y=-0.00423032214425981°, max=2.0km):
   📍 Start Original:  (40.775644, -73.960687)
   🔒 Start Protegido: (40.778006, -73.965320) ✓ 0.49 km | ✓ MAP MATCHED
   📏 Deslocamento final: 470.9 metros
   📍 End Original:    (40.772974, -73.962198)
   🔒 End Protegido:   (40.775279, -73.964971) ✓ 0.49 km | ✓ MAP MATCHED
   📏 Deslocamento final: 347.0 metros

   📐 ANÁLISE DE DISTÂNCIA DO TRAJETO (HAVERSINE DOS PONTOS ARMAZENADOS):
   ✨ 97 pontos privados duplicados foram separados para garantir visualização 1:1.
   ℹ️  Dica: use --debug-map-matching para ver tentativas detalhadas de re-snap.
   🔢 Pontos unicos original/offset: 130/34 (Δ -96, -73.8% )
   📍 Trajeto original: 1.405 km (linha reta entre pontos GPS)
   🔒 Trajeto com offset: 1.267 km (linha reta entre pontos COM snap)
   📊 Diferença: -0.139 km (-9.9%)

======================================================================
📊 ESTATÍSTICAS FINAIS
======================================================================
Viagens processadas: 1
Distância total: 1.41 km
Combustível total: 12.46 l
CO2 real total: 28774.3 g
CO2 meta total: 271.4 g
Delta CO2: -28502.9 g
Valor E1 total: R$ -1.43

💰 Créditos: R$ 0.00
💸 Débitos: R$ 1.43
📈 Saldo líquido: R$ -1.43

🗺️  MAP MATCHING:
   Pontos processados: 131
   Snaps tentados: 131 (100.0%)
   Snaps bem-sucedidos: 131 (100.0%)
   Snaps forçados (>100m): 131 (100.0%)
   ✅ TODOS os pontos estão em ruas (FORCE_SNAP=True)
======================================================================

💾 Dados agregados salvos em: ../data/offset_batch/vehicles_step_sim_6/run_018.csv
[csv-worker_6] [vehicles_step_sim_6] ===== LOG RUN 018 FIM =====

[csv-worker_6] [vehicles_step_sim_6] ===== LOG RUN 019 INICIO =====
======================================================================
🚗 PROCESSAMENTO SUMO → E1 REGISTRY (OFFSET ALEATÓRIO - veh0)
======================================================================
📄 Entrada: ../data/vehicles_step_sim_6.csv
🏭 Consumo fabricante: 12.0 km/l
💰 Preço carbono: R$ 50.0/ton
⭕ Raio máximo do offset aleatório: 2.0 km
🎲 Offset gerado aleatoriamente:
   Ângulo: 247.6°
   Distância: 0.9333 km
   offset_x (lat): -0.003197°  |  offset_y (lon): -0.007750°
📊 Row stepping: Processando todas as linhas
🗺️  Map matching: ATIVADO (raio 1500m) - pontos snapped para ruas
📐 Cálculo de distância: HAVERSINE PURO dos pontos COM snap (consistência)
======================================================================

📊 Carregando dados SUMO...
   Total de registros no arquivo: 155
   Veículos únicos: 1
   🚙 Vehicle selecionado: carro_1000

🔄 Agregando viagens por vehicle_id...
  📐 SUMO_carro_1000: Calculando distâncias com Haversine direto (SEM routing API)
      Original: 312 pontos → 3.1845 km (Haversine)
      Offset:   312 pontos → 3.7031 km (Haversine)

🚙 Veículo: SUMO_carro_1000
   Modelo: HBEFA4/PC_petrol_Euro-6ab
   Segmentos: 312
   📏 Distância: 3.190 km (city: 2.602, highway: 0.587)
   ⛽ Combustível: 54.577 l
   🏭 CO2 real: 126071.8 g
   🎯 CO2 meta: 614.1 g
   📊 Delta: -125457.8 g
   💰 Valor E1: R$ -6.2729
   🧭 Tentativas map matching: 314

   🔑 OFFSET DETERMINÍSTICO (x=-0.012111819683215112°, y=-0.0008777244633719357°, max=2.0km):
   📍 Start Original:  (40.775644, -73.960687)
   🔒 Start Protegido: (40.763687, -73.961940) ✓ 1.35 km | ✓ MAP MATCHED
   📏 Deslocamento final: 1335.2 metros
   📍 End Original:    (40.771637, -73.963520)
   🔒 End Protegido:   (40.759682, -73.964109) ✓ 1.35 km | ✓ MAP MATCHED
   📏 Deslocamento final: 1331.7 metros

   📐 ANÁLISE DE DISTÂNCIA DO TRAJETO (HAVERSINE DOS PONTOS ARMAZENADOS):
   ✨ 252 pontos privados duplicados foram separados para garantir visualização 1:1.
   ℹ️  Dica: use --debug-map-matching para ver tentativas detalhadas de re-snap.
   🔢 Pontos unicos original/offset: 312/60 (Δ -252, -80.8% )
   📍 Trajeto original: 3.185 km (linha reta entre pontos GPS)
   🔒 Trajeto com offset: 3.703 km (linha reta entre pontos COM snap)
   📊 Diferença: +0.519 km (+16.3%)

======================================================================
📊 ESTATÍSTICAS FINAIS
======================================================================
Viagens processadas: 1
Distância total: 3.19 km
Combustível total: 54.58 l
CO2 real total: 126071.8 g
CO2 meta total: 614.1 g
Delta CO2: -125457.8 g
Valor E1 total: R$ -6.27

💰 Créditos: R$ 0.00
💸 Débitos: R$ 6.27
📈 Saldo líquido: R$ -6.27

🗺️  MAP MATCHING:
   Pontos processados: 312
   Snaps tentados: 312 (100.0%)
   Snaps bem-sucedidos: 312 (100.0%)
   Snaps forçados (>100m): 312 (100.0%)
   ✅ TODOS os pontos estão em ruas (FORCE_SNAP=True)
======================================================================

💾 Dados agregados salvos em: ../data/offset_batch/vehicles_step_sim_6/run_019.csv
[csv-worker_6] [vehicles_step_sim_6] ===== LOG RUN 019 FIM =====

[csv-worker_6] [vehicles_step_sim_6] ===== LOG RUN 020 INICIO =====
======================================================================
🚗 PROCESSAMENTO SUMO → E1 REGISTRY (OFFSET ALEATÓRIO - veh0)
======================================================================
📄 Entrada: ../data/vehicles_step_sim_6.csv
🏭 Consumo fabricante: 12.0 km/l
💰 Preço carbono: R$ 50.0/ton
⭕ Raio máximo do offset aleatório: 2.0 km
🎲 Offset gerado aleatoriamente:
   Ângulo: 270.6°
   Distância: 0.8090 km
   offset_x (lat): 0.000076°  |  offset_y (lon): -0.007267°
📊 Row stepping: Processando todas as linhas
🗺️  Map matching: ATIVADO (raio 1500m) - pontos snapped para ruas
📐 Cálculo de distância: HAVERSINE PURO dos pontos COM snap (consistência)
======================================================================

📊 Carregando dados SUMO...
   Total de registros no arquivo: 155
   Veículos únicos: 1
   🚙 Vehicle selecionado: carro_1000

🔄 Agregando viagens por vehicle_id...
  📐 SUMO_carro_1000: Calculando distâncias com Haversine direto (SEM routing API)
      Original: 300 pontos → 3.1542 km (Haversine)
      Offset:   300 pontos → 4.2140 km (Haversine)

🚙 Veículo: SUMO_carro_1000
   Modelo: HBEFA4/PC_petrol_Euro-6ab
   Segmentos: 300
   📏 Distância: 3.158 km (city: 2.541, highway: 0.617)
   ⛽ Combustível: 49.984 l
   🏭 CO2 real: 115462.6 g
   🎯 CO2 meta: 608.0 g
   📊 Delta: -114854.6 g
   💰 Valor E1: R$ -5.7427
   🧭 Tentativas map matching: 302

   🔑 OFFSET DETERMINÍSTICO (x=0.002560264484069784°, y=-0.0011921112908070569°, max=2.0km):
   📍 Start Original:  (40.775644, -73.960687)
   🔒 Start Protegido: (40.778273, -73.962673) ✓ 0.30 km | ✓ MAP MATCHED
   📏 Deslocamento final: 337.2 metros
   📍 End Original:    (40.773912, -73.961904)
   🔒 End Protegido:   (40.776596, -73.962768) ✓ 0.30 km | ✓ MAP MATCHED
   📏 Deslocamento final: 307.5 metros

   📐 ANÁLISE DE DISTÂNCIA DO TRAJETO (HAVERSINE DOS PONTOS ARMAZENADOS):
   ✨ 256 pontos privados duplicados foram separados para garantir visualização 1:1.
   ℹ️  Dica: use --debug-map-matching para ver tentativas detalhadas de re-snap.
   🔢 Pontos unicos original/offset: 299/44 (Δ -255, -85.3% )
   📍 Trajeto original: 3.154 km (linha reta entre pontos GPS)
   🔒 Trajeto com offset: 4.214 km (linha reta entre pontos COM snap)
   📊 Diferença: +1.060 km (+33.6%)

======================================================================
📊 ESTATÍSTICAS FINAIS
======================================================================
Viagens processadas: 1
Distância total: 3.16 km
Combustível total: 49.98 l
CO2 real total: 115462.6 g
CO2 meta total: 608.0 g
Delta CO2: -114854.6 g
Valor E1 total: R$ -5.74

💰 Créditos: R$ 0.00
💸 Débitos: R$ 5.74
📈 Saldo líquido: R$ -5.74

🗺️  MAP MATCHING:
   Pontos processados: 300
   Snaps tentados: 300 (100.0%)
   Snaps bem-sucedidos: 300 (100.0%)
   Snaps forçados (>100m): 300 (100.0%)
   ✅ TODOS os pontos estão em ruas (FORCE_SNAP=True)
======================================================================

💾 Dados agregados salvos em: ../data/offset_batch/vehicles_step_sim_6/run_020.csv
[csv-worker_6] [vehicles_step_sim_6] ===== LOG RUN 020 FIM =====

[csv-worker_6] [vehicles_step_sim_6] ===== LOG RUN 021 INICIO =====
======================================================================
🚗 PROCESSAMENTO SUMO → E1 REGISTRY (OFFSET ALEATÓRIO - veh0)
======================================================================
📄 Entrada: ../data/vehicles_step_sim_6.csv
🏭 Consumo fabricante: 12.0 km/l
💰 Preço carbono: R$ 50.0/ton
⭕ Raio máximo do offset aleatório: 2.0 km
🎲 Offset gerado aleatoriamente:
   Ângulo: 316.0°
   Distância: 1.7346 km
   offset_x (lat): 0.011204°  |  offset_y (lon): -0.010830°
📊 Row stepping: Processando todas as linhas
🗺️  Map matching: ATIVADO (raio 1500m) - pontos snapped para ruas
📐 Cálculo de distância: HAVERSINE PURO dos pontos COM snap (consistência)
======================================================================

📊 Carregando dados SUMO...
   Total de registros no arquivo: 155
   Veículos únicos: 1
   🚙 Vehicle selecionado: carro_1000

🔄 Agregando viagens por vehicle_id...
  📐 SUMO_carro_1000: Calculando distâncias com Haversine direto (SEM routing API)
      Original: 301 pontos → 3.1480 km (Haversine)
      Offset:   301 pontos → 4.7929 km (Haversine)

🚙 Veículo: SUMO_carro_1000
   Modelo: HBEFA4/PC_petrol_Euro-6ab
   Segmentos: 301
   📏 Distância: 3.159 km (city: 3.020, highway: 0.139)
   ⛽ Combustível: 51.224 l
   🏭 CO2 real: 118326.7 g
   🎯 CO2 meta: 608.1 g
   📊 Delta: -117718.6 g
   💰 Valor E1: R$ -5.8859
   🧭 Tentativas map matching: 303

   🔑 OFFSET DETERMINÍSTICO (x=-0.01637183981255026°, y=0.0067552433401084355°, max=2.0km):
   📍 Start Original:  (40.775644, -73.960687)
   🔒 Start Protegido: (40.759015, -73.953733) ✓ 1.91 km | ✓ MAP MATCHED
   📏 Deslocamento final: 1941.7 metros
   📍 End Original:    (40.771236, -73.963813)
   🔒 End Protegido:   (40.756384, -73.960408) ✓ 1.91 km | ✓ MAP MATCHED
   📏 Deslocamento final: 1678.0 metros

   📐 ANÁLISE DE DISTÂNCIA DO TRAJETO (HAVERSINE DOS PONTOS ARMAZENADOS):
   ✨ 228 pontos privados duplicados foram separados para garantir visualização 1:1.
   ℹ️  Dica: use --debug-map-matching para ver tentativas detalhadas de re-snap.
   🔢 Pontos unicos original/offset: 301/73 (Δ -228, -75.7% )
   📍 Trajeto original: 3.148 km (linha reta entre pontos GPS)
   🔒 Trajeto com offset: 4.793 km (linha reta entre pontos COM snap)
   📊 Diferença: +1.645 km (+52.3%)

======================================================================
📊 ESTATÍSTICAS FINAIS
======================================================================
Viagens processadas: 1
Distância total: 3.16 km
Combustível total: 51.22 l
CO2 real total: 118326.7 g
CO2 meta total: 608.1 g
Delta CO2: -117718.6 g
Valor E1 total: R$ -5.89

💰 Créditos: R$ 0.00
💸 Débitos: R$ 5.89
📈 Saldo líquido: R$ -5.89

🗺️  MAP MATCHING:
   Pontos processados: 301
   Snaps tentados: 301 (100.0%)
   Snaps bem-sucedidos: 301 (100.0%)
   Snaps forçados (>100m): 301 (100.0%)
   ✅ TODOS os pontos estão em ruas (FORCE_SNAP=True)
======================================================================

💾 Dados agregados salvos em: ../data/offset_batch/vehicles_step_sim_6/run_021.csv
[csv-worker_6] [vehicles_step_sim_6] ===== LOG RUN 021 FIM =====

[csv-worker_6] [vehicles_step_sim_6] ===== LOG RUN 022 INICIO =====
======================================================================
🚗 PROCESSAMENTO SUMO → E1 REGISTRY (OFFSET ALEATÓRIO - veh0)
======================================================================
📄 Entrada: ../data/vehicles_step_sim_6.csv
🏭 Consumo fabricante: 12.0 km/l
💰 Preço carbono: R$ 50.0/ton
⭕ Raio máximo do offset aleatório: 2.0 km
🎲 Offset gerado aleatoriamente:
   Ângulo: 186.8°
   Distância: 1.2008 km
   offset_x (lat): -0.010711°  |  offset_y (lon): -0.001276°
📊 Row stepping: Processando todas as linhas
🗺️  Map matching: ATIVADO (raio 1500m) - pontos snapped para ruas
📐 Cálculo de distância: HAVERSINE PURO dos pontos COM snap (consistência)
======================================================================

📊 Carregando dados SUMO...
   Total de registros no arquivo: 155
   Veículos únicos: 1
   🚙 Vehicle selecionado: carro_1000

🔄 Agregando viagens por vehicle_id...
  📐 SUMO_carro_1000: Calculando distâncias com Haversine direto (SEM routing API)
      Original: 300 pontos → 3.1542 km (Haversine)
      Offset:   300 pontos → 2.7686 km (Haversine)

🚙 Veículo: SUMO_carro_1000
   Modelo: HBEFA4/PC_petrol_Euro-6ab
   Segmentos: 300
   📏 Distância: 3.158 km (city: 2.541, highway: 0.617)
   ⛽ Combustível: 49.984 l
   🏭 CO2 real: 115462.6 g
   🎯 CO2 meta: 608.0 g
   📊 Delta: -114854.6 g
   💰 Valor E1: R$ -5.7427
   🧭 Tentativas map matching: 302

   🔑 OFFSET DETERMINÍSTICO (x=-0.005705760185657946°, y=-0.01341611892496899°, max=2.0km):
   📍 Start Original:  (40.775644, -73.960687)
   🔒 Start Protegido: (40.769654, -73.974366) ✓ 1.30 km | ✓ MAP MATCHED
   📏 Deslocamento final: 1332.0 metros
   📍 End Original:    (40.773912, -73.961904)
   🔒 End Protegido:   (40.769487, -73.974092) ✓ 1.30 km | ✓ MAP MATCHED
   📏 Deslocamento final: 1139.4 metros

   📐 ANÁLISE DE DISTÂNCIA DO TRAJETO (HAVERSINE DOS PONTOS ARMAZENADOS):
   ✨ 248 pontos privados duplicados foram separados para garantir visualização 1:1.
   ℹ️  Dica: use --debug-map-matching para ver tentativas detalhadas de re-snap.
   🔢 Pontos unicos original/offset: 299/52 (Δ -247, -82.6% )
   📍 Trajeto original: 3.154 km (linha reta entre pontos GPS)
   🔒 Trajeto com offset: 2.769 km (linha reta entre pontos COM snap)
   📊 Diferença: -0.386 km (-12.2%)

======================================================================
📊 ESTATÍSTICAS FINAIS
======================================================================
Viagens processadas: 1
Distância total: 3.16 km
Combustível total: 49.98 l
CO2 real total: 115462.6 g
CO2 meta total: 608.0 g
Delta CO2: -114854.6 g
Valor E1 total: R$ -5.74

💰 Créditos: R$ 0.00
💸 Débitos: R$ 5.74
📈 Saldo líquido: R$ -5.74

🗺️  MAP MATCHING:
   Pontos processados: 300
   Snaps tentados: 300 (100.0%)
   Snaps bem-sucedidos: 300 (100.0%)
   Snaps forçados (>100m): 300 (100.0%)
   ✅ TODOS os pontos estão em ruas (FORCE_SNAP=True)
======================================================================

💾 Dados agregados salvos em: ../data/offset_batch/vehicles_step_sim_6/run_022.csv
[csv-worker_6] [vehicles_step_sim_6] ===== LOG RUN 022 FIM =====

[csv-worker_6] [vehicles_step_sim_6] ===== LOG RUN 023 INICIO =====
======================================================================
🚗 PROCESSAMENTO SUMO → E1 REGISTRY (OFFSET ALEATÓRIO - veh0)
======================================================================
📄 Entrada: ../data/vehicles_step_sim_6.csv
🏭 Consumo fabricante: 12.0 km/l
💰 Preço carbono: R$ 50.0/ton
⭕ Raio máximo do offset aleatório: 2.0 km
🎲 Offset gerado aleatoriamente:
   Ângulo: 82.6°
   Distância: 1.7056 km
   offset_x (lat): 0.001964°  |  offset_y (lon): 0.015195°
📊 Row stepping: Processando todas as linhas
🗺️  Map matching: ATIVADO (raio 1500m) - pontos snapped para ruas
📐 Cálculo de distância: HAVERSINE PURO dos pontos COM snap (consistência)
======================================================================

📊 Carregando dados SUMO...
   Total de registros no arquivo: 155
   Veículos únicos: 1
   🚙 Vehicle selecionado: carro_1000

🔄 Agregando viagens por vehicle_id...
  📐 SUMO_carro_1000: Calculando distâncias com Haversine direto (SEM routing API)
      Original: 131 pontos → 1.4055 km (Haversine)
      Offset:   131 pontos → 1.6888 km (Haversine)

🚙 Veículo: SUMO_carro_1000
   Modelo: HBEFA4/PC_petrol_Euro-6ab
   Segmentos: 131
   📏 Distância: 1.410 km (city: 1.410, highway: 0.000)
   ⛽ Combustível: 12.456 l
   🏭 CO2 real: 28774.3 g
   🎯 CO2 meta: 271.4 g
   📊 Delta: -28502.9 g
   💰 Valor E1: R$ -1.4251
   🧭 Tentativas map matching: 133

   🔑 OFFSET DETERMINÍSTICO (x=-0.00923927173224908°, y=-0.002665665043818847°, max=2.0km):
   📍 Start Original:  (40.775644, -73.960687)
   🔒 Start Protegido: (40.766621, -73.963066) ✓ 1.05 km | ✓ MAP MATCHED
   📏 Deslocamento final: 1024.2 metros
   📍 End Original:    (40.772974, -73.962198)
   🔒 End Protegido:   (40.764002, -73.964796) ✓ 1.05 km | ✓ MAP MATCHED
   📏 Deslocamento final: 1022.5 metros

   📐 ANÁLISE DE DISTÂNCIA DO TRAJETO (HAVERSINE DOS PONTOS ARMAZENADOS):
   ✨ 104 pontos privados duplicados foram separados para garantir visualização 1:1.
   ℹ️  Dica: use --debug-map-matching para ver tentativas detalhadas de re-snap.
   🔢 Pontos unicos original/offset: 130/27 (Δ -103, -79.2% )
   📍 Trajeto original: 1.405 km (linha reta entre pontos GPS)
   🔒 Trajeto com offset: 1.689 km (linha reta entre pontos COM snap)
   📊 Diferença: +0.283 km (+20.2%)

======================================================================
📊 ESTATÍSTICAS FINAIS
======================================================================
Viagens processadas: 1
Distância total: 1.41 km
Combustível total: 12.46 l
CO2 real total: 28774.3 g
CO2 meta total: 271.4 g
Delta CO2: -28502.9 g
Valor E1 total: R$ -1.43

💰 Créditos: R$ 0.00
💸 Débitos: R$ 1.43
📈 Saldo líquido: R$ -1.43

🗺️  MAP MATCHING:
   Pontos processados: 131
   Snaps tentados: 131 (100.0%)
   Snaps bem-sucedidos: 131 (100.0%)
   Snaps forçados (>100m): 131 (100.0%)
   ✅ TODOS os pontos estão em ruas (FORCE_SNAP=True)
======================================================================

💾 Dados agregados salvos em: ../data/offset_batch/vehicles_step_sim_6/run_023.csv
[csv-worker_6] [vehicles_step_sim_6] ===== LOG RUN 023 FIM =====

[csv-worker_6] [vehicles_step_sim_6] ===== LOG RUN 024 INICIO =====
======================================================================
🚗 PROCESSAMENTO SUMO → E1 REGISTRY (OFFSET ALEATÓRIO - veh0)
======================================================================
📄 Entrada: ../data/vehicles_step_sim_6.csv
🏭 Consumo fabricante: 12.0 km/l
💰 Preço carbono: R$ 50.0/ton
⭕ Raio máximo do offset aleatório: 2.0 km
🎲 Offset gerado aleatoriamente:
   Ângulo: 85.0°
   Distância: 0.9903 km
   offset_x (lat): 0.000772°  |  offset_y (lon): 0.008863°
📊 Row stepping: Processando todas as linhas
🗺️  Map matching: ATIVADO (raio 1500m) - pontos snapped para ruas
📐 Cálculo de distância: HAVERSINE PURO dos pontos COM snap (consistência)
======================================================================

📊 Carregando dados SUMO...
   Total de registros no arquivo: 155
   Veículos únicos: 1
   🚙 Vehicle selecionado: carro_1000

🔄 Agregando viagens por vehicle_id...
  📐 SUMO_carro_1000: Calculando distâncias com Haversine direto (SEM routing API)
      Original: 300 pontos → 3.1542 km (Haversine)
      Offset:   300 pontos → 3.2798 km (Haversine)

🚙 Veículo: SUMO_carro_1000
   Modelo: HBEFA4/PC_petrol_Euro-6ab
   Segmentos: 300
   📏 Distância: 3.158 km (city: 2.541, highway: 0.617)
   ⛽ Combustível: 49.984 l
   🏭 CO2 real: 115462.6 g
   🎯 CO2 meta: 608.0 g
   📊 Delta: -114854.6 g
   💰 Valor E1: R$ -5.7427
   🧭 Tentativas map matching: 302

   🔑 OFFSET DETERMINÍSTICO (x=0.006418589888266303°, y=0.0027216514891016353°, max=2.0km):
   📍 Start Original:  (40.775644, -73.960687)
   🔒 Start Protegido: (40.782107, -73.957902) ✓ 0.75 km | ✓ MAP MATCHED
   📏 Deslocamento final: 756.9 metros
   📍 End Original:    (40.773912, -73.961904)
   🔒 End Protegido:   (40.780239, -73.959264) ✓ 0.75 km | ✓ MAP MATCHED
   📏 Deslocamento final: 738.6 metros

   📐 ANÁLISE DE DISTÂNCIA DO TRAJETO (HAVERSINE DOS PONTOS ARMAZENADOS):
   ✨ 239 pontos privados duplicados foram separados para garantir visualização 1:1.
   ℹ️  Dica: use --debug-map-matching para ver tentativas detalhadas de re-snap.
   🔢 Pontos unicos original/offset: 299/61 (Δ -238, -79.6% )
   📍 Trajeto original: 3.154 km (linha reta entre pontos GPS)
   🔒 Trajeto com offset: 3.280 km (linha reta entre pontos COM snap)
   📊 Diferença: +0.126 km (+4.0%)

======================================================================
📊 ESTATÍSTICAS FINAIS
======================================================================
Viagens processadas: 1
Distância total: 3.16 km
Combustível total: 49.98 l
CO2 real total: 115462.6 g
CO2 meta total: 608.0 g
Delta CO2: -114854.6 g
Valor E1 total: R$ -5.74

💰 Créditos: R$ 0.00
💸 Débitos: R$ 5.74
📈 Saldo líquido: R$ -5.74

🗺️  MAP MATCHING:
   Pontos processados: 300
   Snaps tentados: 300 (100.0%)
   Snaps bem-sucedidos: 300 (100.0%)
   Snaps forçados (>100m): 300 (100.0%)
   ✅ TODOS os pontos estão em ruas (FORCE_SNAP=True)
======================================================================

💾 Dados agregados salvos em: ../data/offset_batch/vehicles_step_sim_6/run_024.csv
[csv-worker_6] [vehicles_step_sim_6] ===== LOG RUN 024 FIM =====

[csv-worker_6] [vehicles_step_sim_6] ===== LOG RUN 025 INICIO =====
======================================================================
🚗 PROCESSAMENTO SUMO → E1 REGISTRY (OFFSET ALEATÓRIO - veh0)
======================================================================
📄 Entrada: ../data/vehicles_step_sim_6.csv
🏭 Consumo fabricante: 12.0 km/l
💰 Preço carbono: R$ 50.0/ton
⭕ Raio máximo do offset aleatório: 2.0 km
🎲 Offset gerado aleatoriamente:
   Ângulo: 157.5°
   Distância: 1.9543 km
   offset_x (lat): -0.016220°  |  offset_y (lon): 0.006715°
📊 Row stepping: Processando todas as linhas
🗺️  Map matching: ATIVADO (raio 1500m) - pontos snapped para ruas
📐 Cálculo de distância: HAVERSINE PURO dos pontos COM snap (consistência)
======================================================================

📊 Carregando dados SUMO...
   Total de registros no arquivo: 155
   Veículos únicos: 1
   🚙 Vehicle selecionado: carro_1000

🔄 Agregando viagens por vehicle_id...
  📐 SUMO_carro_1000: Calculando distâncias com Haversine direto (SEM routing API)
      Original: 131 pontos → 1.4055 km (Haversine)
      Offset:   131 pontos → 1.2478 km (Haversine)

🚙 Veículo: SUMO_carro_1000
   Modelo: HBEFA4/PC_petrol_Euro-6ab
   Segmentos: 131
   📏 Distância: 1.410 km (city: 1.410, highway: 0.000)
   ⛽ Combustível: 12.456 l
   🏭 CO2 real: 28774.3 g
   🎯 CO2 meta: 271.4 g
   📊 Delta: -28502.9 g
   💰 Valor E1: R$ -1.4251
   🧭 Tentativas map matching: 133

   🔑 OFFSET DETERMINÍSTICO (x=0.0027982281028720566°, y=-0.015577785281338463°, max=2.0km):
   📍 Start Original:  (40.775644, -73.960687)
   🔒 Start Protegido: (40.778680, -73.977697) ✓ 1.35 km | ✓ MAP MATCHED
   📏 Deslocamento final: 1473.3 metros
   📍 End Original:    (40.772974, -73.962198)
   🔒 End Protegido:   (40.775594, -73.976586) ✓ 1.35 km | ✓ MAP MATCHED
   📏 Deslocamento final: 1247.5 metros

   📐 ANÁLISE DE DISTÂNCIA DO TRAJETO (HAVERSINE DOS PONTOS ARMAZENADOS):
   ✨ 111 pontos privados duplicados foram separados para garantir visualização 1:1.
   ℹ️  Dica: use --debug-map-matching para ver tentativas detalhadas de re-snap.
   🔢 Pontos unicos original/offset: 130/20 (Δ -110, -84.6% )
   📍 Trajeto original: 1.405 km (linha reta entre pontos GPS)
   🔒 Trajeto com offset: 1.248 km (linha reta entre pontos COM snap)
   📊 Diferença: -0.158 km (-11.2%)

======================================================================
📊 ESTATÍSTICAS FINAIS
======================================================================
Viagens processadas: 1
Distância total: 1.41 km
Combustível total: 12.46 l
CO2 real total: 28774.3 g
CO2 meta total: 271.4 g
Delta CO2: -28502.9 g
Valor E1 total: R$ -1.43

💰 Créditos: R$ 0.00
💸 Débitos: R$ 1.43
📈 Saldo líquido: R$ -1.43

🗺️  MAP MATCHING:
   Pontos processados: 131
   Snaps tentados: 131 (100.0%)
   Snaps bem-sucedidos: 131 (100.0%)
   Snaps forçados (>100m): 131 (100.0%)
   ✅ TODOS os pontos estão em ruas (FORCE_SNAP=True)
======================================================================

💾 Dados agregados salvos em: ../data/offset_batch/vehicles_step_sim_6/run_025.csv
[csv-worker_6] [vehicles_step_sim_6] ===== LOG RUN 025 FIM =====

[csv-worker_6] [vehicles_step_sim_6] ===== LOG RUN 026 INICIO =====
======================================================================
🚗 PROCESSAMENTO SUMO → E1 REGISTRY (OFFSET ALEATÓRIO - veh0)
======================================================================
📄 Entrada: ../data/vehicles_step_sim_6.csv
🏭 Consumo fabricante: 12.0 km/l
💰 Preço carbono: R$ 50.0/ton
⭕ Raio máximo do offset aleatório: 2.0 km
🎲 Offset gerado aleatoriamente:
   Ângulo: 101.3°
   Distância: 1.8559 km
   offset_x (lat): -0.003265°  |  offset_y (lon): 0.016349°
📊 Row stepping: Processando todas as linhas
🗺️  Map matching: ATIVADO (raio 1500m) - pontos snapped para ruas
📐 Cálculo de distância: HAVERSINE PURO dos pontos COM snap (consistência)
======================================================================

📊 Carregando dados SUMO...
   Total de registros no arquivo: 155
   Veículos únicos: 1
   🚙 Vehicle selecionado: carro_1000

🔄 Agregando viagens por vehicle_id...
  📐 SUMO_carro_1000: Calculando distâncias com Haversine direto (SEM routing API)
      Original: 337 pontos → 3.3706 km (Haversine)
      Offset:   337 pontos → 5.9425 km (Haversine)

🚙 Veículo: SUMO_carro_1000
   Modelo: HBEFA4/PC_petrol_Euro-6ab
   Segmentos: 337
   📏 Distância: 3.379 km (city: 3.069, highway: 0.310)
   ⛽ Combustível: 58.616 l
   🏭 CO2 real: 135402.3 g
   🎯 CO2 meta: 650.5 g
   📊 Delta: -134751.8 g
   💰 Valor E1: R$ -6.7376
   🧭 Tentativas map matching: 339

   🔑 OFFSET DETERMINÍSTICO (x=-0.009083328768822254°, y=0.014335036718192399°, max=2.0km):
   📍 Start Original:  (40.775644, -73.960687)
   🔒 Start Protegido: (40.767939, -73.949569) ✓ 1.58 km | ✓ MAP MATCHED
   📏 Deslocamento final: 1270.5 metros
   📍 End Original:    (40.774801, -73.960637)
   🔒 End Protegido:   (40.767430, -73.950018) ✓ 1.58 km | ✓ MAP MATCHED
   📏 Deslocamento final: 1214.3 metros

   📐 ANÁLISE DE DISTÂNCIA DO TRAJETO (HAVERSINE DOS PONTOS ARMAZENADOS):
   ✨ 287 pontos privados duplicados foram separados para garantir visualização 1:1.
   ℹ️  Dica: use --debug-map-matching para ver tentativas detalhadas de re-snap.
   🔢 Pontos unicos original/offset: 337/50 (Δ -287, -85.2% )
   📍 Trajeto original: 3.371 km (linha reta entre pontos GPS)
   🔒 Trajeto com offset: 5.942 km (linha reta entre pontos COM snap)
   📊 Diferença: +2.572 km (+76.3%)

======================================================================
📊 ESTATÍSTICAS FINAIS
======================================================================
Viagens processadas: 1
Distância total: 3.38 km
Combustível total: 58.62 l
CO2 real total: 135402.3 g
CO2 meta total: 650.5 g
Delta CO2: -134751.8 g
Valor E1 total: R$ -6.74

💰 Créditos: R$ 0.00
💸 Débitos: R$ 6.74
📈 Saldo líquido: R$ -6.74

🗺️  MAP MATCHING:
   Pontos processados: 337
   Snaps tentados: 337 (100.0%)
   Snaps bem-sucedidos: 337 (100.0%)
   Snaps forçados (>100m): 337 (100.0%)
   ✅ TODOS os pontos estão em ruas (FORCE_SNAP=True)
======================================================================

💾 Dados agregados salvos em: ../data/offset_batch/vehicles_step_sim_6/run_026.csv
[csv-worker_6] [vehicles_step_sim_6] ===== LOG RUN 026 FIM =====

[csv-worker_6] [vehicles_step_sim_6] ===== LOG RUN 027 INICIO =====
======================================================================
🚗 PROCESSAMENTO SUMO → E1 REGISTRY (OFFSET ALEATÓRIO - veh0)
======================================================================
📄 Entrada: ../data/vehicles_step_sim_6.csv
🏭 Consumo fabricante: 12.0 km/l
💰 Preço carbono: R$ 50.0/ton
⭕ Raio máximo do offset aleatório: 2.0 km
🎲 Offset gerado aleatoriamente:
   Ângulo: 358.7°
   Distância: 1.4595 km
   offset_x (lat): 0.013108°  |  offset_y (lon): -0.000287°
📊 Row stepping: Processando todas as linhas
🗺️  Map matching: ATIVADO (raio 1500m) - pontos snapped para ruas
📐 Cálculo de distância: HAVERSINE PURO dos pontos COM snap (consistência)
======================================================================

📊 Carregando dados SUMO...
   Total de registros no arquivo: 155
   Veículos únicos: 1
   🚙 Vehicle selecionado: carro_1000

🔄 Agregando viagens por vehicle_id...
  📐 SUMO_carro_1000: Calculando distâncias com Haversine direto (SEM routing API)
      Original: 131 pontos → 1.4055 km (Haversine)
      Offset:   131 pontos → 1.6022 km (Haversine)

🚙 Veículo: SUMO_carro_1000
   Modelo: HBEFA4/PC_petrol_Euro-6ab
   Segmentos: 131
   📏 Distância: 1.410 km (city: 1.410, highway: 0.000)
   ⛽ Combustível: 12.456 l
   🏭 CO2 real: 28774.3 g
   🎯 CO2 meta: 271.4 g
   📊 Delta: -28502.9 g
   💰 Valor E1: R$ -1.4251
   🧭 Tentativas map matching: 133

   🔑 OFFSET DETERMINÍSTICO (x=0.0015114686553859519°, y=-0.007423382320032698°, max=2.0km):
   📍 Start Original:  (40.775644, -73.960687)
   🔒 Start Protegido: (40.778408, -73.967292) ✓ 0.65 km | ✓ MAP MATCHED
   📏 Deslocamento final: 636.2 metros
   📍 End Original:    (40.772974, -73.962198)
   🔒 End Protegido:   (40.773195, -73.966493) ✓ 0.65 km | ✓ MAP MATCHED
   📏 Deslocamento final: 362.8 metros

   📐 ANÁLISE DE DISTÂNCIA DO TRAJETO (HAVERSINE DOS PONTOS ARMAZENADOS):
   ✨ 109 pontos privados duplicados foram separados para garantir visualização 1:1.
   ℹ️  Dica: use --debug-map-matching para ver tentativas detalhadas de re-snap.
   🔢 Pontos unicos original/offset: 130/22 (Δ -108, -83.1% )
   📍 Trajeto original: 1.405 km (linha reta entre pontos GPS)
   🔒 Trajeto com offset: 1.602 km (linha reta entre pontos COM snap)
   📊 Diferença: +0.197 km (+14.0%)

======================================================================
📊 ESTATÍSTICAS FINAIS
======================================================================
Viagens processadas: 1
Distância total: 1.41 km
Combustível total: 12.46 l
CO2 real total: 28774.3 g
CO2 meta total: 271.4 g
Delta CO2: -28502.9 g
Valor E1 total: R$ -1.43

💰 Créditos: R$ 0.00
💸 Débitos: R$ 1.43
📈 Saldo líquido: R$ -1.43

🗺️  MAP MATCHING:
   Pontos processados: 131
   Snaps tentados: 131 (100.0%)
   Snaps bem-sucedidos: 131 (100.0%)
   Snaps forçados (>100m): 131 (100.0%)
   ✅ TODOS os pontos estão em ruas (FORCE_SNAP=True)
======================================================================

💾 Dados agregados salvos em: ../data/offset_batch/vehicles_step_sim_6/run_027.csv
[csv-worker_6] [vehicles_step_sim_6] ===== LOG RUN 027 FIM =====

[csv-worker_6] [vehicles_step_sim_6] ===== LOG RUN 028 INICIO =====
======================================================================
🚗 PROCESSAMENTO SUMO → E1 REGISTRY (OFFSET ALEATÓRIO - veh0)
======================================================================
📄 Entrada: ../data/vehicles_step_sim_6.csv
🏭 Consumo fabricante: 12.0 km/l
💰 Preço carbono: R$ 50.0/ton
⭕ Raio máximo do offset aleatório: 2.0 km
🎲 Offset gerado aleatoriamente:
   Ângulo: 349.1°
   Distância: 1.3609 km
   offset_x (lat): 0.012004°  |  offset_y (lon): -0.002317°
📊 Row stepping: Processando todas as linhas
🗺️  Map matching: ATIVADO (raio 1500m) - pontos snapped para ruas
📐 Cálculo de distância: HAVERSINE PURO dos pontos COM snap (consistência)
======================================================================

📊 Carregando dados SUMO...
   Total de registros no arquivo: 155
   Veículos únicos: 1
   🚙 Vehicle selecionado: carro_1000

🔄 Agregando viagens por vehicle_id...
  📐 SUMO_carro_1000: Calculando distâncias com Haversine direto (SEM routing API)
      Original: 299 pontos → 3.0526 km (Haversine)
      Offset:   299 pontos → 1.6665 km (Haversine)

🚙 Veículo: SUMO_carro_1000
   Modelo: HBEFA4/PC_petrol_Euro-6ab
   Segmentos: 299
   📏 Distância: 3.060 km (city: 3.060, highway: 0.000)
   ⛽ Combustível: 48.384 l
   🏭 CO2 real: 111766.0 g
   🎯 CO2 meta: 589.0 g
   📊 Delta: -111177.0 g
   💰 Valor E1: R$ -5.5588
   🧭 Tentativas map matching: 301

   🔑 OFFSET DETERMINÍSTICO (x=0.0030799443366609893°, y=-0.012820551944115036°, max=2.0km):
   📍 Start Original:  (40.775644, -73.960687)
   🔒 Start Protegido: (40.778872, -73.974037) ✓ 1.13 km | ✓ MAP MATCHED
   📏 Deslocamento final: 1181.4 metros
   📍 End Original:    (40.774198, -73.961141)
   🔒 End Protegido:   (40.777592, -73.974963) ✓ 1.13 km | ✓ MAP MATCHED
   📏 Deslocamento final: 1224.9 metros

   📐 ANÁLISE DE DISTÂNCIA DO TRAJETO (HAVERSINE DOS PONTOS ARMAZENADOS):
   ✨ 281 pontos privados duplicados foram separados para garantir visualização 1:1.
   ℹ️  Dica: use --debug-map-matching para ver tentativas detalhadas de re-snap.
   🔢 Pontos unicos original/offset: 299/18 (Δ -281, -94.0% )
   📍 Trajeto original: 3.053 km (linha reta entre pontos GPS)
   🔒 Trajeto com offset: 1.666 km (linha reta entre pontos COM snap)
   📊 Diferença: -1.386 km (-45.4%)

======================================================================
📊 ESTATÍSTICAS FINAIS
======================================================================
Viagens processadas: 1
Distância total: 3.06 km
Combustível total: 48.38 l
CO2 real total: 111766.0 g
CO2 meta total: 589.0 g
Delta CO2: -111177.0 g
Valor E1 total: R$ -5.56

💰 Créditos: R$ 0.00
💸 Débitos: R$ 5.56
📈 Saldo líquido: R$ -5.56

🗺️  MAP MATCHING:
   Pontos processados: 299
   Snaps tentados: 299 (100.0%)
   Snaps bem-sucedidos: 299 (100.0%)
   Snaps forçados (>100m): 299 (100.0%)
   ✅ TODOS os pontos estão em ruas (FORCE_SNAP=True)
======================================================================

💾 Dados agregados salvos em: ../data/offset_batch/vehicles_step_sim_6/run_028.csv
[csv-worker_6] [vehicles_step_sim_6] ===== LOG RUN 028 FIM =====

[csv-worker_6] [vehicles_step_sim_6] ===== LOG RUN 029 INICIO =====
======================================================================
🚗 PROCESSAMENTO SUMO → E1 REGISTRY (OFFSET ALEATÓRIO - veh0)
======================================================================
📄 Entrada: ../data/vehicles_step_sim_6.csv
🏭 Consumo fabricante: 12.0 km/l
💰 Preço carbono: R$ 50.0/ton
⭕ Raio máximo do offset aleatório: 2.0 km
🎲 Offset gerado aleatoriamente:
   Ângulo: 124.9°
   Distância: 1.0307 km
   offset_x (lat): -0.005301°  |  offset_y (lon): 0.007592°
📊 Row stepping: Processando todas as linhas
🗺️  Map matching: ATIVADO (raio 1500m) - pontos snapped para ruas
📐 Cálculo de distância: HAVERSINE PURO dos pontos COM snap (consistência)
======================================================================

📊 Carregando dados SUMO...
   Total de registros no arquivo: 155
   Veículos únicos: 1
   🚙 Vehicle selecionado: carro_1000

🔄 Agregando viagens por vehicle_id...
  📐 SUMO_carro_1000: Calculando distâncias com Haversine direto (SEM routing API)
      Original: 300 pontos → 3.1542 km (Haversine)
      Offset:   300 pontos → 3.1879 km (Haversine)

🚙 Veículo: SUMO_carro_1000
   Modelo: HBEFA4/PC_petrol_Euro-6ab
   Segmentos: 300
   📏 Distância: 3.158 km (city: 2.541, highway: 0.617)
   ⛽ Combustível: 49.984 l
   🏭 CO2 real: 115462.6 g
   🎯 CO2 meta: 608.0 g
   📊 Delta: -114854.6 g
   💰 Valor E1: R$ -5.7427
   🧭 Tentativas map matching: 302

   🔑 OFFSET DETERMINÍSTICO (x=-0.0010626295379432503°, y=0.011534799465670197°, max=2.0km):
   📍 Start Original:  (40.775644, -73.960687)
   🔒 Start Protegido: (40.774030, -73.948678) ✓ 0.98 km | ✓ MAP MATCHED
   📏 Deslocamento final: 1028.2 metros
   📍 End Original:    (40.773912, -73.961904)
   🔒 End Protegido:   (40.772763, -73.949605) ✓ 0.98 km | ✓ MAP MATCHED
   📏 Deslocamento final: 1044.7 metros

   📐 ANÁLISE DE DISTÂNCIA DO TRAJETO (HAVERSINE DOS PONTOS ARMAZENADOS):
   ✨ 258 pontos privados duplicados foram separados para garantir visualização 1:1.
   ℹ️  Dica: use --debug-map-matching para ver tentativas detalhadas de re-snap.
   🔢 Pontos unicos original/offset: 299/42 (Δ -257, -86.0% )
   📍 Trajeto original: 3.154 km (linha reta entre pontos GPS)
   🔒 Trajeto com offset: 3.188 km (linha reta entre pontos COM snap)
   📊 Diferença: +0.034 km (+1.1%)

======================================================================
📊 ESTATÍSTICAS FINAIS
======================================================================
Viagens processadas: 1
Distância total: 3.16 km
Combustível total: 49.98 l
CO2 real total: 115462.6 g
CO2 meta total: 608.0 g
Delta CO2: -114854.6 g
Valor E1 total: R$ -5.74

💰 Créditos: R$ 0.00
💸 Débitos: R$ 5.74
📈 Saldo líquido: R$ -5.74

🗺️  MAP MATCHING:
   Pontos processados: 300
   Snaps tentados: 300 (100.0%)
   Snaps bem-sucedidos: 300 (100.0%)
   Snaps forçados (>100m): 300 (100.0%)
   ✅ TODOS os pontos estão em ruas (FORCE_SNAP=True)
======================================================================

💾 Dados agregados salvos em: ../data/offset_batch/vehicles_step_sim_6/run_029.csv
[csv-worker_6] [vehicles_step_sim_6] ===== LOG RUN 029 FIM =====

[csv-worker_6] [vehicles_step_sim_6] ===== LOG RUN 030 INICIO =====
======================================================================
🚗 PROCESSAMENTO SUMO → E1 REGISTRY (OFFSET ALEATÓRIO - veh0)
======================================================================
📄 Entrada: ../data/vehicles_step_sim_6.csv
🏭 Consumo fabricante: 12.0 km/l
💰 Preço carbono: R$ 50.0/ton
⭕ Raio máximo do offset aleatório: 2.0 km
🎲 Offset gerado aleatoriamente:
   Ângulo: 247.4°
   Distância: 1.6691 km
   offset_x (lat): -0.005757°  |  offset_y (lon): -0.013844°
📊 Row stepping: Processando todas as linhas
🗺️  Map matching: ATIVADO (raio 1500m) - pontos snapped para ruas
📐 Cálculo de distância: HAVERSINE PURO dos pontos COM snap (consistência)
======================================================================

📊 Carregando dados SUMO...
   Total de registros no arquivo: 155
   Veículos únicos: 1
   🚙 Vehicle selecionado: carro_1000

🔄 Agregando viagens por vehicle_id...
  📐 SUMO_carro_1000: Calculando distâncias com Haversine direto (SEM routing API)
      Original: 131 pontos → 1.4055 km (Haversine)
      Offset:   131 pontos → 0.8145 km (Haversine)

🚙 Veículo: SUMO_carro_1000
   Modelo: HBEFA4/PC_petrol_Euro-6ab
   Segmentos: 131
   📏 Distância: 1.410 km (city: 1.410, highway: 0.000)
   ⛽ Combustível: 12.456 l
   🏭 CO2 real: 28774.3 g
   🎯 CO2 meta: 271.4 g
   📊 Delta: -28502.9 g
   💰 Valor E1: R$ -1.4251
   🧭 Tentativas map matching: 133

   🔑 OFFSET DETERMINÍSTICO (x=-0.0011621226411780245°, y=-0.007207870083752526°, max=2.0km):
   📍 Start Original:  (40.775644, -73.960687)
   🔒 Start Protegido: (40.773730, -73.966102) ✓ 0.62 km | ✓ MAP MATCHED
   📏 Deslocamento final: 503.7 metros
   📍 End Original:    (40.772974, -73.962198)
   🔒 End Protegido:   (40.771207, -73.967950) ✓ 0.62 km | ✓ MAP MATCHED
   📏 Deslocamento final: 523.3 metros

   📐 ANÁLISE DE DISTÂNCIA DO TRAJETO (HAVERSINE DOS PONTOS ARMAZENADOS):
   ✨ 113 pontos privados duplicados foram separados para garantir visualização 1:1.
   ℹ️  Dica: use --debug-map-matching para ver tentativas detalhadas de re-snap.
   🔢 Pontos unicos original/offset: 130/18 (Δ -112, -86.2% )
   📍 Trajeto original: 1.405 km (linha reta entre pontos GPS)
   🔒 Trajeto com offset: 0.815 km (linha reta entre pontos COM snap)
   📊 Diferença: -0.591 km (-42.0%)

======================================================================
📊 ESTATÍSTICAS FINAIS
======================================================================
Viagens processadas: 1
Distância total: 1.41 km
Combustível total: 12.46 l
CO2 real total: 28774.3 g
CO2 meta total: 271.4 g
Delta CO2: -28502.9 g
Valor E1 total: R$ -1.43

💰 Créditos: R$ 0.00
💸 Débitos: R$ 1.43
📈 Saldo líquido: R$ -1.43

🗺️  MAP MATCHING:
   Pontos processados: 131
   Snaps tentados: 131 (100.0%)
   Snaps bem-sucedidos: 131 (100.0%)
   Snaps forçados (>100m): 131 (100.0%)
   ✅ TODOS os pontos estão em ruas (FORCE_SNAP=True)
======================================================================

💾 Dados agregados salvos em: ../data/offset_batch/vehicles_step_sim_6/run_030.csv
[csv-worker_6] [vehicles_step_sim_6] ===== LOG RUN 030 FIM =====

[csv-worker_6] [vehicles_step_sim_6] ===== LOG RUN 031 INICIO =====
======================================================================
🚗 PROCESSAMENTO SUMO → E1 REGISTRY (OFFSET ALEATÓRIO - veh0)
======================================================================
📄 Entrada: ../data/vehicles_step_sim_6.csv
🏭 Consumo fabricante: 12.0 km/l
💰 Preço carbono: R$ 50.0/ton
⭕ Raio máximo do offset aleatório: 2.0 km
🎲 Offset gerado aleatoriamente:
   Ângulo: 298.4°
   Distância: 0.8092 km
   offset_x (lat): 0.003454°  |  offset_y (lon): -0.006396°
📊 Row stepping: Processando todas as linhas
🗺️  Map matching: ATIVADO (raio 1500m) - pontos snapped para ruas
📐 Cálculo de distância: HAVERSINE PURO dos pontos COM snap (consistência)
======================================================================

📊 Carregando dados SUMO...
   Total de registros no arquivo: 155
   Veículos únicos: 1
   🚙 Vehicle selecionado: carro_1000

🔄 Agregando viagens por vehicle_id...
  📐 SUMO_carro_1000: Calculando distâncias com Haversine direto (SEM routing API)
      Original: 301 pontos → 3.1480 km (Haversine)
      Offset:   301 pontos → 4.6068 km (Haversine)

🚙 Veículo: SUMO_carro_1000
   Modelo: HBEFA4/PC_petrol_Euro-6ab
   Segmentos: 301
   📏 Distância: 3.159 km (city: 3.020, highway: 0.139)
   ⛽ Combustível: 51.224 l
   🏭 CO2 real: 118326.7 g
   🎯 CO2 meta: 608.1 g
   📊 Delta: -117718.6 g
   💰 Valor E1: R$ -5.8859
   🧭 Tentativas map matching: 303

   🔑 OFFSET DETERMINÍSTICO (x=-0.011269547343097479°, y=0.005245463658468714°, max=2.0km):
   📍 Start Original:  (40.775644, -73.960687)
   🔒 Start Protegido: (40.764358, -73.955578) ✓ 1.33 km | ✓ MAP MATCHED
   📏 Deslocamento final: 1328.1 metros
   📍 End Original:    (40.771236, -73.963813)
   🔒 End Protegido:   (40.759858, -73.958683) ✓ 1.33 km | ✓ MAP MATCHED
   📏 Deslocamento final: 1338.3 metros

   📐 ANÁLISE DE DISTÂNCIA DO TRAJETO (HAVERSINE DOS PONTOS ARMAZENADOS):
   ✨ 252 pontos privados duplicados foram separados para garantir visualização 1:1.
   ℹ️  Dica: use --debug-map-matching para ver tentativas detalhadas de re-snap.
   🔢 Pontos unicos original/offset: 301/49 (Δ -252, -83.7% )
   📍 Trajeto original: 3.148 km (linha reta entre pontos GPS)
   🔒 Trajeto com offset: 4.607 km (linha reta entre pontos COM snap)
   📊 Diferença: +1.459 km (+46.3%)

======================================================================
📊 ESTATÍSTICAS FINAIS
======================================================================
Viagens processadas: 1
Distância total: 3.16 km
Combustível total: 51.22 l
CO2 real total: 118326.7 g
CO2 meta total: 608.1 g
Delta CO2: -117718.6 g
Valor E1 total: R$ -5.89

💰 Créditos: R$ 0.00
💸 Débitos: R$ 5.89
📈 Saldo líquido: R$ -5.89

🗺️  MAP MATCHING:
   Pontos processados: 301
   Snaps tentados: 301 (100.0%)
   Snaps bem-sucedidos: 301 (100.0%)
   Snaps forçados (>100m): 301 (100.0%)
   ✅ TODOS os pontos estão em ruas (FORCE_SNAP=True)
======================================================================

💾 Dados agregados salvos em: ../data/offset_batch/vehicles_step_sim_6/run_031.csv
[csv-worker_6] [vehicles_step_sim_6] ===== LOG RUN 031 FIM =====

[csv-worker_6] [vehicles_step_sim_6] ===== LOG RUN 032 INICIO =====
======================================================================
🚗 PROCESSAMENTO SUMO → E1 REGISTRY (OFFSET ALEATÓRIO - veh0)
======================================================================
📄 Entrada: ../data/vehicles_step_sim_6.csv
🏭 Consumo fabricante: 12.0 km/l
💰 Preço carbono: R$ 50.0/ton
⭕ Raio máximo do offset aleatório: 2.0 km
🎲 Offset gerado aleatoriamente:
   Ângulo: 239.0°
   Distância: 0.9408 km
   offset_x (lat): -0.004347°  |  offset_y (lon): -0.007248°
📊 Row stepping: Processando todas as linhas
🗺️  Map matching: ATIVADO (raio 1500m) - pontos snapped para ruas
📐 Cálculo de distância: HAVERSINE PURO dos pontos COM snap (consistência)
======================================================================

📊 Carregando dados SUMO...
   Total de registros no arquivo: 155
   Veículos únicos: 1
   🚙 Vehicle selecionado: carro_1000

🔄 Agregando viagens por vehicle_id...
  📐 SUMO_carro_1000: Calculando distâncias com Haversine direto (SEM routing API)
      Original: 299 pontos → 3.0526 km (Haversine)
      Offset:   299 pontos → 3.0653 km (Haversine)

🚙 Veículo: SUMO_carro_1000
   Modelo: HBEFA4/PC_petrol_Euro-6ab
   Segmentos: 299
   📏 Distância: 3.060 km (city: 3.060, highway: 0.000)
   ⛽ Combustível: 48.384 l
   🏭 CO2 real: 111766.0 g
   🎯 CO2 meta: 589.0 g
   📊 Delta: -111177.0 g
   💰 Valor E1: R$ -5.5588
   🧭 Tentativas map matching: 301

   🔑 OFFSET DETERMINÍSTICO (x=-0.0026095616869535308°, y=-0.005192714609258655°, max=2.0km):
   📍 Start Original:  (40.775644, -73.960687)
   🔒 Start Protegido: (40.773102, -73.966446) ✓ 0.53 km | ✓ MAP MATCHED
   📏 Deslocamento final: 562.0 metros
   📍 End Original:    (40.774198, -73.961141)
   🔒 End Protegido:   (40.771153, -73.966043) ✓ 0.53 km | ✓ MAP MATCHED
   📏 Deslocamento final: 534.5 metros

   📐 ANÁLISE DE DISTÂNCIA DO TRAJETO (HAVERSINE DOS PONTOS ARMAZENADOS):
   ✨ 271 pontos privados duplicados foram separados para garantir visualização 1:1.
   ℹ️  Dica: use --debug-map-matching para ver tentativas detalhadas de re-snap.
   🔢 Pontos unicos original/offset: 299/28 (Δ -271, -90.6% )
   📍 Trajeto original: 3.053 km (linha reta entre pontos GPS)
   🔒 Trajeto com offset: 3.065 km (linha reta entre pontos COM snap)
   📊 Diferença: +0.013 km (+0.4%)

======================================================================
📊 ESTATÍSTICAS FINAIS
======================================================================
Viagens processadas: 1
Distância total: 3.06 km
Combustível total: 48.38 l
CO2 real total: 111766.0 g
CO2 meta total: 589.0 g
Delta CO2: -111177.0 g
Valor E1 total: R$ -5.56

💰 Créditos: R$ 0.00
💸 Débitos: R$ 5.56
📈 Saldo líquido: R$ -5.56

🗺️  MAP MATCHING:
   Pontos processados: 299
   Snaps tentados: 299 (100.0%)
   Snaps bem-sucedidos: 299 (100.0%)
   Snaps forçados (>100m): 299 (100.0%)
   ✅ TODOS os pontos estão em ruas (FORCE_SNAP=True)
======================================================================

💾 Dados agregados salvos em: ../data/offset_batch/vehicles_step_sim_6/run_032.csv
[csv-worker_6] [vehicles_step_sim_6] ===== LOG RUN 032 FIM =====

[csv-worker_6] [vehicles_step_sim_6] ===== LOG RUN 033 INICIO =====
======================================================================
🚗 PROCESSAMENTO SUMO → E1 REGISTRY (OFFSET ALEATÓRIO - veh0)
======================================================================
📄 Entrada: ../data/vehicles_step_sim_6.csv
🏭 Consumo fabricante: 12.0 km/l
💰 Preço carbono: R$ 50.0/ton
⭕ Raio máximo do offset aleatório: 2.0 km
🎲 Offset gerado aleatoriamente:
   Ângulo: 198.3°
   Distância: 1.1812 km
   offset_x (lat): -0.010076°  |  offset_y (lon): -0.003328°
📊 Row stepping: Processando todas as linhas
🗺️  Map matching: ATIVADO (raio 1500m) - pontos snapped para ruas
📐 Cálculo de distância: HAVERSINE PURO dos pontos COM snap (consistência)
======================================================================

📊 Carregando dados SUMO...
   Total de registros no arquivo: 155
   Veículos únicos: 1
   🚙 Vehicle selecionado: carro_1000

🔄 Agregando viagens por vehicle_id...
  📐 SUMO_carro_1000: Calculando distâncias com Haversine direto (SEM routing API)
      Original: 312 pontos → 3.1845 km (Haversine)
      Offset:   312 pontos → 3.0723 km (Haversine)

🚙 Veículo: SUMO_carro_1000
   Modelo: HBEFA4/PC_petrol_Euro-6ab
   Segmentos: 312
   📏 Distância: 3.190 km (city: 2.602, highway: 0.587)
   ⛽ Combustível: 54.577 l
   🏭 CO2 real: 126071.8 g
   🎯 CO2 meta: 614.1 g
   📊 Delta: -125457.8 g
   💰 Valor E1: R$ -6.2729
   🧭 Tentativas map matching: 314

   🔑 OFFSET DETERMINÍSTICO (x=0.0006474725474328847°, y=-0.016236608740584576°, max=2.0km):
   📍 Start Original:  (40.775644, -73.960687)
   🔒 Start Protegido: (40.776560, -73.976765) ✓ 1.37 km | ✓ MAP MATCHED
   📏 Deslocamento final: 1359.2 metros
   📍 End Original:    (40.771637, -73.963520)
   🔒 End Protegido:   (40.772039, -73.979832) ✓ 1.37 km | ✓ MAP MATCHED
   📏 Deslocamento final: 1375.9 metros

   📐 ANÁLISE DE DISTÂNCIA DO TRAJETO (HAVERSINE DOS PONTOS ARMAZENADOS):
   ✨ 268 pontos privados duplicados foram separados para garantir visualização 1:1.
   ℹ️  Dica: use --debug-map-matching para ver tentativas detalhadas de re-snap.
   🔢 Pontos unicos original/offset: 312/44 (Δ -268, -85.9% )
   📍 Trajeto original: 3.185 km (linha reta entre pontos GPS)
   🔒 Trajeto com offset: 3.072 km (linha reta entre pontos COM snap)
   📊 Diferença: -0.112 km (-3.5%)

======================================================================
📊 ESTATÍSTICAS FINAIS
======================================================================
Viagens processadas: 1
Distância total: 3.19 km
Combustível total: 54.58 l
CO2 real total: 126071.8 g
CO2 meta total: 614.1 g
Delta CO2: -125457.8 g
Valor E1 total: R$ -6.27

💰 Créditos: R$ 0.00
💸 Débitos: R$ 6.27
📈 Saldo líquido: R$ -6.27

🗺️  MAP MATCHING:
   Pontos processados: 312
   Snaps tentados: 312 (100.0%)
   Snaps bem-sucedidos: 312 (100.0%)
   Snaps forçados (>100m): 312 (100.0%)
   ✅ TODOS os pontos estão em ruas (FORCE_SNAP=True)
======================================================================

💾 Dados agregados salvos em: ../data/offset_batch/vehicles_step_sim_6/run_033.csv
[csv-worker_6] [vehicles_step_sim_6] ===== LOG RUN 033 FIM =====

[csv-worker_6] [vehicles_step_sim_6] ===== LOG RUN 034 INICIO =====
======================================================================
🚗 PROCESSAMENTO SUMO → E1 REGISTRY (OFFSET ALEATÓRIO - veh0)
======================================================================
📄 Entrada: ../data/vehicles_step_sim_6.csv
🏭 Consumo fabricante: 12.0 km/l
💰 Preço carbono: R$ 50.0/ton
⭕ Raio máximo do offset aleatório: 2.0 km
🎲 Offset gerado aleatoriamente:
   Ângulo: 327.9°
   Distância: 1.9367 km
   offset_x (lat): 0.014738°  |  offset_y (lon): -0.009244°
📊 Row stepping: Processando todas as linhas
🗺️  Map matching: ATIVADO (raio 1500m) - pontos snapped para ruas
📐 Cálculo de distância: HAVERSINE PURO dos pontos COM snap (consistência)
======================================================================

📊 Carregando dados SUMO...
   Total de registros no arquivo: 155
   Veículos únicos: 1
   🚙 Vehicle selecionado: carro_1000

🔄 Agregando viagens por vehicle_id...
  📐 SUMO_carro_1000: Calculando distâncias com Haversine direto (SEM routing API)
      Original: 299 pontos → 3.0526 km (Haversine)
      Offset:   299 pontos → 3.2810 km (Haversine)

🚙 Veículo: SUMO_carro_1000
   Modelo: HBEFA4/PC_petrol_Euro-6ab
   Segmentos: 299
   📏 Distância: 3.060 km (city: 3.060, highway: 0.000)
   ⛽ Combustível: 48.384 l
   🏭 CO2 real: 111766.0 g
   🎯 CO2 meta: 589.0 g
   📊 Delta: -111177.0 g
   💰 Valor E1: R$ -5.5588
   🧭 Tentativas map matching: 301

   🔑 OFFSET DETERMINÍSTICO (x=0.009083587737991568°, y=0.012694692163957076°, max=2.0km):
   📍 Start Original:  (40.775644, -73.960687)
   🔒 Start Protegido: (40.784401, -73.947447) ✓ 1.47 km | ✓ MAP MATCHED
   📏 Deslocamento final: 1482.0 metros
   📍 End Original:    (40.774198, -73.961141)
   🔒 End Protegido:   (40.783158, -73.948544) ✓ 1.47 km | ✓ MAP MATCHED
   📏 Deslocamento final: 1456.9 metros

   📐 ANÁLISE DE DISTÂNCIA DO TRAJETO (HAVERSINE DOS PONTOS ARMAZENADOS):
   ✨ 265 pontos privados duplicados foram separados para garantir visualização 1:1.
   ℹ️  Dica: use --debug-map-matching para ver tentativas detalhadas de re-snap.
   🔢 Pontos unicos original/offset: 299/34 (Δ -265, -88.6% )
   📍 Trajeto original: 3.053 km (linha reta entre pontos GPS)
   🔒 Trajeto com offset: 3.281 km (linha reta entre pontos COM snap)
   📊 Diferença: +0.228 km (+7.5%)

======================================================================
📊 ESTATÍSTICAS FINAIS
======================================================================
Viagens processadas: 1
Distância total: 3.06 km
Combustível total: 48.38 l
CO2 real total: 111766.0 g
CO2 meta total: 589.0 g
Delta CO2: -111177.0 g
Valor E1 total: R$ -5.56

💰 Créditos: R$ 0.00
💸 Débitos: R$ 5.56
📈 Saldo líquido: R$ -5.56

🗺️  MAP MATCHING:
   Pontos processados: 299
   Snaps tentados: 299 (100.0%)
   Snaps bem-sucedidos: 299 (100.0%)
   Snaps forçados (>100m): 299 (100.0%)
   ✅ TODOS os pontos estão em ruas (FORCE_SNAP=True)
======================================================================

💾 Dados agregados salvos em: ../data/offset_batch/vehicles_step_sim_6/run_034.csv
[csv-worker_6] [vehicles_step_sim_6] ===== LOG RUN 034 FIM =====

[csv-worker_6] [vehicles_step_sim_6] ===== LOG RUN 035 INICIO =====
======================================================================
🚗 PROCESSAMENTO SUMO → E1 REGISTRY (OFFSET ALEATÓRIO - veh0)
======================================================================
📄 Entrada: ../data/vehicles_step_sim_6.csv
🏭 Consumo fabricante: 12.0 km/l
💰 Preço carbono: R$ 50.0/ton
⭕ Raio máximo do offset aleatório: 2.0 km
🎲 Offset gerado aleatoriamente:
   Ângulo: 140.6°
   Distância: 1.3366 km
   offset_x (lat): -0.009285°  |  offset_y (lon): 0.007614°
📊 Row stepping: Processando todas as linhas
🗺️  Map matching: ATIVADO (raio 1500m) - pontos snapped para ruas
📐 Cálculo de distância: HAVERSINE PURO dos pontos COM snap (consistência)
======================================================================

📊 Carregando dados SUMO...
   Total de registros no arquivo: 155
   Veículos únicos: 1
   🚙 Vehicle selecionado: carro_1000

🔄 Agregando viagens por vehicle_id...
  📐 SUMO_carro_1000: Calculando distâncias com Haversine direto (SEM routing API)
      Original: 131 pontos → 1.4055 km (Haversine)
      Offset:   131 pontos → 1.8414 km (Haversine)

🚙 Veículo: SUMO_carro_1000
   Modelo: HBEFA4/PC_petrol_Euro-6ab
   Segmentos: 131
   📏 Distância: 1.410 km (city: 1.410, highway: 0.000)
   ⛽ Combustível: 12.456 l
   🏭 CO2 real: 28774.3 g
   🎯 CO2 meta: 271.4 g
   📊 Delta: -28502.9 g
   💰 Valor E1: R$ -1.4251
   🧭 Tentativas map matching: 133

   🔑 OFFSET DETERMINÍSTICO (x=0.0016099355846123532°, y=0.009014192163696803°, max=2.0km):
   📍 Start Original:  (40.775644, -73.960687)
   🔒 Start Protegido: (40.777146, -73.952124) ✓ 0.78 km | ✓ MAP MATCHED
   📏 Deslocamento final: 741.0 metros
   📍 End Original:    (40.772974, -73.962198)
   🔒 End Protegido:   (40.774985, -73.952904) ✓ 0.78 km | ✓ MAP MATCHED
   📏 Deslocamento final: 814.9 metros

   📐 ANÁLISE DE DISTÂNCIA DO TRAJETO (HAVERSINE DOS PONTOS ARMAZENADOS):
   ✨ 112 pontos privados duplicados foram separados para garantir visualização 1:1.
   ℹ️  Dica: use --debug-map-matching para ver tentativas detalhadas de re-snap.
   🔢 Pontos unicos original/offset: 130/19 (Δ -111, -85.4% )
   📍 Trajeto original: 1.405 km (linha reta entre pontos GPS)
   🔒 Trajeto com offset: 1.841 km (linha reta entre pontos COM snap)
   📊 Diferença: +0.436 km (+31.0%)

======================================================================
📊 ESTATÍSTICAS FINAIS
======================================================================
Viagens processadas: 1
Distância total: 1.41 km
Combustível total: 12.46 l
CO2 real total: 28774.3 g
CO2 meta total: 271.4 g
Delta CO2: -28502.9 g
Valor E1 total: R$ -1.43

💰 Créditos: R$ 0.00
💸 Débitos: R$ 1.43
📈 Saldo líquido: R$ -1.43

🗺️  MAP MATCHING:
   Pontos processados: 131
   Snaps tentados: 131 (100.0%)
   Snaps bem-sucedidos: 131 (100.0%)
   Snaps forçados (>100m): 131 (100.0%)
   ✅ TODOS os pontos estão em ruas (FORCE_SNAP=True)
======================================================================

💾 Dados agregados salvos em: ../data/offset_batch/vehicles_step_sim_6/run_035.csv
[csv-worker_6] [vehicles_step_sim_6] ===== LOG RUN 035 FIM =====

[csv-worker_6] [vehicles_step_sim_6] ===== LOG RUN 036 INICIO =====
======================================================================
🚗 PROCESSAMENTO SUMO → E1 REGISTRY (OFFSET ALEATÓRIO - veh0)
======================================================================
📄 Entrada: ../data/vehicles_step_sim_6.csv
🏭 Consumo fabricante: 12.0 km/l
💰 Preço carbono: R$ 50.0/ton
⭕ Raio máximo do offset aleatório: 2.0 km
🎲 Offset gerado aleatoriamente:
   Ângulo: 230.3°
   Distância: 1.9439 km
   offset_x (lat): -0.011160°  |  offset_y (lon): -0.013430°
📊 Row stepping: Processando todas as linhas
🗺️  Map matching: ATIVADO (raio 1500m) - pontos snapped para ruas
📐 Cálculo de distância: HAVERSINE PURO dos pontos COM snap (consistência)
======================================================================

📊 Carregando dados SUMO...
   Total de registros no arquivo: 155
   Veículos únicos: 1
   🚙 Vehicle selecionado: carro_1000

🔄 Agregando viagens por vehicle_id...
  📐 SUMO_carro_1000: Calculando distâncias com Haversine direto (SEM routing API)
      Original: 312 pontos → 3.1845 km (Haversine)
      Offset:   312 pontos → 3.5174 km (Haversine)

🚙 Veículo: SUMO_carro_1000
   Modelo: HBEFA4/PC_petrol_Euro-6ab
   Segmentos: 312
   📏 Distância: 3.190 km (city: 2.602, highway: 0.587)
   ⛽ Combustível: 54.577 l
   🏭 CO2 real: 126071.8 g
   🎯 CO2 meta: 614.1 g
   📊 Delta: -125457.8 g
   💰 Valor E1: R$ -6.2729
   🧭 Tentativas map matching: 314

   🔑 OFFSET DETERMINÍSTICO (x=0.011435019047935369°, y=0.01135841680484333°, max=2.0km):
   📍 Start Original:  (40.775644, -73.960687)
   🔒 Start Protegido: (40.787149, -73.949898) ✓ 1.59 km | ✓ MAP MATCHED
   📏 Deslocamento final: 1570.8 metros
   📍 End Original:    (40.771637, -73.963520)
   🔒 End Protegido:   (40.783265, -73.952703) ✓ 1.59 km | ✓ MAP MATCHED
   📏 Deslocamento final: 1583.5 metros

   📐 ANÁLISE DE DISTÂNCIA DO TRAJETO (HAVERSINE DOS PONTOS ARMAZENADOS):
   ✨ 266 pontos privados duplicados foram separados para garantir visualização 1:1.
   ℹ️  Dica: use --debug-map-matching para ver tentativas detalhadas de re-snap.
   🔢 Pontos unicos original/offset: 312/46 (Δ -266, -85.3% )
   📍 Trajeto original: 3.185 km (linha reta entre pontos GPS)
   🔒 Trajeto com offset: 3.517 km (linha reta entre pontos COM snap)
   📊 Diferença: +0.333 km (+10.5%)

======================================================================
📊 ESTATÍSTICAS FINAIS
======================================================================
Viagens processadas: 1
Distância total: 3.19 km
Combustível total: 54.58 l
CO2 real total: 126071.8 g
CO2 meta total: 614.1 g
Delta CO2: -125457.8 g
Valor E1 total: R$ -6.27

💰 Créditos: R$ 0.00
💸 Débitos: R$ 6.27
📈 Saldo líquido: R$ -6.27

🗺️  MAP MATCHING:
   Pontos processados: 312
   Snaps tentados: 312 (100.0%)
   Snaps bem-sucedidos: 312 (100.0%)
   Snaps forçados (>100m): 312 (100.0%)
   ✅ TODOS os pontos estão em ruas (FORCE_SNAP=True)
======================================================================

💾 Dados agregados salvos em: ../data/offset_batch/vehicles_step_sim_6/run_036.csv
[csv-worker_6] [vehicles_step_sim_6] ===== LOG RUN 036 FIM =====

[csv-worker_6] [vehicles_step_sim_6] ===== LOG RUN 037 INICIO =====
======================================================================
🚗 PROCESSAMENTO SUMO → E1 REGISTRY (OFFSET ALEATÓRIO - veh0)
======================================================================
📄 Entrada: ../data/vehicles_step_sim_6.csv
🏭 Consumo fabricante: 12.0 km/l
💰 Preço carbono: R$ 50.0/ton
⭕ Raio máximo do offset aleatório: 2.0 km
🎲 Offset gerado aleatoriamente:
   Ângulo: 195.4°
   Distância: 1.8147 km
   offset_x (lat): -0.015713°  |  offset_y (lon): -0.004342°
📊 Row stepping: Processando todas as linhas
🗺️  Map matching: ATIVADO (raio 1500m) - pontos snapped para ruas
📐 Cálculo de distância: HAVERSINE PURO dos pontos COM snap (consistência)
======================================================================

📊 Carregando dados SUMO...
   Total de registros no arquivo: 155
   Veículos únicos: 1
   🚙 Vehicle selecionado: carro_1000

🔄 Agregando viagens por vehicle_id...
  📐 SUMO_carro_1000: Calculando distâncias com Haversine direto (SEM routing API)
      Original: 300 pontos → 3.1542 km (Haversine)
      Offset:   300 pontos → 3.3756 km (Haversine)

🚙 Veículo: SUMO_carro_1000
   Modelo: HBEFA4/PC_petrol_Euro-6ab
   Segmentos: 300
   📏 Distância: 3.158 km (city: 2.541, highway: 0.617)
   ⛽ Combustível: 49.984 l
   🏭 CO2 real: 115462.6 g
   🎯 CO2 meta: 608.0 g
   📊 Delta: -114854.6 g
   💰 Valor E1: R$ -5.7427
   🧭 Tentativas map matching: 302

   🔑 OFFSET DETERMINÍSTICO (x=-0.002221102022166867°, y=-7.493606306295066e-05°, max=2.0km):
   📍 Start Original:  (40.775644, -73.960687)
   🔒 Start Protegido: (40.773058, -73.960426) ✓ 0.25 km | ✓ MAP MATCHED
   📏 Deslocamento final: 288.7 metros
   📍 End Original:    (40.773912, -73.961904)
   🔒 End Protegido:   (40.771787, -73.961360) ✓ 0.25 km | ✓ MAP MATCHED
   📏 Deslocamento final: 241.0 metros

   📐 ANÁLISE DE DISTÂNCIA DO TRAJETO (HAVERSINE DOS PONTOS ARMAZENADOS):
   ✨ 263 pontos privados duplicados foram separados para garantir visualização 1:1.
   ℹ️  Dica: use --debug-map-matching para ver tentativas detalhadas de re-snap.
   🔢 Pontos unicos original/offset: 299/37 (Δ -262, -87.6% )
   📍 Trajeto original: 3.154 km (linha reta entre pontos GPS)
   🔒 Trajeto com offset: 3.376 km (linha reta entre pontos COM snap)
   📊 Diferença: +0.221 km (+7.0%)

======================================================================
📊 ESTATÍSTICAS FINAIS
======================================================================
Viagens processadas: 1
Distância total: 3.16 km
Combustível total: 49.98 l
CO2 real total: 115462.6 g
CO2 meta total: 608.0 g
Delta CO2: -114854.6 g
Valor E1 total: R$ -5.74

💰 Créditos: R$ 0.00
💸 Débitos: R$ 5.74
📈 Saldo líquido: R$ -5.74

🗺️  MAP MATCHING:
   Pontos processados: 300
   Snaps tentados: 300 (100.0%)
   Snaps bem-sucedidos: 300 (100.0%)
   Snaps forçados (>100m): 300 (100.0%)
   ✅ TODOS os pontos estão em ruas (FORCE_SNAP=True)
======================================================================

💾 Dados agregados salvos em: ../data/offset_batch/vehicles_step_sim_6/run_037.csv
[csv-worker_6] [vehicles_step_sim_6] ===== LOG RUN 037 FIM =====

[csv-worker_6] [vehicles_step_sim_6] ===== LOG RUN 038 INICIO =====
======================================================================
🚗 PROCESSAMENTO SUMO → E1 REGISTRY (OFFSET ALEATÓRIO - veh0)
======================================================================
📄 Entrada: ../data/vehicles_step_sim_6.csv
🏭 Consumo fabricante: 12.0 km/l
💰 Preço carbono: R$ 50.0/ton
⭕ Raio máximo do offset aleatório: 2.0 km
🎲 Offset gerado aleatoriamente:
   Ângulo: 27.2°
   Distância: 1.3082 km
   offset_x (lat): 0.010453°  |  offset_y (lon): 0.005369°
📊 Row stepping: Processando todas as linhas
🗺️  Map matching: ATIVADO (raio 1500m) - pontos snapped para ruas
📐 Cálculo de distância: HAVERSINE PURO dos pontos COM snap (consistência)
======================================================================

📊 Carregando dados SUMO...
   Total de registros no arquivo: 155
   Veículos únicos: 1
   🚙 Vehicle selecionado: carro_1000

🔄 Agregando viagens por vehicle_id...
  📐 SUMO_carro_1000: Calculando distâncias com Haversine direto (SEM routing API)
      Original: 222 pontos → 1.9688 km (Haversine)
      Offset:   222 pontos → 1.9253 km (Haversine)

🚙 Veículo: SUMO_carro_1000
   Modelo: HBEFA4/PC_petrol_Euro-6ab
   Segmentos: 222
   📏 Distância: 1.973 km (city: 1.973, highway: 0.000)
   ⛽ Combustível: 24.219 l
   🏭 CO2 real: 55946.2 g
   🎯 CO2 meta: 379.8 g
   📊 Delta: -55566.4 g
   💰 Valor E1: R$ -2.7783
   🧭 Tentativas map matching: 224

   🔑 OFFSET DETERMINÍSTICO (x=0.01164244222372781°, y=0.0032692732810927507°, max=2.0km):
   📍 Start Original:  (40.775644, -73.960687)
   🔒 Start Protegido: (40.786655, -73.956678) ✓ 1.33 km | ✓ MAP MATCHED
   📏 Deslocamento final: 1271.5 metros
   📍 End Original:    (40.772651, -73.962544)
   🔒 End Protegido:   (40.784023, -73.958603) ✓ 1.33 km | ✓ MAP MATCHED
   📏 Deslocamento final: 1308.8 metros

   📐 ANÁLISE DE DISTÂNCIA DO TRAJETO (HAVERSINE DOS PONTOS ARMAZENADOS):
   ✨ 194 pontos privados duplicados foram separados para garantir visualização 1:1.
   ℹ️  Dica: use --debug-map-matching para ver tentativas detalhadas de re-snap.
   🔢 Pontos unicos original/offset: 221/28 (Δ -193, -87.3% )
   📍 Trajeto original: 1.969 km (linha reta entre pontos GPS)
   🔒 Trajeto com offset: 1.925 km (linha reta entre pontos COM snap)
   📊 Diferença: -0.044 km (-2.2%)

======================================================================
📊 ESTATÍSTICAS FINAIS
======================================================================
Viagens processadas: 1
Distância total: 1.97 km
Combustível total: 24.22 l
CO2 real total: 55946.2 g
CO2 meta total: 379.8 g
Delta CO2: -55566.4 g
Valor E1 total: R$ -2.78

💰 Créditos: R$ 0.00
💸 Débitos: R$ 2.78
📈 Saldo líquido: R$ -2.78

🗺️  MAP MATCHING:
   Pontos processados: 222
   Snaps tentados: 222 (100.0%)
   Snaps bem-sucedidos: 222 (100.0%)
   Snaps forçados (>100m): 222 (100.0%)
   ✅ TODOS os pontos estão em ruas (FORCE_SNAP=True)
======================================================================

💾 Dados agregados salvos em: ../data/offset_batch/vehicles_step_sim_6/run_038.csv
[csv-worker_6] [vehicles_step_sim_6] ===== LOG RUN 038 FIM =====

[csv-worker_6] [vehicles_step_sim_6] ===== LOG RUN 039 INICIO =====
======================================================================
🚗 PROCESSAMENTO SUMO → E1 REGISTRY (OFFSET ALEATÓRIO - veh0)
======================================================================
📄 Entrada: ../data/vehicles_step_sim_6.csv
🏭 Consumo fabricante: 12.0 km/l
💰 Preço carbono: R$ 50.0/ton
⭕ Raio máximo do offset aleatório: 2.0 km
🎲 Offset gerado aleatoriamente:
   Ângulo: 71.5°
   Distância: 1.3215 km
   offset_x (lat): 0.003772°  |  offset_y (lon): 0.011256°
📊 Row stepping: Processando todas as linhas
🗺️  Map matching: ATIVADO (raio 1500m) - pontos snapped para ruas
📐 Cálculo de distância: HAVERSINE PURO dos pontos COM snap (consistência)
======================================================================

📊 Carregando dados SUMO...
   Total de registros no arquivo: 155
   Veículos únicos: 1
   🚙 Vehicle selecionado: carro_1000

🔄 Agregando viagens por vehicle_id...
  📐 SUMO_carro_1000: Calculando distâncias com Haversine direto (SEM routing API)
      Original: 300 pontos → 3.1542 km (Haversine)
      Offset:   300 pontos → 3.8661 km (Haversine)

🚙 Veículo: SUMO_carro_1000
   Modelo: HBEFA4/PC_petrol_Euro-6ab
   Segmentos: 300
   📏 Distância: 3.158 km (city: 2.541, highway: 0.617)
   ⛽ Combustível: 49.984 l
   🏭 CO2 real: 115462.6 g
   🎯 CO2 meta: 608.0 g
   📊 Delta: -114854.6 g
   💰 Valor E1: R$ -5.7427
   🧭 Tentativas map matching: 302

   🔑 OFFSET DETERMINÍSTICO (x=-0.009953348173587003°, y=-0.009086133202889469°, max=2.0km):
   📍 Start Original:  (40.775644, -73.960687)
   🔒 Start Protegido: (40.765527, -73.969998) ✓ 1.35 km | ✓ MAP MATCHED
   📏 Deslocamento final: 1372.8 metros
   📍 End Original:    (40.773912, -73.961904)
   🔒 End Protegido:   (40.764002, -73.971129) ✓ 1.35 km | ✓ MAP MATCHED
   📏 Deslocamento final: 1349.8 metros

   📐 ANÁLISE DE DISTÂNCIA DO TRAJETO (HAVERSINE DOS PONTOS ARMAZENADOS):
   ✨ 235 pontos privados duplicados foram separados para garantir visualização 1:1.
   ℹ️  Dica: use --debug-map-matching para ver tentativas detalhadas de re-snap.
   🔢 Pontos unicos original/offset: 299/65 (Δ -234, -78.3% )
   📍 Trajeto original: 3.154 km (linha reta entre pontos GPS)
   🔒 Trajeto com offset: 3.866 km (linha reta entre pontos COM snap)
   📊 Diferença: +0.712 km (+22.6%)

======================================================================
📊 ESTATÍSTICAS FINAIS
======================================================================
Viagens processadas: 1
Distância total: 3.16 km
Combustível total: 49.98 l
CO2 real total: 115462.6 g
CO2 meta total: 608.0 g
Delta CO2: -114854.6 g
Valor E1 total: R$ -5.74

💰 Créditos: R$ 0.00
💸 Débitos: R$ 5.74
📈 Saldo líquido: R$ -5.74

🗺️  MAP MATCHING:
   Pontos processados: 300
   Snaps tentados: 300 (100.0%)
   Snaps bem-sucedidos: 300 (100.0%)
   Snaps forçados (>100m): 300 (100.0%)
   ✅ TODOS os pontos estão em ruas (FORCE_SNAP=True)
======================================================================

💾 Dados agregados salvos em: ../data/offset_batch/vehicles_step_sim_6/run_039.csv
[csv-worker_6] [vehicles_step_sim_6] ===== LOG RUN 039 FIM =====

[csv-worker_6] [vehicles_step_sim_6] ===== LOG RUN 040 INICIO =====
======================================================================
🚗 PROCESSAMENTO SUMO → E1 REGISTRY (OFFSET ALEATÓRIO - veh0)
======================================================================
📄 Entrada: ../data/vehicles_step_sim_6.csv
🏭 Consumo fabricante: 12.0 km/l
💰 Preço carbono: R$ 50.0/ton
⭕ Raio máximo do offset aleatório: 2.0 km
🎲 Offset gerado aleatoriamente:
   Ângulo: 188.6°
   Distância: 0.8927 km
   offset_x (lat): -0.007929°  |  offset_y (lon): -0.001200°
📊 Row stepping: Processando todas as linhas
🗺️  Map matching: ATIVADO (raio 1500m) - pontos snapped para ruas
📐 Cálculo de distância: HAVERSINE PURO dos pontos COM snap (consistência)
======================================================================

📊 Carregando dados SUMO...
   Total de registros no arquivo: 155
   Veículos únicos: 1
   🚙 Vehicle selecionado: carro_1000

🔄 Agregando viagens por vehicle_id...
  📐 SUMO_carro_1000: Calculando distâncias com Haversine direto (SEM routing API)
      Original: 312 pontos → 3.1845 km (Haversine)
      Offset:   312 pontos → 3.4357 km (Haversine)

🚙 Veículo: SUMO_carro_1000
   Modelo: HBEFA4/PC_petrol_Euro-6ab
   Segmentos: 312
   📏 Distância: 3.190 km (city: 2.602, highway: 0.587)
   ⛽ Combustível: 54.577 l
   🏭 CO2 real: 126071.8 g
   🎯 CO2 meta: 614.1 g
   📊 Delta: -125457.8 g
   💰 Valor E1: R$ -6.2729
   🧭 Tentativas map matching: 314

   🔑 OFFSET DETERMINÍSTICO (x=0.008531568543512965°, y=-0.007228514014274864°, max=2.0km):
   📍 Start Original:  (40.775644, -73.960687)
   🔒 Start Protegido: (40.784666, -73.967528) ✓ 1.13 km | ✓ MAP MATCHED
   📏 Deslocamento final: 1158.1 metros
   📍 End Original:    (40.771637, -73.963520)
   🔒 End Protegido:   (40.779877, -73.970923) ✓ 1.13 km | ✓ MAP MATCHED
   📏 Deslocamento final: 1109.5 metros

   📐 ANÁLISE DE DISTÂNCIA DO TRAJETO (HAVERSINE DOS PONTOS ARMAZENADOS):
   ✨ 256 pontos privados duplicados foram separados para garantir visualização 1:1.
   ℹ️  Dica: use --debug-map-matching para ver tentativas detalhadas de re-snap.
   🔢 Pontos unicos original/offset: 312/56 (Δ -256, -82.1% )
   📍 Trajeto original: 3.185 km (linha reta entre pontos GPS)
   🔒 Trajeto com offset: 3.436 km (linha reta entre pontos COM snap)
   📊 Diferença: +0.251 km (+7.9%)

======================================================================
📊 ESTATÍSTICAS FINAIS
======================================================================
Viagens processadas: 1
Distância total: 3.19 km
Combustível total: 54.58 l
CO2 real total: 126071.8 g
CO2 meta total: 614.1 g
Delta CO2: -125457.8 g
Valor E1 total: R$ -6.27

💰 Créditos: R$ 0.00
💸 Débitos: R$ 6.27
📈 Saldo líquido: R$ -6.27

🗺️  MAP MATCHING:
   Pontos processados: 312
   Snaps tentados: 312 (100.0%)
   Snaps bem-sucedidos: 312 (100.0%)
   Snaps forçados (>100m): 312 (100.0%)
   ✅ TODOS os pontos estão em ruas (FORCE_SNAP=True)
======================================================================

💾 Dados agregados salvos em: ../data/offset_batch/vehicles_step_sim_6/run_040.csv
[csv-worker_6] [vehicles_step_sim_6] ===== LOG RUN 040 FIM =====

[csv-worker_6] [vehicles_step_sim_6] ===== LOG RUN 041 INICIO =====
======================================================================
🚗 PROCESSAMENTO SUMO → E1 REGISTRY (OFFSET ALEATÓRIO - veh0)
======================================================================
📄 Entrada: ../data/vehicles_step_sim_6.csv
🏭 Consumo fabricante: 12.0 km/l
💰 Preço carbono: R$ 50.0/ton
⭕ Raio máximo do offset aleatório: 2.0 km
🎲 Offset gerado aleatoriamente:
   Ângulo: 305.9°
   Distância: 1.1303 km
   offset_x (lat): 0.005947°  |  offset_y (lon): -0.008230°
📊 Row stepping: Processando todas as linhas
🗺️  Map matching: ATIVADO (raio 1500m) - pontos snapped para ruas
📐 Cálculo de distância: HAVERSINE PURO dos pontos COM snap (consistência)
======================================================================

📊 Carregando dados SUMO...
   Total de registros no arquivo: 155
   Veículos únicos: 1
   🚙 Vehicle selecionado: carro_1000

🔄 Agregando viagens por vehicle_id...
  📐 SUMO_carro_1000: Calculando distâncias com Haversine direto (SEM routing API)
      Original: 222 pontos → 1.9688 km (Haversine)
      Offset:   222 pontos → 2.0253 km (Haversine)

🚙 Veículo: SUMO_carro_1000
   Modelo: HBEFA4/PC_petrol_Euro-6ab
   Segmentos: 222
   📏 Distância: 1.973 km (city: 1.973, highway: 0.000)
   ⛽ Combustível: 24.219 l
   🏭 CO2 real: 55946.2 g
   🎯 CO2 meta: 379.8 g
   📊 Delta: -55566.4 g
   💰 Valor E1: R$ -2.7783
   🧭 Tentativas map matching: 224

   🔑 OFFSET DETERMINÍSTICO (x=0.009655046755434316°, y=0.004613513274205227°, max=2.0km):
   📍 Start Original:  (40.775644, -73.960687)
   🔒 Start Protegido: (40.785343, -73.955680) ✓ 1.14 km | ✓ MAP MATCHED
   📏 Deslocamento final: 1159.3 metros
   📍 End Original:    (40.772651, -73.962544)
   🔒 End Protegido:   (40.782215, -73.957975) ✓ 1.14 km | ✓ MAP MATCHED
   📏 Deslocamento final: 1132.2 metros

   📐 ANÁLISE DE DISTÂNCIA DO TRAJETO (HAVERSINE DOS PONTOS ARMAZENADOS):
   ✨ 184 pontos privados duplicados foram separados para garantir visualização 1:1.
   ℹ️  Dica: use --debug-map-matching para ver tentativas detalhadas de re-snap.
   🔢 Pontos unicos original/offset: 221/38 (Δ -183, -82.8% )
   📍 Trajeto original: 1.969 km (linha reta entre pontos GPS)
   🔒 Trajeto com offset: 2.025 km (linha reta entre pontos COM snap)
   📊 Diferença: +0.057 km (+2.9%)

======================================================================
📊 ESTATÍSTICAS FINAIS
======================================================================
Viagens processadas: 1
Distância total: 1.97 km
Combustível total: 24.22 l
CO2 real total: 55946.2 g
CO2 meta total: 379.8 g
Delta CO2: -55566.4 g
Valor E1 total: R$ -2.78

💰 Créditos: R$ 0.00
💸 Débitos: R$ 2.78
📈 Saldo líquido: R$ -2.78

🗺️  MAP MATCHING:
   Pontos processados: 222
   Snaps tentados: 222 (100.0%)
   Snaps bem-sucedidos: 222 (100.0%)
   Snaps forçados (>100m): 222 (100.0%)
   ✅ TODOS os pontos estão em ruas (FORCE_SNAP=True)
======================================================================

💾 Dados agregados salvos em: ../data/offset_batch/vehicles_step_sim_6/run_041.csv
[csv-worker_6] [vehicles_step_sim_6] ===== LOG RUN 041 FIM =====

[csv-worker_6] [vehicles_step_sim_6] ===== LOG RUN 042 INICIO =====
======================================================================
🚗 PROCESSAMENTO SUMO → E1 REGISTRY (OFFSET ALEATÓRIO - veh0)
======================================================================
📄 Entrada: ../data/vehicles_step_sim_6.csv
🏭 Consumo fabricante: 12.0 km/l
💰 Preço carbono: R$ 50.0/ton
⭕ Raio máximo do offset aleatório: 2.0 km
🎲 Offset gerado aleatoriamente:
   Ângulo: 37.1°
   Distância: 1.4188 km
   offset_x (lat): 0.010163°  |  offset_y (lon): 0.007691°
📊 Row stepping: Processando todas as linhas
🗺️  Map matching: ATIVADO (raio 1500m) - pontos snapped para ruas
📐 Cálculo de distância: HAVERSINE PURO dos pontos COM snap (consistência)
======================================================================

📊 Carregando dados SUMO...
   Total de registros no arquivo: 155
   Veículos únicos: 1
   🚙 Vehicle selecionado: carro_1000

🔄 Agregando viagens por vehicle_id...
  📐 SUMO_carro_1000: Calculando distâncias com Haversine direto (SEM routing API)
      Original: 312 pontos → 3.1845 km (Haversine)
      Offset:   312 pontos → 3.8219 km (Haversine)

🚙 Veículo: SUMO_carro_1000
   Modelo: HBEFA4/PC_petrol_Euro-6ab
   Segmentos: 312
   📏 Distância: 3.190 km (city: 2.602, highway: 0.587)
   ⛽ Combustível: 54.577 l
   🏭 CO2 real: 126071.8 g
   🎯 CO2 meta: 614.1 g
   📊 Delta: -125457.8 g
   💰 Valor E1: R$ -6.2729
   🧭 Tentativas map matching: 314

   🔑 OFFSET DETERMINÍSTICO (x=0.014051865629756004°, y=-0.0015777244862463973°, max=2.0km):
   📍 Start Original:  (40.775644, -73.960687)
   🔒 Start Protegido: (40.790937, -73.961044) ✓ 1.57 km | ✓ MAP MATCHED
   📏 Deslocamento final: 1702.7 metros
   📍 End Original:    (40.771637, -73.963520)
   🔒 End Protegido:   (40.784031, -73.966185) ✓ 1.57 km | ✓ MAP MATCHED
   📏 Deslocamento final: 1397.8 metros

   📐 ANÁLISE DE DISTÂNCIA DO TRAJETO (HAVERSINE DOS PONTOS ARMAZENADOS):
   ✨ 259 pontos privados duplicados foram separados para garantir visualização 1:1.
   ℹ️  Dica: use --debug-map-matching para ver tentativas detalhadas de re-snap.
   🔢 Pontos unicos original/offset: 312/53 (Δ -259, -83.0% )
   📍 Trajeto original: 3.185 km (linha reta entre pontos GPS)
   🔒 Trajeto com offset: 3.822 km (linha reta entre pontos COM snap)
   📊 Diferença: +0.637 km (+20.0%)

======================================================================
📊 ESTATÍSTICAS FINAIS
======================================================================
Viagens processadas: 1
Distância total: 3.19 km
Combustível total: 54.58 l
CO2 real total: 126071.8 g
CO2 meta total: 614.1 g
Delta CO2: -125457.8 g
Valor E1 total: R$ -6.27

💰 Créditos: R$ 0.00
💸 Débitos: R$ 6.27
📈 Saldo líquido: R$ -6.27

🗺️  MAP MATCHING:
   Pontos processados: 312
   Snaps tentados: 312 (100.0%)
   Snaps bem-sucedidos: 312 (100.0%)
   Snaps forçados (>100m): 312 (100.0%)
   ✅ TODOS os pontos estão em ruas (FORCE_SNAP=True)
======================================================================

💾 Dados agregados salvos em: ../data/offset_batch/vehicles_step_sim_6/run_042.csv
[csv-worker_6] [vehicles_step_sim_6] ===== LOG RUN 042 FIM =====

[csv-worker_6] [vehicles_step_sim_6] ===== LOG RUN 043 INICIO =====
======================================================================
🚗 PROCESSAMENTO SUMO → E1 REGISTRY (OFFSET ALEATÓRIO - veh0)
======================================================================
📄 Entrada: ../data/vehicles_step_sim_6.csv
🏭 Consumo fabricante: 12.0 km/l
💰 Preço carbono: R$ 50.0/ton
⭕ Raio máximo do offset aleatório: 2.0 km
🎲 Offset gerado aleatoriamente:
   Ângulo: 154.4°
   Distância: 1.0138 km
   offset_x (lat): -0.008215°  |  offset_y (lon): 0.003930°
📊 Row stepping: Processando todas as linhas
🗺️  Map matching: ATIVADO (raio 1500m) - pontos snapped para ruas
📐 Cálculo de distância: HAVERSINE PURO dos pontos COM snap (consistência)
======================================================================

📊 Carregando dados SUMO...
   Total de registros no arquivo: 155
   Veículos únicos: 1
   🚙 Vehicle selecionado: carro_1000

🔄 Agregando viagens por vehicle_id...
  📐 SUMO_carro_1000: Calculando distâncias com Haversine direto (SEM routing API)
      Original: 300 pontos → 3.1542 km (Haversine)
      Offset:   300 pontos → 4.2532 km (Haversine)

🚙 Veículo: SUMO_carro_1000
   Modelo: HBEFA4/PC_petrol_Euro-6ab
   Segmentos: 300
   📏 Distância: 3.158 km (city: 2.541, highway: 0.617)
   ⛽ Combustível: 49.984 l
   🏭 CO2 real: 115462.6 g
   🎯 CO2 meta: 608.0 g
   📊 Delta: -114854.6 g
   💰 Valor E1: R$ -5.7427
   🧭 Tentativas map matching: 302

   🔑 OFFSET DETERMINÍSTICO (x=-0.01475857508768362°, y=0.007163255229814621°, max=2.0km):
   📍 Start Original:  (40.775644, -73.960687)
   🔒 Start Protegido: (40.760203, -73.952401) ✓ 1.75 km | ✓ MAP MATCHED
   📏 Deslocamento final: 1855.4 metros
   📍 End Original:    (40.773912, -73.961904)
   🔒 End Protegido:   (40.758794, -73.954085) ✓ 1.75 km | ✓ MAP MATCHED
   📏 Deslocamento final: 1807.4 metros

   📐 ANÁLISE DE DISTÂNCIA DO TRAJETO (HAVERSINE DOS PONTOS ARMAZENADOS):
   ✨ 243 pontos privados duplicados foram separados para garantir visualização 1:1.
   ℹ️  Dica: use --debug-map-matching para ver tentativas detalhadas de re-snap.
   🔢 Pontos unicos original/offset: 299/57 (Δ -242, -80.9% )
   📍 Trajeto original: 3.154 km (linha reta entre pontos GPS)
   🔒 Trajeto com offset: 4.253 km (linha reta entre pontos COM snap)
   📊 Diferença: +1.099 km (+34.8%)

======================================================================
📊 ESTATÍSTICAS FINAIS
======================================================================
Viagens processadas: 1
Distância total: 3.16 km
Combustível total: 49.98 l
CO2 real total: 115462.6 g
CO2 meta total: 608.0 g
Delta CO2: -114854.6 g
Valor E1 total: R$ -5.74

💰 Créditos: R$ 0.00
💸 Débitos: R$ 5.74
📈 Saldo líquido: R$ -5.74

🗺️  MAP MATCHING:
   Pontos processados: 300
   Snaps tentados: 300 (100.0%)
   Snaps bem-sucedidos: 300 (100.0%)
   Snaps forçados (>100m): 300 (100.0%)
   ✅ TODOS os pontos estão em ruas (FORCE_SNAP=True)
======================================================================

💾 Dados agregados salvos em: ../data/offset_batch/vehicles_step_sim_6/run_043.csv
[csv-worker_6] [vehicles_step_sim_6] ===== LOG RUN 043 FIM =====

[csv-worker_6] [vehicles_step_sim_6] ===== LOG RUN 044 INICIO =====
======================================================================
🚗 PROCESSAMENTO SUMO → E1 REGISTRY (OFFSET ALEATÓRIO - veh0)
======================================================================
📄 Entrada: ../data/vehicles_step_sim_6.csv
🏭 Consumo fabricante: 12.0 km/l
💰 Preço carbono: R$ 50.0/ton
⭕ Raio máximo do offset aleatório: 2.0 km
🎲 Offset gerado aleatoriamente:
   Ângulo: 204.8°
   Distância: 1.7053 km
   offset_x (lat): -0.013909°  |  offset_y (lon): -0.006421°
📊 Row stepping: Processando todas as linhas
🗺️  Map matching: ATIVADO (raio 1500m) - pontos snapped para ruas
📐 Cálculo de distância: HAVERSINE PURO dos pontos COM snap (consistência)
======================================================================

📊 Carregando dados SUMO...
   Total de registros no arquivo: 155
   Veículos únicos: 1
   🚙 Vehicle selecionado: carro_1000

🔄 Agregando viagens por vehicle_id...
  📐 SUMO_carro_1000: Calculando distâncias com Haversine direto (SEM routing API)
      Original: 222 pontos → 1.9688 km (Haversine)
      Offset:   222 pontos → 2.1646 km (Haversine)

🚙 Veículo: SUMO_carro_1000
   Modelo: HBEFA4/PC_petrol_Euro-6ab
   Segmentos: 222
   📏 Distância: 1.973 km (city: 1.973, highway: 0.000)
   ⛽ Combustível: 24.219 l
   🏭 CO2 real: 55946.2 g
   🎯 CO2 meta: 379.8 g
   📊 Delta: -55566.4 g
   💰 Valor E1: R$ -2.7783
   🧭 Tentativas map matching: 224

   🔑 OFFSET DETERMINÍSTICO (x=0.007823032224941894°, y=-0.002359115304494808°, max=2.0km):
   📍 Start Original:  (40.775644, -73.960687)
   🔒 Start Protegido: (40.783144, -73.963804) ✓ 0.89 km | ✓ MAP MATCHED
   📏 Deslocamento final: 875.4 metros
   📍 End Original:    (40.772651, -73.962544)
   🔒 End Protegido:   (40.781739, -73.963059) ✓ 0.89 km | ✓ MAP MATCHED
   📏 Deslocamento final: 1012.6 metros

   📐 ANÁLISE DE DISTÂNCIA DO TRAJETO (HAVERSINE DOS PONTOS ARMAZENADOS):
   ✨ 176 pontos privados duplicados foram separados para garantir visualização 1:1.
   ℹ️  Dica: use --debug-map-matching para ver tentativas detalhadas de re-snap.
   🔢 Pontos unicos original/offset: 221/46 (Δ -175, -79.2% )
   📍 Trajeto original: 1.969 km (linha reta entre pontos GPS)
   🔒 Trajeto com offset: 2.165 km (linha reta entre pontos COM snap)
   📊 Diferença: +0.196 km (+9.9%)

======================================================================
📊 ESTATÍSTICAS FINAIS
======================================================================
Viagens processadas: 1
Distância total: 1.97 km
Combustível total: 24.22 l
CO2 real total: 55946.2 g
CO2 meta total: 379.8 g
Delta CO2: -55566.4 g
Valor E1 total: R$ -2.78

💰 Créditos: R$ 0.00
💸 Débitos: R$ 2.78
📈 Saldo líquido: R$ -2.78

🗺️  MAP MATCHING:
   Pontos processados: 222
   Snaps tentados: 222 (100.0%)
   Snaps bem-sucedidos: 222 (100.0%)
   Snaps forçados (>100m): 222 (100.0%)
   ✅ TODOS os pontos estão em ruas (FORCE_SNAP=True)
======================================================================

💾 Dados agregados salvos em: ../data/offset_batch/vehicles_step_sim_6/run_044.csv
[csv-worker_6] [vehicles_step_sim_6] ===== LOG RUN 044 FIM =====

[csv-worker_6] [vehicles_step_sim_6] ===== LOG RUN 045 INICIO =====
======================================================================
🚗 PROCESSAMENTO SUMO → E1 REGISTRY (OFFSET ALEATÓRIO - veh0)
======================================================================
📄 Entrada: ../data/vehicles_step_sim_6.csv
🏭 Consumo fabricante: 12.0 km/l
💰 Preço carbono: R$ 50.0/ton
⭕ Raio máximo do offset aleatório: 2.0 km
🎲 Offset gerado aleatoriamente:
   Ângulo: 262.6°
   Distância: 1.7994 km
   offset_x (lat): -0.002084°  |  offset_y (lon): -0.016030°
📊 Row stepping: Processando todas as linhas
🗺️  Map matching: ATIVADO (raio 1500m) - pontos snapped para ruas
📐 Cálculo de distância: HAVERSINE PURO dos pontos COM snap (consistência)
======================================================================

📊 Carregando dados SUMO...
   Total de registros no arquivo: 155
   Veículos únicos: 1
   🚙 Vehicle selecionado: carro_1000

🔄 Agregando viagens por vehicle_id...
  📐 SUMO_carro_1000: Calculando distâncias com Haversine direto (SEM routing API)
      Original: 131 pontos → 1.4055 km (Haversine)
      Offset:   131 pontos → 1.9031 km (Haversine)

🚙 Veículo: SUMO_carro_1000
   Modelo: HBEFA4/PC_petrol_Euro-6ab
   Segmentos: 131
   📏 Distância: 1.410 km (city: 1.410, highway: 0.000)
   ⛽ Combustível: 12.456 l
   🏭 CO2 real: 28774.3 g
   🎯 CO2 meta: 271.4 g
   📊 Delta: -28502.9 g
   💰 Valor E1: R$ -1.4251
   🧭 Tentativas map matching: 133

   🔑 OFFSET DETERMINÍSTICO (x=0.008816496903571475°, y=-0.015321888071601179°, max=2.0km):
   📍 Start Original:  (40.775644, -73.960687)
   🔒 Start Protegido: (40.785056, -73.976782) ✓ 1.62 km | ✓ MAP MATCHED
   📏 Deslocamento final: 1714.3 metros
   📍 End Original:    (40.772974, -73.962198)
   🔒 End Protegido:   (40.782414, -73.978702) ✓ 1.62 km | ✓ MAP MATCHED
   📏 Deslocamento final: 1743.5 metros

   📐 ANÁLISE DE DISTÂNCIA DO TRAJETO (HAVERSINE DOS PONTOS ARMAZENADOS):
   ✨ 107 pontos privados duplicados foram separados para garantir visualização 1:1.
   ℹ️  Dica: use --debug-map-matching para ver tentativas detalhadas de re-snap.
   🔢 Pontos unicos original/offset: 130/24 (Δ -106, -81.5% )
   📍 Trajeto original: 1.405 km (linha reta entre pontos GPS)
   🔒 Trajeto com offset: 1.903 km (linha reta entre pontos COM snap)
   📊 Diferença: +0.498 km (+35.4%)

======================================================================
📊 ESTATÍSTICAS FINAIS
======================================================================
Viagens processadas: 1
Distância total: 1.41 km
Combustível total: 12.46 l
CO2 real total: 28774.3 g
CO2 meta total: 271.4 g
Delta CO2: -28502.9 g
Valor E1 total: R$ -1.43

💰 Créditos: R$ 0.00
💸 Débitos: R$ 1.43
📈 Saldo líquido: R$ -1.43

🗺️  MAP MATCHING:
   Pontos processados: 131
   Snaps tentados: 131 (100.0%)
   Snaps bem-sucedidos: 131 (100.0%)
   Snaps forçados (>100m): 131 (100.0%)
   ✅ TODOS os pontos estão em ruas (FORCE_SNAP=True)
======================================================================

💾 Dados agregados salvos em: ../data/offset_batch/vehicles_step_sim_6/run_045.csv
[csv-worker_6] [vehicles_step_sim_6] ===== LOG RUN 045 FIM =====

[csv-worker_6] [vehicles_step_sim_6] ===== LOG RUN 046 INICIO =====
======================================================================
🚗 PROCESSAMENTO SUMO → E1 REGISTRY (OFFSET ALEATÓRIO - veh0)
======================================================================
📄 Entrada: ../data/vehicles_step_sim_6.csv
🏭 Consumo fabricante: 12.0 km/l
💰 Preço carbono: R$ 50.0/ton
⭕ Raio máximo do offset aleatório: 2.0 km
🎲 Offset gerado aleatoriamente:
   Ângulo: 200.3°
   Distância: 0.9897 km
   offset_x (lat): -0.008336°  |  offset_y (lon): -0.003091°
📊 Row stepping: Processando todas as linhas
🗺️  Map matching: ATIVADO (raio 1500m) - pontos snapped para ruas
📐 Cálculo de distância: HAVERSINE PURO dos pontos COM snap (consistência)
======================================================================

📊 Carregando dados SUMO...
   Total de registros no arquivo: 155
   Veículos únicos: 1
   🚙 Vehicle selecionado: carro_1000

🔄 Agregando viagens por vehicle_id...
  📐 SUMO_carro_1000: Calculando distâncias com Haversine direto (SEM routing API)
      Original: 324 pontos → 3.1629 km (Haversine)
      Offset:   324 pontos → 3.4627 km (Haversine)

🚙 Veículo: SUMO_carro_1000
   Modelo: HBEFA4/PC_petrol_Euro-6ab
   Segmentos: 324
   📏 Distância: 3.166 km (city: 3.024, highway: 0.142)
   ⛽ Combustível: 49.530 l
   🏭 CO2 real: 114414.1 g
   🎯 CO2 meta: 609.4 g
   📊 Delta: -113804.6 g
   💰 Valor E1: R$ -5.6902
   🧭 Tentativas map matching: 326

   🔑 OFFSET DETERMINÍSTICO (x=-0.012050106543076014°, y=0.0037695682267806676°, max=2.0km):
   📍 Start Original:  (40.775644, -73.960687)
   🔒 Start Protegido: (40.763273, -73.957061) ✓ 1.38 km | ✓ MAP MATCHED
   📏 Deslocamento final: 1410.7 metros
   📍 End Original:    (40.772251, -73.963071)
   🔒 End Protegido:   (40.760162, -73.959399) ✓ 1.38 km | ✓ MAP MATCHED
   📏 Deslocamento final: 1380.8 metros

   📐 ANÁLISE DE DISTÂNCIA DO TRAJETO (HAVERSINE DOS PONTOS ARMAZENADOS):
   ✨ 272 pontos privados duplicados foram separados para garantir visualização 1:1.
   ℹ️  Dica: use --debug-map-matching para ver tentativas detalhadas de re-snap.
   🔢 Pontos unicos original/offset: 324/52 (Δ -272, -84.0% )
   📍 Trajeto original: 3.163 km (linha reta entre pontos GPS)
   🔒 Trajeto com offset: 3.463 km (linha reta entre pontos COM snap)
   📊 Diferença: +0.300 km (+9.5%)

======================================================================
📊 ESTATÍSTICAS FINAIS
======================================================================
Viagens processadas: 1
Distância total: 3.17 km
Combustível total: 49.53 l
CO2 real total: 114414.1 g
CO2 meta total: 609.4 g
Delta CO2: -113804.6 g
Valor E1 total: R$ -5.69

💰 Créditos: R$ 0.00
💸 Débitos: R$ 5.69
📈 Saldo líquido: R$ -5.69

🗺️  MAP MATCHING:
   Pontos processados: 324
   Snaps tentados: 324 (100.0%)
   Snaps bem-sucedidos: 324 (100.0%)
   Snaps forçados (>100m): 324 (100.0%)
   ✅ TODOS os pontos estão em ruas (FORCE_SNAP=True)
======================================================================

💾 Dados agregados salvos em: ../data/offset_batch/vehicles_step_sim_6/run_046.csv
[csv-worker_6] [vehicles_step_sim_6] ===== LOG RUN 046 FIM =====

[csv-worker_6] [vehicles_step_sim_6] ===== LOG RUN 047 INICIO =====
======================================================================
🚗 PROCESSAMENTO SUMO → E1 REGISTRY (OFFSET ALEATÓRIO - veh0)
======================================================================
📄 Entrada: ../data/vehicles_step_sim_6.csv
🏭 Consumo fabricante: 12.0 km/l
💰 Preço carbono: R$ 50.0/ton
⭕ Raio máximo do offset aleatório: 2.0 km
🎲 Offset gerado aleatoriamente:
   Ângulo: 62.6°
   Distância: 1.2356 km
   offset_x (lat): 0.005113°  |  offset_y (lon): 0.009852°
📊 Row stepping: Processando todas as linhas
🗺️  Map matching: ATIVADO (raio 1500m) - pontos snapped para ruas
📐 Cálculo de distância: HAVERSINE PURO dos pontos COM snap (consistência)
======================================================================

📊 Carregando dados SUMO...
   Total de registros no arquivo: 155
   Veículos únicos: 1
   🚙 Vehicle selecionado: carro_1000

🔄 Agregando viagens por vehicle_id...
  📐 SUMO_carro_1000: Calculando distâncias com Haversine direto (SEM routing API)
      Original: 300 pontos → 3.1542 km (Haversine)
      Offset:   300 pontos → 5.3611 km (Haversine)

🚙 Veículo: SUMO_carro_1000
   Modelo: HBEFA4/PC_petrol_Euro-6ab
   Segmentos: 300
   📏 Distância: 3.158 km (city: 2.541, highway: 0.617)
   ⛽ Combustível: 49.984 l
   🏭 CO2 real: 115462.6 g
   🎯 CO2 meta: 608.0 g
   📊 Delta: -114854.6 g
   💰 Valor E1: R$ -5.7427
   🧭 Tentativas map matching: 302

   🔑 OFFSET DETERMINÍSTICO (x=0.0030841527972487017°, y=-0.007208452090405713°, max=2.0km):
   📍 Start Original:  (40.775644, -73.960687)
   🔒 Start Protegido: (40.778697, -73.967987) ✓ 0.70 km | ✓ MAP MATCHED
   📏 Deslocamento final: 703.0 metros
   📍 End Original:    (40.773912, -73.961904)
   🔒 End Protegido:   (40.778697, -73.967987) ✓ 0.70 km | ✓ MAP MATCHED
   📏 Deslocamento final: 739.4 metros

   📐 ANÁLISE DE DISTÂNCIA DO TRAJETO (HAVERSINE DOS PONTOS ARMAZENADOS):
   ✨ 272 pontos privados duplicados foram separados para garantir visualização 1:1.
   ℹ️  Dica: use --debug-map-matching para ver tentativas detalhadas de re-snap.
   🔢 Pontos unicos original/offset: 299/28 (Δ -271, -90.6% )
   📍 Trajeto original: 3.154 km (linha reta entre pontos GPS)
   🔒 Trajeto com offset: 5.361 km (linha reta entre pontos COM snap)
   📊 Diferença: +2.207 km (+70.0%)

======================================================================
📊 ESTATÍSTICAS FINAIS
======================================================================
Viagens processadas: 1
Distância total: 3.16 km
Combustível total: 49.98 l
CO2 real total: 115462.6 g
CO2 meta total: 608.0 g
Delta CO2: -114854.6 g
Valor E1 total: R$ -5.74

💰 Créditos: R$ 0.00
💸 Débitos: R$ 5.74
📈 Saldo líquido: R$ -5.74

🗺️  MAP MATCHING:
   Pontos processados: 300
   Snaps tentados: 300 (100.0%)
   Snaps bem-sucedidos: 300 (100.0%)
   Snaps forçados (>100m): 300 (100.0%)
   ✅ TODOS os pontos estão em ruas (FORCE_SNAP=True)
======================================================================

💾 Dados agregados salvos em: ../data/offset_batch/vehicles_step_sim_6/run_047.csv
[csv-worker_6] [vehicles_step_sim_6] ===== LOG RUN 047 FIM =====

[csv-worker_6] [vehicles_step_sim_6] ===== LOG RUN 048 INICIO =====
======================================================================
🚗 PROCESSAMENTO SUMO → E1 REGISTRY (OFFSET ALEATÓRIO - veh0)
======================================================================
📄 Entrada: ../data/vehicles_step_sim_6.csv
🏭 Consumo fabricante: 12.0 km/l
💰 Preço carbono: R$ 50.0/ton
⭕ Raio máximo do offset aleatório: 2.0 km
🎲 Offset gerado aleatoriamente:
   Ângulo: 238.1°
   Distância: 1.7195 km
   offset_x (lat): -0.008171°  |  offset_y (lon): -0.013108°
📊 Row stepping: Processando todas as linhas
🗺️  Map matching: ATIVADO (raio 1500m) - pontos snapped para ruas
📐 Cálculo de distância: HAVERSINE PURO dos pontos COM snap (consistência)
======================================================================

📊 Carregando dados SUMO...
   Total de registros no arquivo: 155
   Veículos únicos: 1
   🚙 Vehicle selecionado: carro_1000

🔄 Agregando viagens por vehicle_id...
  📐 SUMO_carro_1000: Calculando distâncias com Haversine direto (SEM routing API)
      Original: 337 pontos → 3.3706 km (Haversine)
      Offset:   337 pontos → 2.9001 km (Haversine)

🚙 Veículo: SUMO_carro_1000
   Modelo: HBEFA4/PC_petrol_Euro-6ab
   Segmentos: 337
   📏 Distância: 3.379 km (city: 3.069, highway: 0.310)
   ⛽ Combustível: 58.616 l
   🏭 CO2 real: 135402.3 g
   🎯 CO2 meta: 650.5 g
   📊 Delta: -134751.8 g
   💰 Valor E1: R$ -6.7376
   🧭 Tentativas map matching: 339

   🔑 OFFSET DETERMINÍSTICO (x=1.489858767711559e-05°, y=-0.01716484357141553°, max=2.0km):
   📍 Start Original:  (40.775644, -73.960687)
   🔒 Start Protegido: (40.774969, -73.977037) ✓ 1.45 km | ✓ MAP MATCHED
   📏 Deslocamento final: 1380.3 metros
   📍 End Original:    (40.774801, -73.960637)
   🔒 End Protegido:   (40.774343, -73.977491) ✓ 1.45 km | ✓ MAP MATCHED
   📏 Deslocamento final: 1421.7 metros

   📐 ANÁLISE DE DISTÂNCIA DO TRAJETO (HAVERSINE DOS PONTOS ARMAZENADOS):
   ✨ 298 pontos privados duplicados foram separados para garantir visualização 1:1.
   ℹ️  Dica: use --debug-map-matching para ver tentativas detalhadas de re-snap.
   🔢 Pontos unicos original/offset: 337/39 (Δ -298, -88.4% )
   📍 Trajeto original: 3.371 km (linha reta entre pontos GPS)
   🔒 Trajeto com offset: 2.900 km (linha reta entre pontos COM snap)
   📊 Diferença: -0.471 km (-14.0%)

======================================================================
📊 ESTATÍSTICAS FINAIS
======================================================================
Viagens processadas: 1
Distância total: 3.38 km
Combustível total: 58.62 l
CO2 real total: 135402.3 g
CO2 meta total: 650.5 g
Delta CO2: -134751.8 g
Valor E1 total: R$ -6.74

💰 Créditos: R$ 0.00
💸 Débitos: R$ 6.74
📈 Saldo líquido: R$ -6.74

🗺️  MAP MATCHING:
   Pontos processados: 337
   Snaps tentados: 337 (100.0%)
   Snaps bem-sucedidos: 337 (100.0%)
   Snaps forçados (>100m): 337 (100.0%)
   ✅ TODOS os pontos estão em ruas (FORCE_SNAP=True)
======================================================================

💾 Dados agregados salvos em: ../data/offset_batch/vehicles_step_sim_6/run_048.csv
[csv-worker_6] [vehicles_step_sim_6] ===== LOG RUN 048 FIM =====

[csv-worker_6] [vehicles_step_sim_6] ===== LOG RUN 049 INICIO =====
======================================================================
🚗 PROCESSAMENTO SUMO → E1 REGISTRY (OFFSET ALEATÓRIO - veh0)
======================================================================
📄 Entrada: ../data/vehicles_step_sim_6.csv
🏭 Consumo fabricante: 12.0 km/l
💰 Preço carbono: R$ 50.0/ton
⭕ Raio máximo do offset aleatório: 2.0 km
🎲 Offset gerado aleatoriamente:
   Ângulo: 55.1°
   Distância: 0.0764 km
   offset_x (lat): 0.000393°  |  offset_y (lon): 0.000563°
📊 Row stepping: Processando todas as linhas
🗺️  Map matching: ATIVADO (raio 1500m) - pontos snapped para ruas
📐 Cálculo de distância: HAVERSINE PURO dos pontos COM snap (consistência)
======================================================================

📊 Carregando dados SUMO...
   Total de registros no arquivo: 155
   Veículos únicos: 1
   🚙 Vehicle selecionado: carro_1000

🔄 Agregando viagens por vehicle_id...
  📐 SUMO_carro_1000: Calculando distâncias com Haversine direto (SEM routing API)
      Original: 131 pontos → 1.4055 km (Haversine)
      Offset:   131 pontos → 2.4187 km (Haversine)

🚙 Veículo: SUMO_carro_1000
   Modelo: HBEFA4/PC_petrol_Euro-6ab
   Segmentos: 131
   📏 Distância: 1.410 km (city: 1.410, highway: 0.000)
   ⛽ Combustível: 12.456 l
   🏭 CO2 real: 28774.3 g
   🎯 CO2 meta: 271.4 g
   📊 Delta: -28502.9 g
   💰 Valor E1: R$ -1.4251
   🧭 Tentativas map matching: 133

   🔑 OFFSET DETERMINÍSTICO (x=0.009321114674361352°, y=-0.0006620670626184107°, max=2.0km):
   📍 Start Original:  (40.775644, -73.960687)
   🔒 Start Protegido: (40.784023, -73.958603) ✓ 1.04 km | ✓ MAP MATCHED
   📏 Deslocamento final: 949.2 metros
   📍 End Original:    (40.772974, -73.962198)
   🔒 End Protegido:   (40.782133, -73.963396) ✓ 1.04 km | ✓ MAP MATCHED
   📏 Deslocamento final: 1024.5 metros

   📐 ANÁLISE DE DISTÂNCIA DO TRAJETO (HAVERSINE DOS PONTOS ARMAZENADOS):
   ✨ 108 pontos privados duplicados foram separados para garantir visualização 1:1.
   ℹ️  Dica: use --debug-map-matching para ver tentativas detalhadas de re-snap.
   🔢 Pontos unicos original/offset: 130/23 (Δ -107, -82.3% )
   📍 Trajeto original: 1.405 km (linha reta entre pontos GPS)
   🔒 Trajeto com offset: 2.419 km (linha reta entre pontos COM snap)
   📊 Diferença: +1.013 km (+72.1%)

======================================================================
📊 ESTATÍSTICAS FINAIS
======================================================================
Viagens processadas: 1
Distância total: 1.41 km
Combustível total: 12.46 l
CO2 real total: 28774.3 g
CO2 meta total: 271.4 g
Delta CO2: -28502.9 g
Valor E1 total: R$ -1.43

💰 Créditos: R$ 0.00
💸 Débitos: R$ 1.43
📈 Saldo líquido: R$ -1.43

🗺️  MAP MATCHING:
   Pontos processados: 131
   Snaps tentados: 131 (100.0%)
   Snaps bem-sucedidos: 131 (100.0%)
   Snaps forçados (>100m): 131 (100.0%)
   ✅ TODOS os pontos estão em ruas (FORCE_SNAP=True)
======================================================================

💾 Dados agregados salvos em: ../data/offset_batch/vehicles_step_sim_6/run_049.csv
[csv-worker_6] [vehicles_step_sim_6] ===== LOG RUN 049 FIM =====

[csv-worker_6] [vehicles_step_sim_6] ===== LOG RUN 050 INICIO =====
======================================================================
🚗 PROCESSAMENTO SUMO → E1 REGISTRY (OFFSET ALEATÓRIO - veh0)
======================================================================
📄 Entrada: ../data/vehicles_step_sim_6.csv
🏭 Consumo fabricante: 12.0 km/l
💰 Preço carbono: R$ 50.0/ton
⭕ Raio máximo do offset aleatório: 2.0 km
🎲 Offset gerado aleatoriamente:
   Ângulo: 172.6°
   Distância: 1.5780 km
   offset_x (lat): -0.014057°  |  offset_y (lon): 0.001833°
📊 Row stepping: Processando todas as linhas
🗺️  Map matching: ATIVADO (raio 1500m) - pontos snapped para ruas
📐 Cálculo de distância: HAVERSINE PURO dos pontos COM snap (consistência)
======================================================================

📊 Carregando dados SUMO...
   Total de registros no arquivo: 155
   Veículos únicos: 1
   🚙 Vehicle selecionado: carro_1000

🔄 Agregando viagens por vehicle_id...
  📐 SUMO_carro_1000: Calculando distâncias com Haversine direto (SEM routing API)
      Original: 131 pontos → 1.4055 km (Haversine)
      Offset:   131 pontos → 1.4330 km (Haversine)

🚙 Veículo: SUMO_carro_1000
   Modelo: HBEFA4/PC_petrol_Euro-6ab
   Segmentos: 131
   📏 Distância: 1.410 km (city: 1.410, highway: 0.000)
   ⛽ Combustível: 12.456 l
   🏭 CO2 real: 28774.3 g
   🎯 CO2 meta: 271.4 g
   📊 Delta: -28502.9 g
   💰 Valor E1: R$ -1.4251
   🧭 Tentativas map matching: 133

   🔑 OFFSET DETERMINÍSTICO (x=0.012197376937289353°, y=0.009445525667738654°, max=2.0km):
   📍 Start Original:  (40.775644, -73.960687)
   🔒 Start Protegido: (40.787771, -73.951407) ✓ 1.57 km | ✓ MAP MATCHED
   📏 Deslocamento final: 1560.3 metros
   📍 End Original:    (40.772974, -73.962198)
   🔒 End Protegido:   (40.785166, -73.953309) ✓ 1.57 km | ✓ MAP MATCHED
   📏 Deslocamento final: 1550.3 metros

   📐 ANÁLISE DE DISTÂNCIA DO TRAJETO (HAVERSINE DOS PONTOS ARMAZENADOS):
   ✨ 106 pontos privados duplicados foram separados para garantir visualização 1:1.
   ℹ️  Dica: use --debug-map-matching para ver tentativas detalhadas de re-snap.
   🔢 Pontos unicos original/offset: 130/25 (Δ -105, -80.8% )
   📍 Trajeto original: 1.405 km (linha reta entre pontos GPS)
   🔒 Trajeto com offset: 1.433 km (linha reta entre pontos COM snap)
   📊 Diferença: +0.027 km (+2.0%)

======================================================================
📊 ESTATÍSTICAS FINAIS
======================================================================
Viagens processadas: 1
Distância total: 1.41 km
Combustível total: 12.46 l
CO2 real total: 28774.3 g
CO2 meta total: 271.4 g
Delta CO2: -28502.9 g
Valor E1 total: R$ -1.43

💰 Créditos: R$ 0.00
💸 Débitos: R$ 1.43
📈 Saldo líquido: R$ -1.43

🗺️  MAP MATCHING:
   Pontos processados: 131
   Snaps tentados: 131 (100.0%)
   Snaps bem-sucedidos: 131 (100.0%)
   Snaps forçados (>100m): 131 (100.0%)
   ✅ TODOS os pontos estão em ruas (FORCE_SNAP=True)
======================================================================

💾 Dados agregados salvos em: ../data/offset_batch/vehicles_step_sim_6/run_050.csv
[csv-worker_6] [vehicles_step_sim_6] ===== LOG RUN 050 FIM =====

[csv-worker_6] [vehicles_step_sim_6] ===== LOG RUN 051 INICIO =====
======================================================================
🚗 PROCESSAMENTO SUMO → E1 REGISTRY (OFFSET ALEATÓRIO - veh0)
======================================================================
📄 Entrada: ../data/vehicles_step_sim_6.csv
🏭 Consumo fabricante: 12.0 km/l
💰 Preço carbono: R$ 50.0/ton
⭕ Raio máximo do offset aleatório: 2.0 km
🎲 Offset gerado aleatoriamente:
   Ângulo: 222.3°
   Distância: 1.2911 km
   offset_x (lat): -0.008575°  |  offset_y (lon): -0.007809°
📊 Row stepping: Processando todas as linhas
🗺️  Map matching: ATIVADO (raio 1500m) - pontos snapped para ruas
📐 Cálculo de distância: HAVERSINE PURO dos pontos COM snap (consistência)
======================================================================

📊 Carregando dados SUMO...
   Total de registros no arquivo: 155
   Veículos únicos: 1
   🚙 Vehicle selecionado: carro_1000

🔄 Agregando viagens por vehicle_id...
  📐 SUMO_carro_1000: Calculando distâncias com Haversine direto (SEM routing API)
      Original: 323 pontos → 2.9161 km (Haversine)
      Offset:   323 pontos → 5.1527 km (Haversine)

🚙 Veículo: SUMO_carro_1000
   Modelo: HBEFA4/PC_petrol_Euro-6ab
   Segmentos: 323
   📏 Distância: 2.926 km (city: 2.764, highway: 0.161)
   ⛽ Combustível: 54.094 l
   🏭 CO2 real: 124958.0 g
   🎯 CO2 meta: 563.2 g
   📊 Delta: -124394.9 g
   💰 Valor E1: R$ -6.2197
   🧭 Tentativas map matching: 325

   🔑 OFFSET DETERMINÍSTICO (x=-0.01522609609610976°, y=0.007318761214567338°, max=2.0km):
   📍 Start Original:  (40.775644, -73.960687)
   🔒 Start Protegido: (40.759816, -73.952876) ✓ 1.80 km | ✓ MAP MATCHED
   📏 Deslocamento final: 1880.9 metros
   📍 End Original:    (40.774046, -73.961617)
   🔒 End Protegido:   (40.758794, -73.954085) ✓ 1.80 km | ✓ MAP MATCHED
   📏 Deslocamento final: 1812.6 metros

   📐 ANÁLISE DE DISTÂNCIA DO TRAJETO (HAVERSINE DOS PONTOS ARMAZENADOS):
   ✨ 264 pontos privados duplicados foram separados para garantir visualização 1:1.
   ℹ️  Dica: use --debug-map-matching para ver tentativas detalhadas de re-snap.
   🔢 Pontos unicos original/offset: 320/59 (Δ -261, -81.6% )
   📍 Trajeto original: 2.916 km (linha reta entre pontos GPS)
   🔒 Trajeto com offset: 5.153 km (linha reta entre pontos COM snap)
   📊 Diferença: +2.237 km (+76.7%)

======================================================================
📊 ESTATÍSTICAS FINAIS
======================================================================
Viagens processadas: 1
Distância total: 2.93 km
Combustível total: 54.09 l
CO2 real total: 124958.0 g
CO2 meta total: 563.2 g
Delta CO2: -124394.9 g
Valor E1 total: R$ -6.22

💰 Créditos: R$ 0.00
💸 Débitos: R$ 6.22
📈 Saldo líquido: R$ -6.22

🗺️  MAP MATCHING:
   Pontos processados: 323
   Snaps tentados: 323 (100.0%)
   Snaps bem-sucedidos: 323 (100.0%)
   Snaps forçados (>100m): 323 (100.0%)
   ✅ TODOS os pontos estão em ruas (FORCE_SNAP=True)
======================================================================

💾 Dados agregados salvos em: ../data/offset_batch/vehicles_step_sim_6/run_051.csv
[csv-worker_6] [vehicles_step_sim_6] ===== LOG RUN 051 FIM =====

[csv-worker_6] [vehicles_step_sim_6] ===== LOG RUN 052 INICIO =====
======================================================================
🚗 PROCESSAMENTO SUMO → E1 REGISTRY (OFFSET ALEATÓRIO - veh0)
======================================================================
📄 Entrada: ../data/vehicles_step_sim_6.csv
🏭 Consumo fabricante: 12.0 km/l
💰 Preço carbono: R$ 50.0/ton
⭕ Raio máximo do offset aleatório: 2.0 km
🎲 Offset gerado aleatoriamente:
   Ângulo: 11.9°
   Distância: 1.7434 km
   offset_x (lat): 0.015324°  |  offset_y (lon): 0.003234°
📊 Row stepping: Processando todas as linhas
🗺️  Map matching: ATIVADO (raio 1500m) - pontos snapped para ruas
📐 Cálculo de distância: HAVERSINE PURO dos pontos COM snap (consistência)
======================================================================

📊 Carregando dados SUMO...
   Total de registros no arquivo: 155
   Veículos únicos: 1
   🚙 Vehicle selecionado: carro_1000

🔄 Agregando viagens por vehicle_id...
  📐 SUMO_carro_1000: Calculando distâncias com Haversine direto (SEM routing API)
      Original: 222 pontos → 1.9688 km (Haversine)
      Offset:   222 pontos → 2.4349 km (Haversine)

🚙 Veículo: SUMO_carro_1000
   Modelo: HBEFA4/PC_petrol_Euro-6ab
   Segmentos: 222
   📏 Distância: 1.973 km (city: 1.973, highway: 0.000)
   ⛽ Combustível: 24.219 l
   🏭 CO2 real: 55946.2 g
   🎯 CO2 meta: 379.8 g
   📊 Delta: -55566.4 g
   💰 Valor E1: R$ -2.7783
   🧭 Tentativas map matching: 224

   🔑 OFFSET DETERMINÍSTICO (x=0.002663334526705292°, y=0.010248339192099705°, max=2.0km):
   📍 Start Original:  (40.775644, -73.960687)
   🔒 Start Protegido: (40.778499, -73.951126) ✓ 0.91 km | ✓ MAP MATCHED
   📏 Deslocamento final: 866.4 metros
   📍 End Original:    (40.772651, -73.962544)
   🔒 End Protegido:   (40.774985, -73.952904) ✓ 0.91 km | ✓ MAP MATCHED
   📏 Deslocamento final: 853.2 metros

   📐 ANÁLISE DE DISTÂNCIA DO TRAJETO (HAVERSINE DOS PONTOS ARMAZENADOS):
   ✨ 190 pontos privados duplicados foram separados para garantir visualização 1:1.
   ℹ️  Dica: use --debug-map-matching para ver tentativas detalhadas de re-snap.
   🔢 Pontos unicos original/offset: 221/32 (Δ -189, -85.5% )
   📍 Trajeto original: 1.969 km (linha reta entre pontos GPS)
   🔒 Trajeto com offset: 2.435 km (linha reta entre pontos COM snap)
   📊 Diferença: +0.466 km (+23.7%)

======================================================================
📊 ESTATÍSTICAS FINAIS
======================================================================
Viagens processadas: 1
Distância total: 1.97 km
Combustível total: 24.22 l
CO2 real total: 55946.2 g
CO2 meta total: 379.8 g
Delta CO2: -55566.4 g
Valor E1 total: R$ -2.78

💰 Créditos: R$ 0.00
💸 Débitos: R$ 2.78
📈 Saldo líquido: R$ -2.78

🗺️  MAP MATCHING:
   Pontos processados: 222
   Snaps tentados: 222 (100.0%)
   Snaps bem-sucedidos: 222 (100.0%)
   Snaps forçados (>100m): 222 (100.0%)
   ✅ TODOS os pontos estão em ruas (FORCE_SNAP=True)
======================================================================

💾 Dados agregados salvos em: ../data/offset_batch/vehicles_step_sim_6/run_052.csv
[csv-worker_6] [vehicles_step_sim_6] ===== LOG RUN 052 FIM =====

[csv-worker_6] [vehicles_step_sim_6] ===== LOG RUN 053 INICIO =====
======================================================================
🚗 PROCESSAMENTO SUMO → E1 REGISTRY (OFFSET ALEATÓRIO - veh0)
======================================================================
📄 Entrada: ../data/vehicles_step_sim_6.csv
🏭 Consumo fabricante: 12.0 km/l
💰 Preço carbono: R$ 50.0/ton
⭕ Raio máximo do offset aleatório: 2.0 km
🎲 Offset gerado aleatoriamente:
   Ângulo: 164.6°
   Distância: 1.9750 km
   offset_x (lat): -0.017107°  |  offset_y (lon): 0.004703°
📊 Row stepping: Processando todas as linhas
🗺️  Map matching: ATIVADO (raio 1500m) - pontos snapped para ruas
📐 Cálculo de distância: HAVERSINE PURO dos pontos COM snap (consistência)
======================================================================

📊 Carregando dados SUMO...
   Total de registros no arquivo: 155
   Veículos únicos: 1
   🚙 Vehicle selecionado: carro_1000

🔄 Agregando viagens por vehicle_id...
  📐 SUMO_carro_1000: Calculando distâncias com Haversine direto (SEM routing API)
      Original: 131 pontos → 1.4055 km (Haversine)
      Offset:   131 pontos → 1.4987 km (Haversine)

🚙 Veículo: SUMO_carro_1000
   Modelo: HBEFA4/PC_petrol_Euro-6ab
   Segmentos: 131
   📏 Distância: 1.410 km (city: 1.410, highway: 0.000)
   ⛽ Combustível: 12.456 l
   🏭 CO2 real: 28774.3 g
   🎯 CO2 meta: 271.4 g
   📊 Delta: -28502.9 g
   💰 Valor E1: R$ -1.4251
   🧭 Tentativas map matching: 133

   🔑 OFFSET DETERMINÍSTICO (x=0.01127230491734189°, y=0.006326353837010407°, max=2.0km):
   📍 Start Original:  (40.775644, -73.960687)
   🔒 Start Protegido: (40.787138, -73.954231) ✓ 1.36 km | ✓ MAP MATCHED
   📏 Deslocamento final: 1390.5 metros
   📍 End Original:    (40.772974, -73.962198)
   🔒 End Protegido:   (40.784625, -73.955928) ✓ 1.36 km | ✓ MAP MATCHED
   📏 Deslocamento final: 1400.6 metros

   📐 ANÁLISE DE DISTÂNCIA DO TRAJETO (HAVERSINE DOS PONTOS ARMAZENADOS):
   ✨ 100 pontos privados duplicados foram separados para garantir visualização 1:1.
   ℹ️  Dica: use --debug-map-matching para ver tentativas detalhadas de re-snap.
   🔢 Pontos unicos original/offset: 130/31 (Δ -99, -76.2% )
   📍 Trajeto original: 1.405 km (linha reta entre pontos GPS)
   🔒 Trajeto com offset: 1.499 km (linha reta entre pontos COM snap)
   📊 Diferença: +0.093 km (+6.6%)

======================================================================
📊 ESTATÍSTICAS FINAIS
======================================================================
Viagens processadas: 1
Distância total: 1.41 km
Combustível total: 12.46 l
CO2 real total: 28774.3 g
CO2 meta total: 271.4 g
Delta CO2: -28502.9 g
Valor E1 total: R$ -1.43

💰 Créditos: R$ 0.00
💸 Débitos: R$ 1.43
📈 Saldo líquido: R$ -1.43

🗺️  MAP MATCHING:
   Pontos processados: 131
   Snaps tentados: 131 (100.0%)
   Snaps bem-sucedidos: 131 (100.0%)
   Snaps forçados (>100m): 131 (100.0%)
   ✅ TODOS os pontos estão em ruas (FORCE_SNAP=True)
======================================================================

💾 Dados agregados salvos em: ../data/offset_batch/vehicles_step_sim_6/run_053.csv
[csv-worker_6] [vehicles_step_sim_6] ===== LOG RUN 053 FIM =====

[csv-worker_6] [vehicles_step_sim_6] ===== LOG RUN 054 INICIO =====
======================================================================
🚗 PROCESSAMENTO SUMO → E1 REGISTRY (OFFSET ALEATÓRIO - veh0)
======================================================================
📄 Entrada: ../data/vehicles_step_sim_6.csv
🏭 Consumo fabricante: 12.0 km/l
💰 Preço carbono: R$ 50.0/ton
⭕ Raio máximo do offset aleatório: 2.0 km
🎲 Offset gerado aleatoriamente:
   Ângulo: 53.8°
   Distância: 1.2260 km
   offset_x (lat): 0.006511°  |  offset_y (lon): 0.008882°
📊 Row stepping: Processando todas as linhas
🗺️  Map matching: ATIVADO (raio 1500m) - pontos snapped para ruas
📐 Cálculo de distância: HAVERSINE PURO dos pontos COM snap (consistência)
======================================================================

📊 Carregando dados SUMO...
   Total de registros no arquivo: 155
   Veículos únicos: 1
   🚙 Vehicle selecionado: carro_1000

🔄 Agregando viagens por vehicle_id...
  📐 SUMO_carro_1000: Calculando distâncias com Haversine direto (SEM routing API)
      Original: 324 pontos → 3.1629 km (Haversine)
      Offset:   324 pontos → 4.0306 km (Haversine)

🚙 Veículo: SUMO_carro_1000
   Modelo: HBEFA4/PC_petrol_Euro-6ab
   Segmentos: 324
   📏 Distância: 3.166 km (city: 3.024, highway: 0.142)
   ⛽ Combustível: 49.530 l
   🏭 CO2 real: 114414.1 g
   🎯 CO2 meta: 609.4 g
   📊 Delta: -113804.6 g
   💰 Valor E1: R$ -5.6902
   🧭 Tentativas map matching: 326

   🔑 OFFSET DETERMINÍSTICO (x=-0.007653255973740195°, y=0.010983511777271146°, max=2.0km):
   📍 Start Original:  (40.775644, -73.960687)
   🔒 Start Protegido: (40.767942, -73.949719) ✓ 1.26 km | ✓ MAP MATCHED
   📏 Deslocamento final: 1260.9 metros
   📍 End Original:    (40.772251, -73.963071)
   🔒 End Protegido:   (40.765106, -73.951999) ✓ 1.26 km | ✓ MAP MATCHED
   📏 Deslocamento final: 1226.3 metros

   📐 ANÁLISE DE DISTÂNCIA DO TRAJETO (HAVERSINE DOS PONTOS ARMAZENADOS):
   ✨ 282 pontos privados duplicados foram separados para garantir visualização 1:1.
   ℹ️  Dica: use --debug-map-matching para ver tentativas detalhadas de re-snap.
   🔢 Pontos unicos original/offset: 324/42 (Δ -282, -87.0% )
   📍 Trajeto original: 3.163 km (linha reta entre pontos GPS)
   🔒 Trajeto com offset: 4.031 km (linha reta entre pontos COM snap)
   📊 Diferença: +0.868 km (+27.4%)

======================================================================
📊 ESTATÍSTICAS FINAIS
======================================================================
Viagens processadas: 1
Distância total: 3.17 km
Combustível total: 49.53 l
CO2 real total: 114414.1 g
CO2 meta total: 609.4 g
Delta CO2: -113804.6 g
Valor E1 total: R$ -5.69

💰 Créditos: R$ 0.00
💸 Débitos: R$ 5.69
📈 Saldo líquido: R$ -5.69

🗺️  MAP MATCHING:
   Pontos processados: 324
   Snaps tentados: 324 (100.0%)
   Snaps bem-sucedidos: 324 (100.0%)
   Snaps forçados (>100m): 324 (100.0%)
   ✅ TODOS os pontos estão em ruas (FORCE_SNAP=True)
======================================================================

💾 Dados agregados salvos em: ../data/offset_batch/vehicles_step_sim_6/run_054.csv
[csv-worker_6] [vehicles_step_sim_6] ===== LOG RUN 054 FIM =====

[csv-worker_6] [vehicles_step_sim_6] ===== LOG RUN 055 INICIO =====
======================================================================
🚗 PROCESSAMENTO SUMO → E1 REGISTRY (OFFSET ALEATÓRIO - veh0)
======================================================================
📄 Entrada: ../data/vehicles_step_sim_6.csv
🏭 Consumo fabricante: 12.0 km/l
💰 Preço carbono: R$ 50.0/ton
⭕ Raio máximo do offset aleatório: 2.0 km
🎲 Offset gerado aleatoriamente:
   Ângulo: 315.0°
   Distância: 1.5565 km
   offset_x (lat): 0.009884°  |  offset_y (lon): -0.009890°
📊 Row stepping: Processando todas as linhas
🗺️  Map matching: ATIVADO (raio 1500m) - pontos snapped para ruas
📐 Cálculo de distância: HAVERSINE PURO dos pontos COM snap (consistência)
======================================================================

📊 Carregando dados SUMO...
   Total de registros no arquivo: 155
   Veículos únicos: 1
   🚙 Vehicle selecionado: carro_1000

🔄 Agregando viagens por vehicle_id...
  📐 SUMO_carro_1000: Calculando distâncias com Haversine direto (SEM routing API)
      Original: 323 pontos → 2.9161 km (Haversine)
      Offset:   323 pontos → 2.2323 km (Haversine)

🚙 Veículo: SUMO_carro_1000
   Modelo: HBEFA4/PC_petrol_Euro-6ab
   Segmentos: 323
   📏 Distância: 2.926 km (city: 2.764, highway: 0.161)
   ⛽ Combustível: 54.094 l
   🏭 CO2 real: 124958.0 g
   🎯 CO2 meta: 563.2 g
   📊 Delta: -124394.9 g
   💰 Valor E1: R$ -6.2197
   🧭 Tentativas map matching: 325

   🔑 OFFSET DETERMINÍSTICO (x=0.004792355657326254°, y=-0.011636597267098417°, max=2.0km):
   📍 Start Original:  (40.775644, -73.960687)
   🔒 Start Protegido: (40.780715, -73.972698) ✓ 1.12 km | ✓ MAP MATCHED
   📏 Deslocamento final: 1159.3 metros
   📍 End Original:    (40.774046, -73.961617)
   🔒 End Protegido:   (40.778872, -73.974037) ✓ 1.12 km | ✓ MAP MATCHED
   📏 Deslocamento final: 1176.9 metros

   📐 ANÁLISE DE DISTÂNCIA DO TRAJETO (HAVERSINE DOS PONTOS ARMAZENADOS):
   ✨ 293 pontos privados duplicados foram separados para garantir visualização 1:1.
   ℹ️  Dica: use --debug-map-matching para ver tentativas detalhadas de re-snap.
   🔢 Pontos unicos original/offset: 320/30 (Δ -290, -90.6% )
   📍 Trajeto original: 2.916 km (linha reta entre pontos GPS)
   🔒 Trajeto com offset: 2.232 km (linha reta entre pontos COM snap)
   📊 Diferença: -0.684 km (-23.4%)

======================================================================
📊 ESTATÍSTICAS FINAIS
======================================================================
Viagens processadas: 1
Distância total: 2.93 km
Combustível total: 54.09 l
CO2 real total: 124958.0 g
CO2 meta total: 563.2 g
Delta CO2: -124394.9 g
Valor E1 total: R$ -6.22

💰 Créditos: R$ 0.00
💸 Débitos: R$ 6.22
📈 Saldo líquido: R$ -6.22

🗺️  MAP MATCHING:
   Pontos processados: 323
   Snaps tentados: 323 (100.0%)
   Snaps bem-sucedidos: 323 (100.0%)
   Snaps forçados (>100m): 323 (100.0%)
   ✅ TODOS os pontos estão em ruas (FORCE_SNAP=True)
======================================================================

💾 Dados agregados salvos em: ../data/offset_batch/vehicles_step_sim_6/run_055.csv
[csv-worker_6] [vehicles_step_sim_6] ===== LOG RUN 055 FIM =====

[csv-worker_6] [vehicles_step_sim_6] ===== LOG RUN 056 INICIO =====
======================================================================
🚗 PROCESSAMENTO SUMO → E1 REGISTRY (OFFSET ALEATÓRIO - veh0)
======================================================================
📄 Entrada: ../data/vehicles_step_sim_6.csv
🏭 Consumo fabricante: 12.0 km/l
💰 Preço carbono: R$ 50.0/ton
⭕ Raio máximo do offset aleatório: 2.0 km
🎲 Offset gerado aleatoriamente:
   Ângulo: 358.9°
   Distância: 1.5990 km
   offset_x (lat): 0.014361°  |  offset_y (lon): -0.000266°
📊 Row stepping: Processando todas as linhas
🗺️  Map matching: ATIVADO (raio 1500m) - pontos snapped para ruas
📐 Cálculo de distância: HAVERSINE PURO dos pontos COM snap (consistência)
======================================================================

📊 Carregando dados SUMO...
   Total de registros no arquivo: 155
   Veículos únicos: 1
   🚙 Vehicle selecionado: carro_1000

🔄 Agregando viagens por vehicle_id...
  📐 SUMO_carro_1000: Calculando distâncias com Haversine direto (SEM routing API)
      Original: 301 pontos → 3.1480 km (Haversine)
      Offset:   301 pontos → 3.1662 km (Haversine)

🚙 Veículo: SUMO_carro_1000
   Modelo: HBEFA4/PC_petrol_Euro-6ab
   Segmentos: 301
   📏 Distância: 3.159 km (city: 3.020, highway: 0.139)
   ⛽ Combustível: 51.224 l
   🏭 CO2 real: 118326.7 g
   🎯 CO2 meta: 608.1 g
   📊 Delta: -117718.6 g
   💰 Valor E1: R$ -5.8859
   🧭 Tentativas map matching: 303

   🔑 OFFSET DETERMINÍSTICO (x=0.0124786405317708°, y=0.010149811920720474°, max=2.0km):
   📍 Start Original:  (40.775644, -73.960687)
   🔒 Start Protegido: (40.788388, -73.950885) ✓ 1.63 km | ✓ MAP MATCHED
   📏 Deslocamento final: 1641.7 metros
   📍 End Original:    (40.771236, -73.963813)
   🔒 End Protegido:   (40.783905, -73.954223) ✓ 1.63 km | ✓ MAP MATCHED
   📏 Deslocamento final: 1625.6 metros

   📐 ANÁLISE DE DISTÂNCIA DO TRAJETO (HAVERSINE DOS PONTOS ARMAZENADOS):
   ✨ 260 pontos privados duplicados foram separados para garantir visualização 1:1.
   ℹ️  Dica: use --debug-map-matching para ver tentativas detalhadas de re-snap.
   🔢 Pontos unicos original/offset: 301/41 (Δ -260, -86.4% )
   📍 Trajeto original: 3.148 km (linha reta entre pontos GPS)
   🔒 Trajeto com offset: 3.166 km (linha reta entre pontos COM snap)
   📊 Diferença: +0.018 km (+0.6%)

======================================================================
📊 ESTATÍSTICAS FINAIS
======================================================================
Viagens processadas: 1
Distância total: 3.16 km
Combustível total: 51.22 l
CO2 real total: 118326.7 g
CO2 meta total: 608.1 g
Delta CO2: -117718.6 g
Valor E1 total: R$ -5.89

💰 Créditos: R$ 0.00
💸 Débitos: R$ 5.89
📈 Saldo líquido: R$ -5.89

🗺️  MAP MATCHING:
   Pontos processados: 301
   Snaps tentados: 301 (100.0%)
   Snaps bem-sucedidos: 301 (100.0%)
   Snaps forçados (>100m): 301 (100.0%)
   ✅ TODOS os pontos estão em ruas (FORCE_SNAP=True)
======================================================================

💾 Dados agregados salvos em: ../data/offset_batch/vehicles_step_sim_6/run_056.csv
[csv-worker_6] [vehicles_step_sim_6] ===== LOG RUN 056 FIM =====

[csv-worker_6] [vehicles_step_sim_6] ===== LOG RUN 057 INICIO =====
======================================================================
🚗 PROCESSAMENTO SUMO → E1 REGISTRY (OFFSET ALEATÓRIO - veh0)
======================================================================
📄 Entrada: ../data/vehicles_step_sim_6.csv
🏭 Consumo fabricante: 12.0 km/l
💰 Preço carbono: R$ 50.0/ton
⭕ Raio máximo do offset aleatório: 2.0 km
🎲 Offset gerado aleatoriamente:
   Ângulo: 121.1°
   Distância: 1.5479 km
   offset_x (lat): -0.007188°  |  offset_y (lon): 0.011903°
📊 Row stepping: Processando todas as linhas
🗺️  Map matching: ATIVADO (raio 1500m) - pontos snapped para ruas
📐 Cálculo de distância: HAVERSINE PURO dos pontos COM snap (consistência)
======================================================================

📊 Carregando dados SUMO...
   Total de registros no arquivo: 155
   Veículos únicos: 1
   🚙 Vehicle selecionado: carro_1000

🔄 Agregando viagens por vehicle_id...
  📐 SUMO_carro_1000: Calculando distâncias com Haversine direto (SEM routing API)
      Original: 131 pontos → 1.4055 km (Haversine)
      Offset:   131 pontos → 3.6062 km (Haversine)

🚙 Veículo: SUMO_carro_1000
   Modelo: HBEFA4/PC_petrol_Euro-6ab
   Segmentos: 131
   📏 Distância: 1.410 km (city: 1.410, highway: 0.000)
   ⛽ Combustível: 12.456 l
   🏭 CO2 real: 28774.3 g
   🎯 CO2 meta: 271.4 g
   📊 Delta: -28502.9 g
   💰 Valor E1: R$ -1.4251
   🧭 Tentativas map matching: 133

   🔑 OFFSET DETERMINÍSTICO (x=-0.0013343852660204808°, y=-0.011067157048515516°, max=2.0km):
   📍 Start Original:  (40.775644, -73.960687)
   🔒 Start Protegido: (40.776136, -73.976030) ✓ 0.94 km | ✓ MAP MATCHED
   📏 Deslocamento final: 1294.6 metros
   📍 End Original:    (40.772974, -73.962198)
   🔒 End Protegido:   (40.769902, -73.974741) ✓ 0.94 km | ✓ MAP MATCHED
   📏 Deslocamento final: 1111.3 metros

   📐 ANÁLISE DE DISTÂNCIA DO TRAJETO (HAVERSINE DOS PONTOS ARMAZENADOS):
   ✨ 107 pontos privados duplicados foram separados para garantir visualização 1:1.
   ℹ️  Dica: use --debug-map-matching para ver tentativas detalhadas de re-snap.
   🔢 Pontos unicos original/offset: 130/24 (Δ -106, -81.5% )
   📍 Trajeto original: 1.405 km (linha reta entre pontos GPS)
   🔒 Trajeto com offset: 3.606 km (linha reta entre pontos COM snap)
   📊 Diferença: +2.201 km (+156.6%)

======================================================================
📊 ESTATÍSTICAS FINAIS
======================================================================
Viagens processadas: 1
Distância total: 1.41 km
Combustível total: 12.46 l
CO2 real total: 28774.3 g
CO2 meta total: 271.4 g
Delta CO2: -28502.9 g
Valor E1 total: R$ -1.43

💰 Créditos: R$ 0.00
💸 Débitos: R$ 1.43
📈 Saldo líquido: R$ -1.43

🗺️  MAP MATCHING:
   Pontos processados: 131
   Snaps tentados: 131 (100.0%)
   Snaps bem-sucedidos: 131 (100.0%)
   Snaps forçados (>100m): 131 (100.0%)
   ✅ TODOS os pontos estão em ruas (FORCE_SNAP=True)
======================================================================

💾 Dados agregados salvos em: ../data/offset_batch/vehicles_step_sim_6/run_057.csv
[csv-worker_6] [vehicles_step_sim_6] ===== LOG RUN 057 FIM =====

[csv-worker_6] [vehicles_step_sim_6] ===== LOG RUN 058 INICIO =====
======================================================================
🚗 PROCESSAMENTO SUMO → E1 REGISTRY (OFFSET ALEATÓRIO - veh0)
======================================================================
📄 Entrada: ../data/vehicles_step_sim_6.csv
🏭 Consumo fabricante: 12.0 km/l
💰 Preço carbono: R$ 50.0/ton
⭕ Raio máximo do offset aleatório: 2.0 km
🎲 Offset gerado aleatoriamente:
   Ângulo: 139.6°
   Distância: 1.4481 km
   offset_x (lat): -0.009904°  |  offset_y (lon): 0.008434°
📊 Row stepping: Processando todas as linhas
🗺️  Map matching: ATIVADO (raio 1500m) - pontos snapped para ruas
📐 Cálculo de distância: HAVERSINE PURO dos pontos COM snap (consistência)
======================================================================

📊 Carregando dados SUMO...
   Total de registros no arquivo: 155
   Veículos únicos: 1
   🚙 Vehicle selecionado: carro_1000

🔄 Agregando viagens por vehicle_id...
  📐 SUMO_carro_1000: Calculando distâncias com Haversine direto (SEM routing API)
      Original: 324 pontos → 3.1629 km (Haversine)
      Offset:   324 pontos → 3.0945 km (Haversine)

🚙 Veículo: SUMO_carro_1000
   Modelo: HBEFA4/PC_petrol_Euro-6ab
   Segmentos: 324
   📏 Distância: 3.166 km (city: 3.024, highway: 0.142)
   ⛽ Combustível: 49.530 l
   🏭 CO2 real: 114414.1 g
   🎯 CO2 meta: 609.4 g
   📊 Delta: -113804.6 g
   💰 Valor E1: R$ -5.6902
   🧭 Tentativas map matching: 326

   🔑 OFFSET DETERMINÍSTICO (x=-0.002861670021389961°, y=0.0038372549748194864°, max=2.0km):
   📍 Start Original:  (40.775644, -73.960687)
   🔒 Start Protegido: (40.772084, -73.956130) ✓ 0.45 km | ✓ MAP MATCHED
   📏 Deslocamento final: 551.8 metros
   📍 End Original:    (40.772251, -73.963071)
   🔒 End Protegido:   (40.768858, -73.958498) ✓ 0.45 km | ✓ MAP MATCHED
   📏 Deslocamento final: 539.7 metros

   📐 ANÁLISE DE DISTÂNCIA DO TRAJETO (HAVERSINE DOS PONTOS ARMAZENADOS):
   ✨ 274 pontos privados duplicados foram separados para garantir visualização 1:1.
   ℹ️  Dica: use --debug-map-matching para ver tentativas detalhadas de re-snap.
   🔢 Pontos unicos original/offset: 324/50 (Δ -274, -84.6% )
   📍 Trajeto original: 3.163 km (linha reta entre pontos GPS)
   🔒 Trajeto com offset: 3.094 km (linha reta entre pontos COM snap)
   📊 Diferença: -0.068 km (-2.2%)

======================================================================
📊 ESTATÍSTICAS FINAIS
======================================================================
Viagens processadas: 1
Distância total: 3.17 km
Combustível total: 49.53 l
CO2 real total: 114414.1 g
CO2 meta total: 609.4 g
Delta CO2: -113804.6 g
Valor E1 total: R$ -5.69

💰 Créditos: R$ 0.00
💸 Débitos: R$ 5.69
📈 Saldo líquido: R$ -5.69

🗺️  MAP MATCHING:
   Pontos processados: 324
   Snaps tentados: 324 (100.0%)
   Snaps bem-sucedidos: 324 (100.0%)
   Snaps forçados (>100m): 324 (100.0%)
   ✅ TODOS os pontos estão em ruas (FORCE_SNAP=True)
======================================================================

💾 Dados agregados salvos em: ../data/offset_batch/vehicles_step_sim_6/run_058.csv
[csv-worker_6] [vehicles_step_sim_6] ===== LOG RUN 058 FIM =====

[csv-worker_6] [vehicles_step_sim_6] ===== LOG RUN 059 INICIO =====
======================================================================
🚗 PROCESSAMENTO SUMO → E1 REGISTRY (OFFSET ALEATÓRIO - veh0)
======================================================================
📄 Entrada: ../data/vehicles_step_sim_6.csv
🏭 Consumo fabricante: 12.0 km/l
💰 Preço carbono: R$ 50.0/ton
⭕ Raio máximo do offset aleatório: 2.0 km
🎲 Offset gerado aleatoriamente:
   Ângulo: 63.3°
   Distância: 0.5555 km
   offset_x (lat): 0.002239°  |  offset_y (lon): 0.004460°
📊 Row stepping: Processando todas as linhas
🗺️  Map matching: ATIVADO (raio 1500m) - pontos snapped para ruas
📐 Cálculo de distância: HAVERSINE PURO dos pontos COM snap (consistência)
======================================================================

📊 Carregando dados SUMO...
   Total de registros no arquivo: 155
   Veículos únicos: 1
   🚙 Vehicle selecionado: carro_1000

🔄 Agregando viagens por vehicle_id...
  📐 SUMO_carro_1000: Calculando distâncias com Haversine direto (SEM routing API)
      Original: 131 pontos → 1.4055 km (Haversine)
      Offset:   131 pontos → 0.8130 km (Haversine)

🚙 Veículo: SUMO_carro_1000
   Modelo: HBEFA4/PC_petrol_Euro-6ab
   Segmentos: 131
   📏 Distância: 1.410 km (city: 1.410, highway: 0.000)
   ⛽ Combustível: 12.456 l
   🏭 CO2 real: 28774.3 g
   🎯 CO2 meta: 271.4 g
   📊 Delta: -28502.9 g
   💰 Valor E1: R$ -1.4251
   🧭 Tentativas map matching: 133

   🔑 OFFSET DETERMINÍSTICO (x=-0.0027194503397096467°, y=-0.010220467118911647°, max=2.0km):
   📍 Start Original:  (40.775644, -73.960687)
   🔒 Start Protegido: (40.771727, -73.967570) ✓ 0.91 km | ✓ MAP MATCHED
   📏 Deslocamento final: 725.8 metros
   📍 End Original:    (40.772974, -73.962198)
   🔒 End Protegido:   (40.769091, -73.973149) ✓ 0.91 km | ✓ MAP MATCHED
   📏 Deslocamento final: 1019.4 metros

   📐 ANÁLISE DE DISTÂNCIA DO TRAJETO (HAVERSINE DOS PONTOS ARMAZENADOS):
   ✨ 111 pontos privados duplicados foram separados para garantir visualização 1:1.
   ℹ️  Dica: use --debug-map-matching para ver tentativas detalhadas de re-snap.
   🔢 Pontos unicos original/offset: 130/20 (Δ -110, -84.6% )
   📍 Trajeto original: 1.405 km (linha reta entre pontos GPS)
   🔒 Trajeto com offset: 0.813 km (linha reta entre pontos COM snap)
   📊 Diferença: -0.592 km (-42.2%)

======================================================================
📊 ESTATÍSTICAS FINAIS
======================================================================
Viagens processadas: 1
Distância total: 1.41 km
Combustível total: 12.46 l
CO2 real total: 28774.3 g
CO2 meta total: 271.4 g
Delta CO2: -28502.9 g
Valor E1 total: R$ -1.43

💰 Créditos: R$ 0.00
💸 Débitos: R$ 1.43
📈 Saldo líquido: R$ -1.43

🗺️  MAP MATCHING:
   Pontos processados: 131
   Snaps tentados: 131 (100.0%)
   Snaps bem-sucedidos: 131 (100.0%)
   Snaps forçados (>100m): 131 (100.0%)
   ✅ TODOS os pontos estão em ruas (FORCE_SNAP=True)
======================================================================

💾 Dados agregados salvos em: ../data/offset_batch/vehicles_step_sim_6/run_059.csv
[csv-worker_6] [vehicles_step_sim_6] ===== LOG RUN 059 FIM =====

[csv-worker_6] [vehicles_step_sim_6] ===== LOG RUN 060 INICIO =====
======================================================================
🚗 PROCESSAMENTO SUMO → E1 REGISTRY (OFFSET ALEATÓRIO - veh0)
======================================================================
📄 Entrada: ../data/vehicles_step_sim_6.csv
🏭 Consumo fabricante: 12.0 km/l
💰 Preço carbono: R$ 50.0/ton
⭕ Raio máximo do offset aleatório: 2.0 km
🎲 Offset gerado aleatoriamente:
   Ângulo: 239.3°
   Distância: 1.4078 km
   offset_x (lat): -0.006463°  |  offset_y (lon): -0.010871°
📊 Row stepping: Processando todas as linhas
🗺️  Map matching: ATIVADO (raio 1500m) - pontos snapped para ruas
📐 Cálculo de distância: HAVERSINE PURO dos pontos COM snap (consistência)
======================================================================

📊 Carregando dados SUMO...
   Total de registros no arquivo: 155
   Veículos únicos: 1
   🚙 Vehicle selecionado: carro_1000

🔄 Agregando viagens por vehicle_id...
  📐 SUMO_carro_1000: Calculando distâncias com Haversine direto (SEM routing API)
      Original: 131 pontos → 1.4055 km (Haversine)
      Offset:   131 pontos → 0.6792 km (Haversine)

🚙 Veículo: SUMO_carro_1000
   Modelo: HBEFA4/PC_petrol_Euro-6ab
   Segmentos: 131
   📏 Distância: 1.410 km (city: 1.410, highway: 0.000)
   ⛽ Combustível: 12.456 l
   🏭 CO2 real: 28774.3 g
   🎯 CO2 meta: 271.4 g
   📊 Delta: -28502.9 g
   💰 Valor E1: R$ -1.4251
   🧭 Tentativas map matching: 133

   🔑 OFFSET DETERMINÍSTICO (x=-0.006377622078158595°, y=0.01310848960824517°, max=2.0km):
   📍 Start Original:  (40.775644, -73.960687)
   🔒 Start Protegido: (40.769518, -73.948231) ✓ 1.31 km | ✓ MAP MATCHED
   📏 Deslocamento final: 1252.0 metros
   📍 End Original:    (40.772974, -73.962198)
   🔒 End Protegido:   (40.767068, -73.950336) ✓ 1.31 km | ✓ MAP MATCHED
   📏 Deslocamento final: 1196.8 metros

   📐 ANÁLISE DE DISTÂNCIA DO TRAJETO (HAVERSINE DOS PONTOS ARMAZENADOS):
   ✨ 117 pontos privados duplicados foram separados para garantir visualização 1:1.
   ℹ️  Dica: use --debug-map-matching para ver tentativas detalhadas de re-snap.
   🔢 Pontos unicos original/offset: 130/14 (Δ -116, -89.2% )
   📍 Trajeto original: 1.405 km (linha reta entre pontos GPS)
   🔒 Trajeto com offset: 0.679 km (linha reta entre pontos COM snap)
   📊 Diferença: -0.726 km (-51.7%)

======================================================================
📊 ESTATÍSTICAS FINAIS
======================================================================
Viagens processadas: 1
Distância total: 1.41 km
Combustível total: 12.46 l
CO2 real total: 28774.3 g
CO2 meta total: 271.4 g
Delta CO2: -28502.9 g
Valor E1 total: R$ -1.43

💰 Créditos: R$ 0.00
💸 Débitos: R$ 1.43
📈 Saldo líquido: R$ -1.43

🗺️  MAP MATCHING:
   Pontos processados: 131
   Snaps tentados: 131 (100.0%)
   Snaps bem-sucedidos: 131 (100.0%)
   Snaps forçados (>100m): 131 (100.0%)
   ✅ TODOS os pontos estão em ruas (FORCE_SNAP=True)
======================================================================

💾 Dados agregados salvos em: ../data/offset_batch/vehicles_step_sim_6/run_060.csv
[csv-worker_6] [vehicles_step_sim_6] ===== LOG RUN 060 FIM =====

[csv-worker_6] [vehicles_step_sim_6] ===== LOG RUN 061 INICIO =====
======================================================================
🚗 PROCESSAMENTO SUMO → E1 REGISTRY (OFFSET ALEATÓRIO - veh0)
======================================================================
📄 Entrada: ../data/vehicles_step_sim_6.csv
🏭 Consumo fabricante: 12.0 km/l
💰 Preço carbono: R$ 50.0/ton
⭕ Raio máximo do offset aleatório: 2.0 km
🎲 Offset gerado aleatoriamente:
   Ângulo: 53.1°
   Distância: 0.7976 km
   offset_x (lat): 0.004298°  |  offset_y (lon): 0.005732°
📊 Row stepping: Processando todas as linhas
🗺️  Map matching: ATIVADO (raio 1500m) - pontos snapped para ruas
📐 Cálculo de distância: HAVERSINE PURO dos pontos COM snap (consistência)
======================================================================

📊 Carregando dados SUMO...
   Total de registros no arquivo: 155
   Veículos únicos: 1
   🚙 Vehicle selecionado: carro_1000

🔄 Agregando viagens por vehicle_id...
  📐 SUMO_carro_1000: Calculando distâncias com Haversine direto (SEM routing API)
      Original: 300 pontos → 3.1542 km (Haversine)
      Offset:   300 pontos → 3.7624 km (Haversine)

🚙 Veículo: SUMO_carro_1000
   Modelo: HBEFA4/PC_petrol_Euro-6ab
   Segmentos: 300
   📏 Distância: 3.158 km (city: 2.541, highway: 0.617)
   ⛽ Combustível: 49.984 l
   🏭 CO2 real: 115462.6 g
   🎯 CO2 meta: 608.0 g
   📊 Delta: -114854.6 g
   💰 Valor E1: R$ -5.7427
   🧭 Tentativas map matching: 302

   🔑 OFFSET DETERMINÍSTICO (x=-0.002760062780602937°, y=0.009195480952655941°, max=2.0km):
   📍 Start Original:  (40.775644, -73.960687)
   🔒 Start Protegido: (40.772834, -73.951738) ✓ 0.83 km | ✓ MAP MATCHED
   📏 Deslocamento final: 816.6 metros
   📍 End Original:    (40.773912, -73.961904)
   🔒 End Protegido:   (40.771596, -73.953045) ✓ 0.83 km | ✓ MAP MATCHED
   📏 Deslocamento final: 790.1 metros

   📐 ANÁLISE DE DISTÂNCIA DO TRAJETO (HAVERSINE DOS PONTOS ARMAZENADOS):
   ✨ 266 pontos privados duplicados foram separados para garantir visualização 1:1.
   ℹ️  Dica: use --debug-map-matching para ver tentativas detalhadas de re-snap.
   🔢 Pontos unicos original/offset: 299/34 (Δ -265, -88.6% )
   📍 Trajeto original: 3.154 km (linha reta entre pontos GPS)
   🔒 Trajeto com offset: 3.762 km (linha reta entre pontos COM snap)
   📊 Diferença: +0.608 km (+19.3%)

======================================================================
📊 ESTATÍSTICAS FINAIS
======================================================================
Viagens processadas: 1
Distância total: 3.16 km
Combustível total: 49.98 l
CO2 real total: 115462.6 g
CO2 meta total: 608.0 g
Delta CO2: -114854.6 g
Valor E1 total: R$ -5.74

💰 Créditos: R$ 0.00
💸 Débitos: R$ 5.74
📈 Saldo líquido: R$ -5.74

🗺️  MAP MATCHING:
   Pontos processados: 300
   Snaps tentados: 300 (100.0%)
   Snaps bem-sucedidos: 300 (100.0%)
   Snaps forçados (>100m): 300 (100.0%)
   ✅ TODOS os pontos estão em ruas (FORCE_SNAP=True)
======================================================================

💾 Dados agregados salvos em: ../data/offset_batch/vehicles_step_sim_6/run_061.csv
[csv-worker_6] [vehicles_step_sim_6] ===== LOG RUN 061 FIM =====

[csv-worker_6] [vehicles_step_sim_6] ===== LOG RUN 062 INICIO =====
======================================================================
🚗 PROCESSAMENTO SUMO → E1 REGISTRY (OFFSET ALEATÓRIO - veh0)
======================================================================
📄 Entrada: ../data/vehicles_step_sim_6.csv
🏭 Consumo fabricante: 12.0 km/l
💰 Preço carbono: R$ 50.0/ton
⭕ Raio máximo do offset aleatório: 2.0 km
🎲 Offset gerado aleatoriamente:
   Ângulo: 70.9°
   Distância: 1.7115 km
   offset_x (lat): 0.005020°  |  offset_y (lon): 0.014532°
📊 Row stepping: Processando todas as linhas
🗺️  Map matching: ATIVADO (raio 1500m) - pontos snapped para ruas
📐 Cálculo de distância: HAVERSINE PURO dos pontos COM snap (consistência)
======================================================================

📊 Carregando dados SUMO...
   Total de registros no arquivo: 155
   Veículos únicos: 1
   🚙 Vehicle selecionado: carro_1000

🔄 Agregando viagens por vehicle_id...
  📐 SUMO_carro_1000: Calculando distâncias com Haversine direto (SEM routing API)
      Original: 131 pontos → 1.4055 km (Haversine)
      Offset:   131 pontos → 2.3846 km (Haversine)

🚙 Veículo: SUMO_carro_1000
   Modelo: HBEFA4/PC_petrol_Euro-6ab
   Segmentos: 131
   📏 Distância: 1.410 km (city: 1.410, highway: 0.000)
   ⛽ Combustível: 12.456 l
   🏭 CO2 real: 28774.3 g
   🎯 CO2 meta: 271.4 g
   📊 Delta: -28502.9 g
   💰 Valor E1: R$ -1.4251
   🧭 Tentativas map matching: 133

   🔑 OFFSET DETERMINÍSTICO (x=9.654405200649163e-05°, y=0.008671727850740106°, max=2.0km):
   📍 Start Original:  (40.775644, -73.960687)
   🔒 Start Protegido: (40.775873, -73.953048) ✓ 0.73 km | ✓ MAP MATCHED
   📏 Deslocamento final: 644.5 metros
   📍 End Original:    (40.772974, -73.962198)
   🔒 End Protegido:   (40.772611, -73.953310) ✓ 0.73 km | ✓ MAP MATCHED
   📏 Deslocamento final: 750.4 metros

   📐 ANÁLISE DE DISTÂNCIA DO TRAJETO (HAVERSINE DOS PONTOS ARMAZENADOS):
   ✨ 111 pontos privados duplicados foram separados para garantir visualização 1:1.
   ℹ️  Dica: use --debug-map-matching para ver tentativas detalhadas de re-snap.
   🔢 Pontos unicos original/offset: 130/20 (Δ -110, -84.6% )
   📍 Trajeto original: 1.405 km (linha reta entre pontos GPS)
   🔒 Trajeto com offset: 2.385 km (linha reta entre pontos COM snap)
   📊 Diferença: +0.979 km (+69.7%)

======================================================================
📊 ESTATÍSTICAS FINAIS
======================================================================
Viagens processadas: 1
Distância total: 1.41 km
Combustível total: 12.46 l
CO2 real total: 28774.3 g
CO2 meta total: 271.4 g
Delta CO2: -28502.9 g
Valor E1 total: R$ -1.43

💰 Créditos: R$ 0.00
💸 Débitos: R$ 1.43
📈 Saldo líquido: R$ -1.43

🗺️  MAP MATCHING:
   Pontos processados: 131
   Snaps tentados: 131 (100.0%)
   Snaps bem-sucedidos: 131 (100.0%)
   Snaps forçados (>100m): 131 (100.0%)
   ✅ TODOS os pontos estão em ruas (FORCE_SNAP=True)
======================================================================

💾 Dados agregados salvos em: ../data/offset_batch/vehicles_step_sim_6/run_062.csv
[csv-worker_6] [vehicles_step_sim_6] ===== LOG RUN 062 FIM =====

[csv-worker_6] [vehicles_step_sim_6] ===== LOG RUN 063 INICIO =====
======================================================================
🚗 PROCESSAMENTO SUMO → E1 REGISTRY (OFFSET ALEATÓRIO - veh0)
======================================================================
📄 Entrada: ../data/vehicles_step_sim_6.csv
🏭 Consumo fabricante: 12.0 km/l
💰 Preço carbono: R$ 50.0/ton
⭕ Raio máximo do offset aleatório: 2.0 km
🎲 Offset gerado aleatoriamente:
   Ângulo: 183.9°
   Distância: 0.8188 km
   offset_x (lat): -0.007338°  |  offset_y (lon): -0.000494°
📊 Row stepping: Processando todas as linhas
🗺️  Map matching: ATIVADO (raio 1500m) - pontos snapped para ruas
📐 Cálculo de distância: HAVERSINE PURO dos pontos COM snap (consistência)
======================================================================

📊 Carregando dados SUMO...
   Total de registros no arquivo: 155
   Veículos únicos: 1
   🚙 Vehicle selecionado: carro_1000

🔄 Agregando viagens por vehicle_id...
  📐 SUMO_carro_1000: Calculando distâncias com Haversine direto (SEM routing API)
      Original: 300 pontos → 3.1542 km (Haversine)
      Offset:   300 pontos → 3.3653 km (Haversine)

🚙 Veículo: SUMO_carro_1000
   Modelo: HBEFA4/PC_petrol_Euro-6ab
   Segmentos: 300
   📏 Distância: 3.158 km (city: 2.541, highway: 0.617)
   ⛽ Combustível: 49.984 l
   🏭 CO2 real: 115462.6 g
   🎯 CO2 meta: 608.0 g
   📊 Delta: -114854.6 g
   💰 Valor E1: R$ -5.7427
   🧭 Tentativas map matching: 302

   🔑 OFFSET DETERMINÍSTICO (x=-0.005339717946448102°, y=0.013231414051947983°, max=2.0km):
   📍 Start Original:  (40.775644, -73.960687)
   🔒 Start Protegido: (40.770270, -73.947497) ✓ 1.26 km | ✓ MAP MATCHED
   📏 Deslocamento final: 1262.6 metros
   📍 End Original:    (40.773912, -73.961904)
   🔒 End Protegido:   (40.768745, -73.948944) ✓ 1.26 km | ✓ MAP MATCHED
   📏 Deslocamento final: 1234.8 metros

   📐 ANÁLISE DE DISTÂNCIA DO TRAJETO (HAVERSINE DOS PONTOS ARMAZENADOS):
   ✨ 271 pontos privados duplicados foram separados para garantir visualização 1:1.
   ℹ️  Dica: use --debug-map-matching para ver tentativas detalhadas de re-snap.
   🔢 Pontos unicos original/offset: 299/29 (Δ -270, -90.3% )
   📍 Trajeto original: 3.154 km (linha reta entre pontos GPS)
   🔒 Trajeto com offset: 3.365 km (linha reta entre pontos COM snap)
   📊 Diferença: +0.211 km (+6.7%)

======================================================================
📊 ESTATÍSTICAS FINAIS
======================================================================
Viagens processadas: 1
Distância total: 3.16 km
Combustível total: 49.98 l
CO2 real total: 115462.6 g
CO2 meta total: 608.0 g
Delta CO2: -114854.6 g
Valor E1 total: R$ -5.74

💰 Créditos: R$ 0.00
💸 Débitos: R$ 5.74
📈 Saldo líquido: R$ -5.74

🗺️  MAP MATCHING:
   Pontos processados: 300
   Snaps tentados: 300 (100.0%)
   Snaps bem-sucedidos: 300 (100.0%)
   Snaps forçados (>100m): 300 (100.0%)
   ✅ TODOS os pontos estão em ruas (FORCE_SNAP=True)
======================================================================

💾 Dados agregados salvos em: ../data/offset_batch/vehicles_step_sim_6/run_063.csv
[csv-worker_6] [vehicles_step_sim_6] ===== LOG RUN 063 FIM =====

[csv-worker_6] [vehicles_step_sim_6] ===== LOG RUN 064 INICIO =====
======================================================================
🚗 PROCESSAMENTO SUMO → E1 REGISTRY (OFFSET ALEATÓRIO - veh0)
======================================================================
📄 Entrada: ../data/vehicles_step_sim_6.csv
🏭 Consumo fabricante: 12.0 km/l
💰 Preço carbono: R$ 50.0/ton
⭕ Raio máximo do offset aleatório: 2.0 km
🎲 Offset gerado aleatoriamente:
   Ângulo: 66.6°
   Distância: 1.0461 km
   offset_x (lat): 0.003728°  |  offset_y (lon): 0.008626°
📊 Row stepping: Processando todas as linhas
🗺️  Map matching: ATIVADO (raio 1500m) - pontos snapped para ruas
📐 Cálculo de distância: HAVERSINE PURO dos pontos COM snap (consistência)
======================================================================

📊 Carregando dados SUMO...
   Total de registros no arquivo: 155
   Veículos únicos: 1
   🚙 Vehicle selecionado: carro_1000

🔄 Agregando viagens por vehicle_id...
  📐 SUMO_carro_1000: Calculando distâncias com Haversine direto (SEM routing API)
      Original: 131 pontos → 1.4055 km (Haversine)
      Offset:   131 pontos → 1.5156 km (Haversine)

🚙 Veículo: SUMO_carro_1000
   Modelo: HBEFA4/PC_petrol_Euro-6ab
   Segmentos: 131
   📏 Distância: 1.410 km (city: 1.410, highway: 0.000)
   ⛽ Combustível: 12.456 l
   🏭 CO2 real: 28774.3 g
   🎯 CO2 meta: 271.4 g
   📊 Delta: -28502.9 g
   💰 Valor E1: R$ -1.4251
   🧭 Tentativas map matching: 133

   🔑 OFFSET DETERMINÍSTICO (x=-0.01599444032154745°, y=0.007126491031447343°, max=2.0km):
   📍 Start Original:  (40.775644, -73.960687)
   🔒 Start Protegido: (40.759522, -73.953220) ✓ 1.88 km | ✓ MAP MATCHED
   📏 Deslocamento final: 1901.8 metros
   📍 End Original:    (40.772974, -73.962198)
   🔒 End Protegido:   (40.758029, -73.959088) ✓ 1.88 km | ✓ MAP MATCHED
   📏 Deslocamento final: 1684.3 metros

   📐 ANÁLISE DE DISTÂNCIA DO TRAJETO (HAVERSINE DOS PONTOS ARMAZENADOS):
   ✨ 98 pontos privados duplicados foram separados para garantir visualização 1:1.
   ℹ️  Dica: use --debug-map-matching para ver tentativas detalhadas de re-snap.
   🔢 Pontos unicos original/offset: 130/33 (Δ -97, -74.6% )
   📍 Trajeto original: 1.405 km (linha reta entre pontos GPS)
   🔒 Trajeto com offset: 1.516 km (linha reta entre pontos COM snap)
   📊 Diferença: +0.110 km (+7.8%)

======================================================================
📊 ESTATÍSTICAS FINAIS
======================================================================
Viagens processadas: 1
Distância total: 1.41 km
Combustível total: 12.46 l
CO2 real total: 28774.3 g
CO2 meta total: 271.4 g
Delta CO2: -28502.9 g
Valor E1 total: R$ -1.43

💰 Créditos: R$ 0.00
💸 Débitos: R$ 1.43
📈 Saldo líquido: R$ -1.43

🗺️  MAP MATCHING:
   Pontos processados: 131
   Snaps tentados: 131 (100.0%)
   Snaps bem-sucedidos: 131 (100.0%)
   Snaps forçados (>100m): 131 (100.0%)
   ✅ TODOS os pontos estão em ruas (FORCE_SNAP=True)
======================================================================

💾 Dados agregados salvos em: ../data/offset_batch/vehicles_step_sim_6/run_064.csv
[csv-worker_6] [vehicles_step_sim_6] ===== LOG RUN 064 FIM =====

[csv-worker_6] [vehicles_step_sim_6] ===== LOG RUN 065 INICIO =====
======================================================================
🚗 PROCESSAMENTO SUMO → E1 REGISTRY (OFFSET ALEATÓRIO - veh0)
======================================================================
📄 Entrada: ../data/vehicles_step_sim_6.csv
🏭 Consumo fabricante: 12.0 km/l
💰 Preço carbono: R$ 50.0/ton
⭕ Raio máximo do offset aleatório: 2.0 km
🎲 Offset gerado aleatoriamente:
   Ângulo: 59.7°
   Distância: 1.0132 km
   offset_x (lat): 0.004598°  |  offset_y (lon): 0.007855°
📊 Row stepping: Processando todas as linhas
🗺️  Map matching: ATIVADO (raio 1500m) - pontos snapped para ruas
📐 Cálculo de distância: HAVERSINE PURO dos pontos COM snap (consistência)
======================================================================

📊 Carregando dados SUMO...
   Total de registros no arquivo: 155
   Veículos únicos: 1
   🚙 Vehicle selecionado: carro_1000

🔄 Agregando viagens por vehicle_id...
  📐 SUMO_carro_1000: Calculando distâncias com Haversine direto (SEM routing API)
      Original: 300 pontos → 3.1542 km (Haversine)
      Offset:   300 pontos → 3.5989 km (Haversine)

🚙 Veículo: SUMO_carro_1000
   Modelo: HBEFA4/PC_petrol_Euro-6ab
   Segmentos: 300
   📏 Distância: 3.158 km (city: 2.541, highway: 0.617)
   ⛽ Combustível: 49.984 l
   🏭 CO2 real: 115462.6 g
   🎯 CO2 meta: 608.0 g
   📊 Delta: -114854.6 g
   💰 Valor E1: R$ -5.7427
   🧭 Tentativas map matching: 302

   🔑 OFFSET DETERMINÍSTICO (x=-0.006371743005300668°, y=-0.0028622396567922932°, max=2.0km):
   📍 Start Original:  (40.775644, -73.960687)
   🔒 Start Protegido: (40.769158, -73.963274) ✓ 0.75 km | ✓ MAP MATCHED
   📏 Deslocamento final: 754.2 metros
   📍 End Original:    (40.773912, -73.961904)
   🔒 End Protegido:   (40.767360, -73.964812) ✓ 0.75 km | ✓ MAP MATCHED
   📏 Deslocamento final: 769.5 metros

   📐 ANÁLISE DE DISTÂNCIA DO TRAJETO (HAVERSINE DOS PONTOS ARMAZENADOS):
   ✨ 264 pontos privados duplicados foram separados para garantir visualização 1:1.
   ℹ️  Dica: use --debug-map-matching para ver tentativas detalhadas de re-snap.
   🔢 Pontos unicos original/offset: 299/36 (Δ -263, -88.0% )
   📍 Trajeto original: 3.154 km (linha reta entre pontos GPS)
   🔒 Trajeto com offset: 3.599 km (linha reta entre pontos COM snap)
   📊 Diferença: +0.445 km (+14.1%)

======================================================================
📊 ESTATÍSTICAS FINAIS
======================================================================
Viagens processadas: 1
Distância total: 3.16 km
Combustível total: 49.98 l
CO2 real total: 115462.6 g
CO2 meta total: 608.0 g
Delta CO2: -114854.6 g
Valor E1 total: R$ -5.74

💰 Créditos: R$ 0.00
💸 Débitos: R$ 5.74
📈 Saldo líquido: R$ -5.74

🗺️  MAP MATCHING:
   Pontos processados: 300
   Snaps tentados: 300 (100.0%)
   Snaps bem-sucedidos: 300 (100.0%)
   Snaps forçados (>100m): 300 (100.0%)
   ✅ TODOS os pontos estão em ruas (FORCE_SNAP=True)
======================================================================

💾 Dados agregados salvos em: ../data/offset_batch/vehicles_step_sim_6/run_065.csv
[csv-worker_6] [vehicles_step_sim_6] ===== LOG RUN 065 FIM =====

[csv-worker_6] [vehicles_step_sim_6] ===== LOG RUN 066 INICIO =====
======================================================================
🚗 PROCESSAMENTO SUMO → E1 REGISTRY (OFFSET ALEATÓRIO - veh0)
======================================================================
📄 Entrada: ../data/vehicles_step_sim_6.csv
🏭 Consumo fabricante: 12.0 km/l
💰 Preço carbono: R$ 50.0/ton
⭕ Raio máximo do offset aleatório: 2.0 km
🎲 Offset gerado aleatoriamente:
   Ângulo: 259.3°
   Distância: 0.9093 km
   offset_x (lat): -0.001520°  |  offset_y (lon): -0.008026°
📊 Row stepping: Processando todas as linhas
🗺️  Map matching: ATIVADO (raio 1500m) - pontos snapped para ruas
📐 Cálculo de distância: HAVERSINE PURO dos pontos COM snap (consistência)
======================================================================

📊 Carregando dados SUMO...
   Total de registros no arquivo: 155
   Veículos únicos: 1
   🚙 Vehicle selecionado: carro_1000

🔄 Agregando viagens por vehicle_id...
  📐 SUMO_carro_1000: Calculando distâncias com Haversine direto (SEM routing API)
      Original: 131 pontos → 1.4055 km (Haversine)
      Offset:   131 pontos → 1.3139 km (Haversine)

🚙 Veículo: SUMO_carro_1000
   Modelo: HBEFA4/PC_petrol_Euro-6ab
   Segmentos: 131
   📏 Distância: 1.410 km (city: 1.410, highway: 0.000)
   ⛽ Combustível: 12.456 l
   🏭 CO2 real: 28774.3 g
   🎯 CO2 meta: 271.4 g
   📊 Delta: -28502.9 g
   💰 Valor E1: R$ -1.4251
   🧭 Tentativas map matching: 133

   🔑 OFFSET DETERMINÍSTICO (x=-0.008071423306592763°, y=0.011095415289536979°, max=2.0km):
   📍 Start Original:  (40.775644, -73.960687)
   🔒 Start Protegido: (40.767752, -73.949727) ✓ 1.30 km | ✓ MAP MATCHED
   📏 Deslocamento final: 1274.9 metros
   📍 End Original:    (40.772974, -73.962198)
   🔒 End Protegido:   (40.765216, -73.951900) ✓ 1.30 km | ✓ MAP MATCHED
   📏 Deslocamento final: 1224.6 metros

   📐 ANÁLISE DE DISTÂNCIA DO TRAJETO (HAVERSINE DOS PONTOS ARMAZENADOS):
   ✨ 115 pontos privados duplicados foram separados para garantir visualização 1:1.
   ℹ️  Dica: use --debug-map-matching para ver tentativas detalhadas de re-snap.
   🔢 Pontos unicos original/offset: 130/16 (Δ -114, -87.7% )
   📍 Trajeto original: 1.405 km (linha reta entre pontos GPS)
   🔒 Trajeto com offset: 1.314 km (linha reta entre pontos COM snap)
   📊 Diferença: -0.092 km (-6.5%)

======================================================================
📊 ESTATÍSTICAS FINAIS
======================================================================
Viagens processadas: 1
Distância total: 1.41 km
Combustível total: 12.46 l
CO2 real total: 28774.3 g
CO2 meta total: 271.4 g
Delta CO2: -28502.9 g
Valor E1 total: R$ -1.43

💰 Créditos: R$ 0.00
💸 Débitos: R$ 1.43
📈 Saldo líquido: R$ -1.43

🗺️  MAP MATCHING:
   Pontos processados: 131
   Snaps tentados: 131 (100.0%)
   Snaps bem-sucedidos: 131 (100.0%)
   Snaps forçados (>100m): 131 (100.0%)
   ✅ TODOS os pontos estão em ruas (FORCE_SNAP=True)
======================================================================

💾 Dados agregados salvos em: ../data/offset_batch/vehicles_step_sim_6/run_066.csv
[csv-worker_6] [vehicles_step_sim_6] ===== LOG RUN 066 FIM =====

[csv-worker_6] [vehicles_step_sim_6] ===== LOG RUN 067 INICIO =====
======================================================================
🚗 PROCESSAMENTO SUMO → E1 REGISTRY (OFFSET ALEATÓRIO - veh0)
======================================================================
📄 Entrada: ../data/vehicles_step_sim_6.csv
🏭 Consumo fabricante: 12.0 km/l
💰 Preço carbono: R$ 50.0/ton
⭕ Raio máximo do offset aleatório: 2.0 km
🎲 Offset gerado aleatoriamente:
   Ângulo: 351.9°
   Distância: 1.3464 km
   offset_x (lat): 0.011975°  |  offset_y (lon): -0.001702°
📊 Row stepping: Processando todas as linhas
🗺️  Map matching: ATIVADO (raio 1500m) - pontos snapped para ruas
📐 Cálculo de distância: HAVERSINE PURO dos pontos COM snap (consistência)
======================================================================

📊 Carregando dados SUMO...
   Total de registros no arquivo: 155
   Veículos únicos: 1
   🚙 Vehicle selecionado: carro_1000

🔄 Agregando viagens por vehicle_id...
  📐 SUMO_carro_1000: Calculando distâncias com Haversine direto (SEM routing API)
      Original: 300 pontos → 3.1542 km (Haversine)
      Offset:   300 pontos → 3.0681 km (Haversine)

🚙 Veículo: SUMO_carro_1000
   Modelo: HBEFA4/PC_petrol_Euro-6ab
   Segmentos: 300
   📏 Distância: 3.158 km (city: 2.541, highway: 0.617)
   ⛽ Combustível: 49.984 l
   🏭 CO2 real: 115462.6 g
   🎯 CO2 meta: 608.0 g
   📊 Delta: -114854.6 g
   💰 Valor E1: R$ -5.7427
   🧭 Tentativas map matching: 302

   🔑 OFFSET DETERMINÍSTICO (x=0.0012594575156881379°, y=-0.000517470433268504°, max=2.0km):
   📍 Start Original:  (40.775644, -73.960687)
   🔒 Start Protegido: (40.776955, -73.961520) ✓ 0.15 km | ✓ MAP MATCHED
   📏 Deslocamento final: 162.1 metros
   📍 End Original:    (40.773912, -73.961904)
   🔒 End Protegido:   (40.775589, -73.962509) ✓ 0.15 km | ✓ MAP MATCHED
   📏 Deslocamento final: 193.4 metros

   📐 ANÁLISE DE DISTÂNCIA DO TRAJETO (HAVERSINE DOS PONTOS ARMAZENADOS):
   ✨ 267 pontos privados duplicados foram separados para garantir visualização 1:1.
   ℹ️  Dica: use --debug-map-matching para ver tentativas detalhadas de re-snap.
   🔢 Pontos unicos original/offset: 299/33 (Δ -266, -89.0% )
   📍 Trajeto original: 3.154 km (linha reta entre pontos GPS)
   🔒 Trajeto com offset: 3.068 km (linha reta entre pontos COM snap)
   📊 Diferença: -0.086 km (-2.7%)

======================================================================
📊 ESTATÍSTICAS FINAIS
======================================================================
Viagens processadas: 1
Distância total: 3.16 km
Combustível total: 49.98 l
CO2 real total: 115462.6 g
CO2 meta total: 608.0 g
Delta CO2: -114854.6 g
Valor E1 total: R$ -5.74

💰 Créditos: R$ 0.00
💸 Débitos: R$ 5.74
📈 Saldo líquido: R$ -5.74

🗺️  MAP MATCHING:
   Pontos processados: 300
   Snaps tentados: 300 (100.0%)
   Snaps bem-sucedidos: 300 (100.0%)
   Snaps forçados (>100m): 293 (97.7%)
   ✅ TODOS os pontos estão em ruas (FORCE_SNAP=True)
======================================================================

💾 Dados agregados salvos em: ../data/offset_batch/vehicles_step_sim_6/run_067.csv
[csv-worker_6] [vehicles_step_sim_6] ===== LOG RUN 067 FIM =====

[csv-worker_6] [vehicles_step_sim_6] ===== LOG RUN 068 INICIO =====
======================================================================
🚗 PROCESSAMENTO SUMO → E1 REGISTRY (OFFSET ALEATÓRIO - veh0)
======================================================================
📄 Entrada: ../data/vehicles_step_sim_6.csv
🏭 Consumo fabricante: 12.0 km/l
💰 Preço carbono: R$ 50.0/ton
⭕ Raio máximo do offset aleatório: 2.0 km
🎲 Offset gerado aleatoriamente:
   Ângulo: 343.3°
   Distância: 1.0011 km
   offset_x (lat): 0.008612°  |  offset_y (lon): -0.002591°
📊 Row stepping: Processando todas as linhas
🗺️  Map matching: ATIVADO (raio 1500m) - pontos snapped para ruas
📐 Cálculo de distância: HAVERSINE PURO dos pontos COM snap (consistência)
======================================================================

📊 Carregando dados SUMO...
   Total de registros no arquivo: 155
   Veículos únicos: 1
   🚙 Vehicle selecionado: carro_1000

🔄 Agregando viagens por vehicle_id...
  📐 SUMO_carro_1000: Calculando distâncias com Haversine direto (SEM routing API)
      Original: 299 pontos → 3.0526 km (Haversine)
      Offset:   299 pontos → 4.1177 km (Haversine)

🚙 Veículo: SUMO_carro_1000
   Modelo: HBEFA4/PC_petrol_Euro-6ab
   Segmentos: 299
   📏 Distância: 3.060 km (city: 3.060, highway: 0.000)
   ⛽ Combustível: 48.384 l
   🏭 CO2 real: 111766.0 g
   🎯 CO2 meta: 589.0 g
   📊 Delta: -111177.0 g
   💰 Valor E1: R$ -5.5588
   🧭 Tentativas map matching: 301

   🔑 OFFSET DETERMINÍSTICO (x=0.01146386113743536°, y=-0.0015984672734241717°, max=2.0km):
   📍 Start Original:  (40.775644, -73.960687)
   🔒 Start Protegido: (40.790377, -73.960115) ✓ 1.28 km | ✓ MAP MATCHED
   📏 Deslocamento final: 1640.8 metros
   📍 End Original:    (40.774198, -73.961141)
   🔒 End Protegido:   (40.783484, -73.964372) ✓ 1.28 km | ✓ MAP MATCHED
   📏 Deslocamento final: 1069.0 metros

   📐 ANÁLISE DE DISTÂNCIA DO TRAJETO (HAVERSINE DOS PONTOS ARMAZENADOS):
   ✨ 269 pontos privados duplicados foram separados para garantir visualização 1:1.
   ℹ️  Dica: use --debug-map-matching para ver tentativas detalhadas de re-snap.
   🔢 Pontos unicos original/offset: 299/30 (Δ -269, -90.0% )
   📍 Trajeto original: 3.053 km (linha reta entre pontos GPS)
   🔒 Trajeto com offset: 4.118 km (linha reta entre pontos COM snap)
   📊 Diferença: +1.065 km (+34.9%)

======================================================================
📊 ESTATÍSTICAS FINAIS
======================================================================
Viagens processadas: 1
Distância total: 3.06 km
Combustível total: 48.38 l
CO2 real total: 111766.0 g
CO2 meta total: 589.0 g
Delta CO2: -111177.0 g
Valor E1 total: R$ -5.56

💰 Créditos: R$ 0.00
💸 Débitos: R$ 5.56
📈 Saldo líquido: R$ -5.56

🗺️  MAP MATCHING:
   Pontos processados: 299
   Snaps tentados: 299 (100.0%)
   Snaps bem-sucedidos: 299 (100.0%)
   Snaps forçados (>100m): 299 (100.0%)
   ✅ TODOS os pontos estão em ruas (FORCE_SNAP=True)
======================================================================

💾 Dados agregados salvos em: ../data/offset_batch/vehicles_step_sim_6/run_068.csv
[csv-worker_6] [vehicles_step_sim_6] ===== LOG RUN 068 FIM =====

[csv-worker_6] [vehicles_step_sim_6] ===== LOG RUN 069 INICIO =====
======================================================================
🚗 PROCESSAMENTO SUMO → E1 REGISTRY (OFFSET ALEATÓRIO - veh0)
======================================================================
📄 Entrada: ../data/vehicles_step_sim_6.csv
🏭 Consumo fabricante: 12.0 km/l
💰 Preço carbono: R$ 50.0/ton
⭕ Raio máximo do offset aleatório: 2.0 km
🎲 Offset gerado aleatoriamente:
   Ângulo: 85.0°
   Distância: 0.3830 km
   offset_x (lat): 0.000299°  |  offset_y (lon): 0.003427°
📊 Row stepping: Processando todas as linhas
🗺️  Map matching: ATIVADO (raio 1500m) - pontos snapped para ruas
📐 Cálculo de distância: HAVERSINE PURO dos pontos COM snap (consistência)
======================================================================

📊 Carregando dados SUMO...
   Total de registros no arquivo: 155
   Veículos únicos: 1
   🚙 Vehicle selecionado: carro_1000

🔄 Agregando viagens por vehicle_id...
  📐 SUMO_carro_1000: Calculando distâncias com Haversine direto (SEM routing API)
      Original: 222 pontos → 1.9688 km (Haversine)
      Offset:   222 pontos → 2.1532 km (Haversine)

🚙 Veículo: SUMO_carro_1000
   Modelo: HBEFA4/PC_petrol_Euro-6ab
   Segmentos: 222
   📏 Distância: 1.973 km (city: 1.973, highway: 0.000)
   ⛽ Combustível: 24.219 l
   🏭 CO2 real: 55946.2 g
   🎯 CO2 meta: 379.8 g
   📊 Delta: -55566.4 g
   💰 Valor E1: R$ -2.7783
   🧭 Tentativas map matching: 224

   🔑 OFFSET DETERMINÍSTICO (x=0.009053586315095306°, y=0.005585920408414409°, max=2.0km):
   📍 Start Original:  (40.775644, -73.960687)
   🔒 Start Protegido: (40.785255, -73.955468) ✓ 1.11 km | ✓ MAP MATCHED
   📏 Deslocamento final: 1156.9 metros
   📍 End Original:    (40.772651, -73.962544)
   🔒 End Protegido:   (40.781805, -73.957008) ✓ 1.11 km | ✓ MAP MATCHED
   📏 Deslocamento final: 1120.8 metros

   📐 ANÁLISE DE DISTÂNCIA DO TRAJETO (HAVERSINE DOS PONTOS ARMAZENADOS):
   ✨ 196 pontos privados duplicados foram separados para garantir visualização 1:1.
   ℹ️  Dica: use --debug-map-matching para ver tentativas detalhadas de re-snap.
   🔢 Pontos unicos original/offset: 221/26 (Δ -195, -88.2% )
   📍 Trajeto original: 1.969 km (linha reta entre pontos GPS)
   🔒 Trajeto com offset: 2.153 km (linha reta entre pontos COM snap)
   📊 Diferença: +0.184 km (+9.4%)

======================================================================
📊 ESTATÍSTICAS FINAIS
======================================================================
Viagens processadas: 1
Distância total: 1.97 km
Combustível total: 24.22 l
CO2 real total: 55946.2 g
CO2 meta total: 379.8 g
Delta CO2: -55566.4 g
Valor E1 total: R$ -2.78

💰 Créditos: R$ 0.00
💸 Débitos: R$ 2.78
📈 Saldo líquido: R$ -2.78

🗺️  MAP MATCHING:
   Pontos processados: 222
   Snaps tentados: 222 (100.0%)
   Snaps bem-sucedidos: 222 (100.0%)
   Snaps forçados (>100m): 222 (100.0%)
   ✅ TODOS os pontos estão em ruas (FORCE_SNAP=True)
======================================================================

💾 Dados agregados salvos em: ../data/offset_batch/vehicles_step_sim_6/run_069.csv
[csv-worker_6] [vehicles_step_sim_6] ===== LOG RUN 069 FIM =====

[csv-worker_6] [vehicles_step_sim_6] ===== LOG RUN 070 INICIO =====
======================================================================
🚗 PROCESSAMENTO SUMO → E1 REGISTRY (OFFSET ALEATÓRIO - veh0)
======================================================================
📄 Entrada: ../data/vehicles_step_sim_6.csv
🏭 Consumo fabricante: 12.0 km/l
💰 Preço carbono: R$ 50.0/ton
⭕ Raio máximo do offset aleatório: 2.0 km
🎲 Offset gerado aleatoriamente:
   Ângulo: 181.6°
   Distância: 1.7539 km
   offset_x (lat): -0.015750°  |  offset_y (lon): -0.000430°
📊 Row stepping: Processando todas as linhas
🗺️  Map matching: ATIVADO (raio 1500m) - pontos snapped para ruas
📐 Cálculo de distância: HAVERSINE PURO dos pontos COM snap (consistência)
======================================================================

📊 Carregando dados SUMO...
   Total de registros no arquivo: 155
   Veículos únicos: 1
   🚙 Vehicle selecionado: carro_1000

🔄 Agregando viagens por vehicle_id...
  📐 SUMO_carro_1000: Calculando distâncias com Haversine direto (SEM routing API)
      Original: 299 pontos → 3.0526 km (Haversine)
      Offset:   299 pontos → 2.5922 km (Haversine)

🚙 Veículo: SUMO_carro_1000
   Modelo: HBEFA4/PC_petrol_Euro-6ab
   Segmentos: 299
   📏 Distância: 3.060 km (city: 3.060, highway: 0.000)
   ⛽ Combustível: 48.384 l
   🏭 CO2 real: 111766.0 g
   🎯 CO2 meta: 589.0 g
   📊 Delta: -111177.0 g
   💰 Valor E1: R$ -5.5588
   🧭 Tentativas map matching: 301

   🔑 OFFSET DETERMINÍSTICO (x=-0.00589439134424304°, y=0.004905906790727803°, max=2.0km):
   📍 Start Original:  (40.775644, -73.960687)
   🔒 Start Protegido: (40.769179, -73.955178) ✓ 0.78 km | ✓ MAP MATCHED
   📏 Deslocamento final: 856.5 metros
   📍 End Original:    (40.774198, -73.961141)
   🔒 End Protegido:   (40.768146, -73.955750) ✓ 0.78 km | ✓ MAP MATCHED
   📏 Deslocamento final: 812.8 metros

   📐 ANÁLISE DE DISTÂNCIA DO TRAJETO (HAVERSINE DOS PONTOS ARMAZENADOS):
   ✨ 275 pontos privados duplicados foram separados para garantir visualização 1:1.
   ℹ️  Dica: use --debug-map-matching para ver tentativas detalhadas de re-snap.
   🔢 Pontos unicos original/offset: 299/24 (Δ -275, -92.0% )
   📍 Trajeto original: 3.053 km (linha reta entre pontos GPS)
   🔒 Trajeto com offset: 2.592 km (linha reta entre pontos COM snap)
   📊 Diferença: -0.460 km (-15.1%)

======================================================================
📊 ESTATÍSTICAS FINAIS
======================================================================
Viagens processadas: 1
Distância total: 3.06 km
Combustível total: 48.38 l
CO2 real total: 111766.0 g
CO2 meta total: 589.0 g
Delta CO2: -111177.0 g
Valor E1 total: R$ -5.56

💰 Créditos: R$ 0.00
💸 Débitos: R$ 5.56
📈 Saldo líquido: R$ -5.56

🗺️  MAP MATCHING:
   Pontos processados: 299
   Snaps tentados: 299 (100.0%)
   Snaps bem-sucedidos: 299 (100.0%)
   Snaps forçados (>100m): 299 (100.0%)
   ✅ TODOS os pontos estão em ruas (FORCE_SNAP=True)
======================================================================

💾 Dados agregados salvos em: ../data/offset_batch/vehicles_step_sim_6/run_070.csv
[csv-worker_6] [vehicles_step_sim_6] ===== LOG RUN 070 FIM =====

[csv-worker_6] [vehicles_step_sim_6] ===== LOG RUN 071 INICIO =====
======================================================================
🚗 PROCESSAMENTO SUMO → E1 REGISTRY (OFFSET ALEATÓRIO - veh0)
======================================================================
📄 Entrada: ../data/vehicles_step_sim_6.csv
🏭 Consumo fabricante: 12.0 km/l
💰 Preço carbono: R$ 50.0/ton
⭕ Raio máximo do offset aleatório: 2.0 km
🎲 Offset gerado aleatoriamente:
   Ângulo: 174.3°
   Distância: 1.6018 km
   offset_x (lat): -0.014318°  |  offset_y (lon): 0.001428°
📊 Row stepping: Processando todas as linhas
🗺️  Map matching: ATIVADO (raio 1500m) - pontos snapped para ruas
📐 Cálculo de distância: HAVERSINE PURO dos pontos COM snap (consistência)
======================================================================

📊 Carregando dados SUMO...
   Total de registros no arquivo: 155
   Veículos únicos: 1
   🚙 Vehicle selecionado: carro_1000

🔄 Agregando viagens por vehicle_id...
  📐 SUMO_carro_1000: Calculando distâncias com Haversine direto (SEM routing API)
      Original: 131 pontos → 1.4055 km (Haversine)
      Offset:   131 pontos → 1.0919 km (Haversine)

🚙 Veículo: SUMO_carro_1000
   Modelo: HBEFA4/PC_petrol_Euro-6ab
   Segmentos: 131
   📏 Distância: 1.410 km (city: 1.410, highway: 0.000)
   ⛽ Combustível: 12.456 l
   🏭 CO2 real: 28774.3 g
   🎯 CO2 meta: 271.4 g
   📊 Delta: -28502.9 g
   💰 Valor E1: R$ -1.4251
   🧭 Tentativas map matching: 133

   🔑 OFFSET DETERMINÍSTICO (x=-0.003716673583877252°, y=-0.010346988752540866°, max=2.0km):
   📍 Start Original:  (40.775644, -73.960687)
   🔒 Start Protegido: (40.770585, -73.968404) ✓ 0.97 km | ✓ MAP MATCHED
   📏 Deslocamento final: 860.4 metros
   📍 End Original:    (40.772974, -73.962198)
   🔒 End Protegido:   (40.768972, -73.972711) ✓ 0.97 km | ✓ MAP MATCHED
   📏 Deslocamento final: 991.9 metros

   📐 ANÁLISE DE DISTÂNCIA DO TRAJETO (HAVERSINE DOS PONTOS ARMAZENADOS):
   ✨ 108 pontos privados duplicados foram separados para garantir visualização 1:1.
   ℹ️  Dica: use --debug-map-matching para ver tentativas detalhadas de re-snap.
   🔢 Pontos unicos original/offset: 130/23 (Δ -107, -82.3% )
   📍 Trajeto original: 1.405 km (linha reta entre pontos GPS)
   🔒 Trajeto com offset: 1.092 km (linha reta entre pontos COM snap)
   📊 Diferença: -0.314 km (-22.3%)

======================================================================
📊 ESTATÍSTICAS FINAIS
======================================================================
Viagens processadas: 1
Distância total: 1.41 km
Combustível total: 12.46 l
CO2 real total: 28774.3 g
CO2 meta total: 271.4 g
Delta CO2: -28502.9 g
Valor E1 total: R$ -1.43

💰 Créditos: R$ 0.00
💸 Débitos: R$ 1.43
📈 Saldo líquido: R$ -1.43

🗺️  MAP MATCHING:
   Pontos processados: 131
   Snaps tentados: 131 (100.0%)
   Snaps bem-sucedidos: 131 (100.0%)
   Snaps forçados (>100m): 131 (100.0%)
   ✅ TODOS os pontos estão em ruas (FORCE_SNAP=True)
======================================================================

💾 Dados agregados salvos em: ../data/offset_batch/vehicles_step_sim_6/run_071.csv
[csv-worker_6] [vehicles_step_sim_6] ===== LOG RUN 071 FIM =====

[csv-worker_6] [vehicles_step_sim_6] ===== LOG RUN 072 INICIO =====
======================================================================
🚗 PROCESSAMENTO SUMO → E1 REGISTRY (OFFSET ALEATÓRIO - veh0)
======================================================================
📄 Entrada: ../data/vehicles_step_sim_6.csv
🏭 Consumo fabricante: 12.0 km/l
💰 Preço carbono: R$ 50.0/ton
⭕ Raio máximo do offset aleatório: 2.0 km
🎲 Offset gerado aleatoriamente:
   Ângulo: 211.2°
   Distância: 0.8262 km
   offset_x (lat): -0.006351°  |  offset_y (lon): -0.003840°
📊 Row stepping: Processando todas as linhas
🗺️  Map matching: ATIVADO (raio 1500m) - pontos snapped para ruas
📐 Cálculo de distância: HAVERSINE PURO dos pontos COM snap (consistência)
======================================================================

📊 Carregando dados SUMO...
   Total de registros no arquivo: 155
   Veículos únicos: 1
   🚙 Vehicle selecionado: carro_1000

🔄 Agregando viagens por vehicle_id...
  📐 SUMO_carro_1000: Calculando distâncias com Haversine direto (SEM routing API)
      Original: 312 pontos → 3.1845 km (Haversine)
      Offset:   312 pontos → 3.3037 km (Haversine)

🚙 Veículo: SUMO_carro_1000
   Modelo: HBEFA4/PC_petrol_Euro-6ab
   Segmentos: 312
   📏 Distância: 3.190 km (city: 2.602, highway: 0.587)
   ⛽ Combustível: 54.577 l
   🏭 CO2 real: 126071.8 g
   🎯 CO2 meta: 614.1 g
   📊 Delta: -125457.8 g
   💰 Valor E1: R$ -6.2729
   🧭 Tentativas map matching: 314

   🔑 OFFSET DETERMINÍSTICO (x=-0.012833451150456176°, y=0.005904860203622935°, max=2.0km):
   📍 Start Original:  (40.775644, -73.960687)
   🔒 Start Protegido: (40.762608, -73.954415) ✓ 1.51 km | ✓ MAP MATCHED
   📏 Deslocamento final: 1544.5 metros
   📍 End Original:    (40.771637, -73.963520)
   🔒 End Protegido:   (40.759012, -73.958387) ✓ 1.51 km | ✓ MAP MATCHED
   📏 Deslocamento final: 1470.5 metros

   📐 ANÁLISE DE DISTÂNCIA DO TRAJETO (HAVERSINE DOS PONTOS ARMAZENADOS):
   ✨ 266 pontos privados duplicados foram separados para garantir visualização 1:1.
   ℹ️  Dica: use --debug-map-matching para ver tentativas detalhadas de re-snap.
   🔢 Pontos unicos original/offset: 312/46 (Δ -266, -85.3% )
   📍 Trajeto original: 3.185 km (linha reta entre pontos GPS)
   🔒 Trajeto com offset: 3.304 km (linha reta entre pontos COM snap)
   📊 Diferença: +0.119 km (+3.7%)

======================================================================
📊 ESTATÍSTICAS FINAIS
======================================================================
Viagens processadas: 1
Distância total: 3.19 km
Combustível total: 54.58 l
CO2 real total: 126071.8 g
CO2 meta total: 614.1 g
Delta CO2: -125457.8 g
Valor E1 total: R$ -6.27

💰 Créditos: R$ 0.00
💸 Débitos: R$ 6.27
📈 Saldo líquido: R$ -6.27

🗺️  MAP MATCHING:
   Pontos processados: 312
   Snaps tentados: 312 (100.0%)
   Snaps bem-sucedidos: 312 (100.0%)
   Snaps forçados (>100m): 312 (100.0%)
   ✅ TODOS os pontos estão em ruas (FORCE_SNAP=True)
======================================================================

💾 Dados agregados salvos em: ../data/offset_batch/vehicles_step_sim_6/run_072.csv
[csv-worker_6] [vehicles_step_sim_6] ===== LOG RUN 072 FIM =====

[csv-worker_6] [vehicles_step_sim_6] ===== LOG RUN 073 INICIO =====
======================================================================
🚗 PROCESSAMENTO SUMO → E1 REGISTRY (OFFSET ALEATÓRIO - veh0)
======================================================================
📄 Entrada: ../data/vehicles_step_sim_6.csv
🏭 Consumo fabricante: 12.0 km/l
💰 Preço carbono: R$ 50.0/ton
⭕ Raio máximo do offset aleatório: 2.0 km
🎲 Offset gerado aleatoriamente:
   Ângulo: 213.6°
   Distância: 1.4421 km
   offset_x (lat): -0.010789°  |  offset_y (lon): -0.007170°
📊 Row stepping: Processando todas as linhas
🗺️  Map matching: ATIVADO (raio 1500m) - pontos snapped para ruas
📐 Cálculo de distância: HAVERSINE PURO dos pontos COM snap (consistência)
======================================================================

📊 Carregando dados SUMO...
   Total de registros no arquivo: 155
   Veículos únicos: 1
   🚙 Vehicle selecionado: carro_1000

🔄 Agregando viagens por vehicle_id...
  📐 SUMO_carro_1000: Calculando distâncias com Haversine direto (SEM routing API)
      Original: 222 pontos → 1.9688 km (Haversine)
      Offset:   222 pontos → 1.7558 km (Haversine)

🚙 Veículo: SUMO_carro_1000
   Modelo: HBEFA4/PC_petrol_Euro-6ab
   Segmentos: 222
   📏 Distância: 1.973 km (city: 1.973, highway: 0.000)
   ⛽ Combustível: 24.219 l
   🏭 CO2 real: 55946.2 g
   🎯 CO2 meta: 379.8 g
   📊 Delta: -55566.4 g
   💰 Valor E1: R$ -2.7783
   🧭 Tentativas map matching: 224

   🔑 OFFSET DETERMINÍSTICO (x=-0.009870337474909521°, y=0.004961079011341415°, max=2.0km):
   📍 Start Original:  (40.775644, -73.960687)
   🔒 Start Protegido: (40.765908, -73.955572) ✓ 1.18 km | ✓ MAP MATCHED
   📏 Deslocamento final: 1166.4 metros
   📍 End Original:    (40.772651, -73.962544)
   🔒 End Protegido:   (40.762476, -73.957115) ✓ 1.18 km | ✓ MAP MATCHED
   📏 Deslocamento final: 1221.7 metros

   📐 ANÁLISE DE DISTÂNCIA DO TRAJETO (HAVERSINE DOS PONTOS ARMAZENADOS):
   ✨ 195 pontos privados duplicados foram separados para garantir visualização 1:1.
   ℹ️  Dica: use --debug-map-matching para ver tentativas detalhadas de re-snap.
   🔢 Pontos unicos original/offset: 221/27 (Δ -194, -87.8% )
   📍 Trajeto original: 1.969 km (linha reta entre pontos GPS)
   🔒 Trajeto com offset: 1.756 km (linha reta entre pontos COM snap)
   📊 Diferença: -0.213 km (-10.8%)

======================================================================
📊 ESTATÍSTICAS FINAIS
======================================================================
Viagens processadas: 1
Distância total: 1.97 km
Combustível total: 24.22 l
CO2 real total: 55946.2 g
CO2 meta total: 379.8 g
Delta CO2: -55566.4 g
Valor E1 total: R$ -2.78

💰 Créditos: R$ 0.00
💸 Débitos: R$ 2.78
📈 Saldo líquido: R$ -2.78

🗺️  MAP MATCHING:
   Pontos processados: 222
   Snaps tentados: 222 (100.0%)
   Snaps bem-sucedidos: 222 (100.0%)
   Snaps forçados (>100m): 222 (100.0%)
   ✅ TODOS os pontos estão em ruas (FORCE_SNAP=True)
======================================================================

💾 Dados agregados salvos em: ../data/offset_batch/vehicles_step_sim_6/run_073.csv
[csv-worker_6] [vehicles_step_sim_6] ===== LOG RUN 073 FIM =====

[csv-worker_6] [vehicles_step_sim_6] ===== LOG RUN 074 INICIO =====
======================================================================
🚗 PROCESSAMENTO SUMO → E1 REGISTRY (OFFSET ALEATÓRIO - veh0)
======================================================================
📄 Entrada: ../data/vehicles_step_sim_6.csv
🏭 Consumo fabricante: 12.0 km/l
💰 Preço carbono: R$ 50.0/ton
⭕ Raio máximo do offset aleatório: 2.0 km
🎲 Offset gerado aleatoriamente:
   Ângulo: 293.4°
   Distância: 1.1736 km
   offset_x (lat): 0.004181°  |  offset_y (lon): -0.009678°
📊 Row stepping: Processando todas as linhas
🗺️  Map matching: ATIVADO (raio 1500m) - pontos snapped para ruas
📐 Cálculo de distância: HAVERSINE PURO dos pontos COM snap (consistência)
======================================================================

📊 Carregando dados SUMO...
   Total de registros no arquivo: 155
   Veículos únicos: 1
   🚙 Vehicle selecionado: carro_1000

🔄 Agregando viagens por vehicle_id...
  📐 SUMO_carro_1000: Calculando distâncias com Haversine direto (SEM routing API)
      Original: 299 pontos → 3.0526 km (Haversine)
      Offset:   299 pontos → 5.3959 km (Haversine)

🚙 Veículo: SUMO_carro_1000
   Modelo: HBEFA4/PC_petrol_Euro-6ab
   Segmentos: 299
   📏 Distância: 3.060 km (city: 3.060, highway: 0.000)
   ⛽ Combustível: 48.384 l
   🏭 CO2 real: 111766.0 g
   🎯 CO2 meta: 589.0 g
   📊 Delta: -111177.0 g
   💰 Valor E1: R$ -5.5588
   🧭 Tentativas map matching: 301

   🔑 OFFSET DETERMINÍSTICO (x=3.976701628849637e-06°, y=-0.01035210640405887°, max=2.0km):
   📍 Start Original:  (40.775644, -73.960687)
   🔒 Start Protegido: (40.777487, -73.975039) ✓ 0.87 km | ✓ MAP MATCHED
   📏 Deslocamento final: 1227.1 metros
   📍 End Original:    (40.774198, -73.961141)
   🔒 End Protegido:   (40.772455, -73.967033) ✓ 0.87 km | ✓ MAP MATCHED
   📏 Deslocamento final: 533.2 metros

   📐 ANÁLISE DE DISTÂNCIA DO TRAJETO (HAVERSINE DOS PONTOS ARMAZENADOS):
   ✨ 274 pontos privados duplicados foram separados para garantir visualização 1:1.
   ℹ️  Dica: use --debug-map-matching para ver tentativas detalhadas de re-snap.
   🔢 Pontos unicos original/offset: 299/25 (Δ -274, -91.6% )
   📍 Trajeto original: 3.053 km (linha reta entre pontos GPS)
   🔒 Trajeto com offset: 5.396 km (linha reta entre pontos COM snap)
   📊 Diferença: +2.343 km (+76.8%)

======================================================================
📊 ESTATÍSTICAS FINAIS
======================================================================
Viagens processadas: 1
Distância total: 3.06 km
Combustível total: 48.38 l
CO2 real total: 111766.0 g
CO2 meta total: 589.0 g
Delta CO2: -111177.0 g
Valor E1 total: R$ -5.56

💰 Créditos: R$ 0.00
💸 Débitos: R$ 5.56
📈 Saldo líquido: R$ -5.56

🗺️  MAP MATCHING:
   Pontos processados: 299
   Snaps tentados: 299 (100.0%)
   Snaps bem-sucedidos: 299 (100.0%)
   Snaps forçados (>100m): 299 (100.0%)
   ✅ TODOS os pontos estão em ruas (FORCE_SNAP=True)
======================================================================

💾 Dados agregados salvos em: ../data/offset_batch/vehicles_step_sim_6/run_074.csv
[csv-worker_6] [vehicles_step_sim_6] ===== LOG RUN 074 FIM =====

[csv-worker_6] [vehicles_step_sim_6] ===== LOG RUN 075 INICIO =====
======================================================================
🚗 PROCESSAMENTO SUMO → E1 REGISTRY (OFFSET ALEATÓRIO - veh0)
======================================================================
📄 Entrada: ../data/vehicles_step_sim_6.csv
🏭 Consumo fabricante: 12.0 km/l
💰 Preço carbono: R$ 50.0/ton
⭕ Raio máximo do offset aleatório: 2.0 km
🎲 Offset gerado aleatoriamente:
   Ângulo: 70.4°
   Distância: 0.3199 km
   offset_x (lat): 0.000965°  |  offset_y (lon): 0.002706°
📊 Row stepping: Processando todas as linhas
🗺️  Map matching: ATIVADO (raio 1500m) - pontos snapped para ruas
📐 Cálculo de distância: HAVERSINE PURO dos pontos COM snap (consistência)
======================================================================

📊 Carregando dados SUMO...
   Total de registros no arquivo: 155
   Veículos únicos: 1
   🚙 Vehicle selecionado: carro_1000

🔄 Agregando viagens por vehicle_id...
  📐 SUMO_carro_1000: Calculando distâncias com Haversine direto (SEM routing API)
      Original: 131 pontos → 1.4055 km (Haversine)
      Offset:   131 pontos → 1.3319 km (Haversine)

🚙 Veículo: SUMO_carro_1000
   Modelo: HBEFA4/PC_petrol_Euro-6ab
   Segmentos: 131
   📏 Distância: 1.410 km (city: 1.410, highway: 0.000)
   ⛽ Combustível: 12.456 l
   🏭 CO2 real: 28774.3 g
   🎯 CO2 meta: 271.4 g
   📊 Delta: -28502.9 g
   💰 Valor E1: R$ -1.4251
   🧭 Tentativas map matching: 133

   🔑 OFFSET DETERMINÍSTICO (x=0.005102676273992279°, y=-0.01671026519989632°, max=2.0km):
   📍 Start Original:  (40.775644, -73.960687)
   🔒 Start Protegido: (40.780791, -73.976774) ✓ 1.52 km | ✓ MAP MATCHED
   📏 Deslocamento final: 1472.2 metros
   📍 End Original:    (40.772974, -73.962198)
   🔒 End Protegido:   (40.778154, -73.978426) ✓ 1.52 km | ✓ MAP MATCHED
   📏 Deslocamento final: 1484.5 metros

   📐 ANÁLISE DE DISTÂNCIA DO TRAJETO (HAVERSINE DOS PONTOS ARMAZENADOS):
   ✨ 113 pontos privados duplicados foram separados para garantir visualização 1:1.
   ℹ️  Dica: use --debug-map-matching para ver tentativas detalhadas de re-snap.
   🔢 Pontos unicos original/offset: 130/18 (Δ -112, -86.2% )
   📍 Trajeto original: 1.405 km (linha reta entre pontos GPS)
   🔒 Trajeto com offset: 1.332 km (linha reta entre pontos COM snap)
   📊 Diferença: -0.074 km (-5.2%)

======================================================================
📊 ESTATÍSTICAS FINAIS
======================================================================
Viagens processadas: 1
Distância total: 1.41 km
Combustível total: 12.46 l
CO2 real total: 28774.3 g
CO2 meta total: 271.4 g
Delta CO2: -28502.9 g
Valor E1 total: R$ -1.43

💰 Créditos: R$ 0.00
💸 Débitos: R$ 1.43
📈 Saldo líquido: R$ -1.43

🗺️  MAP MATCHING:
   Pontos processados: 131
   Snaps tentados: 131 (100.0%)
   Snaps bem-sucedidos: 131 (100.0%)
   Snaps forçados (>100m): 131 (100.0%)
   ✅ TODOS os pontos estão em ruas (FORCE_SNAP=True)
======================================================================

💾 Dados agregados salvos em: ../data/offset_batch/vehicles_step_sim_6/run_075.csv
[csv-worker_6] [vehicles_step_sim_6] ===== LOG RUN 075 FIM =====

[csv-worker_6] [vehicles_step_sim_6] ===== LOG RUN 076 INICIO =====
======================================================================
🚗 PROCESSAMENTO SUMO → E1 REGISTRY (OFFSET ALEATÓRIO - veh0)
======================================================================
📄 Entrada: ../data/vehicles_step_sim_6.csv
🏭 Consumo fabricante: 12.0 km/l
💰 Preço carbono: R$ 50.0/ton
⭕ Raio máximo do offset aleatório: 2.0 km
🎲 Offset gerado aleatoriamente:
   Ângulo: 108.5°
   Distância: 0.7235 km
   offset_x (lat): -0.002060°  |  offset_y (lon): 0.006164°
📊 Row stepping: Processando todas as linhas
🗺️  Map matching: ATIVADO (raio 1500m) - pontos snapped para ruas
📐 Cálculo de distância: HAVERSINE PURO dos pontos COM snap (consistência)
======================================================================

📊 Carregando dados SUMO...
   Total de registros no arquivo: 155
   Veículos únicos: 1
   🚙 Vehicle selecionado: carro_1000

🔄 Agregando viagens por vehicle_id...
  📐 SUMO_carro_1000: Calculando distâncias com Haversine direto (SEM routing API)
      Original: 301 pontos → 3.1480 km (Haversine)
      Offset:   301 pontos → 4.8005 km (Haversine)

🚙 Veículo: SUMO_carro_1000
   Modelo: HBEFA4/PC_petrol_Euro-6ab
   Segmentos: 301
   📏 Distância: 3.159 km (city: 3.020, highway: 0.139)
   ⛽ Combustível: 51.224 l
   🏭 CO2 real: 118326.7 g
   🎯 CO2 meta: 608.1 g
   📊 Delta: -117718.6 g
   💰 Valor E1: R$ -5.8859
   🧭 Tentativas map matching: 303

   🔑 OFFSET DETERMINÍSTICO (x=0.00979233754875114°, y=-0.0029362398359317836°, max=2.0km):
   📍 Start Original:  (40.775644, -73.960687)
   🔒 Start Protegido: (40.783585, -73.964645) ✓ 1.12 km | ✓ MAP MATCHED
   📏 Deslocamento final: 944.9 metros
   📍 End Original:    (40.771236, -73.963813)
   🔒 End Protegido:   (40.778907, -73.968491) ✓ 1.12 km | ✓ MAP MATCHED
   📏 Deslocamento final: 940.6 metros

   📐 ANÁLISE DE DISTÂNCIA DO TRAJETO (HAVERSINE DOS PONTOS ARMAZENADOS):
   ✨ 245 pontos privados duplicados foram separados para garantir visualização 1:1.
   ℹ️  Dica: use --debug-map-matching para ver tentativas detalhadas de re-snap.
   🔢 Pontos unicos original/offset: 301/56 (Δ -245, -81.4% )
   📍 Trajeto original: 3.148 km (linha reta entre pontos GPS)
   🔒 Trajeto com offset: 4.800 km (linha reta entre pontos COM snap)
   📊 Diferença: +1.652 km (+52.5%)

======================================================================
📊 ESTATÍSTICAS FINAIS
======================================================================
Viagens processadas: 1
Distância total: 3.16 km
Combustível total: 51.22 l
CO2 real total: 118326.7 g
CO2 meta total: 608.1 g
Delta CO2: -117718.6 g
Valor E1 total: R$ -5.89

💰 Créditos: R$ 0.00
💸 Débitos: R$ 5.89
📈 Saldo líquido: R$ -5.89

🗺️  MAP MATCHING:
   Pontos processados: 301
   Snaps tentados: 301 (100.0%)
   Snaps bem-sucedidos: 301 (100.0%)
   Snaps forçados (>100m): 301 (100.0%)
   ✅ TODOS os pontos estão em ruas (FORCE_SNAP=True)
======================================================================

💾 Dados agregados salvos em: ../data/offset_batch/vehicles_step_sim_6/run_076.csv
[csv-worker_6] [vehicles_step_sim_6] ===== LOG RUN 076 FIM =====

[csv-worker_6] [vehicles_step_sim_6] ===== LOG RUN 077 INICIO =====
======================================================================
🚗 PROCESSAMENTO SUMO → E1 REGISTRY (OFFSET ALEATÓRIO - veh0)
======================================================================
📄 Entrada: ../data/vehicles_step_sim_6.csv
🏭 Consumo fabricante: 12.0 km/l
💰 Preço carbono: R$ 50.0/ton
⭕ Raio máximo do offset aleatório: 2.0 km
🎲 Offset gerado aleatoriamente:
   Ângulo: 208.1°
   Distância: 1.0678 km
   offset_x (lat): -0.008462°  |  offset_y (lon): -0.004517°
📊 Row stepping: Processando todas as linhas
🗺️  Map matching: ATIVADO (raio 1500m) - pontos snapped para ruas
📐 Cálculo de distância: HAVERSINE PURO dos pontos COM snap (consistência)
======================================================================

📊 Carregando dados SUMO...
   Total de registros no arquivo: 155
   Veículos únicos: 1
   🚙 Vehicle selecionado: carro_1000

🔄 Agregando viagens por vehicle_id...
  📐 SUMO_carro_1000: Calculando distâncias com Haversine direto (SEM routing API)
      Original: 324 pontos → 3.1629 km (Haversine)
      Offset:   324 pontos → 2.9803 km (Haversine)

🚙 Veículo: SUMO_carro_1000
   Modelo: HBEFA4/PC_petrol_Euro-6ab
   Segmentos: 324
   📏 Distância: 3.166 km (city: 3.024, highway: 0.142)
   ⛽ Combustível: 49.530 l
   🏭 CO2 real: 114414.1 g
   🎯 CO2 meta: 609.4 g
   📊 Delta: -113804.6 g
   💰 Valor E1: R$ -5.6902
   🧭 Tentativas map matching: 326

   🔑 OFFSET DETERMINÍSTICO (x=0.01524641410781225°, y=0.002075345300183572°, max=2.0km):
   📍 Start Original:  (40.775644, -73.960687)
   🔒 Start Protegido: (40.790082, -73.958923) ✓ 1.71 km | ✓ MAP MATCHED
   📏 Deslocamento final: 1614.2 metros
   📍 End Original:    (40.772251, -73.963071)
   🔒 End Protegido:   (40.790244, -73.959711) ✓ 1.71 km | ✓ MAP MATCHED
   📏 Deslocamento final: 2023.0 metros

   📐 ANÁLISE DE DISTÂNCIA DO TRAJETO (HAVERSINE DOS PONTOS ARMAZENADOS):
   ✨ 280 pontos privados duplicados foram separados para garantir visualização 1:1.
   ℹ️  Dica: use --debug-map-matching para ver tentativas detalhadas de re-snap.
   🔢 Pontos unicos original/offset: 324/44 (Δ -280, -86.4% )
   📍 Trajeto original: 3.163 km (linha reta entre pontos GPS)
   🔒 Trajeto com offset: 2.980 km (linha reta entre pontos COM snap)
   📊 Diferença: -0.183 km (-5.8%)

======================================================================
📊 ESTATÍSTICAS FINAIS
======================================================================
Viagens processadas: 1
Distância total: 3.17 km
Combustível total: 49.53 l
CO2 real total: 114414.1 g
CO2 meta total: 609.4 g
Delta CO2: -113804.6 g
Valor E1 total: R$ -5.69

💰 Créditos: R$ 0.00
💸 Débitos: R$ 5.69
📈 Saldo líquido: R$ -5.69

🗺️  MAP MATCHING:
   Pontos processados: 324
   Snaps tentados: 324 (100.0%)
   Snaps bem-sucedidos: 324 (100.0%)
   Snaps forçados (>100m): 324 (100.0%)
   ✅ TODOS os pontos estão em ruas (FORCE_SNAP=True)
======================================================================

💾 Dados agregados salvos em: ../data/offset_batch/vehicles_step_sim_6/run_077.csv
[csv-worker_6] [vehicles_step_sim_6] ===== LOG RUN 077 FIM =====

[csv-worker_6] [vehicles_step_sim_6] ===== LOG RUN 078 INICIO =====
======================================================================
🚗 PROCESSAMENTO SUMO → E1 REGISTRY (OFFSET ALEATÓRIO - veh0)
======================================================================
📄 Entrada: ../data/vehicles_step_sim_6.csv
🏭 Consumo fabricante: 12.0 km/l
💰 Preço carbono: R$ 50.0/ton
⭕ Raio máximo do offset aleatório: 2.0 km
🎲 Offset gerado aleatoriamente:
   Ângulo: 261.5°
   Distância: 1.2996 km
   offset_x (lat): -0.001728°  |  offset_y (lon): -0.011546°
📊 Row stepping: Processando todas as linhas
🗺️  Map matching: ATIVADO (raio 1500m) - pontos snapped para ruas
📐 Cálculo de distância: HAVERSINE PURO dos pontos COM snap (consistência)
======================================================================

📊 Carregando dados SUMO...
   Total de registros no arquivo: 155
   Veículos únicos: 1
   🚙 Vehicle selecionado: carro_1000

🔄 Agregando viagens por vehicle_id...
  📐 SUMO_carro_1000: Calculando distâncias com Haversine direto (SEM routing API)
      Original: 131 pontos → 1.4055 km (Haversine)
      Offset:   131 pontos → 1.6747 km (Haversine)

🚙 Veículo: SUMO_carro_1000
   Modelo: HBEFA4/PC_petrol_Euro-6ab
   Segmentos: 131
   📏 Distância: 1.410 km (city: 1.410, highway: 0.000)
   ⛽ Combustível: 12.456 l
   🏭 CO2 real: 28774.3 g
   🎯 CO2 meta: 271.4 g
   📊 Delta: -28502.9 g
   💰 Valor E1: R$ -1.4251
   🧭 Tentativas map matching: 133

   🔑 OFFSET DETERMINÍSTICO (x=-0.01025910430891807°, y=-0.003765642934717065°, max=2.0km):
   📍 Start Original:  (40.775644, -73.960687)
   🔒 Start Protegido: (40.765369, -73.963987) ✓ 1.19 km | ✓ MAP MATCHED
   📏 Deslocamento final: 1177.1 metros
   📍 End Original:    (40.772974, -73.962198)
   🔒 End Protegido:   (40.762698, -73.965749) ✓ 1.19 km | ✓ MAP MATCHED
   📏 Deslocamento final: 1182.5 metros

   📐 ANÁLISE DE DISTÂNCIA DO TRAJETO (HAVERSINE DOS PONTOS ARMAZENADOS):
   ✨ 108 pontos privados duplicados foram separados para garantir visualização 1:1.
   ℹ️  Dica: use --debug-map-matching para ver tentativas detalhadas de re-snap.
   🔢 Pontos unicos original/offset: 130/23 (Δ -107, -82.3% )
   📍 Trajeto original: 1.405 km (linha reta entre pontos GPS)
   🔒 Trajeto com offset: 1.675 km (linha reta entre pontos COM snap)
   📊 Diferença: +0.269 km (+19.2%)

======================================================================
📊 ESTATÍSTICAS FINAIS
======================================================================
Viagens processadas: 1
Distância total: 1.41 km
Combustível total: 12.46 l
CO2 real total: 28774.3 g
CO2 meta total: 271.4 g
Delta CO2: -28502.9 g
Valor E1 total: R$ -1.43

💰 Créditos: R$ 0.00
💸 Débitos: R$ 1.43
📈 Saldo líquido: R$ -1.43

🗺️  MAP MATCHING:
   Pontos processados: 131
   Snaps tentados: 131 (100.0%)
   Snaps bem-sucedidos: 131 (100.0%)
   Snaps forçados (>100m): 131 (100.0%)
   ✅ TODOS os pontos estão em ruas (FORCE_SNAP=True)
======================================================================

💾 Dados agregados salvos em: ../data/offset_batch/vehicles_step_sim_6/run_078.csv
[csv-worker_6] [vehicles_step_sim_6] ===== LOG RUN 078 FIM =====

[csv-worker_6] [vehicles_step_sim_6] ===== LOG RUN 079 INICIO =====
======================================================================
🚗 PROCESSAMENTO SUMO → E1 REGISTRY (OFFSET ALEATÓRIO - veh0)
======================================================================
📄 Entrada: ../data/vehicles_step_sim_6.csv
🏭 Consumo fabricante: 12.0 km/l
💰 Preço carbono: R$ 50.0/ton
⭕ Raio máximo do offset aleatório: 2.0 km
🎲 Offset gerado aleatoriamente:
   Ângulo: 236.5°
   Distância: 1.8301 km
   offset_x (lat): -0.009072°  |  offset_y (lon): -0.013710°
📊 Row stepping: Processando todas as linhas
🗺️  Map matching: ATIVADO (raio 1500m) - pontos snapped para ruas
📐 Cálculo de distância: HAVERSINE PURO dos pontos COM snap (consistência)
======================================================================

📊 Carregando dados SUMO...
   Total de registros no arquivo: 155
   Veículos únicos: 1
   🚙 Vehicle selecionado: carro_1000

🔄 Agregando viagens por vehicle_id...
  📐 SUMO_carro_1000: Calculando distâncias com Haversine direto (SEM routing API)
      Original: 324 pontos → 3.1629 km (Haversine)
      Offset:   324 pontos → 4.0906 km (Haversine)

🚙 Veículo: SUMO_carro_1000
   Modelo: HBEFA4/PC_petrol_Euro-6ab
   Segmentos: 324
   📏 Distância: 3.166 km (city: 3.024, highway: 0.142)
   ⛽ Combustível: 49.530 l
   🏭 CO2 real: 114414.1 g
   🎯 CO2 meta: 609.4 g
   📊 Delta: -113804.6 g
   💰 Valor E1: R$ -5.6902
   🧭 Tentativas map matching: 326

   🔑 OFFSET DETERMINÍSTICO (x=0.006337267458486643°, y=-0.013283427817510948°, max=2.0km):
   📍 Start Original:  (40.775644, -73.960687)
   🔒 Start Protegido: (40.782619, -73.973091) ✓ 1.32 km | ✓ MAP MATCHED
   📏 Deslocamento final: 1302.5 metros
   📍 End Original:    (40.772251, -73.963071)
   🔒 End Protegido:   (40.779317, -73.977252) ✓ 1.32 km | ✓ MAP MATCHED
   📏 Deslocamento final: 1431.1 metros

   📐 ANÁLISE DE DISTÂNCIA DO TRAJETO (HAVERSINE DOS PONTOS ARMAZENADOS):
   ✨ 286 pontos privados duplicados foram separados para garantir visualização 1:1.
   ℹ️  Dica: use --debug-map-matching para ver tentativas detalhadas de re-snap.
   🔢 Pontos unicos original/offset: 324/38 (Δ -286, -88.3% )
   📍 Trajeto original: 3.163 km (linha reta entre pontos GPS)
   🔒 Trajeto com offset: 4.091 km (linha reta entre pontos COM snap)
   📊 Diferença: +0.928 km (+29.3%)

======================================================================
📊 ESTATÍSTICAS FINAIS
======================================================================
Viagens processadas: 1
Distância total: 3.17 km
Combustível total: 49.53 l
CO2 real total: 114414.1 g
CO2 meta total: 609.4 g
Delta CO2: -113804.6 g
Valor E1 total: R$ -5.69

💰 Créditos: R$ 0.00
💸 Débitos: R$ 5.69
📈 Saldo líquido: R$ -5.69

🗺️  MAP MATCHING:
   Pontos processados: 324
   Snaps tentados: 324 (100.0%)
   Snaps bem-sucedidos: 324 (100.0%)
   Snaps forçados (>100m): 324 (100.0%)
   ✅ TODOS os pontos estão em ruas (FORCE_SNAP=True)
======================================================================

💾 Dados agregados salvos em: ../data/offset_batch/vehicles_step_sim_6/run_079.csv
[csv-worker_6] [vehicles_step_sim_6] ===== LOG RUN 079 FIM =====

[csv-worker_6] [vehicles_step_sim_6] ===== LOG RUN 080 INICIO =====
======================================================================
🚗 PROCESSAMENTO SUMO → E1 REGISTRY (OFFSET ALEATÓRIO - veh0)
======================================================================
📄 Entrada: ../data/vehicles_step_sim_6.csv
🏭 Consumo fabricante: 12.0 km/l
💰 Preço carbono: R$ 50.0/ton
⭕ Raio máximo do offset aleatório: 2.0 km
🎲 Offset gerado aleatoriamente:
   Ângulo: 64.3°
   Distância: 1.8047 km
   offset_x (lat): 0.007041°  |  offset_y (lon): 0.014603°
📊 Row stepping: Processando todas as linhas
🗺️  Map matching: ATIVADO (raio 1500m) - pontos snapped para ruas
📐 Cálculo de distância: HAVERSINE PURO dos pontos COM snap (consistência)
======================================================================

📊 Carregando dados SUMO...
   Total de registros no arquivo: 155
   Veículos únicos: 1
   🚙 Vehicle selecionado: carro_1000

🔄 Agregando viagens por vehicle_id...
  📐 SUMO_carro_1000: Calculando distâncias com Haversine direto (SEM routing API)
      Original: 312 pontos → 3.1845 km (Haversine)
      Offset:   312 pontos → 6.4051 km (Haversine)

🚙 Veículo: SUMO_carro_1000
   Modelo: HBEFA4/PC_petrol_Euro-6ab
   Segmentos: 312
   📏 Distância: 3.190 km (city: 2.602, highway: 0.587)
   ⛽ Combustível: 54.577 l
   🏭 CO2 real: 126071.8 g
   🎯 CO2 meta: 614.1 g
   📊 Delta: -125457.8 g
   💰 Valor E1: R$ -6.2729
   🧭 Tentativas map matching: 314

   🔑 OFFSET DETERMINÍSTICO (x=0.013008524923235442°, y=-0.0010384001027175904°, max=2.0km):
   📍 Start Original:  (40.775644, -73.960687)
   🔒 Start Protegido: (40.790417, -73.960208) ✓ 1.45 km | ✓ MAP MATCHED
   📏 Deslocamento final: 1645.1 metros
   📍 End Original:    (40.771637, -73.963520)
   🔒 End Protegido:   (40.783673, -73.964935) ✓ 1.45 km | ✓ MAP MATCHED
   📏 Deslocamento final: 1345.1 metros

   📐 ANÁLISE DE DISTÂNCIA DO TRAJETO (HAVERSINE DOS PONTOS ARMAZENADOS):
   ✨ 265 pontos privados duplicados foram separados para garantir visualização 1:1.
   ℹ️  Dica: use --debug-map-matching para ver tentativas detalhadas de re-snap.
   🔢 Pontos unicos original/offset: 312/47 (Δ -265, -84.9% )
   📍 Trajeto original: 3.185 km (linha reta entre pontos GPS)
   🔒 Trajeto com offset: 6.405 km (linha reta entre pontos COM snap)
   📊 Diferença: +3.221 km (+101.1%)

======================================================================
📊 ESTATÍSTICAS FINAIS
======================================================================
Viagens processadas: 1
Distância total: 3.19 km
Combustível total: 54.58 l
CO2 real total: 126071.8 g
CO2 meta total: 614.1 g
Delta CO2: -125457.8 g
Valor E1 total: R$ -6.27

💰 Créditos: R$ 0.00
💸 Débitos: R$ 6.27
📈 Saldo líquido: R$ -6.27

🗺️  MAP MATCHING:
   Pontos processados: 312
   Snaps tentados: 312 (100.0%)
   Snaps bem-sucedidos: 312 (100.0%)
   Snaps forçados (>100m): 312 (100.0%)
   ✅ TODOS os pontos estão em ruas (FORCE_SNAP=True)
======================================================================

💾 Dados agregados salvos em: ../data/offset_batch/vehicles_step_sim_6/run_080.csv
[csv-worker_6] [vehicles_step_sim_6] ===== LOG RUN 080 FIM =====

[csv-worker_6] [vehicles_step_sim_6] ===== LOG RUN 081 INICIO =====
======================================================================
🚗 PROCESSAMENTO SUMO → E1 REGISTRY (OFFSET ALEATÓRIO - veh0)
======================================================================
📄 Entrada: ../data/vehicles_step_sim_6.csv
🏭 Consumo fabricante: 12.0 km/l
💰 Preço carbono: R$ 50.0/ton
⭕ Raio máximo do offset aleatório: 2.0 km
🎲 Offset gerado aleatoriamente:
   Ângulo: 119.5°
   Distância: 1.9277 km
   offset_x (lat): -0.008530°  |  offset_y (lon): 0.015070°
📊 Row stepping: Processando todas as linhas
🗺️  Map matching: ATIVADO (raio 1500m) - pontos snapped para ruas
📐 Cálculo de distância: HAVERSINE PURO dos pontos COM snap (consistência)
======================================================================

📊 Carregando dados SUMO...
   Total de registros no arquivo: 155
   Veículos únicos: 1
   🚙 Vehicle selecionado: carro_1000

🔄 Agregando viagens por vehicle_id...
  📐 SUMO_carro_1000: Calculando distâncias com Haversine direto (SEM routing API)
      Original: 131 pontos → 1.4055 km (Haversine)
      Offset:   131 pontos → 1.3946 km (Haversine)

🚙 Veículo: SUMO_carro_1000
   Modelo: HBEFA4/PC_petrol_Euro-6ab
   Segmentos: 131
   📏 Distância: 1.410 km (city: 1.410, highway: 0.000)
   ⛽ Combustível: 12.456 l
   🏭 CO2 real: 28774.3 g
   🎯 CO2 meta: 271.4 g
   📊 Delta: -28502.9 g
   💰 Valor E1: R$ -1.4251
   🧭 Tentativas map matching: 133

   🔑 OFFSET DETERMINÍSTICO (x=-0.013248236357336216°, y=0.003286716489619142°, max=2.0km):
   📍 Start Original:  (40.775644, -73.960687)
   🔒 Start Protegido: (40.762476, -73.957115) ✓ 1.50 km | ✓ MAP MATCHED
   📏 Deslocamento final: 1496.4 metros
   📍 End Original:    (40.772974, -73.962198)
   🔒 End Protegido:   (40.759857, -73.958853) ✓ 1.50 km | ✓ MAP MATCHED
   📏 Deslocamento final: 1487.2 metros

   📐 ANÁLISE DE DISTÂNCIA DO TRAJETO (HAVERSINE DOS PONTOS ARMAZENADOS):
   ✨ 101 pontos privados duplicados foram separados para garantir visualização 1:1.
   ℹ️  Dica: use --debug-map-matching para ver tentativas detalhadas de re-snap.
   🔢 Pontos unicos original/offset: 130/30 (Δ -100, -76.9% )
   📍 Trajeto original: 1.405 km (linha reta entre pontos GPS)
   🔒 Trajeto com offset: 1.395 km (linha reta entre pontos COM snap)
   📊 Diferença: -0.011 km (-0.8%)

======================================================================
📊 ESTATÍSTICAS FINAIS
======================================================================
Viagens processadas: 1
Distância total: 1.41 km
Combustível total: 12.46 l
CO2 real total: 28774.3 g
CO2 meta total: 271.4 g
Delta CO2: -28502.9 g
Valor E1 total: R$ -1.43

💰 Créditos: R$ 0.00
💸 Débitos: R$ 1.43
📈 Saldo líquido: R$ -1.43

🗺️  MAP MATCHING:
   Pontos processados: 131
   Snaps tentados: 131 (100.0%)
   Snaps bem-sucedidos: 131 (100.0%)
   Snaps forçados (>100m): 131 (100.0%)
   ✅ TODOS os pontos estão em ruas (FORCE_SNAP=True)
======================================================================

💾 Dados agregados salvos em: ../data/offset_batch/vehicles_step_sim_6/run_081.csv
[csv-worker_6] [vehicles_step_sim_6] ===== LOG RUN 081 FIM =====

[csv-worker_6] [vehicles_step_sim_6] ===== LOG RUN 082 INICIO =====
======================================================================
🚗 PROCESSAMENTO SUMO → E1 REGISTRY (OFFSET ALEATÓRIO - veh0)
======================================================================
📄 Entrada: ../data/vehicles_step_sim_6.csv
🏭 Consumo fabricante: 12.0 km/l
💰 Preço carbono: R$ 50.0/ton
⭕ Raio máximo do offset aleatório: 2.0 km
🎲 Offset gerado aleatoriamente:
   Ângulo: 105.5°
   Distância: 0.5940 km
   offset_x (lat): -0.001430°  |  offset_y (lon): 0.005141°
📊 Row stepping: Processando todas as linhas
🗺️  Map matching: ATIVADO (raio 1500m) - pontos snapped para ruas
📐 Cálculo de distância: HAVERSINE PURO dos pontos COM snap (consistência)
======================================================================

📊 Carregando dados SUMO...
   Total de registros no arquivo: 155
   Veículos únicos: 1
   🚙 Vehicle selecionado: carro_1000

🔄 Agregando viagens por vehicle_id...
  📐 SUMO_carro_1000: Calculando distâncias com Haversine direto (SEM routing API)
      Original: 222 pontos → 1.9688 km (Haversine)
      Offset:   222 pontos → 3.1737 km (Haversine)

🚙 Veículo: SUMO_carro_1000
   Modelo: HBEFA4/PC_petrol_Euro-6ab
   Segmentos: 222
   📏 Distância: 1.973 km (city: 1.973, highway: 0.000)
   ⛽ Combustível: 24.219 l
   🏭 CO2 real: 55946.2 g
   🎯 CO2 meta: 379.8 g
   📊 Delta: -55566.4 g
   💰 Valor E1: R$ -2.7783
   🧭 Tentativas map matching: 224

   🔑 OFFSET DETERMINÍSTICO (x=0.011181174573920774°, y=-0.0005348478644742474°, max=2.0km):
   📍 Start Original:  (40.775644, -73.960687)
   🔒 Start Protegido: (40.785345, -73.957635) ✓ 1.25 km | ✓ MAP MATCHED
   📏 Deslocamento final: 1110.2 metros
   📍 End Original:    (40.772651, -73.962544)
   🔒 End Protegido:   (40.783253, -73.963921) ✓ 1.25 km | ✓ MAP MATCHED
   📏 Deslocamento final: 1185.8 metros

   📐 ANÁLISE DE DISTÂNCIA DO TRAJETO (HAVERSINE DOS PONTOS ARMAZENADOS):
   ✨ 188 pontos privados duplicados foram separados para garantir visualização 1:1.
   ℹ️  Dica: use --debug-map-matching para ver tentativas detalhadas de re-snap.
   🔢 Pontos unicos original/offset: 221/34 (Δ -187, -84.6% )
   📍 Trajeto original: 1.969 km (linha reta entre pontos GPS)
   🔒 Trajeto com offset: 3.174 km (linha reta entre pontos COM snap)
   📊 Diferença: +1.205 km (+61.2%)

======================================================================
📊 ESTATÍSTICAS FINAIS
======================================================================
Viagens processadas: 1
Distância total: 1.97 km
Combustível total: 24.22 l
CO2 real total: 55946.2 g
CO2 meta total: 379.8 g
Delta CO2: -55566.4 g
Valor E1 total: R$ -2.78

💰 Créditos: R$ 0.00
💸 Débitos: R$ 2.78
📈 Saldo líquido: R$ -2.78

🗺️  MAP MATCHING:
   Pontos processados: 222
   Snaps tentados: 222 (100.0%)
   Snaps bem-sucedidos: 222 (100.0%)
   Snaps forçados (>100m): 222 (100.0%)
   ✅ TODOS os pontos estão em ruas (FORCE_SNAP=True)
======================================================================

💾 Dados agregados salvos em: ../data/offset_batch/vehicles_step_sim_6/run_082.csv
[csv-worker_6] [vehicles_step_sim_6] ===== LOG RUN 082 FIM =====

[csv-worker_6] [vehicles_step_sim_6] ===== LOG RUN 083 INICIO =====
======================================================================
🚗 PROCESSAMENTO SUMO → E1 REGISTRY (OFFSET ALEATÓRIO - veh0)
======================================================================
📄 Entrada: ../data/vehicles_step_sim_6.csv
🏭 Consumo fabricante: 12.0 km/l
💰 Preço carbono: R$ 50.0/ton
⭕ Raio máximo do offset aleatório: 2.0 km
🎲 Offset gerado aleatoriamente:
   Ângulo: 205.1°
   Distância: 1.1839 km
   offset_x (lat): -0.009632°  |  offset_y (lon): -0.004510°
📊 Row stepping: Processando todas as linhas
🗺️  Map matching: ATIVADO (raio 1500m) - pontos snapped para ruas
📐 Cálculo de distância: HAVERSINE PURO dos pontos COM snap (consistência)
======================================================================

📊 Carregando dados SUMO...
   Total de registros no arquivo: 155
   Veículos únicos: 1
   🚙 Vehicle selecionado: carro_1000

🔄 Agregando viagens por vehicle_id...
  📐 SUMO_carro_1000: Calculando distâncias com Haversine direto (SEM routing API)
      Original: 337 pontos → 3.3706 km (Haversine)
      Offset:   337 pontos → 3.5135 km (Haversine)

🚙 Veículo: SUMO_carro_1000
   Modelo: HBEFA4/PC_petrol_Euro-6ab
   Segmentos: 337
   📏 Distância: 3.379 km (city: 3.069, highway: 0.310)
   ⛽ Combustível: 58.616 l
   🏭 CO2 real: 135402.3 g
   🎯 CO2 meta: 650.5 g
   📊 Delta: -134751.8 g
   💰 Valor E1: R$ -6.7376
   🧭 Tentativas map matching: 339

   🔑 OFFSET DETERMINÍSTICO (x=0.00044148671504928773°, y=-0.000839911082559742°, max=2.0km):
   📍 Start Original:  (40.775644, -73.960687)
   🔒 Start Protegido: (40.776126, -73.961640) ✓ 0.09 km | ✓ MAP MATCHED
   📏 Deslocamento final: 96.6 metros
   📍 End Original:    (40.774801, -73.960637)
   🔒 End Protegido:   (40.775042, -73.961213) ✓ 0.09 km | ✓ MAP MATCHED
   📏 Deslocamento final: 55.5 metros

   📐 ANÁLISE DE DISTÂNCIA DO TRAJETO (HAVERSINE DOS PONTOS ARMAZENADOS):
   ✨ 286 pontos privados duplicados foram separados para garantir visualização 1:1.
   ℹ️  Dica: use --debug-map-matching para ver tentativas detalhadas de re-snap.
   🔢 Pontos unicos original/offset: 337/51 (Δ -286, -84.9% )
   📍 Trajeto original: 3.371 km (linha reta entre pontos GPS)
   🔒 Trajeto com offset: 3.513 km (linha reta entre pontos COM snap)
   📊 Diferença: +0.143 km (+4.2%)

======================================================================
📊 ESTATÍSTICAS FINAIS
======================================================================
Viagens processadas: 1
Distância total: 3.38 km
Combustível total: 58.62 l
CO2 real total: 135402.3 g
CO2 meta total: 650.5 g
Delta CO2: -134751.8 g
Valor E1 total: R$ -6.74

💰 Créditos: R$ 0.00
💸 Débitos: R$ 6.74
📈 Saldo líquido: R$ -6.74

🗺️  MAP MATCHING:
   Pontos processados: 337
   Snaps tentados: 337 (100.0%)
   Snaps bem-sucedidos: 337 (100.0%)
   Snaps forçados (>100m): 196 (58.2%)
   ✅ TODOS os pontos estão em ruas (FORCE_SNAP=True)
======================================================================

💾 Dados agregados salvos em: ../data/offset_batch/vehicles_step_sim_6/run_083.csv
[csv-worker_6] [vehicles_step_sim_6] ===== LOG RUN 083 FIM =====

[csv-worker_6] [vehicles_step_sim_6] ===== LOG RUN 084 INICIO =====
======================================================================
🚗 PROCESSAMENTO SUMO → E1 REGISTRY (OFFSET ALEATÓRIO - veh0)
======================================================================
📄 Entrada: ../data/vehicles_step_sim_6.csv
🏭 Consumo fabricante: 12.0 km/l
💰 Preço carbono: R$ 50.0/ton
⭕ Raio máximo do offset aleatório: 2.0 km
🎲 Offset gerado aleatoriamente:
   Ângulo: 230.3°
   Distância: 1.2273 km
   offset_x (lat): -0.007040°  |  offset_y (lon): -0.008484°
📊 Row stepping: Processando todas as linhas
🗺️  Map matching: ATIVADO (raio 1500m) - pontos snapped para ruas
📐 Cálculo de distância: HAVERSINE PURO dos pontos COM snap (consistência)
======================================================================

📊 Carregando dados SUMO...
   Total de registros no arquivo: 155
   Veículos únicos: 1
   🚙 Vehicle selecionado: carro_1000

🔄 Agregando viagens por vehicle_id...
  📐 SUMO_carro_1000: Calculando distâncias com Haversine direto (SEM routing API)
      Original: 323 pontos → 2.9161 km (Haversine)
      Offset:   323 pontos → 4.9344 km (Haversine)

🚙 Veículo: SUMO_carro_1000
   Modelo: HBEFA4/PC_petrol_Euro-6ab
   Segmentos: 323
   📏 Distância: 2.926 km (city: 2.764, highway: 0.161)
   ⛽ Combustível: 54.094 l
   🏭 CO2 real: 124958.0 g
   🎯 CO2 meta: 563.2 g
   📊 Delta: -124394.9 g
   💰 Valor E1: R$ -6.2197
   🧭 Tentativas map matching: 325

   🔑 OFFSET DETERMINÍSTICO (x=0.015577494071647057°, y=-0.001416691536857073°, max=2.0km):
   📍 Start Original:  (40.775644, -73.960687)
   🔒 Start Protegido: (40.791434, -73.962004) ✓ 1.74 km | ✓ MAP MATCHED
   📏 Deslocamento final: 1761.3 metros
   📍 End Original:    (40.774046, -73.961617)
   🔒 End Protegido:   (40.791286, -73.961684) ✓ 1.74 km | ✓ MAP MATCHED
   📏 Deslocamento final: 1919.2 metros

   📐 ANÁLISE DE DISTÂNCIA DO TRAJETO (HAVERSINE DOS PONTOS ARMAZENADOS):
   ✨ 286 pontos privados duplicados foram separados para garantir visualização 1:1.
   ℹ️  Dica: use --debug-map-matching para ver tentativas detalhadas de re-snap.
   🔢 Pontos unicos original/offset: 320/37 (Δ -283, -88.4% )
   📍 Trajeto original: 2.916 km (linha reta entre pontos GPS)
   🔒 Trajeto com offset: 4.934 km (linha reta entre pontos COM snap)
   📊 Diferença: +2.018 km (+69.2%)

======================================================================
📊 ESTATÍSTICAS FINAIS
======================================================================
Viagens processadas: 1
Distância total: 2.93 km
Combustível total: 54.09 l
CO2 real total: 124958.0 g
CO2 meta total: 563.2 g
Delta CO2: -124394.9 g
Valor E1 total: R$ -6.22

💰 Créditos: R$ 0.00
💸 Débitos: R$ 6.22
📈 Saldo líquido: R$ -6.22

🗺️  MAP MATCHING:
   Pontos processados: 323
   Snaps tentados: 323 (100.0%)
   Snaps bem-sucedidos: 323 (100.0%)
   Snaps forçados (>100m): 323 (100.0%)
   ✅ TODOS os pontos estão em ruas (FORCE_SNAP=True)
======================================================================

💾 Dados agregados salvos em: ../data/offset_batch/vehicles_step_sim_6/run_084.csv
[csv-worker_6] [vehicles_step_sim_6] ===== LOG RUN 084 FIM =====

[csv-worker_6] [vehicles_step_sim_6] ===== LOG RUN 085 INICIO =====
======================================================================
🚗 PROCESSAMENTO SUMO → E1 REGISTRY (OFFSET ALEATÓRIO - veh0)
======================================================================
📄 Entrada: ../data/vehicles_step_sim_6.csv
🏭 Consumo fabricante: 12.0 km/l
💰 Preço carbono: R$ 50.0/ton
⭕ Raio máximo do offset aleatório: 2.0 km
🎲 Offset gerado aleatoriamente:
   Ângulo: 334.7°
   Distância: 1.7645 km
   offset_x (lat): 0.014331°  |  offset_y (lon): -0.006773°
📊 Row stepping: Processando todas as linhas
🗺️  Map matching: ATIVADO (raio 1500m) - pontos snapped para ruas
📐 Cálculo de distância: HAVERSINE PURO dos pontos COM snap (consistência)
======================================================================

📊 Carregando dados SUMO...
   Total de registros no arquivo: 155
   Veículos únicos: 1
   🚙 Vehicle selecionado: carro_1000

🔄 Agregando viagens por vehicle_id...
  📐 SUMO_carro_1000: Calculando distâncias com Haversine direto (SEM routing API)
      Original: 222 pontos → 1.9688 km (Haversine)
      Offset:   222 pontos → 2.6027 km (Haversine)

🚙 Veículo: SUMO_carro_1000
   Modelo: HBEFA4/PC_petrol_Euro-6ab
   Segmentos: 222
   📏 Distância: 1.973 km (city: 1.973, highway: 0.000)
   ⛽ Combustível: 24.219 l
   🏭 CO2 real: 55946.2 g
   🎯 CO2 meta: 379.8 g
   📊 Delta: -55566.4 g
   💰 Valor E1: R$ -2.7783
   🧭 Tentativas map matching: 224

   🔑 OFFSET DETERMINÍSTICO (x=-0.009994721377899954°, y=0.0014700672205112887°, max=2.0km):
   📍 Start Original:  (40.775644, -73.960687)
   🔒 Start Protegido: (40.766191, -73.960108) ✓ 1.12 km | ✓ MAP MATCHED
   📏 Deslocamento final: 1053.4 metros
   📍 End Original:    (40.772651, -73.962544)
   🔒 End Protegido:   (40.762676, -73.961468) ✓ 1.12 km | ✓ MAP MATCHED
   📏 Deslocamento final: 1114.1 metros

   📐 ANÁLISE DE DISTÂNCIA DO TRAJETO (HAVERSINE DOS PONTOS ARMAZENADOS):
   ✨ 198 pontos privados duplicados foram separados para garantir visualização 1:1.
   ℹ️  Dica: use --debug-map-matching para ver tentativas detalhadas de re-snap.
   🔢 Pontos unicos original/offset: 221/24 (Δ -197, -89.1% )
   📍 Trajeto original: 1.969 km (linha reta entre pontos GPS)
   🔒 Trajeto com offset: 2.603 km (linha reta entre pontos COM snap)
   📊 Diferença: +0.634 km (+32.2%)

======================================================================
📊 ESTATÍSTICAS FINAIS
======================================================================
Viagens processadas: 1
Distância total: 1.97 km
Combustível total: 24.22 l
CO2 real total: 55946.2 g
CO2 meta total: 379.8 g
Delta CO2: -55566.4 g
Valor E1 total: R$ -2.78

💰 Créditos: R$ 0.00
💸 Débitos: R$ 2.78
📈 Saldo líquido: R$ -2.78

🗺️  MAP MATCHING:
   Pontos processados: 222
   Snaps tentados: 222 (100.0%)
   Snaps bem-sucedidos: 222 (100.0%)
   Snaps forçados (>100m): 222 (100.0%)
   ✅ TODOS os pontos estão em ruas (FORCE_SNAP=True)
======================================================================

💾 Dados agregados salvos em: ../data/offset_batch/vehicles_step_sim_6/run_085.csv
[csv-worker_6] [vehicles_step_sim_6] ===== LOG RUN 085 FIM =====

[csv-worker_6] [vehicles_step_sim_6] ===== LOG RUN 086 INICIO =====
======================================================================
🚗 PROCESSAMENTO SUMO → E1 REGISTRY (OFFSET ALEATÓRIO - veh0)
======================================================================
📄 Entrada: ../data/vehicles_step_sim_6.csv
🏭 Consumo fabricante: 12.0 km/l
💰 Preço carbono: R$ 50.0/ton
⭕ Raio máximo do offset aleatório: 2.0 km
🎲 Offset gerado aleatoriamente:
   Ângulo: 338.6°
   Distância: 1.7642 km
   offset_x (lat): 0.014751°  |  offset_y (lon): -0.005794°
📊 Row stepping: Processando todas as linhas
🗺️  Map matching: ATIVADO (raio 1500m) - pontos snapped para ruas
📐 Cálculo de distância: HAVERSINE PURO dos pontos COM snap (consistência)
======================================================================

📊 Carregando dados SUMO...
   Total de registros no arquivo: 155
   Veículos únicos: 1
   🚙 Vehicle selecionado: carro_1000

🔄 Agregando viagens por vehicle_id...
  📐 SUMO_carro_1000: Calculando distâncias com Haversine direto (SEM routing API)
      Original: 312 pontos → 3.1845 km (Haversine)
      Offset:   312 pontos → 4.4286 km (Haversine)

🚙 Veículo: SUMO_carro_1000
   Modelo: HBEFA4/PC_petrol_Euro-6ab
   Segmentos: 312
   📏 Distância: 3.190 km (city: 2.602, highway: 0.587)
   ⛽ Combustível: 54.577 l
   🏭 CO2 real: 126071.8 g
   🎯 CO2 meta: 614.1 g
   📊 Delta: -125457.8 g
   💰 Valor E1: R$ -6.2729
   🧭 Tentativas map matching: 314

   🔑 OFFSET DETERMINÍSTICO (x=-0.0038248970291995255°, y=-0.01298044699581525°, max=2.0km):
   📍 Start Original:  (40.775644, -73.960687)
   🔒 Start Protegido: (40.770477, -73.975610) ✓ 1.17 km | ✓ MAP MATCHED
   📏 Deslocamento final: 1383.2 metros
   📍 End Original:    (40.771637, -73.963520)
   🔒 End Protegido:   (40.766271, -73.977643) ✓ 1.17 km | ✓ MAP MATCHED
   📏 Deslocamento final: 1332.1 metros

   📐 ANÁLISE DE DISTÂNCIA DO TRAJETO (HAVERSINE DOS PONTOS ARMAZENADOS):
   ✨ 272 pontos privados duplicados foram separados para garantir visualização 1:1.
   ℹ️  Dica: use --debug-map-matching para ver tentativas detalhadas de re-snap.
   🔢 Pontos unicos original/offset: 312/40 (Δ -272, -87.2% )
   📍 Trajeto original: 3.185 km (linha reta entre pontos GPS)
   🔒 Trajeto com offset: 4.429 km (linha reta entre pontos COM snap)
   📊 Diferença: +1.244 km (+39.1%)

======================================================================
📊 ESTATÍSTICAS FINAIS
======================================================================
Viagens processadas: 1
Distância total: 3.19 km
Combustível total: 54.58 l
CO2 real total: 126071.8 g
CO2 meta total: 614.1 g
Delta CO2: -125457.8 g
Valor E1 total: R$ -6.27

💰 Créditos: R$ 0.00
💸 Débitos: R$ 6.27
📈 Saldo líquido: R$ -6.27

🗺️  MAP MATCHING:
   Pontos processados: 312
   Snaps tentados: 312 (100.0%)
   Snaps bem-sucedidos: 312 (100.0%)
   Snaps forçados (>100m): 312 (100.0%)
   ✅ TODOS os pontos estão em ruas (FORCE_SNAP=True)
======================================================================

💾 Dados agregados salvos em: ../data/offset_batch/vehicles_step_sim_6/run_086.csv
[csv-worker_6] [vehicles_step_sim_6] ===== LOG RUN 086 FIM =====

[csv-worker_6] [vehicles_step_sim_6] ===== LOG RUN 087 INICIO =====
======================================================================
🚗 PROCESSAMENTO SUMO → E1 REGISTRY (OFFSET ALEATÓRIO - veh0)
======================================================================
📄 Entrada: ../data/vehicles_step_sim_6.csv
🏭 Consumo fabricante: 12.0 km/l
💰 Preço carbono: R$ 50.0/ton
⭕ Raio máximo do offset aleatório: 2.0 km
🎲 Offset gerado aleatoriamente:
   Ângulo: 355.9°
   Distância: 0.9188 km
   offset_x (lat): 0.008232°  |  offset_y (lon): -0.000590°
📊 Row stepping: Processando todas as linhas
🗺️  Map matching: ATIVADO (raio 1500m) - pontos snapped para ruas
📐 Cálculo de distância: HAVERSINE PURO dos pontos COM snap (consistência)
======================================================================

📊 Carregando dados SUMO...
   Total de registros no arquivo: 155
   Veículos únicos: 1
   🚙 Vehicle selecionado: carro_1000

🔄 Agregando viagens por vehicle_id...
  📐 SUMO_carro_1000: Calculando distâncias com Haversine direto (SEM routing API)
      Original: 324 pontos → 3.1629 km (Haversine)
      Offset:   324 pontos → 3.7218 km (Haversine)

🚙 Veículo: SUMO_carro_1000
   Modelo: HBEFA4/PC_petrol_Euro-6ab
   Segmentos: 324
   📏 Distância: 3.166 km (city: 3.024, highway: 0.142)
   ⛽ Combustível: 49.530 l
   🏭 CO2 real: 114414.1 g
   🎯 CO2 meta: 609.4 g
   📊 Delta: -113804.6 g
   💰 Valor E1: R$ -5.6902
   🧭 Tentativas map matching: 326

   🔑 OFFSET DETERMINÍSTICO (x=0.004704783143724095°, y=0.007827025220479523°, max=2.0km):
   📍 Start Original:  (40.775644, -73.960687)
   🔒 Start Protegido: (40.780184, -73.952987) ✓ 0.84 km | ✓ MAP MATCHED
   📏 Deslocamento final: 822.7 metros
   📍 End Original:    (40.772251, -73.963071)
   🔒 End Protegido:   (40.776927, -73.955365) ✓ 0.84 km | ✓ MAP MATCHED
   📏 Deslocamento final: 832.5 metros

   📐 ANÁLISE DE DISTÂNCIA DO TRAJETO (HAVERSINE DOS PONTOS ARMAZENADOS):
   ✨ 284 pontos privados duplicados foram separados para garantir visualização 1:1.
   ℹ️  Dica: use --debug-map-matching para ver tentativas detalhadas de re-snap.
   🔢 Pontos unicos original/offset: 324/40 (Δ -284, -87.7% )
   📍 Trajeto original: 3.163 km (linha reta entre pontos GPS)
   🔒 Trajeto com offset: 3.722 km (linha reta entre pontos COM snap)
   📊 Diferença: +0.559 km (+17.7%)

======================================================================
📊 ESTATÍSTICAS FINAIS
======================================================================
Viagens processadas: 1
Distância total: 3.17 km
Combustível total: 49.53 l
CO2 real total: 114414.1 g
CO2 meta total: 609.4 g
Delta CO2: -113804.6 g
Valor E1 total: R$ -5.69

💰 Créditos: R$ 0.00
💸 Débitos: R$ 5.69
📈 Saldo líquido: R$ -5.69

🗺️  MAP MATCHING:
   Pontos processados: 324
   Snaps tentados: 324 (100.0%)
   Snaps bem-sucedidos: 324 (100.0%)
   Snaps forçados (>100m): 324 (100.0%)
   ✅ TODOS os pontos estão em ruas (FORCE_SNAP=True)
======================================================================

💾 Dados agregados salvos em: ../data/offset_batch/vehicles_step_sim_6/run_087.csv
[csv-worker_6] [vehicles_step_sim_6] ===== LOG RUN 087 FIM =====

[csv-worker_6] [vehicles_step_sim_6] ===== LOG RUN 088 INICIO =====
======================================================================
🚗 PROCESSAMENTO SUMO → E1 REGISTRY (OFFSET ALEATÓRIO - veh0)
======================================================================
📄 Entrada: ../data/vehicles_step_sim_6.csv
🏭 Consumo fabricante: 12.0 km/l
💰 Preço carbono: R$ 50.0/ton
⭕ Raio máximo do offset aleatório: 2.0 km
🎲 Offset gerado aleatoriamente:
   Ângulo: 237.2°
   Distância: 0.9027 km
   offset_x (lat): -0.004395°  |  offset_y (lon): -0.006815°
📊 Row stepping: Processando todas as linhas
🗺️  Map matching: ATIVADO (raio 1500m) - pontos snapped para ruas
📐 Cálculo de distância: HAVERSINE PURO dos pontos COM snap (consistência)
======================================================================

📊 Carregando dados SUMO...
   Total de registros no arquivo: 155
   Veículos únicos: 1
   🚙 Vehicle selecionado: carro_1000

🔄 Agregando viagens por vehicle_id...
  📐 SUMO_carro_1000: Calculando distâncias com Haversine direto (SEM routing API)
      Original: 323 pontos → 2.9161 km (Haversine)
      Offset:   323 pontos → 3.0422 km (Haversine)

🚙 Veículo: SUMO_carro_1000
   Modelo: HBEFA4/PC_petrol_Euro-6ab
   Segmentos: 323
   📏 Distância: 2.926 km (city: 2.764, highway: 0.161)
   ⛽ Combustível: 54.094 l
   🏭 CO2 real: 124958.0 g
   🎯 CO2 meta: 563.2 g
   📊 Delta: -124394.9 g
   💰 Valor E1: R$ -6.2197
   🧭 Tentativas map matching: 325

   🔑 OFFSET DETERMINÍSTICO (x=0.012124940574031191°, y=0.005435065367307303°, max=2.0km):
   📍 Start Original:  (40.775644, -73.960687)
   🔒 Start Protegido: (40.787736, -73.955357) ✓ 1.43 km | ✓ MAP MATCHED
   📏 Deslocamento final: 1419.1 metros
   📍 End Original:    (40.774046, -73.961617)
   🔒 End Protegido:   (40.786560, -73.956620) ✓ 1.43 km | ✓ MAP MATCHED
   📏 Deslocamento final: 1455.4 metros

   📐 ANÁLISE DE DISTÂNCIA DO TRAJETO (HAVERSINE DOS PONTOS ARMAZENADOS):
   ✨ 291 pontos privados duplicados foram separados para garantir visualização 1:1.
   ℹ️  Dica: use --debug-map-matching para ver tentativas detalhadas de re-snap.
   🔢 Pontos unicos original/offset: 320/32 (Δ -288, -90.0% )
   📍 Trajeto original: 2.916 km (linha reta entre pontos GPS)
   🔒 Trajeto com offset: 3.042 km (linha reta entre pontos COM snap)
   📊 Diferença: +0.126 km (+4.3%)

======================================================================
📊 ESTATÍSTICAS FINAIS
======================================================================
Viagens processadas: 1
Distância total: 2.93 km
Combustível total: 54.09 l
CO2 real total: 124958.0 g
CO2 meta total: 563.2 g
Delta CO2: -124394.9 g
Valor E1 total: R$ -6.22

💰 Créditos: R$ 0.00
💸 Débitos: R$ 6.22
📈 Saldo líquido: R$ -6.22

🗺️  MAP MATCHING:
   Pontos processados: 323
   Snaps tentados: 323 (100.0%)
   Snaps bem-sucedidos: 323 (100.0%)
   Snaps forçados (>100m): 323 (100.0%)
   ✅ TODOS os pontos estão em ruas (FORCE_SNAP=True)
======================================================================

💾 Dados agregados salvos em: ../data/offset_batch/vehicles_step_sim_6/run_088.csv
[csv-worker_6] [vehicles_step_sim_6] ===== LOG RUN 088 FIM =====

[csv-worker_6] [vehicles_step_sim_6] ===== LOG RUN 089 INICIO =====
======================================================================
🚗 PROCESSAMENTO SUMO → E1 REGISTRY (OFFSET ALEATÓRIO - veh0)
======================================================================
📄 Entrada: ../data/vehicles_step_sim_6.csv
🏭 Consumo fabricante: 12.0 km/l
💰 Preço carbono: R$ 50.0/ton
⭕ Raio máximo do offset aleatório: 2.0 km
🎲 Offset gerado aleatoriamente:
   Ângulo: 152.0°
   Distância: 1.8630 km
   offset_x (lat): -0.014781°  |  offset_y (lon): 0.007849°
📊 Row stepping: Processando todas as linhas
🗺️  Map matching: ATIVADO (raio 1500m) - pontos snapped para ruas
📐 Cálculo de distância: HAVERSINE PURO dos pontos COM snap (consistência)
======================================================================

📊 Carregando dados SUMO...
   Total de registros no arquivo: 155
   Veículos únicos: 1
   🚙 Vehicle selecionado: carro_1000

🔄 Agregando viagens por vehicle_id...
  📐 SUMO_carro_1000: Calculando distâncias com Haversine direto (SEM routing API)
      Original: 301 pontos → 3.1480 km (Haversine)
      Offset:   301 pontos → 3.0244 km (Haversine)

🚙 Veículo: SUMO_carro_1000
   Modelo: HBEFA4/PC_petrol_Euro-6ab
   Segmentos: 301
   📏 Distância: 3.159 km (city: 3.020, highway: 0.139)
   ⛽ Combustível: 51.224 l
   🏭 CO2 real: 118326.7 g
   🎯 CO2 meta: 608.1 g
   📊 Delta: -117718.6 g
   💰 Valor E1: R$ -5.8859
   🧭 Tentativas map matching: 303

   🔑 OFFSET DETERMINÍSTICO (x=-0.003336706647097646°, y=0.007237090826691702°, max=2.0km):
   📍 Start Original:  (40.775644, -73.960687)
   🔒 Start Protegido: (40.772611, -73.953310) ✓ 0.71 km | ✓ MAP MATCHED
   📏 Deslocamento final: 707.6 metros
   📍 End Original:    (40.771236, -73.963813)
   🔒 End Protegido:   (40.767863, -73.956135) ✓ 0.71 km | ✓ MAP MATCHED
   📏 Deslocamento final: 748.3 metros

   📐 ANÁLISE DE DISTÂNCIA DO TRAJETO (HAVERSINE DOS PONTOS ARMAZENADOS):
   ✨ 267 pontos privados duplicados foram separados para garantir visualização 1:1.
   ℹ️  Dica: use --debug-map-matching para ver tentativas detalhadas de re-snap.
   🔢 Pontos unicos original/offset: 301/34 (Δ -267, -88.7% )
   📍 Trajeto original: 3.148 km (linha reta entre pontos GPS)
   🔒 Trajeto com offset: 3.024 km (linha reta entre pontos COM snap)
   📊 Diferença: -0.124 km (-3.9%)

======================================================================
📊 ESTATÍSTICAS FINAIS
======================================================================
Viagens processadas: 1
Distância total: 3.16 km
Combustível total: 51.22 l
CO2 real total: 118326.7 g
CO2 meta total: 608.1 g
Delta CO2: -117718.6 g
Valor E1 total: R$ -5.89

💰 Créditos: R$ 0.00
💸 Débitos: R$ 5.89
📈 Saldo líquido: R$ -5.89

🗺️  MAP MATCHING:
   Pontos processados: 301
   Snaps tentados: 301 (100.0%)
   Snaps bem-sucedidos: 301 (100.0%)
   Snaps forçados (>100m): 301 (100.0%)
   ✅ TODOS os pontos estão em ruas (FORCE_SNAP=True)
======================================================================

💾 Dados agregados salvos em: ../data/offset_batch/vehicles_step_sim_6/run_089.csv
[csv-worker_6] [vehicles_step_sim_6] ===== LOG RUN 089 FIM =====

[csv-worker_6] [vehicles_step_sim_6] ===== LOG RUN 090 INICIO =====
======================================================================
🚗 PROCESSAMENTO SUMO → E1 REGISTRY (OFFSET ALEATÓRIO - veh0)
======================================================================
📄 Entrada: ../data/vehicles_step_sim_6.csv
🏭 Consumo fabricante: 12.0 km/l
💰 Preço carbono: R$ 50.0/ton
⭕ Raio máximo do offset aleatório: 2.0 km
🎲 Offset gerado aleatoriamente:
   Ângulo: 148.2°
   Distância: 1.2127 km
   offset_x (lat): -0.009258°  |  offset_y (lon): 0.005743°
📊 Row stepping: Processando todas as linhas
🗺️  Map matching: ATIVADO (raio 1500m) - pontos snapped para ruas
📐 Cálculo de distância: HAVERSINE PURO dos pontos COM snap (consistência)
======================================================================

📊 Carregando dados SUMO...
   Total de registros no arquivo: 155
   Veículos únicos: 1
   🚙 Vehicle selecionado: carro_1000

🔄 Agregando viagens por vehicle_id...
  📐 SUMO_carro_1000: Calculando distâncias com Haversine direto (SEM routing API)
      Original: 323 pontos → 2.9161 km (Haversine)
      Offset:   323 pontos → 4.3458 km (Haversine)

🚙 Veículo: SUMO_carro_1000
   Modelo: HBEFA4/PC_petrol_Euro-6ab
   Segmentos: 323
   📏 Distância: 2.926 km (city: 2.764, highway: 0.161)
   ⛽ Combustível: 54.094 l
   🏭 CO2 real: 124958.0 g
   🎯 CO2 meta: 563.2 g
   📊 Delta: -124394.9 g
   💰 Valor E1: R$ -6.2197
   🧭 Tentativas map matching: 325

   🔑 OFFSET DETERMINÍSTICO (x=-0.010933146427906956°, y=0.006314547393945697°, max=2.0km):
   📍 Start Original:  (40.775644, -73.960687)
   🔒 Start Protegido: (40.765225, -73.953950) ✓ 1.33 km | ✓ MAP MATCHED
   📏 Deslocamento final: 1291.3 metros
   📍 End Original:    (40.774046, -73.961617)
   🔒 End Protegido:   (40.763619, -73.956119) ✓ 1.33 km | ✓ MAP MATCHED
   📏 Deslocamento final: 1249.8 metros

   📐 ANÁLISE DE DISTÂNCIA DO TRAJETO (HAVERSINE DOS PONTOS ARMAZENADOS):
   ✨ 265 pontos privados duplicados foram separados para garantir visualização 1:1.
   ℹ️  Dica: use --debug-map-matching para ver tentativas detalhadas de re-snap.
   🔢 Pontos unicos original/offset: 320/58 (Δ -262, -81.9% )
   📍 Trajeto original: 2.916 km (linha reta entre pontos GPS)
   🔒 Trajeto com offset: 4.346 km (linha reta entre pontos COM snap)
   📊 Diferença: +1.430 km (+49.0%)

======================================================================
📊 ESTATÍSTICAS FINAIS
======================================================================
Viagens processadas: 1
Distância total: 2.93 km
Combustível total: 54.09 l
CO2 real total: 124958.0 g
CO2 meta total: 563.2 g
Delta CO2: -124394.9 g
Valor E1 total: R$ -6.22

💰 Créditos: R$ 0.00
💸 Débitos: R$ 6.22
📈 Saldo líquido: R$ -6.22

🗺️  MAP MATCHING:
   Pontos processados: 323
   Snaps tentados: 323 (100.0%)
   Snaps bem-sucedidos: 323 (100.0%)
   Snaps forçados (>100m): 323 (100.0%)
   ✅ TODOS os pontos estão em ruas (FORCE_SNAP=True)
======================================================================

💾 Dados agregados salvos em: ../data/offset_batch/vehicles_step_sim_6/run_090.csv
[csv-worker_6] [vehicles_step_sim_6] ===== LOG RUN 090 FIM =====

[csv-worker_6] [vehicles_step_sim_6] ===== LOG RUN 091 INICIO =====
======================================================================
🚗 PROCESSAMENTO SUMO → E1 REGISTRY (OFFSET ALEATÓRIO - veh0)
======================================================================
📄 Entrada: ../data/vehicles_step_sim_6.csv
🏭 Consumo fabricante: 12.0 km/l
💰 Preço carbono: R$ 50.0/ton
⭕ Raio máximo do offset aleatório: 2.0 km
🎲 Offset gerado aleatoriamente:
   Ângulo: 354.7°
   Distância: 1.3540 km
   offset_x (lat): 0.012112°  |  offset_y (lon): -0.001118°
📊 Row stepping: Processando todas as linhas
🗺️  Map matching: ATIVADO (raio 1500m) - pontos snapped para ruas
📐 Cálculo de distância: HAVERSINE PURO dos pontos COM snap (consistência)
======================================================================

📊 Carregando dados SUMO...
   Total de registros no arquivo: 155
   Veículos únicos: 1
   🚙 Vehicle selecionado: carro_1000

🔄 Agregando viagens por vehicle_id...
  📐 SUMO_carro_1000: Calculando distâncias com Haversine direto (SEM routing API)
      Original: 301 pontos → 3.1480 km (Haversine)
      Offset:   301 pontos → 4.1572 km (Haversine)

🚙 Veículo: SUMO_carro_1000
   Modelo: HBEFA4/PC_petrol_Euro-6ab
   Segmentos: 301
   📏 Distância: 3.159 km (city: 3.020, highway: 0.139)
   ⛽ Combustível: 51.224 l
   🏭 CO2 real: 118326.7 g
   🎯 CO2 meta: 608.1 g
   📊 Delta: -117718.6 g
   💰 Valor E1: R$ -5.8859
   🧭 Tentativas map matching: 303

   🔑 OFFSET DETERMINÍSTICO (x=-0.005159685646770728°, y=0.0010616386209782226°, max=2.0km):
   📍 Start Original:  (40.775644, -73.960687)
   🔒 Start Protegido: (40.770381, -73.959979) ✓ 0.58 km | ✓ MAP MATCHED
   📏 Deslocamento final: 588.8 metros
   📍 End Original:    (40.771236, -73.963813)
   🔒 End Protegido:   (40.765777, -73.963010) ✓ 0.58 km | ✓ MAP MATCHED
   📏 Deslocamento final: 611.4 metros

   📐 ANÁLISE DE DISTÂNCIA DO TRAJETO (HAVERSINE DOS PONTOS ARMAZENADOS):
   ✨ 262 pontos privados duplicados foram separados para garantir visualização 1:1.
   ℹ️  Dica: use --debug-map-matching para ver tentativas detalhadas de re-snap.
   🔢 Pontos unicos original/offset: 301/39 (Δ -262, -87.0% )
   📍 Trajeto original: 3.148 km (linha reta entre pontos GPS)
   🔒 Trajeto com offset: 4.157 km (linha reta entre pontos COM snap)
   📊 Diferença: +1.009 km (+32.1%)

======================================================================
📊 ESTATÍSTICAS FINAIS
======================================================================
Viagens processadas: 1
Distância total: 3.16 km
Combustível total: 51.22 l
CO2 real total: 118326.7 g
CO2 meta total: 608.1 g
Delta CO2: -117718.6 g
Valor E1 total: R$ -5.89

💰 Créditos: R$ 0.00
💸 Débitos: R$ 5.89
📈 Saldo líquido: R$ -5.89

🗺️  MAP MATCHING:
   Pontos processados: 301
   Snaps tentados: 301 (100.0%)
   Snaps bem-sucedidos: 301 (100.0%)
   Snaps forçados (>100m): 301 (100.0%)
   ✅ TODOS os pontos estão em ruas (FORCE_SNAP=True)
======================================================================

💾 Dados agregados salvos em: ../data/offset_batch/vehicles_step_sim_6/run_091.csv
[csv-worker_6] [vehicles_step_sim_6] ===== LOG RUN 091 FIM =====

[csv-worker_6] [vehicles_step_sim_6] ===== LOG RUN 092 INICIO =====
======================================================================
🚗 PROCESSAMENTO SUMO → E1 REGISTRY (OFFSET ALEATÓRIO - veh0)
======================================================================
📄 Entrada: ../data/vehicles_step_sim_6.csv
🏭 Consumo fabricante: 12.0 km/l
💰 Preço carbono: R$ 50.0/ton
⭕ Raio máximo do offset aleatório: 2.0 km
🎲 Offset gerado aleatoriamente:
   Ângulo: 250.9°
   Distância: 1.8334 km
   offset_x (lat): -0.005381°  |  offset_y (lon): -0.015566°
📊 Row stepping: Processando todas as linhas
🗺️  Map matching: ATIVADO (raio 1500m) - pontos snapped para ruas
📐 Cálculo de distância: HAVERSINE PURO dos pontos COM snap (consistência)
======================================================================

📊 Carregando dados SUMO...
   Total de registros no arquivo: 155
   Veículos únicos: 1
   🚙 Vehicle selecionado: carro_1000

🔄 Agregando viagens por vehicle_id...
  📐 SUMO_carro_1000: Calculando distâncias com Haversine direto (SEM routing API)
      Original: 300 pontos → 3.1542 km (Haversine)
      Offset:   300 pontos → 4.3995 km (Haversine)

🚙 Veículo: SUMO_carro_1000
   Modelo: HBEFA4/PC_petrol_Euro-6ab
   Segmentos: 300
   📏 Distância: 3.158 km (city: 2.541, highway: 0.617)
   ⛽ Combustível: 49.984 l
   🏭 CO2 real: 115462.6 g
   🎯 CO2 meta: 608.0 g
   📊 Delta: -114854.6 g
   💰 Valor E1: R$ -5.7427
   🧭 Tentativas map matching: 302

   🔑 OFFSET DETERMINÍSTICO (x=0.01165994444930756°, y=-0.005750170878836046°, max=2.0km):
   📍 Start Original:  (40.775644, -73.960687)
   🔒 Start Protegido: (40.787808, -73.967514) ✓ 1.39 km | ✓ MAP MATCHED
   📏 Deslocamento final: 1471.4 metros
   📍 End Original:    (40.773912, -73.961904)
   🔒 End Protegido:   (40.784879, -73.968018) ✓ 1.39 km | ✓ MAP MATCHED
   📏 Deslocamento final: 1325.2 metros

   📐 ANÁLISE DE DISTÂNCIA DO TRAJETO (HAVERSINE DOS PONTOS ARMAZENADOS):
   ✨ 259 pontos privados duplicados foram separados para garantir visualização 1:1.
   ℹ️  Dica: use --debug-map-matching para ver tentativas detalhadas de re-snap.
   🔢 Pontos unicos original/offset: 299/41 (Δ -258, -86.3% )
   📍 Trajeto original: 3.154 km (linha reta entre pontos GPS)
   🔒 Trajeto com offset: 4.399 km (linha reta entre pontos COM snap)
   📊 Diferença: +1.245 km (+39.5%)

======================================================================
📊 ESTATÍSTICAS FINAIS
======================================================================
Viagens processadas: 1
Distância total: 3.16 km
Combustível total: 49.98 l
CO2 real total: 115462.6 g
CO2 meta total: 608.0 g
Delta CO2: -114854.6 g
Valor E1 total: R$ -5.74

💰 Créditos: R$ 0.00
💸 Débitos: R$ 5.74
📈 Saldo líquido: R$ -5.74

🗺️  MAP MATCHING:
   Pontos processados: 300
   Snaps tentados: 300 (100.0%)
   Snaps bem-sucedidos: 300 (100.0%)
   Snaps forçados (>100m): 300 (100.0%)
   ✅ TODOS os pontos estão em ruas (FORCE_SNAP=True)
======================================================================

💾 Dados agregados salvos em: ../data/offset_batch/vehicles_step_sim_6/run_092.csv
[csv-worker_6] [vehicles_step_sim_6] ===== LOG RUN 092 FIM =====

[csv-worker_6] [vehicles_step_sim_6] ===== LOG RUN 093 INICIO =====
======================================================================
🚗 PROCESSAMENTO SUMO → E1 REGISTRY (OFFSET ALEATÓRIO - veh0)
======================================================================
📄 Entrada: ../data/vehicles_step_sim_6.csv
🏭 Consumo fabricante: 12.0 km/l
💰 Preço carbono: R$ 50.0/ton
⭕ Raio máximo do offset aleatório: 2.0 km
🎲 Offset gerado aleatoriamente:
   Ângulo: 128.2°
   Distância: 0.9639 km
   offset_x (lat): -0.005354°  |  offset_y (lon): 0.006805°
📊 Row stepping: Processando todas as linhas
🗺️  Map matching: ATIVADO (raio 1500m) - pontos snapped para ruas
📐 Cálculo de distância: HAVERSINE PURO dos pontos COM snap (consistência)
======================================================================

📊 Carregando dados SUMO...
   Total de registros no arquivo: 155
   Veículos únicos: 1
   🚙 Vehicle selecionado: carro_1000

🔄 Agregando viagens por vehicle_id...
  📐 SUMO_carro_1000: Calculando distâncias com Haversine direto (SEM routing API)
      Original: 301 pontos → 3.1480 km (Haversine)
      Offset:   301 pontos → 5.0658 km (Haversine)

🚙 Veículo: SUMO_carro_1000
   Modelo: HBEFA4/PC_petrol_Euro-6ab
   Segmentos: 301
   📏 Distância: 3.159 km (city: 3.020, highway: 0.139)
   ⛽ Combustível: 51.224 l
   🏭 CO2 real: 118326.7 g
   🎯 CO2 meta: 608.1 g
   📊 Delta: -117718.6 g
   💰 Valor E1: R$ -5.8859
   🧭 Tentativas map matching: 303

   🔑 OFFSET DETERMINÍSTICO (x=-0.00803183058370376°, y=0.009016509268586445°, max=2.0km):
   📍 Start Original:  (40.775644, -73.960687)
   🔒 Start Protegido: (40.766804, -73.951538) ✓ 1.17 km | ✓ MAP MATCHED
   📏 Deslocamento final: 1250.3 metros
   📍 End Original:    (40.771236, -73.963813)
   🔒 End Protegido:   (40.762795, -73.954236) ✓ 1.17 km | ✓ MAP MATCHED
   📏 Deslocamento final: 1238.8 metros

   📐 ANÁLISE DE DISTÂNCIA DO TRAJETO (HAVERSINE DOS PONTOS ARMAZENADOS):
   ✨ 248 pontos privados duplicados foram separados para garantir visualização 1:1.
   ℹ️  Dica: use --debug-map-matching para ver tentativas detalhadas de re-snap.
   🔢 Pontos unicos original/offset: 301/53 (Δ -248, -82.4% )
   📍 Trajeto original: 3.148 km (linha reta entre pontos GPS)
   🔒 Trajeto com offset: 5.066 km (linha reta entre pontos COM snap)
   📊 Diferença: +1.918 km (+60.9%)

======================================================================
📊 ESTATÍSTICAS FINAIS
======================================================================
Viagens processadas: 1
Distância total: 3.16 km
Combustível total: 51.22 l
CO2 real total: 118326.7 g
CO2 meta total: 608.1 g
Delta CO2: -117718.6 g
Valor E1 total: R$ -5.89

💰 Créditos: R$ 0.00
💸 Débitos: R$ 5.89
📈 Saldo líquido: R$ -5.89

🗺️  MAP MATCHING:
   Pontos processados: 301
   Snaps tentados: 301 (100.0%)
   Snaps bem-sucedidos: 301 (100.0%)
   Snaps forçados (>100m): 301 (100.0%)
   ✅ TODOS os pontos estão em ruas (FORCE_SNAP=True)
======================================================================

💾 Dados agregados salvos em: ../data/offset_batch/vehicles_step_sim_6/run_093.csv
[csv-worker_6] [vehicles_step_sim_6] ===== LOG RUN 093 FIM =====

[csv-worker_6] [vehicles_step_sim_6] ===== LOG RUN 094 INICIO =====
======================================================================
🚗 PROCESSAMENTO SUMO → E1 REGISTRY (OFFSET ALEATÓRIO - veh0)
======================================================================
📄 Entrada: ../data/vehicles_step_sim_6.csv
🏭 Consumo fabricante: 12.0 km/l
💰 Preço carbono: R$ 50.0/ton
⭕ Raio máximo do offset aleatório: 2.0 km
🎲 Offset gerado aleatoriamente:
   Ângulo: 23.3°
   Distância: 1.6995 km
   offset_x (lat): 0.014021°  |  offset_y (lon): 0.006041°
📊 Row stepping: Processando todas as linhas
🗺️  Map matching: ATIVADO (raio 1500m) - pontos snapped para ruas
📐 Cálculo de distância: HAVERSINE PURO dos pontos COM snap (consistência)
======================================================================

📊 Carregando dados SUMO...
   Total de registros no arquivo: 155
   Veículos únicos: 1
   🚙 Vehicle selecionado: carro_1000

🔄 Agregando viagens por vehicle_id...
  📐 SUMO_carro_1000: Calculando distâncias com Haversine direto (SEM routing API)
      Original: 300 pontos → 3.1542 km (Haversine)
      Offset:   300 pontos → 3.0829 km (Haversine)

🚙 Veículo: SUMO_carro_1000
   Modelo: HBEFA4/PC_petrol_Euro-6ab
   Segmentos: 300
   📏 Distância: 3.158 km (city: 2.541, highway: 0.617)
   ⛽ Combustível: 49.984 l
   🏭 CO2 real: 115462.6 g
   🎯 CO2 meta: 608.0 g
   📊 Delta: -114854.6 g
   💰 Valor E1: R$ -5.7427
   🧭 Tentativas map matching: 302

   🔑 OFFSET DETERMINÍSTICO (x=-0.0032972700685894433°, y=-0.0059696530034405925°, max=2.0km):
   📍 Start Original:  (40.775644, -73.960687)
   🔒 Start Protegido: (40.772279, -73.966619) ✓ 0.62 km | ✓ MAP MATCHED
   📏 Deslocamento final: 624.8 metros
   📍 End Original:    (40.773912, -73.961904)
   🔒 End Protegido:   (40.770483, -73.968351) ✓ 0.62 km | ✓ MAP MATCHED
   📏 Deslocamento final: 664.2 metros

   📐 ANÁLISE DE DISTÂNCIA DO TRAJETO (HAVERSINE DOS PONTOS ARMAZENADOS):
   ✨ 262 pontos privados duplicados foram separados para garantir visualização 1:1.
   ℹ️  Dica: use --debug-map-matching para ver tentativas detalhadas de re-snap.
   🔢 Pontos unicos original/offset: 299/38 (Δ -261, -87.3% )
   📍 Trajeto original: 3.154 km (linha reta entre pontos GPS)
   🔒 Trajeto com offset: 3.083 km (linha reta entre pontos COM snap)
   📊 Diferença: -0.071 km (-2.3%)

======================================================================
📊 ESTATÍSTICAS FINAIS
======================================================================
Viagens processadas: 1
Distância total: 3.16 km
Combustível total: 49.98 l
CO2 real total: 115462.6 g
CO2 meta total: 608.0 g
Delta CO2: -114854.6 g
Valor E1 total: R$ -5.74

💰 Créditos: R$ 0.00
💸 Débitos: R$ 5.74
📈 Saldo líquido: R$ -5.74

🗺️  MAP MATCHING:
   Pontos processados: 300
   Snaps tentados: 300 (100.0%)
   Snaps bem-sucedidos: 300 (100.0%)
   Snaps forçados (>100m): 300 (100.0%)
   ✅ TODOS os pontos estão em ruas (FORCE_SNAP=True)
======================================================================

💾 Dados agregados salvos em: ../data/offset_batch/vehicles_step_sim_6/run_094.csv
[csv-worker_6] [vehicles_step_sim_6] ===== LOG RUN 094 FIM =====

[csv-worker_6] [vehicles_step_sim_6] ===== LOG RUN 095 INICIO =====
======================================================================
🚗 PROCESSAMENTO SUMO → E1 REGISTRY (OFFSET ALEATÓRIO - veh0)
======================================================================
📄 Entrada: ../data/vehicles_step_sim_6.csv
🏭 Consumo fabricante: 12.0 km/l
💰 Preço carbono: R$ 50.0/ton
⭕ Raio máximo do offset aleatório: 2.0 km
🎲 Offset gerado aleatoriamente:
   Ângulo: 280.4°
   Distância: 1.5710 km
   offset_x (lat): 0.002556°  |  offset_y (lon): -0.013879°
📊 Row stepping: Processando todas as linhas
🗺️  Map matching: ATIVADO (raio 1500m) - pontos snapped para ruas
📐 Cálculo de distância: HAVERSINE PURO dos pontos COM snap (consistência)
======================================================================

📊 Carregando dados SUMO...
   Total de registros no arquivo: 155
   Veículos únicos: 1
   🚙 Vehicle selecionado: carro_1000

🔄 Agregando viagens por vehicle_id...
  📐 SUMO_carro_1000: Calculando distâncias com Haversine direto (SEM routing API)
      Original: 222 pontos → 1.9688 km (Haversine)
      Offset:   222 pontos → 2.0988 km (Haversine)

🚙 Veículo: SUMO_carro_1000
   Modelo: HBEFA4/PC_petrol_Euro-6ab
   Segmentos: 222
   📏 Distância: 1.973 km (city: 1.973, highway: 0.000)
   ⛽ Combustível: 24.219 l
   🏭 CO2 real: 55946.2 g
   🎯 CO2 meta: 379.8 g
   📊 Delta: -55566.4 g
   💰 Valor E1: R$ -2.7783
   🧭 Tentativas map matching: 224

   🔑 OFFSET DETERMINÍSTICO (x=0.012950616298890036°, y=-0.010540932420729145°, max=2.0km):
   📍 Start Original:  (40.775644, -73.960687)
   🔒 Start Protegido: (40.788480, -73.970900) ✓ 1.69 km | ✓ MAP MATCHED
   📏 Deslocamento final: 1668.3 metros
   📍 End Original:    (40.772651, -73.962544)
   🔒 End Protegido:   (40.785344, -73.973029) ✓ 1.69 km | ✓ MAP MATCHED
   📏 Deslocamento final: 1666.6 metros

   📐 ANÁLISE DE DISTÂNCIA DO TRAJETO (HAVERSINE DOS PONTOS ARMAZENADOS):
   ✨ 196 pontos privados duplicados foram separados para garantir visualização 1:1.
   ℹ️  Dica: use --debug-map-matching para ver tentativas detalhadas de re-snap.
   🔢 Pontos unicos original/offset: 221/26 (Δ -195, -88.2% )
   📍 Trajeto original: 1.969 km (linha reta entre pontos GPS)
   🔒 Trajeto com offset: 2.099 km (linha reta entre pontos COM snap)
   📊 Diferença: +0.130 km (+6.6%)

======================================================================
📊 ESTATÍSTICAS FINAIS
======================================================================
Viagens processadas: 1
Distância total: 1.97 km
Combustível total: 24.22 l
CO2 real total: 55946.2 g
CO2 meta total: 379.8 g
Delta CO2: -55566.4 g
Valor E1 total: R$ -2.78

💰 Créditos: R$ 0.00
💸 Débitos: R$ 2.78
📈 Saldo líquido: R$ -2.78

🗺️  MAP MATCHING:
   Pontos processados: 222
   Snaps tentados: 222 (100.0%)
   Snaps bem-sucedidos: 222 (100.0%)
   Snaps forçados (>100m): 222 (100.0%)
   ✅ TODOS os pontos estão em ruas (FORCE_SNAP=True)
======================================================================

💾 Dados agregados salvos em: ../data/offset_batch/vehicles_step_sim_6/run_095.csv
[csv-worker_6] [vehicles_step_sim_6] ===== LOG RUN 095 FIM =====

[csv-worker_6] [vehicles_step_sim_6] ===== LOG RUN 096 INICIO =====
======================================================================
🚗 PROCESSAMENTO SUMO → E1 REGISTRY (OFFSET ALEATÓRIO - veh0)
======================================================================
📄 Entrada: ../data/vehicles_step_sim_6.csv
🏭 Consumo fabricante: 12.0 km/l
💰 Preço carbono: R$ 50.0/ton
⭕ Raio máximo do offset aleatório: 2.0 km
🎲 Offset gerado aleatoriamente:
   Ângulo: 284.1°
   Distância: 1.6902 km
   offset_x (lat): 0.003694°  |  offset_y (lon): -0.014727°
📊 Row stepping: Processando todas as linhas
🗺️  Map matching: ATIVADO (raio 1500m) - pontos snapped para ruas
📐 Cálculo de distância: HAVERSINE PURO dos pontos COM snap (consistência)
======================================================================

📊 Carregando dados SUMO...
   Total de registros no arquivo: 155
   Veículos únicos: 1
   🚙 Vehicle selecionado: carro_1000

🔄 Agregando viagens por vehicle_id...
  📐 SUMO_carro_1000: Calculando distâncias com Haversine direto (SEM routing API)
      Original: 300 pontos → 3.1542 km (Haversine)
      Offset:   300 pontos → 3.8147 km (Haversine)

🚙 Veículo: SUMO_carro_1000
   Modelo: HBEFA4/PC_petrol_Euro-6ab
   Segmentos: 300
   📏 Distância: 3.158 km (city: 2.541, highway: 0.617)
   ⛽ Combustível: 49.984 l
   🏭 CO2 real: 115462.6 g
   🎯 CO2 meta: 608.0 g
   📊 Delta: -114854.6 g
   💰 Valor E1: R$ -5.7427
   🧭 Tentativas map matching: 302

   🔑 OFFSET DETERMINÍSTICO (x=-0.00654737983370926°, y=-0.007991851553238387°, max=2.0km):
   📍 Start Original:  (40.775644, -73.960687)
   🔒 Start Protegido: (40.769234, -73.969259) ✓ 0.99 km | ✓ MAP MATCHED
   📏 Deslocamento final: 1015.5 metros
   📍 End Original:    (40.773912, -73.961904)
   🔒 End Protegido:   (40.767800, -73.969710) ✓ 0.99 km | ✓ MAP MATCHED
   📏 Deslocamento final: 946.6 metros

   📐 ANÁLISE DE DISTÂNCIA DO TRAJETO (HAVERSINE DOS PONTOS ARMAZENADOS):
   ✨ 259 pontos privados duplicados foram separados para garantir visualização 1:1.
   ℹ️  Dica: use --debug-map-matching para ver tentativas detalhadas de re-snap.
   🔢 Pontos unicos original/offset: 299/41 (Δ -258, -86.3% )
   📍 Trajeto original: 3.154 km (linha reta entre pontos GPS)
   🔒 Trajeto com offset: 3.815 km (linha reta entre pontos COM snap)
   📊 Diferença: +0.660 km (+20.9%)

======================================================================
📊 ESTATÍSTICAS FINAIS
======================================================================
Viagens processadas: 1
Distância total: 3.16 km
Combustível total: 49.98 l
CO2 real total: 115462.6 g
CO2 meta total: 608.0 g
Delta CO2: -114854.6 g
Valor E1 total: R$ -5.74

💰 Créditos: R$ 0.00
💸 Débitos: R$ 5.74
📈 Saldo líquido: R$ -5.74

🗺️  MAP MATCHING:
   Pontos processados: 300
   Snaps tentados: 300 (100.0%)
   Snaps bem-sucedidos: 300 (100.0%)
   Snaps forçados (>100m): 300 (100.0%)
   ✅ TODOS os pontos estão em ruas (FORCE_SNAP=True)
======================================================================

💾 Dados agregados salvos em: ../data/offset_batch/vehicles_step_sim_6/run_096.csv
[csv-worker_6] [vehicles_step_sim_6] ===== LOG RUN 096 FIM =====

[csv-worker_6] [vehicles_step_sim_6] ===== LOG RUN 097 INICIO =====
======================================================================
🚗 PROCESSAMENTO SUMO → E1 REGISTRY (OFFSET ALEATÓRIO - veh0)
======================================================================
📄 Entrada: ../data/vehicles_step_sim_6.csv
🏭 Consumo fabricante: 12.0 km/l
💰 Preço carbono: R$ 50.0/ton
⭕ Raio máximo do offset aleatório: 2.0 km
🎲 Offset gerado aleatoriamente:
   Ângulo: 319.5°
   Distância: 1.7273 km
   offset_x (lat): 0.011792°  |  offset_y (lon): -0.010085°
📊 Row stepping: Processando todas as linhas
🗺️  Map matching: ATIVADO (raio 1500m) - pontos snapped para ruas
📐 Cálculo de distância: HAVERSINE PURO dos pontos COM snap (consistência)
======================================================================

📊 Carregando dados SUMO...
   Total de registros no arquivo: 155
   Veículos únicos: 1
   🚙 Vehicle selecionado: carro_1000

🔄 Agregando viagens por vehicle_id...
  📐 SUMO_carro_1000: Calculando distâncias com Haversine direto (SEM routing API)
      Original: 324 pontos → 3.1629 km (Haversine)
      Offset:   324 pontos → 3.4310 km (Haversine)

🚙 Veículo: SUMO_carro_1000
   Modelo: HBEFA4/PC_petrol_Euro-6ab
   Segmentos: 324
   📏 Distância: 3.166 km (city: 3.024, highway: 0.142)
   ⛽ Combustível: 49.530 l
   🏭 CO2 real: 114414.1 g
   🎯 CO2 meta: 609.4 g
   📊 Delta: -113804.6 g
   💰 Valor E1: R$ -5.6902
   🧭 Tentativas map matching: 326

   🔑 OFFSET DETERMINÍSTICO (x=-0.008795014323954835°, y=-0.002546502741324941°, max=2.0km):
   📍 Start Original:  (40.775644, -73.960687)
   🔒 Start Protegido: (40.766621, -73.963066) ✓ 1.00 km | ✓ MAP MATCHED
   📏 Deslocamento final: 1024.2 metros
   📍 End Original:    (40.772251, -73.963071)
   🔒 End Protegido:   (40.763493, -73.965358) ✓ 1.00 km | ✓ MAP MATCHED
   📏 Deslocamento final: 993.8 metros

   📐 ANÁLISE DE DISTÂNCIA DO TRAJETO (HAVERSINE DOS PONTOS ARMAZENADOS):
   ✨ 270 pontos privados duplicados foram separados para garantir visualização 1:1.
   ℹ️  Dica: use --debug-map-matching para ver tentativas detalhadas de re-snap.
   🔢 Pontos unicos original/offset: 324/54 (Δ -270, -83.3% )
   📍 Trajeto original: 3.163 km (linha reta entre pontos GPS)
   🔒 Trajeto com offset: 3.431 km (linha reta entre pontos COM snap)
   📊 Diferença: +0.268 km (+8.5%)

======================================================================
📊 ESTATÍSTICAS FINAIS
======================================================================
Viagens processadas: 1
Distância total: 3.17 km
Combustível total: 49.53 l
CO2 real total: 114414.1 g
CO2 meta total: 609.4 g
Delta CO2: -113804.6 g
Valor E1 total: R$ -5.69

💰 Créditos: R$ 0.00
💸 Débitos: R$ 5.69
📈 Saldo líquido: R$ -5.69

🗺️  MAP MATCHING:
   Pontos processados: 324
   Snaps tentados: 324 (100.0%)
   Snaps bem-sucedidos: 324 (100.0%)
   Snaps forçados (>100m): 324 (100.0%)
   ✅ TODOS os pontos estão em ruas (FORCE_SNAP=True)
======================================================================

💾 Dados agregados salvos em: ../data/offset_batch/vehicles_step_sim_6/run_097.csv
[csv-worker_6] [vehicles_step_sim_6] ===== LOG RUN 097 FIM =====

[csv-worker_6] [vehicles_step_sim_6] ===== LOG RUN 098 INICIO =====
======================================================================
🚗 PROCESSAMENTO SUMO → E1 REGISTRY (OFFSET ALEATÓRIO - veh0)
======================================================================
📄 Entrada: ../data/vehicles_step_sim_6.csv
🏭 Consumo fabricante: 12.0 km/l
💰 Preço carbono: R$ 50.0/ton
⭕ Raio máximo do offset aleatório: 2.0 km
🎲 Offset gerado aleatoriamente:
   Ângulo: 52.4°
   Distância: 1.0793 km
   offset_x (lat): 0.005916°  |  offset_y (lon): 0.007682°
📊 Row stepping: Processando todas as linhas
🗺️  Map matching: ATIVADO (raio 1500m) - pontos snapped para ruas
📐 Cálculo de distância: HAVERSINE PURO dos pontos COM snap (consistência)
======================================================================

📊 Carregando dados SUMO...
   Total de registros no arquivo: 155
   Veículos únicos: 1
   🚙 Vehicle selecionado: carro_1000

🔄 Agregando viagens por vehicle_id...
  📐 SUMO_carro_1000: Calculando distâncias com Haversine direto (SEM routing API)
      Original: 337 pontos → 3.3706 km (Haversine)
      Offset:   337 pontos → 3.3159 km (Haversine)

🚙 Veículo: SUMO_carro_1000
   Modelo: HBEFA4/PC_petrol_Euro-6ab
   Segmentos: 337
   📏 Distância: 3.379 km (city: 3.069, highway: 0.310)
   ⛽ Combustível: 58.616 l
   🏭 CO2 real: 135402.3 g
   🎯 CO2 meta: 650.5 g
   📊 Delta: -134751.8 g
   💰 Valor E1: R$ -6.7376
   🧭 Tentativas map matching: 339

   🔑 OFFSET DETERMINÍSTICO (x=0.00035308886942147827°, y=-0.004797290663940972°, max=2.0km):
   📍 Start Original:  (40.775644, -73.960687)
   🔒 Start Protegido: (40.775685, -73.964674) ✓ 0.41 km | ✓ MAP MATCHED
   📏 Deslocamento final: 336.1 metros
   📍 End Original:    (40.774801, -73.960637)
   🔒 End Protegido:   (40.775044, -73.965142) ✓ 0.41 km | ✓ MAP MATCHED
   📏 Deslocamento final: 380.8 metros

   📐 ANÁLISE DE DISTÂNCIA DO TRAJETO (HAVERSINE DOS PONTOS ARMAZENADOS):
   ✨ 285 pontos privados duplicados foram separados para garantir visualização 1:1.
   ℹ️  Dica: use --debug-map-matching para ver tentativas detalhadas de re-snap.
   🔢 Pontos unicos original/offset: 337/52 (Δ -285, -84.6% )
   📍 Trajeto original: 3.371 km (linha reta entre pontos GPS)
   🔒 Trajeto com offset: 3.316 km (linha reta entre pontos COM snap)
   📊 Diferença: -0.055 km (-1.6%)

======================================================================
📊 ESTATÍSTICAS FINAIS
======================================================================
Viagens processadas: 1
Distância total: 3.38 km
Combustível total: 58.62 l
CO2 real total: 135402.3 g
CO2 meta total: 650.5 g
Delta CO2: -134751.8 g
Valor E1 total: R$ -6.74

💰 Créditos: R$ 0.00
💸 Débitos: R$ 6.74
📈 Saldo líquido: R$ -6.74

🗺️  MAP MATCHING:
   Pontos processados: 337
   Snaps tentados: 337 (100.0%)
   Snaps bem-sucedidos: 337 (100.0%)
   Snaps forçados (>100m): 337 (100.0%)
   ✅ TODOS os pontos estão em ruas (FORCE_SNAP=True)
======================================================================

💾 Dados agregados salvos em: ../data/offset_batch/vehicles_step_sim_6/run_098.csv
[csv-worker_6] [vehicles_step_sim_6] ===== LOG RUN 098 FIM =====

[csv-worker_6] [vehicles_step_sim_6] ===== LOG RUN 099 INICIO =====
======================================================================
🚗 PROCESSAMENTO SUMO → E1 REGISTRY (OFFSET ALEATÓRIO - veh0)
======================================================================
📄 Entrada: ../data/vehicles_step_sim_6.csv
🏭 Consumo fabricante: 12.0 km/l
💰 Preço carbono: R$ 50.0/ton
⭕ Raio máximo do offset aleatório: 2.0 km
🎲 Offset gerado aleatoriamente:
   Ângulo: 320.2°
   Distância: 0.9671 km
   offset_x (lat): 0.006677°  |  offset_y (lon): -0.005559°
📊 Row stepping: Processando todas as linhas
🗺️  Map matching: ATIVADO (raio 1500m) - pontos snapped para ruas
📐 Cálculo de distância: HAVERSINE PURO dos pontos COM snap (consistência)
======================================================================

📊 Carregando dados SUMO...
   Total de registros no arquivo: 155
   Veículos únicos: 1
   🚙 Vehicle selecionado: carro_1000

🔄 Agregando viagens por vehicle_id...
  📐 SUMO_carro_1000: Calculando distâncias com Haversine direto (SEM routing API)
      Original: 222 pontos → 1.9688 km (Haversine)
      Offset:   222 pontos → 1.6599 km (Haversine)

🚙 Veículo: SUMO_carro_1000
   Modelo: HBEFA4/PC_petrol_Euro-6ab
   Segmentos: 222
   📏 Distância: 1.973 km (city: 1.973, highway: 0.000)
   ⛽ Combustível: 24.219 l
   🏭 CO2 real: 55946.2 g
   🎯 CO2 meta: 379.8 g
   📊 Delta: -55566.4 g
   💰 Valor E1: R$ -2.7783
   🧭 Tentativas map matching: 224

   🔑 OFFSET DETERMINÍSTICO (x=0.0035398416729200796°, y=0.017408196475085104°, max=2.0km):
   📍 Start Original:  (40.775644, -73.960687)
   🔒 Start Protegido: (40.779216, -73.943541) ✓ 1.52 km | ✓ MAP MATCHED
   📏 Deslocamento final: 1499.1 metros
   📍 End Original:    (40.772651, -73.962544)
   🔒 End Protegido:   (40.775812, -73.944762) ✓ 1.52 km | ✓ MAP MATCHED
   📏 Deslocamento final: 1539.9 metros

   📐 ANÁLISE DE DISTÂNCIA DO TRAJETO (HAVERSINE DOS PONTOS ARMAZENADOS):
   ✨ 189 pontos privados duplicados foram separados para garantir visualização 1:1.
   ℹ️  Dica: use --debug-map-matching para ver tentativas detalhadas de re-snap.
   🔢 Pontos unicos original/offset: 221/33 (Δ -188, -85.1% )
   📍 Trajeto original: 1.969 km (linha reta entre pontos GPS)
   🔒 Trajeto com offset: 1.660 km (linha reta entre pontos COM snap)
   📊 Diferença: -0.309 km (-15.7%)

======================================================================
📊 ESTATÍSTICAS FINAIS
======================================================================
Viagens processadas: 1
Distância total: 1.97 km
Combustível total: 24.22 l
CO2 real total: 55946.2 g
CO2 meta total: 379.8 g
Delta CO2: -55566.4 g
Valor E1 total: R$ -2.78

💰 Créditos: R$ 0.00
💸 Débitos: R$ 2.78
📈 Saldo líquido: R$ -2.78

🗺️  MAP MATCHING:
   Pontos processados: 222
   Snaps tentados: 222 (100.0%)
   Snaps bem-sucedidos: 222 (100.0%)
   Snaps forçados (>100m): 222 (100.0%)
   ✅ TODOS os pontos estão em ruas (FORCE_SNAP=True)
======================================================================

💾 Dados agregados salvos em: ../data/offset_batch/vehicles_step_sim_6/run_099.csv
[csv-worker_6] [vehicles_step_sim_6] ===== LOG RUN 099 FIM =====

[csv-worker_6] [vehicles_step_sim_6] ===== LOG RUN 100 INICIO =====
======================================================================
🚗 PROCESSAMENTO SUMO → E1 REGISTRY (OFFSET ALEATÓRIO - veh0)
======================================================================
📄 Entrada: ../data/vehicles_step_sim_6.csv
🏭 Consumo fabricante: 12.0 km/l
💰 Preço carbono: R$ 50.0/ton
⭕ Raio máximo do offset aleatório: 2.0 km
🎲 Offset gerado aleatoriamente:
   Ângulo: 107.0°
   Distância: 1.8860 km
   offset_x (lat): -0.004959°  |  offset_y (lon): 0.016200°
📊 Row stepping: Processando todas as linhas
🗺️  Map matching: ATIVADO (raio 1500m) - pontos snapped para ruas
📐 Cálculo de distância: HAVERSINE PURO dos pontos COM snap (consistência)
======================================================================

📊 Carregando dados SUMO...
   Total de registros no arquivo: 155
   Veículos únicos: 1
   🚙 Vehicle selecionado: carro_1000

🔄 Agregando viagens por vehicle_id...
  📐 SUMO_carro_1000: Calculando distâncias com Haversine direto (SEM routing API)
      Original: 337 pontos → 3.3706 km (Haversine)
      Offset:   337 pontos → 3.6590 km (Haversine)

🚙 Veículo: SUMO_carro_1000
   Modelo: HBEFA4/PC_petrol_Euro-6ab
   Segmentos: 337
   📏 Distância: 3.379 km (city: 3.069, highway: 0.310)
   ⛽ Combustível: 58.616 l
   🏭 CO2 real: 135402.3 g
   🎯 CO2 meta: 650.5 g
   📊 Delta: -134751.8 g
   💰 Valor E1: R$ -6.7376
   🧭 Tentativas map matching: 339

   🔑 OFFSET DETERMINÍSTICO (x=-0.001833576940766992°, y=0.004945420200110014°, max=2.0km):
   📍 Start Original:  (40.775644, -73.960687)
   🔒 Start Protegido: (40.773659, -73.955803) ✓ 0.46 km | ✓ MAP MATCHED
   📏 Deslocamento final: 467.3 metros
   📍 End Original:    (40.774801, -73.960637)
   🔒 End Protegido:   (40.772832, -73.955450) ✓ 0.46 km | ✓ MAP MATCHED
   📏 Deslocamento final: 489.1 metros

   📐 ANÁLISE DE DISTÂNCIA DO TRAJETO (HAVERSINE DOS PONTOS ARMAZENADOS):
   ✨ 288 pontos privados duplicados foram separados para garantir visualização 1:1.
   ℹ️  Dica: use --debug-map-matching para ver tentativas detalhadas de re-snap.
   🔢 Pontos unicos original/offset: 337/49 (Δ -288, -85.5% )
   📍 Trajeto original: 3.371 km (linha reta entre pontos GPS)
   🔒 Trajeto com offset: 3.659 km (linha reta entre pontos COM snap)
   📊 Diferença: +0.288 km (+8.6%)

======================================================================
📊 ESTATÍSTICAS FINAIS
======================================================================
Viagens processadas: 1
Distância total: 3.38 km
Combustível total: 58.62 l
CO2 real total: 135402.3 g
CO2 meta total: 650.5 g
Delta CO2: -134751.8 g
Valor E1 total: R$ -6.74

💰 Créditos: R$ 0.00
💸 Débitos: R$ 6.74
📈 Saldo líquido: R$ -6.74

🗺️  MAP MATCHING:
   Pontos processados: 337
   Snaps tentados: 337 (100.0%)
   Snaps bem-sucedidos: 337 (100.0%)
   Snaps forçados (>100m): 337 (100.0%)
   ✅ TODOS os pontos estão em ruas (FORCE_SNAP=True)
======================================================================

💾 Dados agregados salvos em: ../data/offset_batch/vehicles_step_sim_6/run_100.csv
[csv-worker_6] [vehicles_step_sim_6] ===== LOG RUN 100 FIM =====

FIM CSV: vehicles_step_sim_6
