
==========================================================================================
INICIO CSV: vehicles_step_sim_8 | runs=100 | source=vehicles_step_sim_8.csv
==========================================================================================

[csv-worker_8] [vehicles_step_sim_8] ===== LOG RUN 001 INICIO =====
======================================================================
🚗 PROCESSAMENTO SUMO → E1 REGISTRY (OFFSET ALEATÓRIO - veh0)
======================================================================
📄 Entrada: ../data/vehicles_step_sim_8.csv
🏭 Consumo fabricante: 12.0 km/l
💰 Preço carbono: R$ 50.0/ton
⭕ Raio máximo do offset aleatório: 2.0 km
🎲 Offset gerado aleatoriamente:
   Ângulo: 200.5°
   Distância: 1.6232 km
   offset_x (lat): -0.013656°  |  offset_y (lon): -0.005111°
📊 Row stepping: Processando todas as linhas
🗺️  Map matching: ATIVADO (raio 1500m) - pontos snapped para ruas
📐 Cálculo de distância: HAVERSINE PURO dos pontos COM snap (consistência)
======================================================================

📊 Carregando dados SUMO...

💾 Dados agregados salvos em: ../data/offset_batch/vehicles_step_sim_8/run_001.csv
[csv-worker_8] [vehicles_step_sim_8] ===== LOG RUN 001 FIM =====

[csv-worker_8] [vehicles_step_sim_8] ===== LOG RUN 002 INICIO =====
======================================================================
🚗 PROCESSAMENTO SUMO → E1 REGISTRY (OFFSET ALEATÓRIO - veh0)
======================================================================
📄 Entrada: ../data/vehicles_step_sim_8.csv
🏭 Consumo fabricante: 12.0 km/l
💰 Preço carbono: R$ 50.0/ton
⭕ Raio máximo do offset aleatório: 2.0 km
🎲 Offset gerado aleatoriamente:
   Ângulo: 268.4°
   Distância: 1.5199 km
   offset_x (lat): -0.000376°  |  offset_y (lon): -0.013648°
📊 Row stepping: Processando todas as linhas
🗺️  Map matching: ATIVADO (raio 1500m) - pontos snapped para ruas
📐 Cálculo de distância: HAVERSINE PURO dos pontos COM snap (consistência)
======================================================================

📊 Carregando dados SUMO...
   Total de registros no arquivo: 299
   Veículos únicos: 1
   🚙 Vehicle selecionado: carro_1000

🔄 Agregando viagens por vehicle_id...
  📐 SUMO_carro_1000: Calculando distâncias com Haversine direto (SEM routing API)
      Original: 222 pontos → 1.9688 km (Haversine)
      Offset:   222 pontos → 2.0497 km (Haversine)

🚙 Veículo: SUMO_carro_1000
   Modelo: HBEFA4/PC_petrol_Euro-6ab
   Segmentos: 222
   📏 Distância: 1.973 km (city: 1.973, highway: 0.000)
   ⛽ Combustível: 24.219 l
   🏭 CO2 real: 55946.2 g
   🎯 CO2 meta: 379.8 g
   📊 Delta: -55566.4 g
   💰 Valor E1: R$ -2.7783
   🧭 Tentativas map matching: 224

   🔑 OFFSET DETERMINÍSTICO (x=-0.006837273040530036°, y=0.01294848585768658°, max=2.0km):
   📍 Start Original:  (40.775644, -73.960687)
   🔒 Start Protegido: (40.769518, -73.948231) ✓ 1.33 km | ✓ MAP MATCHED
   📏 Deslocamento final: 1252.0 metros
   📍 End Original:    (40.772651, -73.962544)
   🔒 End Protegido:   (40.766348, -73.950890) ✓ 1.33 km | ✓ MAP MATCHED
   📏 Deslocamento final: 1207.4 metros

   📐 ANÁLISE DE DISTÂNCIA DO TRAJETO (HAVERSINE DOS PONTOS ARMAZENADOS):
   ✨ 197 pontos privados duplicados foram separados para garantir visualização 1:1.
   ℹ️  Dica: use --debug-map-matching para ver tentativas detalhadas de re-snap.
   🔢 Pontos unicos original/offset: 221/25 (Δ -196, -88.7% )
   📍 Trajeto original: 1.969 km (linha reta entre pontos GPS)
   🔒 Trajeto com offset: 2.050 km (linha reta entre pontos COM snap)
   📊 Diferença: +0.081 km (+4.1%)

======================================================================
📊 ESTATÍSTICAS FINAIS
======================================================================
Viagens processadas: 1
Distância total: 1.97 km
Combustível total: 24.22 l
CO2 real total: 55946.2 g
CO2 meta total: 379.8 g
Delta CO2: -55566.4 g
Valor E1 total: R$ -2.78

💰 Créditos: R$ 0.00
💸 Débitos: R$ 2.78
📈 Saldo líquido: R$ -2.78

🗺️  MAP MATCHING:
   Pontos processados: 222
   Snaps tentados: 222 (100.0%)
   Snaps bem-sucedidos: 222 (100.0%)
   Snaps forçados (>100m): 222 (100.0%)
   ✅ TODOS os pontos estão em ruas (FORCE_SNAP=True)
======================================================================

💾 Dados agregados salvos em: ../data/offset_batch/vehicles_step_sim_8/run_002.csv
[csv-worker_8] [vehicles_step_sim_8] ===== LOG RUN 002 FIM =====

[csv-worker_8] [vehicles_step_sim_8] ===== LOG RUN 003 INICIO =====
======================================================================
🚗 PROCESSAMENTO SUMO → E1 REGISTRY (OFFSET ALEATÓRIO - veh0)
======================================================================
📄 Entrada: ../data/vehicles_step_sim_8.csv
🏭 Consumo fabricante: 12.0 km/l
💰 Preço carbono: R$ 50.0/ton
⭕ Raio máximo do offset aleatório: 2.0 km
🎲 Offset gerado aleatoriamente:
   Ângulo: 251.6°
   Distância: 1.1646 km
   offset_x (lat): -0.003306°  |  offset_y (lon): -0.009926°
📊 Row stepping: Processando todas as linhas
🗺️  Map matching: ATIVADO (raio 1500m) - pontos snapped para ruas
📐 Cálculo de distância: HAVERSINE PURO dos pontos COM snap (consistência)
======================================================================

📊 Carregando dados SUMO...
   Total de registros no arquivo: 299
   Veículos únicos: 1
   🚙 Vehicle selecionado: carro_1000

🔄 Agregando viagens por vehicle_id...
  📐 SUMO_carro_1000: Calculando distâncias com Haversine direto (SEM routing API)
      Original: 301 pontos → 3.1480 km (Haversine)
      Offset:   301 pontos → 2.9705 km (Haversine)

🚙 Veículo: SUMO_carro_1000
   Modelo: HBEFA4/PC_petrol_Euro-6ab
   Segmentos: 301
   📏 Distância: 3.159 km (city: 3.020, highway: 0.139)
   ⛽ Combustível: 51.224 l
   🏭 CO2 real: 118326.7 g
   🎯 CO2 meta: 608.1 g
   📊 Delta: -117718.6 g
   💰 Valor E1: R$ -5.8859
   🧭 Tentativas map matching: 303

   🔑 OFFSET DETERMINÍSTICO (x=0.0009384677944493604°, y=0.010771109977817352°, max=2.0km):
   📍 Start Original:  (40.775644, -73.960687)
   🔒 Start Protegido: (40.776430, -73.949702) ✓ 0.91 km | ✓ MAP MATCHED
   📏 Deslocamento final: 930.2 metros
   📍 End Original:    (40.771236, -73.963813)
   🔒 End Protegido:   (40.772249, -73.952749) ✓ 0.91 km | ✓ MAP MATCHED
   📏 Deslocamento final: 939.5 metros

   📐 ANÁLISE DE DISTÂNCIA DO TRAJETO (HAVERSINE DOS PONTOS ARMAZENADOS):
   ✨ 266 pontos privados duplicados foram separados para garantir visualização 1:1.
   ℹ️  Dica: use --debug-map-matching para ver tentativas detalhadas de re-snap.
   🔢 Pontos unicos original/offset: 301/35 (Δ -266, -88.4% )
   📍 Trajeto original: 3.148 km (linha reta entre pontos GPS)
   🔒 Trajeto com offset: 2.970 km (linha reta entre pontos COM snap)
   📊 Diferença: -0.178 km (-5.6%)

======================================================================
📊 ESTATÍSTICAS FINAIS
======================================================================
Viagens processadas: 1
Distância total: 3.16 km
Combustível total: 51.22 l
CO2 real total: 118326.7 g
CO2 meta total: 608.1 g
Delta CO2: -117718.6 g
Valor E1 total: R$ -5.89

💰 Créditos: R$ 0.00
💸 Débitos: R$ 5.89
📈 Saldo líquido: R$ -5.89

🗺️  MAP MATCHING:
   Pontos processados: 301
   Snaps tentados: 301 (100.0%)
   Snaps bem-sucedidos: 301 (100.0%)
   Snaps forçados (>100m): 301 (100.0%)
   ✅ TODOS os pontos estão em ruas (FORCE_SNAP=True)
======================================================================

💾 Dados agregados salvos em: ../data/offset_batch/vehicles_step_sim_8/run_003.csv
[csv-worker_8] [vehicles_step_sim_8] ===== LOG RUN 003 FIM =====

[csv-worker_8] [vehicles_step_sim_8] ===== LOG RUN 004 INICIO =====
======================================================================
🚗 PROCESSAMENTO SUMO → E1 REGISTRY (OFFSET ALEATÓRIO - veh0)
======================================================================
📄 Entrada: ../data/vehicles_step_sim_8.csv
🏭 Consumo fabricante: 12.0 km/l
💰 Preço carbono: R$ 50.0/ton
⭕ Raio máximo do offset aleatório: 2.0 km
🎲 Offset gerado aleatoriamente:
   Ângulo: 259.5°
   Distância: 1.9453 km
   offset_x (lat): -0.003184°  |  offset_y (lon): -0.017182°
📊 Row stepping: Processando todas as linhas
🗺️  Map matching: ATIVADO (raio 1500m) - pontos snapped para ruas
📐 Cálculo de distância: HAVERSINE PURO dos pontos COM snap (consistência)
======================================================================

📊 Carregando dados SUMO...
   Total de registros no arquivo: 299
   Veículos únicos: 1
   🚙 Vehicle selecionado: carro_1000

🔄 Agregando viagens por vehicle_id...
  📐 SUMO_carro_1000: Calculando distâncias com Haversine direto (SEM routing API)
      Original: 300 pontos → 3.1542 km (Haversine)
      Offset:   300 pontos → 2.8153 km (Haversine)

🚙 Veículo: SUMO_carro_1000
   Modelo: HBEFA4/PC_petrol_Euro-6ab
   Segmentos: 300
   📏 Distância: 3.158 km (city: 2.541, highway: 0.617)
   ⛽ Combustível: 49.984 l
   🏭 CO2 real: 115462.6 g
   🎯 CO2 meta: 608.0 g
   📊 Delta: -114854.6 g
   💰 Valor E1: R$ -5.7427
   🧭 Tentativas map matching: 302

   🔑 OFFSET DETERMINÍSTICO (x=0.004728227188874535°, y=-0.004006992003661583°, max=2.0km):
   📍 Start Original:  (40.775644, -73.960687)
   🔒 Start Protegido: (40.781739, -73.963059) ✓ 0.63 km | ✓ MAP MATCHED
   📏 Deslocamento final: 707.4 metros
   📍 End Original:    (40.773912, -73.961904)
   🔒 End Protegido:   (40.778130, -73.965930) ✓ 0.63 km | ✓ MAP MATCHED
   📏 Deslocamento final: 579.3 metros

   📐 ANÁLISE DE DISTÂNCIA DO TRAJETO (HAVERSINE DOS PONTOS ARMAZENADOS):
   ✨ 265 pontos privados duplicados foram separados para garantir visualização 1:1.
   ℹ️  Dica: use --debug-map-matching para ver tentativas detalhadas de re-snap.
   🔢 Pontos unicos original/offset: 299/35 (Δ -264, -88.3% )
   📍 Trajeto original: 3.154 km (linha reta entre pontos GPS)
   🔒 Trajeto com offset: 2.815 km (linha reta entre pontos COM snap)
   📊 Diferença: -0.339 km (-10.7%)

======================================================================
📊 ESTATÍSTICAS FINAIS
======================================================================
Viagens processadas: 1
Distância total: 3.16 km
Combustível total: 49.98 l
CO2 real total: 115462.6 g
CO2 meta total: 608.0 g
Delta CO2: -114854.6 g
Valor E1 total: R$ -5.74

💰 Créditos: R$ 0.00
💸 Débitos: R$ 5.74
📈 Saldo líquido: R$ -5.74

🗺️  MAP MATCHING:
   Pontos processados: 300
   Snaps tentados: 300 (100.0%)
   Snaps bem-sucedidos: 300 (100.0%)
   Snaps forçados (>100m): 300 (100.0%)
   ✅ TODOS os pontos estão em ruas (FORCE_SNAP=True)
======================================================================

💾 Dados agregados salvos em: ../data/offset_batch/vehicles_step_sim_8/run_004.csv
[csv-worker_8] [vehicles_step_sim_8] ===== LOG RUN 004 FIM =====

[csv-worker_8] [vehicles_step_sim_8] ===== LOG RUN 005 INICIO =====
======================================================================
🚗 PROCESSAMENTO SUMO → E1 REGISTRY (OFFSET ALEATÓRIO - veh0)
======================================================================
📄 Entrada: ../data/vehicles_step_sim_8.csv
🏭 Consumo fabricante: 12.0 km/l
💰 Preço carbono: R$ 50.0/ton
⭕ Raio máximo do offset aleatório: 2.0 km
🎲 Offset gerado aleatoriamente:
   Ângulo: 137.8°
   Distância: 1.5621 km
   offset_x (lat): -0.010393°  |  offset_y (lon): 0.009429°
📊 Row stepping: Processando todas as linhas
🗺️  Map matching: ATIVADO (raio 1500m) - pontos snapped para ruas
📐 Cálculo de distância: HAVERSINE PURO dos pontos COM snap (consistência)
======================================================================

📊 Carregando dados SUMO...
   Total de registros no arquivo: 299
   Veículos únicos: 1
   🚙 Vehicle selecionado: carro_1000

🔄 Agregando viagens por vehicle_id...
  📐 SUMO_carro_1000: Calculando distâncias com Haversine direto (SEM routing API)
      Original: 337 pontos → 3.3706 km (Haversine)
      Offset:   337 pontos → 3.9712 km (Haversine)

🚙 Veículo: SUMO_carro_1000
   Modelo: HBEFA4/PC_petrol_Euro-6ab
   Segmentos: 337
   📏 Distância: 3.379 km (city: 3.069, highway: 0.310)
   ⛽ Combustível: 58.616 l
   🏭 CO2 real: 135402.3 g
   🎯 CO2 meta: 650.5 g
   📊 Delta: -134751.8 g
   💰 Valor E1: R$ -6.7376
   🧭 Tentativas map matching: 339

   🔑 OFFSET DETERMINÍSTICO (x=0.006135365472368772°, y=0.015595007111477889°, max=2.0km):
   📍 Start Original:  (40.775644, -73.960687)
   🔒 Start Protegido: (40.781823, -73.944484) ✓ 1.48 km | ✓ MAP MATCHED
   📏 Deslocamento final: 1529.3 metros
   📍 End Original:    (40.774801, -73.960637)
   🔒 End Protegido:   (40.780965, -73.945249) ✓ 1.48 km | ✓ MAP MATCHED
   📏 Deslocamento final: 1467.5 metros

   📐 ANÁLISE DE DISTÂNCIA DO TRAJETO (HAVERSINE DOS PONTOS ARMAZENADOS):
   ✨ 270 pontos privados duplicados foram separados para garantir visualização 1:1.
   ℹ️  Dica: use --debug-map-matching para ver tentativas detalhadas de re-snap.
   🔢 Pontos unicos original/offset: 337/67 (Δ -270, -80.1% )
   📍 Trajeto original: 3.371 km (linha reta entre pontos GPS)
   🔒 Trajeto com offset: 3.971 km (linha reta entre pontos COM snap)
   📊 Diferença: +0.601 km (+17.8%)

======================================================================
📊 ESTATÍSTICAS FINAIS
======================================================================
Viagens processadas: 1
Distância total: 3.38 km
Combustível total: 58.62 l
CO2 real total: 135402.3 g
CO2 meta total: 650.5 g
Delta CO2: -134751.8 g
Valor E1 total: R$ -6.74

💰 Créditos: R$ 0.00
💸 Débitos: R$ 6.74
📈 Saldo líquido: R$ -6.74

🗺️  MAP MATCHING:
   Pontos processados: 337
   Snaps tentados: 337 (100.0%)
   Snaps bem-sucedidos: 337 (100.0%)
   Snaps forçados (>100m): 337 (100.0%)
   ✅ TODOS os pontos estão em ruas (FORCE_SNAP=True)
======================================================================

💾 Dados agregados salvos em: ../data/offset_batch/vehicles_step_sim_8/run_005.csv
[csv-worker_8] [vehicles_step_sim_8] ===== LOG RUN 005 FIM =====

[csv-worker_8] [vehicles_step_sim_8] ===== LOG RUN 006 INICIO =====
======================================================================
🚗 PROCESSAMENTO SUMO → E1 REGISTRY (OFFSET ALEATÓRIO - veh0)
======================================================================
📄 Entrada: ../data/vehicles_step_sim_8.csv
🏭 Consumo fabricante: 12.0 km/l
💰 Preço carbono: R$ 50.0/ton
⭕ Raio máximo do offset aleatório: 2.0 km
🎲 Offset gerado aleatoriamente:
   Ângulo: 357.0°
   Distância: 1.7802 km
   offset_x (lat): 0.015970°  |  offset_y (lon): -0.000836°
📊 Row stepping: Processando todas as linhas
🗺️  Map matching: ATIVADO (raio 1500m) - pontos snapped para ruas
📐 Cálculo de distância: HAVERSINE PURO dos pontos COM snap (consistência)
======================================================================

📊 Carregando dados SUMO...
   Total de registros no arquivo: 299
   Veículos únicos: 1
   🚙 Vehicle selecionado: carro_1000

🔄 Agregando viagens por vehicle_id...
  📐 SUMO_carro_1000: Calculando distâncias com Haversine direto (SEM routing API)
      Original: 324 pontos → 3.1629 km (Haversine)
      Offset:   324 pontos → 3.1720 km (Haversine)

🚙 Veículo: SUMO_carro_1000
   Modelo: HBEFA4/PC_petrol_Euro-6ab
   Segmentos: 324
   📏 Distância: 3.166 km (city: 3.024, highway: 0.142)
   ⛽ Combustível: 49.530 l
   🏭 CO2 real: 114414.1 g
   🎯 CO2 meta: 609.4 g
   📊 Delta: -113804.6 g
   💰 Valor E1: R$ -5.6902
   🧭 Tentativas map matching: 326

   🔑 OFFSET DETERMINÍSTICO (x=0.015004687100639433°, y=0.006734286480849311°, max=2.0km):
   📍 Start Original:  (40.775644, -73.960687)
   🔒 Start Protegido: (40.790471, -73.953890) ✓ 1.76 km | ✓ MAP MATCHED
   📏 Deslocamento final: 1747.3 metros
   📍 End Original:    (40.772251, -73.963071)
   🔒 End Protegido:   (40.787227, -73.956260) ✓ 1.76 km | ✓ MAP MATCHED
   📏 Deslocamento final: 1763.2 metros

   📐 ANÁLISE DE DISTÂNCIA DO TRAJETO (HAVERSINE DOS PONTOS ARMAZENADOS):
   ✨ 262 pontos privados duplicados foram separados para garantir visualização 1:1.
   ℹ️  Dica: use --debug-map-matching para ver tentativas detalhadas de re-snap.
   🔢 Pontos unicos original/offset: 324/62 (Δ -262, -80.9% )
   📍 Trajeto original: 3.163 km (linha reta entre pontos GPS)
   🔒 Trajeto com offset: 3.172 km (linha reta entre pontos COM snap)
   📊 Diferença: +0.009 km (+0.3%)

======================================================================
📊 ESTATÍSTICAS FINAIS
======================================================================
Viagens processadas: 1
Distância total: 3.17 km
Combustível total: 49.53 l
CO2 real total: 114414.1 g
CO2 meta total: 609.4 g
Delta CO2: -113804.6 g
Valor E1 total: R$ -5.69

💰 Créditos: R$ 0.00
💸 Débitos: R$ 5.69
📈 Saldo líquido: R$ -5.69

🗺️  MAP MATCHING:
   Pontos processados: 324
   Snaps tentados: 324 (100.0%)
   Snaps bem-sucedidos: 324 (100.0%)
   Snaps forçados (>100m): 324 (100.0%)
   ✅ TODOS os pontos estão em ruas (FORCE_SNAP=True)
======================================================================

💾 Dados agregados salvos em: ../data/offset_batch/vehicles_step_sim_8/run_006.csv
[csv-worker_8] [vehicles_step_sim_8] ===== LOG RUN 006 FIM =====

[csv-worker_8] [vehicles_step_sim_8] ===== LOG RUN 007 INICIO =====
======================================================================
🚗 PROCESSAMENTO SUMO → E1 REGISTRY (OFFSET ALEATÓRIO - veh0)
======================================================================
📄 Entrada: ../data/vehicles_step_sim_8.csv
🏭 Consumo fabricante: 12.0 km/l
💰 Preço carbono: R$ 50.0/ton
⭕ Raio máximo do offset aleatório: 2.0 km
🎲 Offset gerado aleatoriamente:
   Ângulo: 299.0°
   Distância: 1.6726 km
   offset_x (lat): 0.007284°  |  offset_y (lon): -0.013141°
📊 Row stepping: Processando todas as linhas
🗺️  Map matching: ATIVADO (raio 1500m) - pontos snapped para ruas
📐 Cálculo de distância: HAVERSINE PURO dos pontos COM snap (consistência)
======================================================================

📊 Carregando dados SUMO...
   Total de registros no arquivo: 299
   Veículos únicos: 1
   🚙 Vehicle selecionado: carro_1000

🔄 Agregando viagens por vehicle_id...
  📐 SUMO_carro_1000: Calculando distâncias com Haversine direto (SEM routing API)
      Original: 301 pontos → 3.1480 km (Haversine)
      Offset:   301 pontos → 4.2835 km (Haversine)

🚙 Veículo: SUMO_carro_1000
   Modelo: HBEFA4/PC_petrol_Euro-6ab
   Segmentos: 301
   📏 Distância: 3.159 km (city: 3.020, highway: 0.139)
   ⛽ Combustível: 51.224 l
   🏭 CO2 real: 118326.7 g
   🎯 CO2 meta: 608.1 g
   📊 Delta: -117718.6 g
   💰 Valor E1: R$ -5.8859
   🧭 Tentativas map matching: 303

   🔑 OFFSET DETERMINÍSTICO (x=-0.010674622137905352°, y=-0.004976420471535669°, max=2.0km):
   📍 Start Original:  (40.775644, -73.960687)
   🔒 Start Protegido: (40.765321, -73.965804) ✓ 1.26 km | ✓ MAP MATCHED
   📏 Deslocamento final: 1227.3 metros
   📍 End Original:    (40.771236, -73.963813)
   🔒 End Protegido:   (40.760746, -73.968694) ✓ 1.26 km | ✓ MAP MATCHED
   📏 Deslocamento final: 1238.1 metros

   📐 ANÁLISE DE DISTÂNCIA DO TRAJETO (HAVERSINE DOS PONTOS ARMAZENADOS):
   ✨ 262 pontos privados duplicados foram separados para garantir visualização 1:1.
   ℹ️  Dica: use --debug-map-matching para ver tentativas detalhadas de re-snap.
   🔢 Pontos unicos original/offset: 301/39 (Δ -262, -87.0% )
   📍 Trajeto original: 3.148 km (linha reta entre pontos GPS)
   🔒 Trajeto com offset: 4.284 km (linha reta entre pontos COM snap)
   📊 Diferença: +1.136 km (+36.1%)

======================================================================
📊 ESTATÍSTICAS FINAIS
======================================================================
Viagens processadas: 1
Distância total: 3.16 km
Combustível total: 51.22 l
CO2 real total: 118326.7 g
CO2 meta total: 608.1 g
Delta CO2: -117718.6 g
Valor E1 total: R$ -5.89

💰 Créditos: R$ 0.00
💸 Débitos: R$ 5.89
📈 Saldo líquido: R$ -5.89

🗺️  MAP MATCHING:
   Pontos processados: 301
   Snaps tentados: 301 (100.0%)
   Snaps bem-sucedidos: 301 (100.0%)
   Snaps forçados (>100m): 301 (100.0%)
   ✅ TODOS os pontos estão em ruas (FORCE_SNAP=True)
======================================================================

💾 Dados agregados salvos em: ../data/offset_batch/vehicles_step_sim_8/run_007.csv
[csv-worker_8] [vehicles_step_sim_8] ===== LOG RUN 007 FIM =====

[csv-worker_8] [vehicles_step_sim_8] ===== LOG RUN 008 INICIO =====
======================================================================
🚗 PROCESSAMENTO SUMO → E1 REGISTRY (OFFSET ALEATÓRIO - veh0)
======================================================================
📄 Entrada: ../data/vehicles_step_sim_8.csv
🏭 Consumo fabricante: 12.0 km/l
💰 Preço carbono: R$ 50.0/ton
⭕ Raio máximo do offset aleatório: 2.0 km
🎲 Offset gerado aleatoriamente:
   Ângulo: 233.0°
   Distância: 1.1936 km
   offset_x (lat): -0.006453°  |  offset_y (lon): -0.008563°
📊 Row stepping: Processando todas as linhas
🗺️  Map matching: ATIVADO (raio 1500m) - pontos snapped para ruas
📐 Cálculo de distância: HAVERSINE PURO dos pontos COM snap (consistência)
======================================================================

📊 Carregando dados SUMO...
   Total de registros no arquivo: 299
   Veículos únicos: 1
   🚙 Vehicle selecionado: carro_1000

🔄 Agregando viagens por vehicle_id...
  📐 SUMO_carro_1000: Calculando distâncias com Haversine direto (SEM routing API)
      Original: 301 pontos → 3.1480 km (Haversine)
      Offset:   301 pontos → 3.7599 km (Haversine)

🚙 Veículo: SUMO_carro_1000
   Modelo: HBEFA4/PC_petrol_Euro-6ab
   Segmentos: 301
   📏 Distância: 3.159 km (city: 3.020, highway: 0.139)
   ⛽ Combustível: 51.224 l
   🏭 CO2 real: 118326.7 g
   🎯 CO2 meta: 608.1 g
   📊 Delta: -117718.6 g
   💰 Valor E1: R$ -5.8859
   🧭 Tentativas map matching: 303

   🔑 OFFSET DETERMINÍSTICO (x=0.00977206598488943°, y=-0.005278707869513272°, max=2.0km):
   📍 Start Original:  (40.775644, -73.960687)
   🔒 Start Protegido: (40.784324, -73.966943) ✓ 1.18 km | ✓ MAP MATCHED
   📏 Deslocamento final: 1100.8 metros
   📍 End Original:    (40.771236, -73.963813)
   🔒 End Protegido:   (40.779427, -73.969759) ✓ 1.18 km | ✓ MAP MATCHED
   📏 Deslocamento final: 1040.5 metros

   📐 ANÁLISE DE DISTÂNCIA DO TRAJETO (HAVERSINE DOS PONTOS ARMAZENADOS):
   ✨ 254 pontos privados duplicados foram separados para garantir visualização 1:1.
   ℹ️  Dica: use --debug-map-matching para ver tentativas detalhadas de re-snap.
   🔢 Pontos unicos original/offset: 301/47 (Δ -254, -84.4% )
   📍 Trajeto original: 3.148 km (linha reta entre pontos GPS)
   🔒 Trajeto com offset: 3.760 km (linha reta entre pontos COM snap)
   📊 Diferença: +0.612 km (+19.4%)

======================================================================
📊 ESTATÍSTICAS FINAIS
======================================================================
Viagens processadas: 1
Distância total: 3.16 km
Combustível total: 51.22 l
CO2 real total: 118326.7 g
CO2 meta total: 608.1 g
Delta CO2: -117718.6 g
Valor E1 total: R$ -5.89

💰 Créditos: R$ 0.00
💸 Débitos: R$ 5.89
📈 Saldo líquido: R$ -5.89

🗺️  MAP MATCHING:
   Pontos processados: 301
   Snaps tentados: 301 (100.0%)
   Snaps bem-sucedidos: 301 (100.0%)
   Snaps forçados (>100m): 301 (100.0%)
   ✅ TODOS os pontos estão em ruas (FORCE_SNAP=True)
======================================================================

💾 Dados agregados salvos em: ../data/offset_batch/vehicles_step_sim_8/run_008.csv
[csv-worker_8] [vehicles_step_sim_8] ===== LOG RUN 008 FIM =====

[csv-worker_8] [vehicles_step_sim_8] ===== LOG RUN 009 INICIO =====
======================================================================
🚗 PROCESSAMENTO SUMO → E1 REGISTRY (OFFSET ALEATÓRIO - veh0)
======================================================================
📄 Entrada: ../data/vehicles_step_sim_8.csv
🏭 Consumo fabricante: 12.0 km/l
💰 Preço carbono: R$ 50.0/ton
⭕ Raio máximo do offset aleatório: 2.0 km
🎲 Offset gerado aleatoriamente:
   Ângulo: 264.8°
   Distância: 1.3775 km
   offset_x (lat): -0.001127°  |  offset_y (lon): -0.012323°
📊 Row stepping: Processando todas as linhas
🗺️  Map matching: ATIVADO (raio 1500m) - pontos snapped para ruas
📐 Cálculo de distância: HAVERSINE PURO dos pontos COM snap (consistência)
======================================================================

📊 Carregando dados SUMO...
   Total de registros no arquivo: 299
   Veículos únicos: 1
   🚙 Vehicle selecionado: carro_1000

🔄 Agregando viagens por vehicle_id...
  📐 SUMO_carro_1000: Calculando distâncias com Haversine direto (SEM routing API)
      Original: 324 pontos → 3.1629 km (Haversine)
      Offset:   324 pontos → 3.3335 km (Haversine)

🚙 Veículo: SUMO_carro_1000
   Modelo: HBEFA4/PC_petrol_Euro-6ab
   Segmentos: 324
   📏 Distância: 3.166 km (city: 3.024, highway: 0.142)
   ⛽ Combustível: 49.530 l
   🏭 CO2 real: 114414.1 g
   🎯 CO2 meta: 609.4 g
   📊 Delta: -113804.6 g
   💰 Valor E1: R$ -5.6902
   🧭 Tentativas map matching: 326

   🔑 OFFSET DETERMINÍSTICO (x=0.011785542007905258°, y=-0.008374194582071079°, max=2.0km):
   📍 Start Original:  (40.775644, -73.960687)
   🔒 Start Protegido: (40.787281, -73.968057) ✓ 1.49 km | ✓ MAP MATCHED
   📏 Deslocamento final: 1436.8 metros
   📍 End Original:    (40.772251, -73.963071)
   🔒 End Protegido:   (40.783400, -73.970891) ✓ 1.49 km | ✓ MAP MATCHED
   📏 Deslocamento final: 1405.4 metros

   📐 ANÁLISE DE DISTÂNCIA DO TRAJETO (HAVERSINE DOS PONTOS ARMAZENADOS):
   ✨ 280 pontos privados duplicados foram separados para garantir visualização 1:1.
   ℹ️  Dica: use --debug-map-matching para ver tentativas detalhadas de re-snap.
   🔢 Pontos unicos original/offset: 324/44 (Δ -280, -86.4% )
   📍 Trajeto original: 3.163 km (linha reta entre pontos GPS)
   🔒 Trajeto com offset: 3.333 km (linha reta entre pontos COM snap)
   📊 Diferença: +0.171 km (+5.4%)

======================================================================
📊 ESTATÍSTICAS FINAIS
======================================================================
Viagens processadas: 1
Distância total: 3.17 km
Combustível total: 49.53 l
CO2 real total: 114414.1 g
CO2 meta total: 609.4 g
Delta CO2: -113804.6 g
Valor E1 total: R$ -5.69

💰 Créditos: R$ 0.00
💸 Débitos: R$ 5.69
📈 Saldo líquido: R$ -5.69

🗺️  MAP MATCHING:
   Pontos processados: 324
   Snaps tentados: 324 (100.0%)
   Snaps bem-sucedidos: 324 (100.0%)
   Snaps forçados (>100m): 324 (100.0%)
   ✅ TODOS os pontos estão em ruas (FORCE_SNAP=True)
======================================================================

💾 Dados agregados salvos em: ../data/offset_batch/vehicles_step_sim_8/run_009.csv
[csv-worker_8] [vehicles_step_sim_8] ===== LOG RUN 009 FIM =====

[csv-worker_8] [vehicles_step_sim_8] ===== LOG RUN 010 INICIO =====
======================================================================
🚗 PROCESSAMENTO SUMO → E1 REGISTRY (OFFSET ALEATÓRIO - veh0)
======================================================================
📄 Entrada: ../data/vehicles_step_sim_8.csv
🏭 Consumo fabricante: 12.0 km/l
💰 Preço carbono: R$ 50.0/ton
⭕ Raio máximo do offset aleatório: 2.0 km
🎲 Offset gerado aleatoriamente:
   Ângulo: 217.4°
   Distância: 1.6014 km
   offset_x (lat): -0.011431°  |  offset_y (lon): -0.008734°
📊 Row stepping: Processando todas as linhas
🗺️  Map matching: ATIVADO (raio 1500m) - pontos snapped para ruas
📐 Cálculo de distância: HAVERSINE PURO dos pontos COM snap (consistência)
======================================================================

📊 Carregando dados SUMO...
   Total de registros no arquivo: 299
   Veículos únicos: 1
   🚙 Vehicle selecionado: carro_1000

🔄 Agregando viagens por vehicle_id...
  📐 SUMO_carro_1000: Calculando distâncias com Haversine direto (SEM routing API)
      Original: 222 pontos → 1.9688 km (Haversine)
      Offset:   222 pontos → 2.3668 km (Haversine)

🚙 Veículo: SUMO_carro_1000
   Modelo: HBEFA4/PC_petrol_Euro-6ab
   Segmentos: 222
   📏 Distância: 1.973 km (city: 1.973, highway: 0.000)
   ⛽ Combustível: 24.219 l
   🏭 CO2 real: 55946.2 g
   🎯 CO2 meta: 379.8 g
   📊 Delta: -55566.4 g
   💰 Valor E1: R$ -2.7783
   🧭 Tentativas map matching: 224

   🔑 OFFSET DETERMINÍSTICO (x=-0.012542244709506803°, y=0.0028715123994886823°, max=2.0km):
   📍 Start Original:  (40.775644, -73.960687)
   🔒 Start Protegido: (40.763273, -73.957061) ✓ 1.42 km | ✓ MAP MATCHED
   📏 Deslocamento final: 1410.7 metros
   📍 End Original:    (40.772651, -73.962544)
   🔒 End Protegido:   (40.760235, -73.959572) ✓ 1.42 km | ✓ MAP MATCHED
   📏 Deslocamento final: 1404.7 metros

   📐 ANÁLISE DE DISTÂNCIA DO TRAJETO (HAVERSINE DOS PONTOS ARMAZENADOS):
   ✨ 176 pontos privados duplicados foram separados para garantir visualização 1:1.
   ℹ️  Dica: use --debug-map-matching para ver tentativas detalhadas de re-snap.
   🔢 Pontos unicos original/offset: 221/46 (Δ -175, -79.2% )
   📍 Trajeto original: 1.969 km (linha reta entre pontos GPS)
   🔒 Trajeto com offset: 2.367 km (linha reta entre pontos COM snap)
   📊 Diferença: +0.398 km (+20.2%)

======================================================================
📊 ESTATÍSTICAS FINAIS
======================================================================
Viagens processadas: 1
Distância total: 1.97 km
Combustível total: 24.22 l
CO2 real total: 55946.2 g
CO2 meta total: 379.8 g
Delta CO2: -55566.4 g
Valor E1 total: R$ -2.78

💰 Créditos: R$ 0.00
💸 Débitos: R$ 2.78
📈 Saldo líquido: R$ -2.78

🗺️  MAP MATCHING:
   Pontos processados: 222
   Snaps tentados: 222 (100.0%)
   Snaps bem-sucedidos: 222 (100.0%)
   Snaps forçados (>100m): 222 (100.0%)
   ✅ TODOS os pontos estão em ruas (FORCE_SNAP=True)
======================================================================

💾 Dados agregados salvos em: ../data/offset_batch/vehicles_step_sim_8/run_010.csv
[csv-worker_8] [vehicles_step_sim_8] ===== LOG RUN 010 FIM =====

[csv-worker_8] [vehicles_step_sim_8] ===== LOG RUN 011 INICIO =====
======================================================================
🚗 PROCESSAMENTO SUMO → E1 REGISTRY (OFFSET ALEATÓRIO - veh0)
======================================================================
📄 Entrada: ../data/vehicles_step_sim_8.csv
🏭 Consumo fabricante: 12.0 km/l
💰 Preço carbono: R$ 50.0/ton
⭕ Raio máximo do offset aleatório: 2.0 km
🎲 Offset gerado aleatoriamente:
   Ângulo: 92.5°
   Distância: 0.6536 km
   offset_x (lat): -0.000255°  |  offset_y (lon): 0.005866°
📊 Row stepping: Processando todas as linhas
🗺️  Map matching: ATIVADO (raio 1500m) - pontos snapped para ruas
📐 Cálculo de distância: HAVERSINE PURO dos pontos COM snap (consistência)
======================================================================

📊 Carregando dados SUMO...
   Total de registros no arquivo: 299
   Veículos únicos: 1
   🚙 Vehicle selecionado: carro_1000

🔄 Agregando viagens por vehicle_id...
  📐 SUMO_carro_1000: Calculando distâncias com Haversine direto (SEM routing API)
      Original: 131 pontos → 1.4055 km (Haversine)
      Offset:   131 pontos → 1.5390 km (Haversine)

🚙 Veículo: SUMO_carro_1000
   Modelo: HBEFA4/PC_petrol_Euro-6ab
   Segmentos: 131
   📏 Distância: 1.410 km (city: 1.410, highway: 0.000)
   ⛽ Combustível: 12.456 l
   🏭 CO2 real: 28774.3 g
   🎯 CO2 meta: 271.4 g
   📊 Delta: -28502.9 g
   💰 Valor E1: R$ -1.4251
   🧭 Tentativas map matching: 133

   🔑 OFFSET DETERMINÍSTICO (x=0.00198703951371959°, y=-0.006003577510993733°, max=2.0km):
   📍 Start Original:  (40.775644, -73.960687)
   🔒 Start Protegido: (40.778163, -73.966325) ✓ 0.55 km | ✓ MAP MATCHED
   📏 Deslocamento final: 551.9 metros
   📍 End Original:    (40.772974, -73.962198)
   🔒 End Protegido:   (40.773831, -73.966028) ✓ 0.55 km | ✓ MAP MATCHED
   📏 Deslocamento final: 336.6 metros

   📐 ANÁLISE DE DISTÂNCIA DO TRAJETO (HAVERSINE DOS PONTOS ARMAZENADOS):
   ✨ 103 pontos privados duplicados foram separados para garantir visualização 1:1.
   ℹ️  Dica: use --debug-map-matching para ver tentativas detalhadas de re-snap.
   🔢 Pontos unicos original/offset: 130/28 (Δ -102, -78.5% )
   📍 Trajeto original: 1.405 km (linha reta entre pontos GPS)
   🔒 Trajeto com offset: 1.539 km (linha reta entre pontos COM snap)
   📊 Diferença: +0.134 km (+9.5%)

======================================================================
📊 ESTATÍSTICAS FINAIS
======================================================================
Viagens processadas: 1
Distância total: 1.41 km
Combustível total: 12.46 l
CO2 real total: 28774.3 g
CO2 meta total: 271.4 g
Delta CO2: -28502.9 g
Valor E1 total: R$ -1.43

💰 Créditos: R$ 0.00
💸 Débitos: R$ 1.43
📈 Saldo líquido: R$ -1.43

🗺️  MAP MATCHING:
   Pontos processados: 131
   Snaps tentados: 131 (100.0%)
   Snaps bem-sucedidos: 131 (100.0%)
   Snaps forçados (>100m): 131 (100.0%)
   ✅ TODOS os pontos estão em ruas (FORCE_SNAP=True)
======================================================================

💾 Dados agregados salvos em: ../data/offset_batch/vehicles_step_sim_8/run_011.csv
[csv-worker_8] [vehicles_step_sim_8] ===== LOG RUN 011 FIM =====

[csv-worker_8] [vehicles_step_sim_8] ===== LOG RUN 012 INICIO =====
======================================================================
🚗 PROCESSAMENTO SUMO → E1 REGISTRY (OFFSET ALEATÓRIO - veh0)
======================================================================
📄 Entrada: ../data/vehicles_step_sim_8.csv
🏭 Consumo fabricante: 12.0 km/l
💰 Preço carbono: R$ 50.0/ton
⭕ Raio máximo do offset aleatório: 2.0 km
🎲 Offset gerado aleatoriamente:
   Ângulo: 328.4°
   Distância: 1.6471 km
   offset_x (lat): 0.012597°  |  offset_y (lon): -0.007761°
📊 Row stepping: Processando todas as linhas
🗺️  Map matching: ATIVADO (raio 1500m) - pontos snapped para ruas
📐 Cálculo de distância: HAVERSINE PURO dos pontos COM snap (consistência)
======================================================================

📊 Carregando dados SUMO...
   Total de registros no arquivo: 299
   Veículos únicos: 1
   🚙 Vehicle selecionado: carro_1000

🔄 Agregando viagens por vehicle_id...
  📐 SUMO_carro_1000: Calculando distâncias com Haversine direto (SEM routing API)
      Original: 323 pontos → 2.9161 km (Haversine)
      Offset:   323 pontos → 3.0091 km (Haversine)

🚙 Veículo: SUMO_carro_1000
   Modelo: HBEFA4/PC_petrol_Euro-6ab
   Segmentos: 323
   📏 Distância: 2.926 km (city: 2.764, highway: 0.161)
   ⛽ Combustível: 54.094 l
   🏭 CO2 real: 124958.0 g
   🎯 CO2 meta: 563.2 g
   📊 Delta: -124394.9 g
   💰 Valor E1: R$ -6.2197
   🧭 Tentativas map matching: 325

   🔑 OFFSET DETERMINÍSTICO (x=-0.004605848736861352°, y=-0.0016008624521384855°, max=2.0km):
   📍 Start Original:  (40.775644, -73.960687)
   🔒 Start Protegido: (40.770831, -73.961915) ✓ 0.53 km | ✓ MAP MATCHED
   📏 Deslocamento final: 545.7 metros
   📍 End Original:    (40.774046, -73.961617)
   🔒 End Protegido:   (40.769172, -73.963126) ✓ 0.53 km | ✓ MAP MATCHED
   📏 Deslocamento final: 557.2 metros

   📐 ANÁLISE DE DISTÂNCIA DO TRAJETO (HAVERSINE DOS PONTOS ARMAZENADOS):
   ✨ 282 pontos privados duplicados foram separados para garantir visualização 1:1.
   ℹ️  Dica: use --debug-map-matching para ver tentativas detalhadas de re-snap.
   🔢 Pontos unicos original/offset: 320/41 (Δ -279, -87.2% )
   📍 Trajeto original: 2.916 km (linha reta entre pontos GPS)
   🔒 Trajeto com offset: 3.009 km (linha reta entre pontos COM snap)
   📊 Diferença: +0.093 km (+3.2%)

======================================================================
📊 ESTATÍSTICAS FINAIS
======================================================================
Viagens processadas: 1
Distância total: 2.93 km
Combustível total: 54.09 l
CO2 real total: 124958.0 g
CO2 meta total: 563.2 g
Delta CO2: -124394.9 g
Valor E1 total: R$ -6.22

💰 Créditos: R$ 0.00
💸 Débitos: R$ 6.22
📈 Saldo líquido: R$ -6.22

🗺️  MAP MATCHING:
   Pontos processados: 323
   Snaps tentados: 323 (100.0%)
   Snaps bem-sucedidos: 323 (100.0%)
   Snaps forçados (>100m): 323 (100.0%)
   ✅ TODOS os pontos estão em ruas (FORCE_SNAP=True)
======================================================================

💾 Dados agregados salvos em: ../data/offset_batch/vehicles_step_sim_8/run_012.csv
[csv-worker_8] [vehicles_step_sim_8] ===== LOG RUN 012 FIM =====

[csv-worker_8] [vehicles_step_sim_8] ===== LOG RUN 013 INICIO =====
======================================================================
🚗 PROCESSAMENTO SUMO → E1 REGISTRY (OFFSET ALEATÓRIO - veh0)
======================================================================
📄 Entrada: ../data/vehicles_step_sim_8.csv
🏭 Consumo fabricante: 12.0 km/l
💰 Preço carbono: R$ 50.0/ton
⭕ Raio máximo do offset aleatório: 2.0 km
🎲 Offset gerado aleatoriamente:
   Ângulo: 244.8°
   Distância: 0.5490 km
   offset_x (lat): -0.002102°  |  offset_y (lon): -0.004461°
📊 Row stepping: Processando todas as linhas
🗺️  Map matching: ATIVADO (raio 1500m) - pontos snapped para ruas
📐 Cálculo de distância: HAVERSINE PURO dos pontos COM snap (consistência)
======================================================================

📊 Carregando dados SUMO...
   Total de registros no arquivo: 299
   Veículos únicos: 1
   🚙 Vehicle selecionado: carro_1000

🔄 Agregando viagens por vehicle_id...
  📐 SUMO_carro_1000: Calculando distâncias com Haversine direto (SEM routing API)
      Original: 131 pontos → 1.4055 km (Haversine)
      Offset:   131 pontos → 0.5354 km (Haversine)

🚙 Veículo: SUMO_carro_1000
   Modelo: HBEFA4/PC_petrol_Euro-6ab
   Segmentos: 131
   📏 Distância: 1.410 km (city: 1.410, highway: 0.000)
   ⛽ Combustível: 12.456 l
   🏭 CO2 real: 28774.3 g
   🎯 CO2 meta: 271.4 g
   📊 Delta: -28502.9 g
   💰 Valor E1: R$ -1.4251
   🧭 Tentativas map matching: 133

   🔑 OFFSET DETERMINÍSTICO (x=0.014364977434041526°, y=-0.005793093484770688°, max=2.0km):
   📍 Start Original:  (40.775644, -73.960687)
   🔒 Start Protegido: (40.789794, -73.966223) ✓ 1.67 km | ✓ MAP MATCHED
   📏 Deslocamento final: 1643.0 metros
   📍 End Original:    (40.772974, -73.962198)
   🔒 End Protegido:   (40.787281, -73.968057) ✓ 1.67 km | ✓ MAP MATCHED
   📏 Deslocamento final: 1667.5 metros

   📐 ANÁLISE DE DISTÂNCIA DO TRAJETO (HAVERSINE DOS PONTOS ARMAZENADOS):
   ✨ 113 pontos privados duplicados foram separados para garantir visualização 1:1.
   ℹ️  Dica: use --debug-map-matching para ver tentativas detalhadas de re-snap.
   🔢 Pontos unicos original/offset: 130/18 (Δ -112, -86.2% )
   📍 Trajeto original: 1.405 km (linha reta entre pontos GPS)
   🔒 Trajeto com offset: 0.535 km (linha reta entre pontos COM snap)
   📊 Diferença: -0.870 km (-61.9%)

======================================================================
📊 ESTATÍSTICAS FINAIS
======================================================================
Viagens processadas: 1
Distância total: 1.41 km
Combustível total: 12.46 l
CO2 real total: 28774.3 g
CO2 meta total: 271.4 g
Delta CO2: -28502.9 g
Valor E1 total: R$ -1.43

💰 Créditos: R$ 0.00
💸 Débitos: R$ 1.43
📈 Saldo líquido: R$ -1.43

🗺️  MAP MATCHING:
   Pontos processados: 131
   Snaps tentados: 131 (100.0%)
   Snaps bem-sucedidos: 131 (100.0%)
   Snaps forçados (>100m): 131 (100.0%)
   ✅ TODOS os pontos estão em ruas (FORCE_SNAP=True)
======================================================================

💾 Dados agregados salvos em: ../data/offset_batch/vehicles_step_sim_8/run_013.csv
[csv-worker_8] [vehicles_step_sim_8] ===== LOG RUN 013 FIM =====

[csv-worker_8] [vehicles_step_sim_8] ===== LOG RUN 014 INICIO =====
======================================================================
🚗 PROCESSAMENTO SUMO → E1 REGISTRY (OFFSET ALEATÓRIO - veh0)
======================================================================
📄 Entrada: ../data/vehicles_step_sim_8.csv
🏭 Consumo fabricante: 12.0 km/l
💰 Preço carbono: R$ 50.0/ton
⭕ Raio máximo do offset aleatório: 2.0 km
🎲 Offset gerado aleatoriamente:
   Ângulo: 283.5°
   Distância: 1.4678 km
   offset_x (lat): 0.003080°  |  offset_y (lon): -0.012821°
📊 Row stepping: Processando todas as linhas
🗺️  Map matching: ATIVADO (raio 1500m) - pontos snapped para ruas
📐 Cálculo de distância: HAVERSINE PURO dos pontos COM snap (consistência)
======================================================================

📊 Carregando dados SUMO...
   Total de registros no arquivo: 299
   Veículos únicos: 1
   🚙 Vehicle selecionado: carro_1000

🔄 Agregando viagens por vehicle_id...
  📐 SUMO_carro_1000: Calculando distâncias com Haversine direto (SEM routing API)
      Original: 301 pontos → 3.1480 km (Haversine)
      Offset:   301 pontos → 2.8694 km (Haversine)

🚙 Veículo: SUMO_carro_1000
   Modelo: HBEFA4/PC_petrol_Euro-6ab
   Segmentos: 301
   📏 Distância: 3.159 km (city: 3.020, highway: 0.139)
   ⛽ Combustível: 51.224 l
   🏭 CO2 real: 118326.7 g
   🎯 CO2 meta: 608.1 g
   📊 Delta: -117718.6 g
   💰 Valor E1: R$ -5.8859
   🧭 Tentativas map matching: 303

   🔑 OFFSET DETERMINÍSTICO (x=0.007824060006946222°, y=-0.004575406790650986°, max=2.0km):
   📍 Start Original:  (40.775644, -73.960687)
   🔒 Start Protegido: (40.783767, -73.965267) ✓ 0.95 km | ✓ MAP MATCHED
   📏 Deslocamento final: 983.3 metros
   📍 End Original:    (40.771236, -73.963813)
   🔒 End Protegido:   (40.778907, -73.968491) ✓ 0.95 km | ✓ MAP MATCHED
   📏 Deslocamento final: 940.6 metros

   📐 ANÁLISE DE DISTÂNCIA DO TRAJETO (HAVERSINE DOS PONTOS ARMAZENADOS):
   ✨ 250 pontos privados duplicados foram separados para garantir visualização 1:1.
   ℹ️  Dica: use --debug-map-matching para ver tentativas detalhadas de re-snap.
   🔢 Pontos unicos original/offset: 301/51 (Δ -250, -83.1% )
   📍 Trajeto original: 3.148 km (linha reta entre pontos GPS)
   🔒 Trajeto com offset: 2.869 km (linha reta entre pontos COM snap)
   📊 Diferença: -0.279 km (-8.9%)

======================================================================
📊 ESTATÍSTICAS FINAIS
======================================================================
Viagens processadas: 1
Distância total: 3.16 km
Combustível total: 51.22 l
CO2 real total: 118326.7 g
CO2 meta total: 608.1 g
Delta CO2: -117718.6 g
Valor E1 total: R$ -5.89

💰 Créditos: R$ 0.00
💸 Débitos: R$ 5.89
📈 Saldo líquido: R$ -5.89

🗺️  MAP MATCHING:
   Pontos processados: 301
   Snaps tentados: 301 (100.0%)
   Snaps bem-sucedidos: 301 (100.0%)
   Snaps forçados (>100m): 301 (100.0%)
   ✅ TODOS os pontos estão em ruas (FORCE_SNAP=True)
======================================================================

💾 Dados agregados salvos em: ../data/offset_batch/vehicles_step_sim_8/run_014.csv
[csv-worker_8] [vehicles_step_sim_8] ===== LOG RUN 014 FIM =====

[csv-worker_8] [vehicles_step_sim_8] ===== LOG RUN 015 INICIO =====
======================================================================
🚗 PROCESSAMENTO SUMO → E1 REGISTRY (OFFSET ALEATÓRIO - veh0)
======================================================================
📄 Entrada: ../data/vehicles_step_sim_8.csv
🏭 Consumo fabricante: 12.0 km/l
💰 Preço carbono: R$ 50.0/ton
⭕ Raio máximo do offset aleatório: 2.0 km
🎲 Offset gerado aleatoriamente:
   Ângulo: 347.7°
   Distância: 1.6162 km
   offset_x (lat): 0.014183°  |  offset_y (lon): -0.003102°
📊 Row stepping: Processando todas as linhas
🗺️  Map matching: ATIVADO (raio 1500m) - pontos snapped para ruas
📐 Cálculo de distância: HAVERSINE PURO dos pontos COM snap (consistência)
======================================================================

📊 Carregando dados SUMO...
   Total de registros no arquivo: 299
   Veículos únicos: 1
   🚙 Vehicle selecionado: carro_1000

🔄 Agregando viagens por vehicle_id...
  📐 SUMO_carro_1000: Calculando distâncias com Haversine direto (SEM routing API)
      Original: 337 pontos → 3.3706 km (Haversine)
      Offset:   337 pontos → 3.6428 km (Haversine)

🚙 Veículo: SUMO_carro_1000
   Modelo: HBEFA4/PC_petrol_Euro-6ab
   Segmentos: 337
   📏 Distância: 3.379 km (city: 3.069, highway: 0.310)
   ⛽ Combustível: 58.616 l
   🏭 CO2 real: 135402.3 g
   🎯 CO2 meta: 650.5 g
   📊 Delta: -134751.8 g
   💰 Valor E1: R$ -6.7376
   🧭 Tentativas map matching: 339

   🔑 OFFSET DETERMINÍSTICO (x=-0.00805404600192797°, y=-0.008867110276119082°, max=2.0km):
   📍 Start Original:  (40.775644, -73.960687)
   🔒 Start Protegido: (40.767800, -73.969710) ✓ 1.17 km | ✓ MAP MATCHED
   📏 Deslocamento final: 1158.0 metros
   📍 End Original:    (40.774801, -73.960637)
   🔒 End Protegido:   (40.766772, -73.969254) ✓ 1.17 km | ✓ MAP MATCHED
   📏 Deslocamento final: 1151.8 metros

   📐 ANÁLISE DE DISTÂNCIA DO TRAJETO (HAVERSINE DOS PONTOS ARMAZENADOS):
   ✨ 280 pontos privados duplicados foram separados para garantir visualização 1:1.
   ℹ️  Dica: use --debug-map-matching para ver tentativas detalhadas de re-snap.
   🔢 Pontos unicos original/offset: 337/57 (Δ -280, -83.1% )
   📍 Trajeto original: 3.371 km (linha reta entre pontos GPS)
   🔒 Trajeto com offset: 3.643 km (linha reta entre pontos COM snap)
   📊 Diferença: +0.272 km (+8.1%)

======================================================================
📊 ESTATÍSTICAS FINAIS
======================================================================
Viagens processadas: 1
Distância total: 3.38 km
Combustível total: 58.62 l
CO2 real total: 135402.3 g
CO2 meta total: 650.5 g
Delta CO2: -134751.8 g
Valor E1 total: R$ -6.74

💰 Créditos: R$ 0.00
💸 Débitos: R$ 6.74
📈 Saldo líquido: R$ -6.74

🗺️  MAP MATCHING:
   Pontos processados: 337
   Snaps tentados: 337 (100.0%)
   Snaps bem-sucedidos: 337 (100.0%)
   Snaps forçados (>100m): 337 (100.0%)
   ✅ TODOS os pontos estão em ruas (FORCE_SNAP=True)
======================================================================

💾 Dados agregados salvos em: ../data/offset_batch/vehicles_step_sim_8/run_015.csv
[csv-worker_8] [vehicles_step_sim_8] ===== LOG RUN 015 FIM =====

[csv-worker_8] [vehicles_step_sim_8] ===== LOG RUN 016 INICIO =====
======================================================================
🚗 PROCESSAMENTO SUMO → E1 REGISTRY (OFFSET ALEATÓRIO - veh0)
======================================================================
📄 Entrada: ../data/vehicles_step_sim_8.csv
🏭 Consumo fabricante: 12.0 km/l
💰 Preço carbono: R$ 50.0/ton
⭕ Raio máximo do offset aleatório: 2.0 km
🎲 Offset gerado aleatoriamente:
   Ângulo: 243.3°
   Distância: 0.6469 km
   offset_x (lat): -0.002610°  |  offset_y (lon): -0.005193°
📊 Row stepping: Processando todas as linhas
🗺️  Map matching: ATIVADO (raio 1500m) - pontos snapped para ruas
📐 Cálculo de distância: HAVERSINE PURO dos pontos COM snap (consistência)
======================================================================

📊 Carregando dados SUMO...
   Total de registros no arquivo: 299
   Veículos únicos: 1
   🚙 Vehicle selecionado: carro_1000

🔄 Agregando viagens por vehicle_id...
  📐 SUMO_carro_1000: Calculando distâncias com Haversine direto (SEM routing API)
      Original: 155 pontos → 1.4242 km (Haversine)
      Offset:   155 pontos → 1.6445 km (Haversine)

🚙 Veículo: SUMO_carro_1000
   Modelo: HBEFA4/PC_petrol_Euro-6ab
   Segmentos: 155
   📏 Distância: 1.424 km (city: 1.424, highway: 0.000)
   ⛽ Combustível: 10.127 l
   🏭 CO2 real: 23393.7 g
   🎯 CO2 meta: 274.2 g
   📊 Delta: -23119.5 g
   💰 Valor E1: R$ -1.1560
   🧭 Tentativas map matching: 157

   🔑 OFFSET DETERMINÍSTICO (x=-0.005757020198870127°, y=-0.013844086494735933°, max=2.0km):
   📍 Start Original:  (40.775644, -73.960687)
   🔒 Start Protegido: (40.769902, -73.974741) ✓ 1.33 km | ✓ MAP MATCHED
   📏 Deslocamento final: 1346.1 metros
   📍 End Original:    (40.775671, -73.960433)
   🔒 End Protegido:   (40.769654, -73.974366) ✓ 1.33 km | ✓ MAP MATCHED
   📏 Deslocamento final: 1352.1 metros

   📐 ANÁLISE DE DISTÂNCIA DO TRAJETO (HAVERSINE DOS PONTOS ARMAZENADOS):
   ✨ 106 pontos privados duplicados foram separados para garantir visualização 1:1.
   ℹ️  Dica: use --debug-map-matching para ver tentativas detalhadas de re-snap.
   🔢 Pontos unicos original/offset: 155/49 (Δ -106, -68.4% )
   📍 Trajeto original: 1.424 km (linha reta entre pontos GPS)
   🔒 Trajeto com offset: 1.644 km (linha reta entre pontos COM snap)
   📊 Diferença: +0.220 km (+15.5%)

======================================================================
📊 ESTATÍSTICAS FINAIS
======================================================================
Viagens processadas: 1
Distância total: 1.42 km
Combustível total: 10.13 l
CO2 real total: 23393.7 g
CO2 meta total: 274.2 g
Delta CO2: -23119.5 g
Valor E1 total: R$ -1.16

💰 Créditos: R$ 0.00
💸 Débitos: R$ 1.16
📈 Saldo líquido: R$ -1.16

🗺️  MAP MATCHING:
   Pontos processados: 155
   Snaps tentados: 155 (100.0%)
   Snaps bem-sucedidos: 155 (100.0%)
   Snaps forçados (>100m): 155 (100.0%)
   ✅ TODOS os pontos estão em ruas (FORCE_SNAP=True)
======================================================================

💾 Dados agregados salvos em: ../data/offset_batch/vehicles_step_sim_8/run_016.csv
[csv-worker_8] [vehicles_step_sim_8] ===== LOG RUN 016 FIM =====

[csv-worker_8] [vehicles_step_sim_8] ===== LOG RUN 017 INICIO =====
======================================================================
🚗 PROCESSAMENTO SUMO → E1 REGISTRY (OFFSET ALEATÓRIO - veh0)
======================================================================
📄 Entrada: ../data/vehicles_step_sim_8.csv
🏭 Consumo fabricante: 12.0 km/l
💰 Preço carbono: R$ 50.0/ton
⭕ Raio máximo do offset aleatório: 2.0 km
🎲 Offset gerado aleatoriamente:
   Ângulo: 54.4°
   Distância: 1.7377 km
   offset_x (lat): 0.009084°  |  offset_y (lon): 0.012695°
📊 Row stepping: Processando todas as linhas
🗺️  Map matching: ATIVADO (raio 1500m) - pontos snapped para ruas
📐 Cálculo de distância: HAVERSINE PURO dos pontos COM snap (consistência)
======================================================================

📊 Carregando dados SUMO...
   Total de registros no arquivo: 299
   Veículos únicos: 1
   🚙 Vehicle selecionado: carro_1000

🔄 Agregando viagens por vehicle_id...
  📐 SUMO_carro_1000: Calculando distâncias com Haversine direto (SEM routing API)
      Original: 131 pontos → 1.4055 km (Haversine)
      Offset:   131 pontos → 1.7104 km (Haversine)

🚙 Veículo: SUMO_carro_1000
   Modelo: HBEFA4/PC_petrol_Euro-6ab
   Segmentos: 131
   📏 Distância: 1.410 km (city: 1.410, highway: 0.000)
   ⛽ Combustível: 12.456 l
   🏭 CO2 real: 28774.3 g
   🎯 CO2 meta: 271.4 g
   📊 Delta: -28502.9 g
   💰 Valor E1: R$ -1.4251
   🧭 Tentativas map matching: 133

   🔑 OFFSET DETERMINÍSTICO (x=0.0002442973353503766°, y=-0.01778734198009572°, max=2.0km):
   📍 Start Original:  (40.775644, -73.960687)
   🔒 Start Protegido: (40.776057, -73.979628) ✓ 1.50 km | ✓ MAP MATCHED
   📏 Deslocamento final: 1597.4 metros
   📍 End Original:    (40.772974, -73.962198)
   🔒 End Protegido:   (40.772818, -73.979693) ✓ 1.50 km | ✓ MAP MATCHED
   📏 Deslocamento final: 1474.9 metros

   📐 ANÁLISE DE DISTÂNCIA DO TRAJETO (HAVERSINE DOS PONTOS ARMAZENADOS):
   ✨ 109 pontos privados duplicados foram separados para garantir visualização 1:1.
   ℹ️  Dica: use --debug-map-matching para ver tentativas detalhadas de re-snap.
   🔢 Pontos unicos original/offset: 130/22 (Δ -108, -83.1% )
   📍 Trajeto original: 1.405 km (linha reta entre pontos GPS)
   🔒 Trajeto com offset: 1.710 km (linha reta entre pontos COM snap)
   📊 Diferença: +0.305 km (+21.7%)

======================================================================
📊 ESTATÍSTICAS FINAIS
======================================================================
Viagens processadas: 1
Distância total: 1.41 km
Combustível total: 12.46 l
CO2 real total: 28774.3 g
CO2 meta total: 271.4 g
Delta CO2: -28502.9 g
Valor E1 total: R$ -1.43

💰 Créditos: R$ 0.00
💸 Débitos: R$ 1.43
📈 Saldo líquido: R$ -1.43

🗺️  MAP MATCHING:
   Pontos processados: 131
   Snaps tentados: 131 (100.0%)
   Snaps bem-sucedidos: 131 (100.0%)
   Snaps forçados (>100m): 131 (100.0%)
   ✅ TODOS os pontos estão em ruas (FORCE_SNAP=True)
======================================================================

💾 Dados agregados salvos em: ../data/offset_batch/vehicles_step_sim_8/run_017.csv
[csv-worker_8] [vehicles_step_sim_8] ===== LOG RUN 017 FIM =====

[csv-worker_8] [vehicles_step_sim_8] ===== LOG RUN 018 INICIO =====
======================================================================
🚗 PROCESSAMENTO SUMO → E1 REGISTRY (OFFSET ALEATÓRIO - veh0)
======================================================================
📄 Entrada: ../data/vehicles_step_sim_8.csv
🏭 Consumo fabricante: 12.0 km/l
💰 Preço carbono: R$ 50.0/ton
⭕ Raio máximo do offset aleatório: 2.0 km
🎲 Offset gerado aleatoriamente:
   Ângulo: 304.3°
   Distância: 1.3520 km
   offset_x (lat): 0.006840°  |  offset_y (lon): -0.010036°
📊 Row stepping: Processando todas as linhas
🗺️  Map matching: ATIVADO (raio 1500m) - pontos snapped para ruas
📐 Cálculo de distância: HAVERSINE PURO dos pontos COM snap (consistência)
======================================================================

📊 Carregando dados SUMO...
   Total de registros no arquivo: 299
   Veículos únicos: 1
   🚙 Vehicle selecionado: carro_1000

🔄 Agregando viagens por vehicle_id...
  📐 SUMO_carro_1000: Calculando distâncias com Haversine direto (SEM routing API)
      Original: 222 pontos → 1.9688 km (Haversine)
      Offset:   222 pontos → 1.9934 km (Haversine)

🚙 Veículo: SUMO_carro_1000
   Modelo: HBEFA4/PC_petrol_Euro-6ab
   Segmentos: 222
   📏 Distância: 1.973 km (city: 1.973, highway: 0.000)
   ⛽ Combustível: 24.219 l
   🏭 CO2 real: 55946.2 g
   🎯 CO2 meta: 379.8 g
   📊 Delta: -55566.4 g
   💰 Valor E1: R$ -2.7783
   🧭 Tentativas map matching: 224

   🔑 OFFSET DETERMINÍSTICO (x=0.009027874429614013°, y=0.015152216622405026°, max=2.0km):
   📍 Start Original:  (40.775644, -73.960687)
   🔒 Start Protegido: (40.784440, -73.945414) ✓ 1.63 km | ✓ MAP MATCHED
   📏 Deslocamento final: 1617.6 metros
   📍 End Original:    (40.772651, -73.962544)
   🔒 End Protegido:   (40.781364, -73.946275) ✓ 1.63 km | ✓ MAP MATCHED
   📏 Deslocamento final: 1679.9 metros

   📐 ANÁLISE DE DISTÂNCIA DO TRAJETO (HAVERSINE DOS PONTOS ARMAZENADOS):
   ✨ 194 pontos privados duplicados foram separados para garantir visualização 1:1.
   ℹ️  Dica: use --debug-map-matching para ver tentativas detalhadas de re-snap.
   🔢 Pontos unicos original/offset: 221/28 (Δ -193, -87.3% )
   📍 Trajeto original: 1.969 km (linha reta entre pontos GPS)
   🔒 Trajeto com offset: 1.993 km (linha reta entre pontos COM snap)
   📊 Diferença: +0.025 km (+1.2%)

======================================================================
📊 ESTATÍSTICAS FINAIS
======================================================================
Viagens processadas: 1
Distância total: 1.97 km
Combustível total: 24.22 l
CO2 real total: 55946.2 g
CO2 meta total: 379.8 g
Delta CO2: -55566.4 g
Valor E1 total: R$ -2.78

💰 Créditos: R$ 0.00
💸 Débitos: R$ 2.78
📈 Saldo líquido: R$ -2.78

🗺️  MAP MATCHING:
   Pontos processados: 222
   Snaps tentados: 222 (100.0%)
   Snaps bem-sucedidos: 222 (100.0%)
   Snaps forçados (>100m): 222 (100.0%)
   ✅ TODOS os pontos estão em ruas (FORCE_SNAP=True)
======================================================================

💾 Dados agregados salvos em: ../data/offset_batch/vehicles_step_sim_8/run_018.csv
[csv-worker_8] [vehicles_step_sim_8] ===== LOG RUN 018 FIM =====

[csv-worker_8] [vehicles_step_sim_8] ===== LOG RUN 019 INICIO =====
======================================================================
🚗 PROCESSAMENTO SUMO → E1 REGISTRY (OFFSET ALEATÓRIO - veh0)
======================================================================
📄 Entrada: ../data/vehicles_step_sim_8.csv
🏭 Consumo fabricante: 12.0 km/l
💰 Preço carbono: R$ 50.0/ton
⭕ Raio máximo do offset aleatório: 2.0 km
🎲 Offset gerado aleatoriamente:
   Ângulo: 337.7°
   Distância: 0.6721 km
   offset_x (lat): 0.005588°  |  offset_y (lon): -0.002288°
📊 Row stepping: Processando todas as linhas
🗺️  Map matching: ATIVADO (raio 1500m) - pontos snapped para ruas
📐 Cálculo de distância: HAVERSINE PURO dos pontos COM snap (consistência)
======================================================================

📊 Carregando dados SUMO...
   Total de registros no arquivo: 299
   Veículos únicos: 1
   🚙 Vehicle selecionado: carro_1000

🔄 Agregando viagens por vehicle_id...
  📐 SUMO_carro_1000: Calculando distâncias com Haversine direto (SEM routing API)
      Original: 155 pontos → 1.4242 km (Haversine)
      Offset:   155 pontos → 2.0552 km (Haversine)

🚙 Veículo: SUMO_carro_1000
   Modelo: HBEFA4/PC_petrol_Euro-6ab
   Segmentos: 155
   📏 Distância: 1.424 km (city: 1.424, highway: 0.000)
   ⛽ Combustível: 10.127 l
   🏭 CO2 real: 23393.7 g
   🎯 CO2 meta: 274.2 g
   📊 Delta: -23119.5 g
   💰 Valor E1: R$ -1.1560
   🧭 Tentativas map matching: 157

   🔑 OFFSET DETERMINÍSTICO (x=-0.009284570743700562°, y=0.0076138421724910674°, max=2.0km):
   📍 Start Original:  (40.775644, -73.960687)
   🔒 Start Protegido: (40.766283, -73.952367) ✓ 1.22 km | ✓ MAP MATCHED
   📏 Deslocamento final: 1256.1 metros
   📍 End Original:    (40.775671, -73.960433)
   🔒 End Protegido:   (40.766283, -73.952367) ✓ 1.22 km | ✓ MAP MATCHED
   📏 Deslocamento final: 1246.9 metros

   📐 ANÁLISE DE DISTÂNCIA DO TRAJETO (HAVERSINE DOS PONTOS ARMAZENADOS):
   ✨ 121 pontos privados duplicados foram separados para garantir visualização 1:1.
   ℹ️  Dica: use --debug-map-matching para ver tentativas detalhadas de re-snap.
   🔢 Pontos unicos original/offset: 155/34 (Δ -121, -78.1% )
   📍 Trajeto original: 1.424 km (linha reta entre pontos GPS)
   🔒 Trajeto com offset: 2.055 km (linha reta entre pontos COM snap)
   📊 Diferença: +0.631 km (+44.3%)

======================================================================
📊 ESTATÍSTICAS FINAIS
======================================================================
Viagens processadas: 1
Distância total: 1.42 km
Combustível total: 10.13 l
CO2 real total: 23393.7 g
CO2 meta total: 274.2 g
Delta CO2: -23119.5 g
Valor E1 total: R$ -1.16

💰 Créditos: R$ 0.00
💸 Débitos: R$ 1.16
📈 Saldo líquido: R$ -1.16

🗺️  MAP MATCHING:
   Pontos processados: 155
   Snaps tentados: 155 (100.0%)
   Snaps bem-sucedidos: 155 (100.0%)
   Snaps forçados (>100m): 155 (100.0%)
   ✅ TODOS os pontos estão em ruas (FORCE_SNAP=True)
======================================================================

💾 Dados agregados salvos em: ../data/offset_batch/vehicles_step_sim_8/run_019.csv
[csv-worker_8] [vehicles_step_sim_8] ===== LOG RUN 019 FIM =====

[csv-worker_8] [vehicles_step_sim_8] ===== LOG RUN 020 INICIO =====
======================================================================
🚗 PROCESSAMENTO SUMO → E1 REGISTRY (OFFSET ALEATÓRIO - veh0)
======================================================================
📄 Entrada: ../data/vehicles_step_sim_8.csv
🏭 Consumo fabricante: 12.0 km/l
💰 Preço carbono: R$ 50.0/ton
⭕ Raio máximo do offset aleatório: 2.0 km
🎲 Offset gerado aleatoriamente:
   Ângulo: 284.9°
   Distância: 0.9590 km
   offset_x (lat): 0.002220°  |  offset_y (lon): -0.008324°
📊 Row stepping: Processando todas as linhas
🗺️  Map matching: ATIVADO (raio 1500m) - pontos snapped para ruas
📐 Cálculo de distância: HAVERSINE PURO dos pontos COM snap (consistência)
======================================================================

📊 Carregando dados SUMO...
   Total de registros no arquivo: 299
   Veículos únicos: 1
   🚙 Vehicle selecionado: carro_1000

🔄 Agregando viagens por vehicle_id...
  📐 SUMO_carro_1000: Calculando distâncias com Haversine direto (SEM routing API)
      Original: 155 pontos → 1.4242 km (Haversine)
      Offset:   155 pontos → 1.5802 km (Haversine)

🚙 Veículo: SUMO_carro_1000
   Modelo: HBEFA4/PC_petrol_Euro-6ab
   Segmentos: 155
   📏 Distância: 1.424 km (city: 1.424, highway: 0.000)
   ⛽ Combustível: 10.127 l
   🏭 CO2 real: 23393.7 g
   🎯 CO2 meta: 274.2 g
   📊 Delta: -23119.5 g
   💰 Valor E1: R$ -1.1560
   🧭 Tentativas map matching: 157

   🔑 OFFSET DETERMINÍSTICO (x=-0.01571299294310492°, y=-0.004342130107791764°, max=2.0km):
   📍 Start Original:  (40.775644, -73.960687)
   🔒 Start Protegido: (40.760047, -73.964935) ✓ 1.79 km | ✓ MAP MATCHED
   📏 Deslocamento final: 1772.7 metros
   📍 End Original:    (40.775671, -73.960433)
   🔒 End Protegido:   (40.759992, -73.964803) ✓ 1.79 km | ✓ MAP MATCHED
   📏 Deslocamento final: 1783.9 metros

   📐 ANÁLISE DE DISTÂNCIA DO TRAJETO (HAVERSINE DOS PONTOS ARMAZENADOS):
   ✨ 114 pontos privados duplicados foram separados para garantir visualização 1:1.
   ℹ️  Dica: use --debug-map-matching para ver tentativas detalhadas de re-snap.
   🔢 Pontos unicos original/offset: 155/41 (Δ -114, -73.5% )
   📍 Trajeto original: 1.424 km (linha reta entre pontos GPS)
   🔒 Trajeto com offset: 1.580 km (linha reta entre pontos COM snap)
   📊 Diferença: +0.156 km (+11.0%)

======================================================================
📊 ESTATÍSTICAS FINAIS
======================================================================
Viagens processadas: 1
Distância total: 1.42 km
Combustível total: 10.13 l
CO2 real total: 23393.7 g
CO2 meta total: 274.2 g
Delta CO2: -23119.5 g
Valor E1 total: R$ -1.16

💰 Créditos: R$ 0.00
💸 Débitos: R$ 1.16
📈 Saldo líquido: R$ -1.16

🗺️  MAP MATCHING:
   Pontos processados: 155
   Snaps tentados: 155 (100.0%)
   Snaps bem-sucedidos: 155 (100.0%)
   Snaps forçados (>100m): 155 (100.0%)
   ✅ TODOS os pontos estão em ruas (FORCE_SNAP=True)
======================================================================

💾 Dados agregados salvos em: ../data/offset_batch/vehicles_step_sim_8/run_020.csv
[csv-worker_8] [vehicles_step_sim_8] ===== LOG RUN 020 FIM =====

[csv-worker_8] [vehicles_step_sim_8] ===== LOG RUN 021 INICIO =====
======================================================================
🚗 PROCESSAMENTO SUMO → E1 REGISTRY (OFFSET ALEATÓRIO - veh0)
======================================================================
📄 Entrada: ../data/vehicles_step_sim_8.csv
🏭 Consumo fabricante: 12.0 km/l
💰 Preço carbono: R$ 50.0/ton
⭕ Raio máximo do offset aleatório: 2.0 km
🎲 Offset gerado aleatoriamente:
   Ângulo: 211.8°
   Distância: 1.6755 km
   offset_x (lat): -0.012794°  |  offset_y (lon): -0.007927°
📊 Row stepping: Processando todas as linhas
🗺️  Map matching: ATIVADO (raio 1500m) - pontos snapped para ruas
📐 Cálculo de distância: HAVERSINE PURO dos pontos COM snap (consistência)
======================================================================

📊 Carregando dados SUMO...
   Total de registros no arquivo: 299
   Veículos únicos: 1
   🚙 Vehicle selecionado: carro_1000

🔄 Agregando viagens por vehicle_id...
  📐 SUMO_carro_1000: Calculando distâncias com Haversine direto (SEM routing API)
      Original: 324 pontos → 3.1629 km (Haversine)
      Offset:   324 pontos → 4.5869 km (Haversine)

🚙 Veículo: SUMO_carro_1000
   Modelo: HBEFA4/PC_petrol_Euro-6ab
   Segmentos: 324
   📏 Distância: 3.166 km (city: 3.024, highway: 0.142)
   ⛽ Combustível: 49.530 l
   🏭 CO2 real: 114414.1 g
   🎯 CO2 meta: 609.4 g
   📊 Delta: -113804.6 g
   💰 Valor E1: R$ -5.6902
   🧭 Tentativas map matching: 326

   🔑 OFFSET DETERMINÍSTICO (x=0.01149675987814625°, y=-0.0037245941425149615°, max=2.0km):
   📍 Start Original:  (40.775644, -73.960687)
   🔒 Start Protegido: (40.788176, -73.967251) ✓ 1.32 km | ✓ MAP MATCHED
   📏 Deslocamento final: 1500.9 metros
   📍 End Original:    (40.772251, -73.963071)
   🔒 End Protegido:   (40.784160, -73.966573) ✓ 1.32 km | ✓ MAP MATCHED
   📏 Deslocamento final: 1358.2 metros

   📐 ANÁLISE DE DISTÂNCIA DO TRAJETO (HAVERSINE DOS PONTOS ARMAZENADOS):
   ✨ 280 pontos privados duplicados foram separados para garantir visualização 1:1.
   ℹ️  Dica: use --debug-map-matching para ver tentativas detalhadas de re-snap.
   🔢 Pontos unicos original/offset: 324/44 (Δ -280, -86.4% )
   📍 Trajeto original: 3.163 km (linha reta entre pontos GPS)
   🔒 Trajeto com offset: 4.587 km (linha reta entre pontos COM snap)
   📊 Diferença: +1.424 km (+45.0%)

======================================================================
📊 ESTATÍSTICAS FINAIS
======================================================================
Viagens processadas: 1
Distância total: 3.17 km
Combustível total: 49.53 l
CO2 real total: 114414.1 g
CO2 meta total: 609.4 g
Delta CO2: -113804.6 g
Valor E1 total: R$ -5.69

💰 Créditos: R$ 0.00
💸 Débitos: R$ 5.69
📈 Saldo líquido: R$ -5.69

🗺️  MAP MATCHING:
   Pontos processados: 324
   Snaps tentados: 324 (100.0%)
   Snaps bem-sucedidos: 324 (100.0%)
   Snaps forçados (>100m): 324 (100.0%)
   ✅ TODOS os pontos estão em ruas (FORCE_SNAP=True)
======================================================================

💾 Dados agregados salvos em: ../data/offset_batch/vehicles_step_sim_8/run_021.csv
[csv-worker_8] [vehicles_step_sim_8] ===== LOG RUN 021 FIM =====

[csv-worker_8] [vehicles_step_sim_8] ===== LOG RUN 022 INICIO =====
======================================================================
🚗 PROCESSAMENTO SUMO → E1 REGISTRY (OFFSET ALEATÓRIO - veh0)
======================================================================
📄 Entrada: ../data/vehicles_step_sim_8.csv
🏭 Consumo fabricante: 12.0 km/l
💰 Preço carbono: R$ 50.0/ton
⭕ Raio máximo do offset aleatório: 2.0 km
🎲 Offset gerado aleatoriamente:
   Ângulo: 338.5°
   Distância: 1.8009 km
   offset_x (lat): 0.015049°  |  offset_y (lon): -0.005938°
📊 Row stepping: Processando todas as linhas
🗺️  Map matching: ATIVADO (raio 1500m) - pontos snapped para ruas
📐 Cálculo de distância: HAVERSINE PURO dos pontos COM snap (consistência)
======================================================================

📊 Carregando dados SUMO...
   Total de registros no arquivo: 299
   Veículos únicos: 1
   🚙 Vehicle selecionado: carro_1000

🔄 Agregando viagens por vehicle_id...
  📐 SUMO_carro_1000: Calculando distâncias com Haversine direto (SEM routing API)
      Original: 337 pontos → 3.3706 km (Haversine)
      Offset:   337 pontos → 3.5240 km (Haversine)

🚙 Veículo: SUMO_carro_1000
   Modelo: HBEFA4/PC_petrol_Euro-6ab
   Segmentos: 337
   📏 Distância: 3.379 km (city: 3.069, highway: 0.310)
   ⛽ Combustível: 58.616 l
   🏭 CO2 real: 135402.3 g
   🎯 CO2 meta: 650.5 g
   📊 Delta: -134751.8 g
   💰 Valor E1: R$ -6.7376
   🧭 Tentativas map matching: 339

   🔑 OFFSET DETERMINÍSTICO (x=0.010694432773869491°, y=0.0033591507659840552°, max=2.0km):
   📍 Start Original:  (40.775644, -73.960687)
   🔒 Start Protegido: (40.786035, -73.957131) ✓ 1.22 km | ✓ MAP MATCHED
   📏 Deslocamento final: 1194.9 metros
   📍 End Original:    (40.774801, -73.960637)
   🔒 End Protegido:   (40.785401, -73.957595) ✓ 1.22 km | ✓ MAP MATCHED
   📏 Deslocamento final: 1207.5 metros

   📐 ANÁLISE DE DISTÂNCIA DO TRAJETO (HAVERSINE DOS PONTOS ARMAZENADOS):
   ✨ 264 pontos privados duplicados foram separados para garantir visualização 1:1.
   ℹ️  Dica: use --debug-map-matching para ver tentativas detalhadas de re-snap.
   🔢 Pontos unicos original/offset: 337/73 (Δ -264, -78.3% )
   📍 Trajeto original: 3.371 km (linha reta entre pontos GPS)
   🔒 Trajeto com offset: 3.524 km (linha reta entre pontos COM snap)
   📊 Diferença: +0.153 km (+4.6%)

======================================================================
📊 ESTATÍSTICAS FINAIS
======================================================================
Viagens processadas: 1
Distância total: 3.38 km
Combustível total: 58.62 l
CO2 real total: 135402.3 g
CO2 meta total: 650.5 g
Delta CO2: -134751.8 g
Valor E1 total: R$ -6.74

💰 Créditos: R$ 0.00
💸 Débitos: R$ 6.74
📈 Saldo líquido: R$ -6.74

🗺️  MAP MATCHING:
   Pontos processados: 337
   Snaps tentados: 337 (100.0%)
   Snaps bem-sucedidos: 337 (100.0%)
   Snaps forçados (>100m): 337 (100.0%)
   ✅ TODOS os pontos estão em ruas (FORCE_SNAP=True)
======================================================================

💾 Dados agregados salvos em: ../data/offset_batch/vehicles_step_sim_8/run_022.csv
[csv-worker_8] [vehicles_step_sim_8] ===== LOG RUN 022 FIM =====

[csv-worker_8] [vehicles_step_sim_8] ===== LOG RUN 023 INICIO =====
======================================================================
🚗 PROCESSAMENTO SUMO → E1 REGISTRY (OFFSET ALEATÓRIO - veh0)
======================================================================
📄 Entrada: ../data/vehicles_step_sim_8.csv
🏭 Consumo fabricante: 12.0 km/l
💰 Preço carbono: R$ 50.0/ton
⭕ Raio máximo do offset aleatório: 2.0 km
🎲 Offset gerado aleatoriamente:
   Ângulo: 109.5°
   Distância: 1.0276 km
   offset_x (lat): -0.003083°  |  offset_y (lon): 0.008701°
📊 Row stepping: Processando todas as linhas
🗺️  Map matching: ATIVADO (raio 1500m) - pontos snapped para ruas
📐 Cálculo de distância: HAVERSINE PURO dos pontos COM snap (consistência)
======================================================================

📊 Carregando dados SUMO...
   Total de registros no arquivo: 299
   Veículos únicos: 1
   🚙 Vehicle selecionado: carro_1000

🔄 Agregando viagens por vehicle_id...
  📐 SUMO_carro_1000: Calculando distâncias com Haversine direto (SEM routing API)
      Original: 337 pontos → 3.3706 km (Haversine)
      Offset:   337 pontos → 3.7171 km (Haversine)

🚙 Veículo: SUMO_carro_1000
   Modelo: HBEFA4/PC_petrol_Euro-6ab
   Segmentos: 337
   📏 Distância: 3.379 km (city: 3.069, highway: 0.310)
   ⛽ Combustível: 58.616 l
   🏭 CO2 real: 135402.3 g
   🎯 CO2 meta: 650.5 g
   📊 Delta: -134751.8 g
   💰 Valor E1: R$ -6.7376
   🧭 Tentativas map matching: 339

   🔑 OFFSET DETERMINÍSTICO (x=-0.0021845265666139806°, y=0.005942250138173587°, max=2.0km):
   📍 Start Original:  (40.775644, -73.960687)
   🔒 Start Protegido: (40.773448, -73.955002) ✓ 0.56 km | ✓ MAP MATCHED
   📏 Deslocamento final: 538.0 metros
   📍 End Original:    (40.774801, -73.960637)
   🔒 End Protegido:   (40.773106, -73.954479) ✓ 0.56 km | ✓ MAP MATCHED
   📏 Deslocamento final: 552.3 metros

   📐 ANÁLISE DE DISTÂNCIA DO TRAJETO (HAVERSINE DOS PONTOS ARMAZENADOS):
   ✨ 292 pontos privados duplicados foram separados para garantir visualização 1:1.
   ℹ️  Dica: use --debug-map-matching para ver tentativas detalhadas de re-snap.
   🔢 Pontos unicos original/offset: 337/45 (Δ -292, -86.6% )
   📍 Trajeto original: 3.371 km (linha reta entre pontos GPS)
   🔒 Trajeto com offset: 3.717 km (linha reta entre pontos COM snap)
   📊 Diferença: +0.346 km (+10.3%)

======================================================================
📊 ESTATÍSTICAS FINAIS
======================================================================
Viagens processadas: 1
Distância total: 3.38 km
Combustível total: 58.62 l
CO2 real total: 135402.3 g
CO2 meta total: 650.5 g
Delta CO2: -134751.8 g
Valor E1 total: R$ -6.74

💰 Créditos: R$ 0.00
💸 Débitos: R$ 6.74
📈 Saldo líquido: R$ -6.74

🗺️  MAP MATCHING:
   Pontos processados: 337
   Snaps tentados: 337 (100.0%)
   Snaps bem-sucedidos: 337 (100.0%)
   Snaps forçados (>100m): 337 (100.0%)
   ✅ TODOS os pontos estão em ruas (FORCE_SNAP=True)
======================================================================

💾 Dados agregados salvos em: ../data/offset_batch/vehicles_step_sim_8/run_023.csv
[csv-worker_8] [vehicles_step_sim_8] ===== LOG RUN 023 FIM =====

[csv-worker_8] [vehicles_step_sim_8] ===== LOG RUN 024 INICIO =====
======================================================================
🚗 PROCESSAMENTO SUMO → E1 REGISTRY (OFFSET ALEATÓRIO - veh0)
======================================================================
📄 Entrada: ../data/vehicles_step_sim_8.csv
🏭 Consumo fabricante: 12.0 km/l
💰 Preço carbono: R$ 50.0/ton
⭕ Raio máximo do offset aleatório: 2.0 km
🎲 Offset gerado aleatoriamente:
   Ângulo: 51.9°
   Distância: 1.9494 km
   offset_x (lat): 0.010812°  |  offset_y (lon): 0.013776°
📊 Row stepping: Processando todas as linhas
🗺️  Map matching: ATIVADO (raio 1500m) - pontos snapped para ruas
📐 Cálculo de distância: HAVERSINE PURO dos pontos COM snap (consistência)
======================================================================

📊 Carregando dados SUMO...
   Total de registros no arquivo: 299
   Veículos únicos: 1
   🚙 Vehicle selecionado: carro_1000

🔄 Agregando viagens por vehicle_id...
  📐 SUMO_carro_1000: Calculando distâncias com Haversine direto (SEM routing API)
      Original: 222 pontos → 1.9688 km (Haversine)
      Offset:   222 pontos → 2.1115 km (Haversine)

🚙 Veículo: SUMO_carro_1000
   Modelo: HBEFA4/PC_petrol_Euro-6ab
   Segmentos: 222
   📏 Distância: 1.973 km (city: 1.973, highway: 0.000)
   ⛽ Combustível: 24.219 l
   🏭 CO2 real: 55946.2 g
   🎯 CO2 meta: 379.8 g
   📊 Delta: -55566.4 g
   💰 Valor E1: R$ -2.7783
   🧭 Tentativas map matching: 224

   🔑 OFFSET DETERMINÍSTICO (x=0.001047509828441876°, y=-0.002129014491017407°, max=2.0km):
   📍 Start Original:  (40.775644, -73.960687)
   🔒 Start Protegido: (40.776596, -73.962768) ✓ 0.21 km | ✓ MAP MATCHED
   📏 Deslocamento final: 205.0 metros
   📍 End Original:    (40.772651, -73.962544)
   🔒 End Protegido:   (40.773783, -73.964125) ✓ 0.21 km | ✓ MAP MATCHED
   📏 Deslocamento final: 183.4 metros

   📐 ANÁLISE DE DISTÂNCIA DO TRAJETO (HAVERSINE DOS PONTOS ARMAZENADOS):
   ✨ 198 pontos privados duplicados foram separados para garantir visualização 1:1.
   ℹ️  Dica: use --debug-map-matching para ver tentativas detalhadas de re-snap.
   🔢 Pontos unicos original/offset: 221/24 (Δ -197, -89.1% )
   📍 Trajeto original: 1.969 km (linha reta entre pontos GPS)
   🔒 Trajeto com offset: 2.112 km (linha reta entre pontos COM snap)
   📊 Diferença: +0.143 km (+7.3%)

======================================================================
📊 ESTATÍSTICAS FINAIS
======================================================================
Viagens processadas: 1
Distância total: 1.97 km
Combustível total: 24.22 l
CO2 real total: 55946.2 g
CO2 meta total: 379.8 g
Delta CO2: -55566.4 g
Valor E1 total: R$ -2.78

💰 Créditos: R$ 0.00
💸 Débitos: R$ 2.78
📈 Saldo líquido: R$ -2.78

🗺️  MAP MATCHING:
   Pontos processados: 222
   Snaps tentados: 222 (100.0%)
   Snaps bem-sucedidos: 222 (100.0%)
   Snaps forçados (>100m): 222 (100.0%)
   ✅ TODOS os pontos estão em ruas (FORCE_SNAP=True)
======================================================================

💾 Dados agregados salvos em: ../data/offset_batch/vehicles_step_sim_8/run_024.csv
[csv-worker_8] [vehicles_step_sim_8] ===== LOG RUN 024 FIM =====

[csv-worker_8] [vehicles_step_sim_8] ===== LOG RUN 025 INICIO =====
======================================================================
🚗 PROCESSAMENTO SUMO → E1 REGISTRY (OFFSET ALEATÓRIO - veh0)
======================================================================
📄 Entrada: ../data/vehicles_step_sim_8.csv
🏭 Consumo fabricante: 12.0 km/l
💰 Preço carbono: R$ 50.0/ton
⭕ Raio máximo do offset aleatório: 2.0 km
🎲 Offset gerado aleatoriamente:
   Ângulo: 114.2°
   Distância: 0.4861 km
   offset_x (lat): -0.001792°  |  offset_y (lon): 0.003982°
📊 Row stepping: Processando todas as linhas
🗺️  Map matching: ATIVADO (raio 1500m) - pontos snapped para ruas
📐 Cálculo de distância: HAVERSINE PURO dos pontos COM snap (consistência)
======================================================================

📊 Carregando dados SUMO...
   Total de registros no arquivo: 299
   Veículos únicos: 1
   🚙 Vehicle selecionado: carro_1000

🔄 Agregando viagens por vehicle_id...
  📐 SUMO_carro_1000: Calculando distâncias com Haversine direto (SEM routing API)
      Original: 155 pontos → 1.4242 km (Haversine)
      Offset:   155 pontos → 1.5637 km (Haversine)

🚙 Veículo: SUMO_carro_1000
   Modelo: HBEFA4/PC_petrol_Euro-6ab
   Segmentos: 155
   📏 Distância: 1.424 km (city: 1.424, highway: 0.000)
   ⛽ Combustível: 10.127 l
   🏭 CO2 real: 23393.7 g
   🎯 CO2 meta: 274.2 g
   📊 Delta: -23119.5 g
   💰 Valor E1: R$ -1.1560
   🧭 Tentativas map matching: 157

   🔑 OFFSET DETERMINÍSTICO (x=-0.00833551508805338°, y=-0.0030909092618628246°, max=2.0km):
   📍 Start Original:  (40.775644, -73.960687)
   🔒 Start Protegido: (40.767199, -73.964432) ✓ 0.96 km | ✓ MAP MATCHED
   📏 Deslocamento final: 991.7 metros
   📍 End Original:    (40.775671, -73.960433)
   🔒 End Protegido:   (40.767819, -73.963969) ✓ 0.96 km | ✓ MAP MATCHED
   📏 Deslocamento final: 923.5 metros

   📐 ANÁLISE DE DISTÂNCIA DO TRAJETO (HAVERSINE DOS PONTOS ARMAZENADOS):
   ✨ 115 pontos privados duplicados foram separados para garantir visualização 1:1.
   ℹ️  Dica: use --debug-map-matching para ver tentativas detalhadas de re-snap.
   🔢 Pontos unicos original/offset: 155/40 (Δ -115, -74.2% )
   📍 Trajeto original: 1.424 km (linha reta entre pontos GPS)
   🔒 Trajeto com offset: 1.564 km (linha reta entre pontos COM snap)
   📊 Diferença: +0.139 km (+9.8%)

======================================================================
📊 ESTATÍSTICAS FINAIS
======================================================================
Viagens processadas: 1
Distância total: 1.42 km
Combustível total: 10.13 l
CO2 real total: 23393.7 g
CO2 meta total: 274.2 g
Delta CO2: -23119.5 g
Valor E1 total: R$ -1.16

💰 Créditos: R$ 0.00
💸 Débitos: R$ 1.16
📈 Saldo líquido: R$ -1.16

🗺️  MAP MATCHING:
   Pontos processados: 155
   Snaps tentados: 155 (100.0%)
   Snaps bem-sucedidos: 155 (100.0%)
   Snaps forçados (>100m): 155 (100.0%)
   ✅ TODOS os pontos estão em ruas (FORCE_SNAP=True)
======================================================================

💾 Dados agregados salvos em: ../data/offset_batch/vehicles_step_sim_8/run_025.csv
[csv-worker_8] [vehicles_step_sim_8] ===== LOG RUN 025 FIM =====

[csv-worker_8] [vehicles_step_sim_8] ===== LOG RUN 026 INICIO =====
======================================================================
🚗 PROCESSAMENTO SUMO → E1 REGISTRY (OFFSET ALEATÓRIO - veh0)
======================================================================
📄 Entrada: ../data/vehicles_step_sim_8.csv
🏭 Consumo fabricante: 12.0 km/l
💰 Preço carbono: R$ 50.0/ton
⭕ Raio máximo do offset aleatório: 2.0 km
🎲 Offset gerado aleatoriamente:
   Ângulo: 211.2°
   Distância: 1.6602 km
   offset_x (lat): -0.012750°  |  offset_y (lon): -0.007737°
📊 Row stepping: Processando todas as linhas
🗺️  Map matching: ATIVADO (raio 1500m) - pontos snapped para ruas
📐 Cálculo de distância: HAVERSINE PURO dos pontos COM snap (consistência)
======================================================================

📊 Carregando dados SUMO...
   Total de registros no arquivo: 299
   Veículos únicos: 1
   🚙 Vehicle selecionado: carro_1000

🔄 Agregando viagens por vehicle_id...
  📐 SUMO_carro_1000: Calculando distâncias com Haversine direto (SEM routing API)
      Original: 300 pontos → 3.1542 km (Haversine)
      Offset:   300 pontos → 4.9414 km (Haversine)

🚙 Veículo: SUMO_carro_1000
   Modelo: HBEFA4/PC_petrol_Euro-6ab
   Segmentos: 300
   📏 Distância: 3.158 km (city: 2.541, highway: 0.617)
   ⛽ Combustível: 49.984 l
   🏭 CO2 real: 115462.6 g
   🎯 CO2 meta: 608.0 g
   📊 Delta: -114854.6 g
   💰 Valor E1: R$ -5.7427
   🧭 Tentativas map matching: 302

   🔑 OFFSET DETERMINÍSTICO (x=-0.006951041841636718°, y=0.015865571783503805°, max=2.0km):
   📍 Start Original:  (40.775644, -73.960687)
   🔒 Start Protegido: (40.770270, -73.947497) ✓ 1.55 km | ✓ MAP MATCHED
   📏 Deslocamento final: 1262.6 metros
   📍 End Original:    (40.773912, -73.961904)
   🔒 End Protegido:   (40.768298, -73.949301) ✓ 1.55 km | ✓ MAP MATCHED
   📏 Deslocamento final: 1232.6 metros

   📐 ANÁLISE DE DISTÂNCIA DO TRAJETO (HAVERSINE DOS PONTOS ARMAZENADOS):
   ✨ 257 pontos privados duplicados foram separados para garantir visualização 1:1.
   ℹ️  Dica: use --debug-map-matching para ver tentativas detalhadas de re-snap.
   🔢 Pontos unicos original/offset: 299/43 (Δ -256, -85.6% )
   📍 Trajeto original: 3.154 km (linha reta entre pontos GPS)
   🔒 Trajeto com offset: 4.941 km (linha reta entre pontos COM snap)
   📊 Diferença: +1.787 km (+56.7%)

======================================================================
📊 ESTATÍSTICAS FINAIS
======================================================================
Viagens processadas: 1
Distância total: 3.16 km
Combustível total: 49.98 l
CO2 real total: 115462.6 g
CO2 meta total: 608.0 g
Delta CO2: -114854.6 g
Valor E1 total: R$ -5.74

💰 Créditos: R$ 0.00
💸 Débitos: R$ 5.74
📈 Saldo líquido: R$ -5.74

🗺️  MAP MATCHING:
   Pontos processados: 300
   Snaps tentados: 300 (100.0%)
   Snaps bem-sucedidos: 300 (100.0%)
   Snaps forçados (>100m): 300 (100.0%)
   ✅ TODOS os pontos estão em ruas (FORCE_SNAP=True)
======================================================================

💾 Dados agregados salvos em: ../data/offset_batch/vehicles_step_sim_8/run_026.csv
[csv-worker_8] [vehicles_step_sim_8] ===== LOG RUN 026 FIM =====

[csv-worker_8] [vehicles_step_sim_8] ===== LOG RUN 027 INICIO =====
======================================================================
🚗 PROCESSAMENTO SUMO → E1 REGISTRY (OFFSET ALEATÓRIO - veh0)
======================================================================
📄 Entrada: ../data/vehicles_step_sim_8.csv
🏭 Consumo fabricante: 12.0 km/l
💰 Preço carbono: R$ 50.0/ton
⭕ Raio máximo do offset aleatório: 2.0 km
🎲 Offset gerado aleatoriamente:
   Ângulo: 292.1°
   Distância: 1.4186 km
   offset_x (lat): 0.004786°  |  offset_y (lon): -0.011811°
📊 Row stepping: Processando todas as linhas
🗺️  Map matching: ATIVADO (raio 1500m) - pontos snapped para ruas
📐 Cálculo de distância: HAVERSINE PURO dos pontos COM snap (consistência)
======================================================================

📊 Carregando dados SUMO...
   Total de registros no arquivo: 299
   Veículos únicos: 1
   🚙 Vehicle selecionado: carro_1000

🔄 Agregando viagens por vehicle_id...
  📐 SUMO_carro_1000: Calculando distâncias com Haversine direto (SEM routing API)
      Original: 131 pontos → 1.4055 km (Haversine)
      Offset:   131 pontos → 1.3897 km (Haversine)

🚙 Veículo: SUMO_carro_1000
   Modelo: HBEFA4/PC_petrol_Euro-6ab
   Segmentos: 131
   📏 Distância: 1.410 km (city: 1.410, highway: 0.000)
   ⛽ Combustível: 12.456 l
   🏭 CO2 real: 28774.3 g
   🎯 CO2 meta: 271.4 g
   📊 Delta: -28502.9 g
   💰 Valor E1: R$ -1.4251
   🧭 Tentativas map matching: 133

   🔑 OFFSET DETERMINÍSTICO (x=0.002829285808920693°, y=0.005028782221186963°, max=2.0km):
   📍 Start Original:  (40.775644, -73.960687)
   🔒 Start Protegido: (40.778421, -73.955154) ✓ 0.53 km | ✓ MAP MATCHED
   📏 Deslocamento final: 559.6 metros
   📍 End Original:    (40.772974, -73.962198)
   🔒 End Protegido:   (40.775650, -73.956471) ✓ 0.53 km | ✓ MAP MATCHED
   📏 Deslocamento final: 567.4 metros

   📐 ANÁLISE DE DISTÂNCIA DO TRAJETO (HAVERSINE DOS PONTOS ARMAZENADOS):
   ✨ 111 pontos privados duplicados foram separados para garantir visualização 1:1.
   ℹ️  Dica: use --debug-map-matching para ver tentativas detalhadas de re-snap.
   🔢 Pontos unicos original/offset: 130/20 (Δ -110, -84.6% )
   📍 Trajeto original: 1.405 km (linha reta entre pontos GPS)
   🔒 Trajeto com offset: 1.390 km (linha reta entre pontos COM snap)
   📊 Diferença: -0.016 km (-1.1%)

======================================================================
📊 ESTATÍSTICAS FINAIS
======================================================================
Viagens processadas: 1
Distância total: 1.41 km
Combustível total: 12.46 l
CO2 real total: 28774.3 g
CO2 meta total: 271.4 g
Delta CO2: -28502.9 g
Valor E1 total: R$ -1.43

💰 Créditos: R$ 0.00
💸 Débitos: R$ 1.43
📈 Saldo líquido: R$ -1.43

🗺️  MAP MATCHING:
   Pontos processados: 131
   Snaps tentados: 131 (100.0%)
   Snaps bem-sucedidos: 131 (100.0%)
   Snaps forçados (>100m): 131 (100.0%)
   ✅ TODOS os pontos estão em ruas (FORCE_SNAP=True)
======================================================================

💾 Dados agregados salvos em: ../data/offset_batch/vehicles_step_sim_8/run_027.csv
[csv-worker_8] [vehicles_step_sim_8] ===== LOG RUN 027 FIM =====

[csv-worker_8] [vehicles_step_sim_8] ===== LOG RUN 028 INICIO =====
======================================================================
🚗 PROCESSAMENTO SUMO → E1 REGISTRY (OFFSET ALEATÓRIO - veh0)
======================================================================
📄 Entrada: ../data/vehicles_step_sim_8.csv
🏭 Consumo fabricante: 12.0 km/l
💰 Preço carbono: R$ 50.0/ton
⭕ Raio máximo do offset aleatório: 2.0 km
🎲 Offset gerado aleatoriamente:
   Ângulo: 8.8°
   Distância: 1.4663 km
   offset_x (lat): 0.013019°  |  offset_y (lon): 0.002005°
📊 Row stepping: Processando todas as linhas
🗺️  Map matching: ATIVADO (raio 1500m) - pontos snapped para ruas
📐 Cálculo de distância: HAVERSINE PURO dos pontos COM snap (consistência)
======================================================================

📊 Carregando dados SUMO...
   Total de registros no arquivo: 299
   Veículos únicos: 1
   🚙 Vehicle selecionado: carro_1000

🔄 Agregando viagens por vehicle_id...
  📐 SUMO_carro_1000: Calculando distâncias com Haversine direto (SEM routing API)
      Original: 155 pontos → 1.4242 km (Haversine)
      Offset:   155 pontos → 1.2453 km (Haversine)

🚙 Veículo: SUMO_carro_1000
   Modelo: HBEFA4/PC_petrol_Euro-6ab
   Segmentos: 155
   📏 Distância: 1.424 km (city: 1.424, highway: 0.000)
   ⛽ Combustível: 10.127 l
   🏭 CO2 real: 23393.7 g
   🎯 CO2 meta: 274.2 g
   📊 Delta: -23119.5 g
   💰 Valor E1: R$ -1.1560
   🧭 Tentativas map matching: 157

   🔑 OFFSET DETERMINÍSTICO (x=0.015323506283050852°, y=0.0032338872303821395°, max=2.0km):
   📍 Start Original:  (40.775644, -73.960687)
   🔒 Start Protegido: (40.789923, -73.958430) ✓ 1.73 km | ✓ MAP MATCHED
   📏 Deslocamento final: 1600.9 metros
   📍 End Original:    (40.775671, -73.960433)
   🔒 End Protegido:   (40.789923, -73.958430) ✓ 1.73 km | ✓ MAP MATCHED
   📏 Deslocamento final: 1595.5 metros

   📐 ANÁLISE DE DISTÂNCIA DO TRAJETO (HAVERSINE DOS PONTOS ARMAZENADOS):
   ✨ 141 pontos privados duplicados foram separados para garantir visualização 1:1.
   ℹ️  Dica: use --debug-map-matching para ver tentativas detalhadas de re-snap.
   🔢 Pontos unicos original/offset: 155/14 (Δ -141, -91.0% )
   📍 Trajeto original: 1.424 km (linha reta entre pontos GPS)
   🔒 Trajeto com offset: 1.245 km (linha reta entre pontos COM snap)
   📊 Diferença: -0.179 km (-12.6%)

======================================================================
📊 ESTATÍSTICAS FINAIS
======================================================================
Viagens processadas: 1
Distância total: 1.42 km
Combustível total: 10.13 l
CO2 real total: 23393.7 g
CO2 meta total: 274.2 g
Delta CO2: -23119.5 g
Valor E1 total: R$ -1.16

💰 Créditos: R$ 0.00
💸 Débitos: R$ 1.16
📈 Saldo líquido: R$ -1.16

🗺️  MAP MATCHING:
   Pontos processados: 155
   Snaps tentados: 155 (100.0%)
   Snaps bem-sucedidos: 155 (100.0%)
   Snaps forçados (>100m): 155 (100.0%)
   ✅ TODOS os pontos estão em ruas (FORCE_SNAP=True)
======================================================================

💾 Dados agregados salvos em: ../data/offset_batch/vehicles_step_sim_8/run_028.csv
[csv-worker_8] [vehicles_step_sim_8] ===== LOG RUN 028 FIM =====

[csv-worker_8] [vehicles_step_sim_8] ===== LOG RUN 029 INICIO =====
======================================================================
🚗 PROCESSAMENTO SUMO → E1 REGISTRY (OFFSET ALEATÓRIO - veh0)
======================================================================
📄 Entrada: ../data/vehicles_step_sim_8.csv
🏭 Consumo fabricante: 12.0 km/l
💰 Preço carbono: R$ 50.0/ton
⭕ Raio máximo do offset aleatório: 2.0 km
🎲 Offset gerado aleatoriamente:
   Ângulo: 138.3°
   Distância: 1.9649 km
   offset_x (lat): -0.013176°  |  offset_y (lon): 0.011745°
📊 Row stepping: Processando todas as linhas
🗺️  Map matching: ATIVADO (raio 1500m) - pontos snapped para ruas
📐 Cálculo de distância: HAVERSINE PURO dos pontos COM snap (consistência)
======================================================================

📊 Carregando dados SUMO...
   Total de registros no arquivo: 299
   Veículos únicos: 1
   🚙 Vehicle selecionado: carro_1000

🔄 Agregando viagens por vehicle_id...
  📐 SUMO_carro_1000: Calculando distâncias com Haversine direto (SEM routing API)
      Original: 222 pontos → 1.9688 km (Haversine)
      Offset:   222 pontos → 2.3787 km (Haversine)

🚙 Veículo: SUMO_carro_1000
   Modelo: HBEFA4/PC_petrol_Euro-6ab
   Segmentos: 222
   📏 Distância: 1.973 km (city: 1.973, highway: 0.000)
   ⛽ Combustível: 24.219 l
   🏭 CO2 real: 55946.2 g
   🎯 CO2 meta: 379.8 g
   📊 Delta: -55566.4 g
   💰 Valor E1: R$ -2.7783
   🧭 Tentativas map matching: 224

   🔑 OFFSET DETERMINÍSTICO (x=0.0006971165269917086°, y=0.0052464359626942765°, max=2.0km):
   📍 Start Original:  (40.775644, -73.960687)
   🔒 Start Protegido: (40.776177, -73.955733) ✓ 0.45 km | ✓ MAP MATCHED
   📏 Deslocamento final: 421.8 metros
   📍 End Original:    (40.772651, -73.962544)
   🔒 End Protegido:   (40.773542, -73.957657) ✓ 0.45 km | ✓ MAP MATCHED
   📏 Deslocamento final: 423.8 metros

   📐 ANÁLISE DE DISTÂNCIA DO TRAJETO (HAVERSINE DOS PONTOS ARMAZENADOS):
   ✨ 198 pontos privados duplicados foram separados para garantir visualização 1:1.
   ℹ️  Dica: use --debug-map-matching para ver tentativas detalhadas de re-snap.
   🔢 Pontos unicos original/offset: 221/24 (Δ -197, -89.1% )
   📍 Trajeto original: 1.969 km (linha reta entre pontos GPS)
   🔒 Trajeto com offset: 2.379 km (linha reta entre pontos COM snap)
   📊 Diferença: +0.410 km (+20.8%)

======================================================================
📊 ESTATÍSTICAS FINAIS
======================================================================
Viagens processadas: 1
Distância total: 1.97 km
Combustível total: 24.22 l
CO2 real total: 55946.2 g
CO2 meta total: 379.8 g
Delta CO2: -55566.4 g
Valor E1 total: R$ -2.78

💰 Créditos: R$ 0.00
💸 Débitos: R$ 2.78
📈 Saldo líquido: R$ -2.78

🗺️  MAP MATCHING:
   Pontos processados: 222
   Snaps tentados: 222 (100.0%)
   Snaps bem-sucedidos: 222 (100.0%)
   Snaps forçados (>100m): 222 (100.0%)
   ✅ TODOS os pontos estão em ruas (FORCE_SNAP=True)
======================================================================

💾 Dados agregados salvos em: ../data/offset_batch/vehicles_step_sim_8/run_029.csv
[csv-worker_8] [vehicles_step_sim_8] ===== LOG RUN 029 FIM =====

[csv-worker_8] [vehicles_step_sim_8] ===== LOG RUN 030 INICIO =====
======================================================================
🚗 PROCESSAMENTO SUMO → E1 REGISTRY (OFFSET ALEATÓRIO - veh0)
======================================================================
📄 Entrada: ../data/vehicles_step_sim_8.csv
🏭 Consumo fabricante: 12.0 km/l
💰 Preço carbono: R$ 50.0/ton
⭕ Raio máximo do offset aleatório: 2.0 km
🎲 Offset gerado aleatoriamente:
   Ângulo: 69.8°
   Distância: 1.3344 km
   offset_x (lat): 0.004142°  |  offset_y (lon): 0.011249°
📊 Row stepping: Processando todas as linhas
🗺️  Map matching: ATIVADO (raio 1500m) - pontos snapped para ruas
📐 Cálculo de distância: HAVERSINE PURO dos pontos COM snap (consistência)
======================================================================

📊 Carregando dados SUMO...
   Total de registros no arquivo: 299
   Veículos únicos: 1
   🚙 Vehicle selecionado: carro_1000

🔄 Agregando viagens por vehicle_id...
  📐 SUMO_carro_1000: Calculando distâncias com Haversine direto (SEM routing API)
      Original: 155 pontos → 1.4242 km (Haversine)
      Offset:   155 pontos → 2.7165 km (Haversine)

🚙 Veículo: SUMO_carro_1000
   Modelo: HBEFA4/PC_petrol_Euro-6ab
   Segmentos: 155
   📏 Distância: 1.424 km (city: 1.424, highway: 0.000)
   ⛽ Combustível: 10.127 l
   🏭 CO2 real: 23393.7 g
   🎯 CO2 meta: 274.2 g
   📊 Delta: -23119.5 g
   💰 Valor E1: R$ -1.1560
   🧭 Tentativas map matching: 157

   🔑 OFFSET DETERMINÍSTICO (x=0.014361115846528718°, y=-0.00026648102109929034°, max=2.0km):
   📍 Start Original:  (40.775644, -73.960687)
   🔒 Start Protegido: (40.790557, -73.960478) ✓ 1.60 km | ✓ MAP MATCHED
   📏 Deslocamento final: 1660.3 metros
   📍 End Original:    (40.775671, -73.960433)
   🔒 End Protegido:   (40.790462, -73.960301) ✓ 1.60 km | ✓ MAP MATCHED
   📏 Deslocamento final: 1646.6 metros

   📐 ANÁLISE DE DISTÂNCIA DO TRAJETO (HAVERSINE DOS PONTOS ARMAZENADOS):
   ✨ 105 pontos privados duplicados foram separados para garantir visualização 1:1.
   ℹ️  Dica: use --debug-map-matching para ver tentativas detalhadas de re-snap.
   🔢 Pontos unicos original/offset: 155/50 (Δ -105, -67.7% )
   📍 Trajeto original: 1.424 km (linha reta entre pontos GPS)
   🔒 Trajeto com offset: 2.716 km (linha reta entre pontos COM snap)
   📊 Diferença: +1.292 km (+90.7%)

======================================================================
📊 ESTATÍSTICAS FINAIS
======================================================================
Viagens processadas: 1
Distância total: 1.42 km
Combustível total: 10.13 l
CO2 real total: 23393.7 g
CO2 meta total: 274.2 g
Delta CO2: -23119.5 g
Valor E1 total: R$ -1.16

💰 Créditos: R$ 0.00
💸 Débitos: R$ 1.16
📈 Saldo líquido: R$ -1.16

🗺️  MAP MATCHING:
   Pontos processados: 155
   Snaps tentados: 155 (100.0%)
   Snaps bem-sucedidos: 155 (100.0%)
   Snaps forçados (>100m): 155 (100.0%)
   ✅ TODOS os pontos estão em ruas (FORCE_SNAP=True)
======================================================================

💾 Dados agregados salvos em: ../data/offset_batch/vehicles_step_sim_8/run_030.csv
[csv-worker_8] [vehicles_step_sim_8] ===== LOG RUN 030 FIM =====

[csv-worker_8] [vehicles_step_sim_8] ===== LOG RUN 031 INICIO =====
======================================================================
🚗 PROCESSAMENTO SUMO → E1 REGISTRY (OFFSET ALEATÓRIO - veh0)
======================================================================
📄 Entrada: ../data/vehicles_step_sim_8.csv
🏭 Consumo fabricante: 12.0 km/l
💰 Preço carbono: R$ 50.0/ton
⭕ Raio máximo do offset aleatório: 2.0 km
🎲 Offset gerado aleatoriamente:
   Ângulo: 4.7°
   Distância: 0.2307 km
   offset_x (lat): 0.002066°  |  offset_y (lon): 0.000171°
📊 Row stepping: Processando todas as linhas
🗺️  Map matching: ATIVADO (raio 1500m) - pontos snapped para ruas
📐 Cálculo de distância: HAVERSINE PURO dos pontos COM snap (consistência)
======================================================================

📊 Carregando dados SUMO...
   Total de registros no arquivo: 299
   Veículos únicos: 1
   🚙 Vehicle selecionado: carro_1000

🔄 Agregando viagens por vehicle_id...
  📐 SUMO_carro_1000: Calculando distâncias com Haversine direto (SEM routing API)
      Original: 222 pontos → 1.9688 km (Haversine)
      Offset:   222 pontos → 2.2490 km (Haversine)

🚙 Veículo: SUMO_carro_1000
   Modelo: HBEFA4/PC_petrol_Euro-6ab
   Segmentos: 222
   📏 Distância: 1.973 km (city: 1.973, highway: 0.000)
   ⛽ Combustível: 24.219 l
   🏭 CO2 real: 55946.2 g
   🎯 CO2 meta: 379.8 g
   📊 Delta: -55566.4 g
   💰 Valor E1: R$ -2.7783
   🧭 Tentativas map matching: 224

   🔑 OFFSET DETERMINÍSTICO (x=0.007730171244710097°, y=0.01542329892140994°, max=2.0km):
   📍 Start Original:  (40.775644, -73.960687)
   🔒 Start Protegido: (40.783439, -73.945170) ✓ 1.56 km | ✓ MAP MATCHED
   📏 Deslocamento final: 1569.8 metros
   📍 End Original:    (40.772651, -73.962544)
   🔒 End Protegido:   (40.780217, -73.946923) ✓ 1.56 km | ✓ MAP MATCHED
   📏 Deslocamento final: 1563.2 metros

   📐 ANÁLISE DE DISTÂNCIA DO TRAJETO (HAVERSINE DOS PONTOS ARMAZENADOS):
   ✨ 169 pontos privados duplicados foram separados para garantir visualização 1:1.
   ℹ️  Dica: use --debug-map-matching para ver tentativas detalhadas de re-snap.
   🔢 Pontos unicos original/offset: 221/53 (Δ -168, -76.0% )
   📍 Trajeto original: 1.969 km (linha reta entre pontos GPS)
   🔒 Trajeto com offset: 2.249 km (linha reta entre pontos COM snap)
   📊 Diferença: +0.280 km (+14.2%)

======================================================================
📊 ESTATÍSTICAS FINAIS
======================================================================
Viagens processadas: 1
Distância total: 1.97 km
Combustível total: 24.22 l
CO2 real total: 55946.2 g
CO2 meta total: 379.8 g
Delta CO2: -55566.4 g
Valor E1 total: R$ -2.78

💰 Créditos: R$ 0.00
💸 Débitos: R$ 2.78
📈 Saldo líquido: R$ -2.78

🗺️  MAP MATCHING:
   Pontos processados: 222
   Snaps tentados: 222 (100.0%)
   Snaps bem-sucedidos: 222 (100.0%)
   Snaps forçados (>100m): 222 (100.0%)
   ✅ TODOS os pontos estão em ruas (FORCE_SNAP=True)
======================================================================

💾 Dados agregados salvos em: ../data/offset_batch/vehicles_step_sim_8/run_031.csv
[csv-worker_8] [vehicles_step_sim_8] ===== LOG RUN 031 FIM =====

[csv-worker_8] [vehicles_step_sim_8] ===== LOG RUN 032 INICIO =====
======================================================================
🚗 PROCESSAMENTO SUMO → E1 REGISTRY (OFFSET ALEATÓRIO - veh0)
======================================================================
📄 Entrada: ../data/vehicles_step_sim_8.csv
🏭 Consumo fabricante: 12.0 km/l
💰 Preço carbono: R$ 50.0/ton
⭕ Raio máximo do offset aleatório: 2.0 km
🎲 Offset gerado aleatoriamente:
   Ângulo: 244.0°
   Distância: 1.3721 km
   offset_x (lat): -0.005394°  |  offset_y (lon): -0.011083°
📊 Row stepping: Processando todas as linhas
🗺️  Map matching: ATIVADO (raio 1500m) - pontos snapped para ruas
📐 Cálculo de distância: HAVERSINE PURO dos pontos COM snap (consistência)
======================================================================

📊 Carregando dados SUMO...
   Total de registros no arquivo: 299
   Veículos únicos: 1
   🚙 Vehicle selecionado: carro_1000

🔄 Agregando viagens por vehicle_id...
  📐 SUMO_carro_1000: Calculando distâncias com Haversine direto (SEM routing API)
      Original: 131 pontos → 1.4055 km (Haversine)
      Offset:   131 pontos → 1.9441 km (Haversine)

🚙 Veículo: SUMO_carro_1000
   Modelo: HBEFA4/PC_petrol_Euro-6ab
   Segmentos: 131
   📏 Distância: 1.410 km (city: 1.410, highway: 0.000)
   ⛽ Combustível: 12.456 l
   🏭 CO2 real: 28774.3 g
   🎯 CO2 meta: 271.4 g
   📊 Delta: -28502.9 g
   💰 Valor E1: R$ -1.4251
   🧭 Tentativas map matching: 133

   🔑 OFFSET DETERMINÍSTICO (x=0.009245559591377092°, y=-0.002047079278938841°, max=2.0km):
   📍 Start Original:  (40.775644, -73.960687)
   🔒 Start Protegido: (40.783349, -73.964082) ✓ 1.04 km | ✓ MAP MATCHED
   📏 Deslocamento final: 904.3 metros
   📍 End Original:    (40.772974, -73.962198)
   🔒 End Protegido:   (40.782395, -73.963510) ✓ 1.04 km | ✓ MAP MATCHED
   📏 Deslocamento final: 1054.5 metros

   📐 ANÁLISE DE DISTÂNCIA DO TRAJETO (HAVERSINE DOS PONTOS ARMAZENADOS):
   ✨ 102 pontos privados duplicados foram separados para garantir visualização 1:1.
   ℹ️  Dica: use --debug-map-matching para ver tentativas detalhadas de re-snap.
   🔢 Pontos unicos original/offset: 130/29 (Δ -101, -77.7% )
   📍 Trajeto original: 1.405 km (linha reta entre pontos GPS)
   🔒 Trajeto com offset: 1.944 km (linha reta entre pontos COM snap)
   📊 Diferença: +0.539 km (+38.3%)

======================================================================
📊 ESTATÍSTICAS FINAIS
======================================================================
Viagens processadas: 1
Distância total: 1.41 km
Combustível total: 12.46 l
CO2 real total: 28774.3 g
CO2 meta total: 271.4 g
Delta CO2: -28502.9 g
Valor E1 total: R$ -1.43

💰 Créditos: R$ 0.00
💸 Débitos: R$ 1.43
📈 Saldo líquido: R$ -1.43

🗺️  MAP MATCHING:
   Pontos processados: 131
   Snaps tentados: 131 (100.0%)
   Snaps bem-sucedidos: 131 (100.0%)
   Snaps forçados (>100m): 131 (100.0%)
   ✅ TODOS os pontos estão em ruas (FORCE_SNAP=True)
======================================================================

💾 Dados agregados salvos em: ../data/offset_batch/vehicles_step_sim_8/run_032.csv
[csv-worker_8] [vehicles_step_sim_8] ===== LOG RUN 032 FIM =====

[csv-worker_8] [vehicles_step_sim_8] ===== LOG RUN 033 INICIO =====
======================================================================
🚗 PROCESSAMENTO SUMO → E1 REGISTRY (OFFSET ALEATÓRIO - veh0)
======================================================================
📄 Entrada: ../data/vehicles_step_sim_8.csv
🏭 Consumo fabricante: 12.0 km/l
💰 Preço carbono: R$ 50.0/ton
⭕ Raio máximo do offset aleatório: 2.0 km
🎲 Offset gerado aleatoriamente:
   Ângulo: 100.0°
   Distância: 1.7823 km
   offset_x (lat): -0.002770°  |  offset_y (lon): 0.015769°
📊 Row stepping: Processando todas as linhas
🗺️  Map matching: ATIVADO (raio 1500m) - pontos snapped para ruas
📐 Cálculo de distância: HAVERSINE PURO dos pontos COM snap (consistência)
======================================================================

📊 Carregando dados SUMO...
   Total de registros no arquivo: 299
   Veículos únicos: 1
   🚙 Vehicle selecionado: carro_1000

🔄 Agregando viagens por vehicle_id...
  📐 SUMO_carro_1000: Calculando distâncias com Haversine direto (SEM routing API)
      Original: 155 pontos → 1.4242 km (Haversine)
      Offset:   155 pontos → 1.6566 km (Haversine)

🚙 Veículo: SUMO_carro_1000
   Modelo: HBEFA4/PC_petrol_Euro-6ab
   Segmentos: 155
   📏 Distância: 1.424 km (city: 1.424, highway: 0.000)
   ⛽ Combustível: 10.127 l
   🏭 CO2 real: 23393.7 g
   🎯 CO2 meta: 274.2 g
   📊 Delta: -23119.5 g
   💰 Valor E1: R$ -1.1560
   🧭 Tentativas map matching: 157

   🔑 OFFSET DETERMINÍSTICO (x=0.005020071295902716°, y=0.014531618411962906°, max=2.0km):
   📍 Start Original:  (40.775644, -73.960687)
   🔒 Start Protegido: (40.780565, -73.946250) ✓ 1.35 km | ✓ MAP MATCHED
   📏 Deslocamento final: 1334.6 metros
   📍 End Original:    (40.775671, -73.960433)
   🔒 End Protegido:   (40.780565, -73.946250) ✓ 1.35 km | ✓ MAP MATCHED
   📏 Deslocamento final: 1313.9 metros

   📐 ANÁLISE DE DISTÂNCIA DO TRAJETO (HAVERSINE DOS PONTOS ARMAZENADOS):
   ✨ 127 pontos privados duplicados foram separados para garantir visualização 1:1.
   ℹ️  Dica: use --debug-map-matching para ver tentativas detalhadas de re-snap.
   🔢 Pontos unicos original/offset: 155/28 (Δ -127, -81.9% )
   📍 Trajeto original: 1.424 km (linha reta entre pontos GPS)
   🔒 Trajeto com offset: 1.657 km (linha reta entre pontos COM snap)
   📊 Diferença: +0.232 km (+16.3%)

======================================================================
📊 ESTATÍSTICAS FINAIS
======================================================================
Viagens processadas: 1
Distância total: 1.42 km
Combustível total: 10.13 l
CO2 real total: 23393.7 g
CO2 meta total: 274.2 g
Delta CO2: -23119.5 g
Valor E1 total: R$ -1.16

💰 Créditos: R$ 0.00
💸 Débitos: R$ 1.16
📈 Saldo líquido: R$ -1.16

🗺️  MAP MATCHING:
   Pontos processados: 155
   Snaps tentados: 155 (100.0%)
   Snaps bem-sucedidos: 155 (100.0%)
   Snaps forçados (>100m): 155 (100.0%)
   ✅ TODOS os pontos estão em ruas (FORCE_SNAP=True)
======================================================================

💾 Dados agregados salvos em: ../data/offset_batch/vehicles_step_sim_8/run_033.csv
[csv-worker_8] [vehicles_step_sim_8] ===== LOG RUN 033 FIM =====

[csv-worker_8] [vehicles_step_sim_8] ===== LOG RUN 034 INICIO =====
======================================================================
🚗 PROCESSAMENTO SUMO → E1 REGISTRY (OFFSET ALEATÓRIO - veh0)
======================================================================
📄 Entrada: ../data/vehicles_step_sim_8.csv
🏭 Consumo fabricante: 12.0 km/l
💰 Preço carbono: R$ 50.0/ton
⭕ Raio máximo do offset aleatório: 2.0 km
🎲 Offset gerado aleatoriamente:
   Ângulo: 173.0°
   Distância: 1.5071 km
   offset_x (lat): -0.013437°  |  offset_y (lon): 0.001654°
📊 Row stepping: Processando todas as linhas
🗺️  Map matching: ATIVADO (raio 1500m) - pontos snapped para ruas
📐 Cálculo de distância: HAVERSINE PURO dos pontos COM snap (consistência)
======================================================================

📊 Carregando dados SUMO...
   Total de registros no arquivo: 299
   Veículos únicos: 1
   🚙 Vehicle selecionado: carro_1000

🔄 Agregando viagens por vehicle_id...
  📐 SUMO_carro_1000: Calculando distâncias com Haversine direto (SEM routing API)
      Original: 155 pontos → 1.4242 km (Haversine)
      Offset:   155 pontos → 1.7134 km (Haversine)

🚙 Veículo: SUMO_carro_1000
   Modelo: HBEFA4/PC_petrol_Euro-6ab
   Segmentos: 155
   📏 Distância: 1.424 km (city: 1.424, highway: 0.000)
   ⛽ Combustível: 10.127 l
   🏭 CO2 real: 23393.7 g
   🎯 CO2 meta: 274.2 g
   📊 Delta: -23119.5 g
   💰 Valor E1: R$ -1.1560
   🧭 Tentativas map matching: 157

   🔑 OFFSET DETERMINÍSTICO (x=-0.007338439091091001°, y=-0.0004944413177109218°, max=2.0km):
   📍 Start Original:  (40.775644, -73.960687)
   🔒 Start Protegido: (40.768381, -73.961437) ✓ 0.82 km | ✓ MAP MATCHED
   📏 Deslocamento final: 810.9 metros
   📍 End Original:    (40.775671, -73.960433)
   🔒 End Protegido:   (40.768064, -73.960673) ✓ 0.82 km | ✓ MAP MATCHED
   📏 Deslocamento final: 847.1 metros

   📐 ANÁLISE DE DISTÂNCIA DO TRAJETO (HAVERSINE DOS PONTOS ARMAZENADOS):
   ✨ 130 pontos privados duplicados foram separados para garantir visualização 1:1.
   ℹ️  Dica: use --debug-map-matching para ver tentativas detalhadas de re-snap.
   🔢 Pontos unicos original/offset: 155/25 (Δ -130, -83.9% )
   📍 Trajeto original: 1.424 km (linha reta entre pontos GPS)
   🔒 Trajeto com offset: 1.713 km (linha reta entre pontos COM snap)
   📊 Diferença: +0.289 km (+20.3%)

======================================================================
📊 ESTATÍSTICAS FINAIS
======================================================================
Viagens processadas: 1
Distância total: 1.42 km
Combustível total: 10.13 l
CO2 real total: 23393.7 g
CO2 meta total: 274.2 g
Delta CO2: -23119.5 g
Valor E1 total: R$ -1.16

💰 Créditos: R$ 0.00
💸 Débitos: R$ 1.16
📈 Saldo líquido: R$ -1.16

🗺️  MAP MATCHING:
   Pontos processados: 155
   Snaps tentados: 155 (100.0%)
   Snaps bem-sucedidos: 155 (100.0%)
   Snaps forçados (>100m): 155 (100.0%)
   ✅ TODOS os pontos estão em ruas (FORCE_SNAP=True)
======================================================================

💾 Dados agregados salvos em: ../data/offset_batch/vehicles_step_sim_8/run_034.csv
[csv-worker_8] [vehicles_step_sim_8] ===== LOG RUN 034 FIM =====

[csv-worker_8] [vehicles_step_sim_8] ===== LOG RUN 035 INICIO =====
======================================================================
🚗 PROCESSAMENTO SUMO → E1 REGISTRY (OFFSET ALEATÓRIO - veh0)
======================================================================
📄 Entrada: ../data/vehicles_step_sim_8.csv
🏭 Consumo fabricante: 12.0 km/l
💰 Preço carbono: R$ 50.0/ton
⭕ Raio máximo do offset aleatório: 2.0 km
🎲 Offset gerado aleatoriamente:
   Ângulo: 352.1°
   Distância: 1.2885 km
   offset_x (lat): 0.011464°  |  offset_y (lon): -0.001598°
📊 Row stepping: Processando todas as linhas
🗺️  Map matching: ATIVADO (raio 1500m) - pontos snapped para ruas
📐 Cálculo de distância: HAVERSINE PURO dos pontos COM snap (consistência)
======================================================================

📊 Carregando dados SUMO...
   Total de registros no arquivo: 299
   Veículos únicos: 1
   🚙 Vehicle selecionado: carro_1000

🔄 Agregando viagens por vehicle_id...
  📐 SUMO_carro_1000: Calculando distâncias com Haversine direto (SEM routing API)
      Original: 222 pontos → 1.9688 km (Haversine)
      Offset:   222 pontos → 2.5167 km (Haversine)

🚙 Veículo: SUMO_carro_1000
   Modelo: HBEFA4/PC_petrol_Euro-6ab
   Segmentos: 222
   📏 Distância: 1.973 km (city: 1.973, highway: 0.000)
   ⛽ Combustível: 24.219 l
   🏭 CO2 real: 55946.2 g
   🎯 CO2 meta: 379.8 g
   📊 Delta: -55566.4 g
   💰 Valor E1: R$ -2.7783
   🧭 Tentativas map matching: 224

   🔑 OFFSET DETERMINÍSTICO (x=-0.008924083748522067°, y=0.0038340954357281073°, max=2.0km):
   📍 Start Original:  (40.775644, -73.960687)
   🔒 Start Protegido: (40.766733, -73.956767) ✓ 1.04 km | ✓ MAP MATCHED
   📏 Deslocamento final: 1045.5 metros
   📍 End Original:    (40.772651, -73.962544)
   🔒 End Protegido:   (40.763843, -73.958880) ✓ 1.04 km | ✓ MAP MATCHED
   📏 Deslocamento final: 1028.1 metros

   📐 ANÁLISE DE DISTÂNCIA DO TRAJETO (HAVERSINE DOS PONTOS ARMAZENADOS):
   ✨ 196 pontos privados duplicados foram separados para garantir visualização 1:1.
   ℹ️  Dica: use --debug-map-matching para ver tentativas detalhadas de re-snap.
   🔢 Pontos unicos original/offset: 221/26 (Δ -195, -88.2% )
   📍 Trajeto original: 1.969 km (linha reta entre pontos GPS)
   🔒 Trajeto com offset: 2.517 km (linha reta entre pontos COM snap)
   📊 Diferença: +0.548 km (+27.8%)

======================================================================
📊 ESTATÍSTICAS FINAIS
======================================================================
Viagens processadas: 1
Distância total: 1.97 km
Combustível total: 24.22 l
CO2 real total: 55946.2 g
CO2 meta total: 379.8 g
Delta CO2: -55566.4 g
Valor E1 total: R$ -2.78

💰 Créditos: R$ 0.00
💸 Débitos: R$ 2.78
📈 Saldo líquido: R$ -2.78

🗺️  MAP MATCHING:
   Pontos processados: 222
   Snaps tentados: 222 (100.0%)
   Snaps bem-sucedidos: 222 (100.0%)
   Snaps forçados (>100m): 222 (100.0%)
   ✅ TODOS os pontos estão em ruas (FORCE_SNAP=True)
======================================================================

💾 Dados agregados salvos em: ../data/offset_batch/vehicles_step_sim_8/run_035.csv
[csv-worker_8] [vehicles_step_sim_8] ===== LOG RUN 035 FIM =====

[csv-worker_8] [vehicles_step_sim_8] ===== LOG RUN 036 INICIO =====
======================================================================
🚗 PROCESSAMENTO SUMO → E1 REGISTRY (OFFSET ALEATÓRIO - veh0)
======================================================================
📄 Entrada: ../data/vehicles_step_sim_8.csv
🏭 Consumo fabricante: 12.0 km/l
💰 Preço carbono: R$ 50.0/ton
⭕ Raio máximo do offset aleatório: 2.0 km
🎲 Offset gerado aleatoriamente:
   Ângulo: 140.2°
   Distância: 0.8537 km
   offset_x (lat): -0.005894°  |  offset_y (lon): 0.004906°
📊 Row stepping: Processando todas as linhas
🗺️  Map matching: ATIVADO (raio 1500m) - pontos snapped para ruas
📐 Cálculo de distância: HAVERSINE PURO dos pontos COM snap (consistência)
======================================================================

📊 Carregando dados SUMO...
   Total de registros no arquivo: 299
   Veículos únicos: 1
   🚙 Vehicle selecionado: carro_1000

🔄 Agregando viagens por vehicle_id...
  📐 SUMO_carro_1000: Calculando distâncias com Haversine direto (SEM routing API)
      Original: 337 pontos → 3.3706 km (Haversine)
      Offset:   337 pontos → 3.5420 km (Haversine)

🚙 Veículo: SUMO_carro_1000
   Modelo: HBEFA4/PC_petrol_Euro-6ab
   Segmentos: 337
   📏 Distância: 3.379 km (city: 3.069, highway: 0.310)
   ⛽ Combustível: 58.616 l
   🏭 CO2 real: 135402.3 g
   🎯 CO2 meta: 650.5 g
   📊 Delta: -134751.8 g
   💰 Valor E1: R$ -6.7376
   🧭 Tentativas map matching: 339

   🔑 OFFSET DETERMINÍSTICO (x=-0.00815446000693595°, y=-0.001673190172144862°, max=2.0km):
   📍 Start Original:  (40.775644, -73.960687)
   🔒 Start Protegido: (40.767354, -73.962350) ✓ 0.92 km | ✓ MAP MATCHED
   📏 Deslocamento final: 933.3 metros
   📍 End Original:    (40.774801, -73.960637)
   🔒 End Protegido:   (40.766496, -73.962798) ✓ 0.92 km | ✓ MAP MATCHED
   📏 Deslocamento final: 942.4 metros

   📐 ANÁLISE DE DISTÂNCIA DO TRAJETO (HAVERSINE DOS PONTOS ARMAZENADOS):
   ✨ 271 pontos privados duplicados foram separados para garantir visualização 1:1.
   ℹ️  Dica: use --debug-map-matching para ver tentativas detalhadas de re-snap.
   🔢 Pontos unicos original/offset: 337/66 (Δ -271, -80.4% )
   📍 Trajeto original: 3.371 km (linha reta entre pontos GPS)
   🔒 Trajeto com offset: 3.542 km (linha reta entre pontos COM snap)
   📊 Diferença: +0.171 km (+5.1%)

======================================================================
📊 ESTATÍSTICAS FINAIS
======================================================================
Viagens processadas: 1
Distância total: 3.38 km
Combustível total: 58.62 l
CO2 real total: 135402.3 g
CO2 meta total: 650.5 g
Delta CO2: -134751.8 g
Valor E1 total: R$ -6.74

💰 Créditos: R$ 0.00
💸 Débitos: R$ 6.74
📈 Saldo líquido: R$ -6.74

🗺️  MAP MATCHING:
   Pontos processados: 337
   Snaps tentados: 337 (100.0%)
   Snaps bem-sucedidos: 337 (100.0%)
   Snaps forçados (>100m): 337 (100.0%)
   ✅ TODOS os pontos estão em ruas (FORCE_SNAP=True)
======================================================================

💾 Dados agregados salvos em: ../data/offset_batch/vehicles_step_sim_8/run_036.csv
[csv-worker_8] [vehicles_step_sim_8] ===== LOG RUN 036 FIM =====

[csv-worker_8] [vehicles_step_sim_8] ===== LOG RUN 037 INICIO =====
======================================================================
🚗 PROCESSAMENTO SUMO → E1 REGISTRY (OFFSET ALEATÓRIO - veh0)
======================================================================
📄 Entrada: ../data/vehicles_step_sim_8.csv
🏭 Consumo fabricante: 12.0 km/l
💰 Preço carbono: R$ 50.0/ton
⭕ Raio máximo do offset aleatório: 2.0 km
🎲 Offset gerado aleatoriamente:
   Ângulo: 136.4°
   Distância: 1.8926 km
   offset_x (lat): -0.012307°  |  offset_y (lon): 0.011730°
📊 Row stepping: Processando todas as linhas
🗺️  Map matching: ATIVADO (raio 1500m) - pontos snapped para ruas
📐 Cálculo de distância: HAVERSINE PURO dos pontos COM snap (consistência)
======================================================================

📊 Carregando dados SUMO...
   Total de registros no arquivo: 299
   Veículos únicos: 1
   🚙 Vehicle selecionado: carro_1000

🔄 Agregando viagens por vehicle_id...
  📐 SUMO_carro_1000: Calculando distâncias com Haversine direto (SEM routing API)
      Original: 312 pontos → 3.1845 km (Haversine)
      Offset:   312 pontos → 3.7883 km (Haversine)

🚙 Veículo: SUMO_carro_1000
   Modelo: HBEFA4/PC_petrol_Euro-6ab
   Segmentos: 312
   📏 Distância: 3.190 km (city: 2.602, highway: 0.587)
   ⛽ Combustível: 54.577 l
   🏭 CO2 real: 126071.8 g
   🎯 CO2 meta: 614.1 g
   📊 Delta: -125457.8 g
   💰 Valor E1: R$ -6.2729
   🧭 Tentativas map matching: 314

   🔑 OFFSET DETERMINÍSTICO (x=0.006274837622894969°, y=0.01605513449544001°, max=2.0km):
   📍 Start Original:  (40.775644, -73.960687)
   🔒 Start Protegido: (40.781942, -73.944481) ✓ 1.52 km | ✓ MAP MATCHED
   📏 Deslocamento final: 1535.6 metros
   📍 End Original:    (40.771637, -73.963520)
   🔒 End Protegido:   (40.778120, -73.948289) ✓ 1.52 km | ✓ MAP MATCHED
   📏 Deslocamento final: 1473.0 metros

   📐 ANÁLISE DE DISTÂNCIA DO TRAJETO (HAVERSINE DOS PONTOS ARMAZENADOS):
   ✨ 266 pontos privados duplicados foram separados para garantir visualização 1:1.
   ℹ️  Dica: use --debug-map-matching para ver tentativas detalhadas de re-snap.
   🔢 Pontos unicos original/offset: 312/46 (Δ -266, -85.3% )
   📍 Trajeto original: 3.185 km (linha reta entre pontos GPS)
   🔒 Trajeto com offset: 3.788 km (linha reta entre pontos COM snap)
   📊 Diferença: +0.604 km (+19.0%)

======================================================================
📊 ESTATÍSTICAS FINAIS
======================================================================
Viagens processadas: 1
Distância total: 3.19 km
Combustível total: 54.58 l
CO2 real total: 126071.8 g
CO2 meta total: 614.1 g
Delta CO2: -125457.8 g
Valor E1 total: R$ -6.27

💰 Créditos: R$ 0.00
💸 Débitos: R$ 6.27
📈 Saldo líquido: R$ -6.27

🗺️  MAP MATCHING:
   Pontos processados: 312
   Snaps tentados: 312 (100.0%)
   Snaps bem-sucedidos: 312 (100.0%)
   Snaps forçados (>100m): 312 (100.0%)
   ✅ TODOS os pontos estão em ruas (FORCE_SNAP=True)
======================================================================

💾 Dados agregados salvos em: ../data/offset_batch/vehicles_step_sim_8/run_037.csv
[csv-worker_8] [vehicles_step_sim_8] ===== LOG RUN 037 FIM =====

[csv-worker_8] [vehicles_step_sim_8] ===== LOG RUN 038 INICIO =====
======================================================================
🚗 PROCESSAMENTO SUMO → E1 REGISTRY (OFFSET ALEATÓRIO - veh0)
======================================================================
📄 Entrada: ../data/vehicles_step_sim_8.csv
🏭 Consumo fabricante: 12.0 km/l
💰 Preço carbono: R$ 50.0/ton
⭕ Raio máximo do offset aleatório: 2.0 km
🎲 Offset gerado aleatoriamente:
   Ângulo: 270.0°
   Distância: 1.1524 km
   offset_x (lat): 0.000004°  |  offset_y (lon): -0.010352°
📊 Row stepping: Processando todas as linhas
🗺️  Map matching: ATIVADO (raio 1500m) - pontos snapped para ruas
📐 Cálculo de distância: HAVERSINE PURO dos pontos COM snap (consistência)
======================================================================

📊 Carregando dados SUMO...
   Total de registros no arquivo: 299
   Veículos únicos: 1
   🚙 Vehicle selecionado: carro_1000

🔄 Agregando viagens por vehicle_id...
  📐 SUMO_carro_1000: Calculando distâncias com Haversine direto (SEM routing API)
      Original: 337 pontos → 3.3706 km (Haversine)
      Offset:   337 pontos → 3.4510 km (Haversine)

🚙 Veículo: SUMO_carro_1000
   Modelo: HBEFA4/PC_petrol_Euro-6ab
   Segmentos: 337
   📏 Distância: 3.379 km (city: 3.069, highway: 0.310)
   ⛽ Combustível: 58.616 l
   🏭 CO2 real: 135402.3 g
   🎯 CO2 meta: 650.5 g
   📊 Delta: -134751.8 g
   💰 Valor E1: R$ -6.7376
   🧭 Tentativas map matching: 339

   🔑 OFFSET DETERMINÍSTICO (x=-0.002407324619606008°, y=-0.015563982523997683°, max=2.0km):
   📍 Start Original:  (40.775644, -73.960687)
   🔒 Start Protegido: (40.773722, -73.977790) ✓ 1.34 km | ✓ MAP MATCHED
   📏 Deslocamento final: 1457.5 metros
   📍 End Original:    (40.774801, -73.960637)
   🔒 End Protegido:   (40.771385, -73.977174) ✓ 1.34 km | ✓ MAP MATCHED
   📏 Deslocamento final: 1445.0 metros

   📐 ANÁLISE DE DISTÂNCIA DO TRAJETO (HAVERSINE DOS PONTOS ARMAZENADOS):
   ✨ 307 pontos privados duplicados foram separados para garantir visualização 1:1.
   ℹ️  Dica: use --debug-map-matching para ver tentativas detalhadas de re-snap.
   🔢 Pontos unicos original/offset: 337/30 (Δ -307, -91.1% )
   📍 Trajeto original: 3.371 km (linha reta entre pontos GPS)
   🔒 Trajeto com offset: 3.451 km (linha reta entre pontos COM snap)
   📊 Diferença: +0.080 km (+2.4%)

======================================================================
📊 ESTATÍSTICAS FINAIS
======================================================================
Viagens processadas: 1
Distância total: 3.38 km
Combustível total: 58.62 l
CO2 real total: 135402.3 g
CO2 meta total: 650.5 g
Delta CO2: -134751.8 g
Valor E1 total: R$ -6.74

💰 Créditos: R$ 0.00
💸 Débitos: R$ 6.74
📈 Saldo líquido: R$ -6.74

🗺️  MAP MATCHING:
   Pontos processados: 337
   Snaps tentados: 337 (100.0%)
   Snaps bem-sucedidos: 337 (100.0%)
   Snaps forçados (>100m): 337 (100.0%)
   ✅ TODOS os pontos estão em ruas (FORCE_SNAP=True)
======================================================================

💾 Dados agregados salvos em: ../data/offset_batch/vehicles_step_sim_8/run_038.csv
[csv-worker_8] [vehicles_step_sim_8] ===== LOG RUN 038 FIM =====

[csv-worker_8] [vehicles_step_sim_8] ===== LOG RUN 039 INICIO =====
======================================================================
🚗 PROCESSAMENTO SUMO → E1 REGISTRY (OFFSET ALEATÓRIO - veh0)
======================================================================
📄 Entrada: ../data/vehicles_step_sim_8.csv
🏭 Consumo fabricante: 12.0 km/l
💰 Preço carbono: R$ 50.0/ton
⭕ Raio máximo do offset aleatório: 2.0 km
🎲 Offset gerado aleatoriamente:
   Ângulo: 67.8°
   Distância: 1.9347 km
   offset_x (lat): 0.006568°  |  offset_y (lon): 0.016091°
📊 Row stepping: Processando todas as linhas
🗺️  Map matching: ATIVADO (raio 1500m) - pontos snapped para ruas
📐 Cálculo de distância: HAVERSINE PURO dos pontos COM snap (consistência)
======================================================================

📊 Carregando dados SUMO...
   Total de registros no arquivo: 299
   Veículos únicos: 1
   🚙 Vehicle selecionado: carro_1000

🔄 Agregando viagens por vehicle_id...
  📐 SUMO_carro_1000: Calculando distâncias com Haversine direto (SEM routing API)
      Original: 312 pontos → 3.1845 km (Haversine)
      Offset:   312 pontos → 3.7562 km (Haversine)

🚙 Veículo: SUMO_carro_1000
   Modelo: HBEFA4/PC_petrol_Euro-6ab
   Segmentos: 312
   📏 Distância: 3.190 km (city: 2.602, highway: 0.587)
   ⛽ Combustível: 54.577 l
   🏭 CO2 real: 126071.8 g
   🎯 CO2 meta: 614.1 g
   📊 Delta: -125457.8 g
   💰 Valor E1: R$ -6.2729
   🧭 Tentativas map matching: 314

   🔑 OFFSET DETERMINÍSTICO (x=-0.009834458035031085°, y=-0.0033318497923631803°, max=2.0km):
   📍 Start Original:  (40.775644, -73.960687)
   🔒 Start Protegido: (40.765807, -73.963481) ✓ 1.13 km | ✓ MAP MATCHED
   📏 Deslocamento final: 1120.1 metros
   📍 End Original:    (40.771637, -73.963520)
   🔒 End Protegido:   (40.761614, -73.966714) ✓ 1.13 km | ✓ MAP MATCHED
   📏 Deslocamento final: 1147.7 metros

   📐 ANÁLISE DE DISTÂNCIA DO TRAJETO (HAVERSINE DOS PONTOS ARMAZENADOS):
   ✨ 254 pontos privados duplicados foram separados para garantir visualização 1:1.
   ℹ️  Dica: use --debug-map-matching para ver tentativas detalhadas de re-snap.
   🔢 Pontos unicos original/offset: 312/58 (Δ -254, -81.4% )
   📍 Trajeto original: 3.185 km (linha reta entre pontos GPS)
   🔒 Trajeto com offset: 3.756 km (linha reta entre pontos COM snap)
   📊 Diferença: +0.572 km (+18.0%)

======================================================================
📊 ESTATÍSTICAS FINAIS
======================================================================
Viagens processadas: 1
Distância total: 3.19 km
Combustível total: 54.58 l
CO2 real total: 126071.8 g
CO2 meta total: 614.1 g
Delta CO2: -125457.8 g
Valor E1 total: R$ -6.27

💰 Créditos: R$ 0.00
💸 Débitos: R$ 6.27
📈 Saldo líquido: R$ -6.27

🗺️  MAP MATCHING:
   Pontos processados: 312
   Snaps tentados: 312 (100.0%)
   Snaps bem-sucedidos: 312 (100.0%)
   Snaps forçados (>100m): 312 (100.0%)
   ✅ TODOS os pontos estão em ruas (FORCE_SNAP=True)
======================================================================

💾 Dados agregados salvos em: ../data/offset_batch/vehicles_step_sim_8/run_039.csv
[csv-worker_8] [vehicles_step_sim_8] ===== LOG RUN 039 FIM =====

[csv-worker_8] [vehicles_step_sim_8] ===== LOG RUN 040 INICIO =====
======================================================================
🚗 PROCESSAMENTO SUMO → E1 REGISTRY (OFFSET ALEATÓRIO - veh0)
======================================================================
📄 Entrada: ../data/vehicles_step_sim_8.csv
🏭 Consumo fabricante: 12.0 km/l
💰 Preço carbono: R$ 50.0/ton
⭕ Raio máximo do offset aleatório: 2.0 km
🎲 Offset gerado aleatoriamente:
   Ângulo: 138.1°
   Distância: 0.9952 km
   offset_x (lat): -0.006652°  |  offset_y (lon): 0.005973°
📊 Row stepping: Processando todas as linhas
🗺️  Map matching: ATIVADO (raio 1500m) - pontos snapped para ruas
📐 Cálculo de distância: HAVERSINE PURO dos pontos COM snap (consistência)
======================================================================

📊 Carregando dados SUMO...
   Total de registros no arquivo: 299
   Veículos únicos: 1
   🚙 Vehicle selecionado: carro_1000

🔄 Agregando viagens por vehicle_id...
  📐 SUMO_carro_1000: Calculando distâncias com Haversine direto (SEM routing API)
      Original: 323 pontos → 2.9161 km (Haversine)
      Offset:   323 pontos → 3.0370 km (Haversine)

🚙 Veículo: SUMO_carro_1000
   Modelo: HBEFA4/PC_petrol_Euro-6ab
   Segmentos: 323
   📏 Distância: 2.926 km (city: 2.764, highway: 0.161)
   ⛽ Combustível: 54.094 l
   🏭 CO2 real: 124958.0 g
   🎯 CO2 meta: 563.2 g
   📊 Delta: -124394.9 g
   💰 Valor E1: R$ -6.2197
   🧭 Tentativas map matching: 325

   🔑 OFFSET DETERMINÍSTICO (x=0.01137369432583752°, y=0.01037887961567891°, max=2.0km):
   📍 Start Original:  (40.775644, -73.960687)
   🔒 Start Protegido: (40.787124, -73.950024) ✓ 1.54 km | ✓ MAP MATCHED
   📏 Deslocamento final: 1562.5 metros
   📍 End Original:    (40.774046, -73.961617)
   🔒 End Protegido:   (40.785445, -73.951247) ✓ 1.54 km | ✓ MAP MATCHED
   📏 Deslocamento final: 1541.0 metros

   📐 ANÁLISE DE DISTÂNCIA DO TRAJETO (HAVERSINE DOS PONTOS ARMAZENADOS):
   ✨ 268 pontos privados duplicados foram separados para garantir visualização 1:1.
   ℹ️  Dica: use --debug-map-matching para ver tentativas detalhadas de re-snap.
   🔢 Pontos unicos original/offset: 320/55 (Δ -265, -82.8% )
   📍 Trajeto original: 2.916 km (linha reta entre pontos GPS)
   🔒 Trajeto com offset: 3.037 km (linha reta entre pontos COM snap)
   📊 Diferença: +0.121 km (+4.1%)

======================================================================
📊 ESTATÍSTICAS FINAIS
======================================================================
Viagens processadas: 1
Distância total: 2.93 km
Combustível total: 54.09 l
CO2 real total: 124958.0 g
CO2 meta total: 563.2 g
Delta CO2: -124394.9 g
Valor E1 total: R$ -6.22

💰 Créditos: R$ 0.00
💸 Débitos: R$ 6.22
📈 Saldo líquido: R$ -6.22

🗺️  MAP MATCHING:
   Pontos processados: 323
   Snaps tentados: 323 (100.0%)
   Snaps bem-sucedidos: 323 (100.0%)
   Snaps forçados (>100m): 323 (100.0%)
   ✅ TODOS os pontos estão em ruas (FORCE_SNAP=True)
======================================================================

💾 Dados agregados salvos em: ../data/offset_batch/vehicles_step_sim_8/run_040.csv
[csv-worker_8] [vehicles_step_sim_8] ===== LOG RUN 040 FIM =====

[csv-worker_8] [vehicles_step_sim_8] ===== LOG RUN 041 INICIO =====
======================================================================
🚗 PROCESSAMENTO SUMO → E1 REGISTRY (OFFSET ALEATÓRIO - veh0)
======================================================================
📄 Entrada: ../data/vehicles_step_sim_8.csv
🏭 Consumo fabricante: 12.0 km/l
💰 Preço carbono: R$ 50.0/ton
⭕ Raio máximo do offset aleatório: 2.0 km
🎲 Offset gerado aleatoriamente:
   Ângulo: 199.5°
   Distância: 1.7146 km
   offset_x (lat): -0.014516°  |  offset_y (lon): -0.005148°
📊 Row stepping: Processando todas as linhas
🗺️  Map matching: ATIVADO (raio 1500m) - pontos snapped para ruas
📐 Cálculo de distância: HAVERSINE PURO dos pontos COM snap (consistência)
======================================================================

📊 Carregando dados SUMO...
   Total de registros no arquivo: 299
   Veículos únicos: 1
   🚙 Vehicle selecionado: carro_1000

🔄 Agregando viagens por vehicle_id...
  📐 SUMO_carro_1000: Calculando distâncias com Haversine direto (SEM routing API)
      Original: 155 pontos → 1.4242 km (Haversine)
      Offset:   155 pontos → 1.4015 km (Haversine)

🚙 Veículo: SUMO_carro_1000
   Modelo: HBEFA4/PC_petrol_Euro-6ab
   Segmentos: 155
   📏 Distância: 1.424 km (city: 1.424, highway: 0.000)
   ⛽ Combustível: 10.127 l
   🏭 CO2 real: 23393.7 g
   🎯 CO2 meta: 274.2 g
   📊 Delta: -23119.5 g
   💰 Valor E1: R$ -1.1560
   🧭 Tentativas map matching: 157

   🔑 OFFSET DETERMINÍSTICO (x=-0.008462135877702432°, y=-0.004516704429942017°, max=2.0km):
   📍 Start Original:  (40.775644, -73.960687)
   🔒 Start Protegido: (40.767360, -73.964812) ✓ 1.02 km | ✓ MAP MATCHED
   📏 Deslocamento final: 985.5 metros
   📍 End Original:    (40.775671, -73.960433)
   🔒 End Protegido:   (40.767360, -73.964812) ✓ 1.02 km | ✓ MAP MATCHED
   📏 Deslocamento final: 996.1 metros

   📐 ANÁLISE DE DISTÂNCIA DO TRAJETO (HAVERSINE DOS PONTOS ARMAZENADOS):
   ✨ 133 pontos privados duplicados foram separados para garantir visualização 1:1.
   ℹ️  Dica: use --debug-map-matching para ver tentativas detalhadas de re-snap.
   🔢 Pontos unicos original/offset: 155/22 (Δ -133, -85.8% )
   📍 Trajeto original: 1.424 km (linha reta entre pontos GPS)
   🔒 Trajeto com offset: 1.401 km (linha reta entre pontos COM snap)
   📊 Diferença: -0.023 km (-1.6%)

======================================================================
📊 ESTATÍSTICAS FINAIS
======================================================================
Viagens processadas: 1
Distância total: 1.42 km
Combustível total: 10.13 l
CO2 real total: 23393.7 g
CO2 meta total: 274.2 g
Delta CO2: -23119.5 g
Valor E1 total: R$ -1.16

💰 Créditos: R$ 0.00
💸 Débitos: R$ 1.16
📈 Saldo líquido: R$ -1.16

🗺️  MAP MATCHING:
   Pontos processados: 155
   Snaps tentados: 155 (100.0%)
   Snaps bem-sucedidos: 155 (100.0%)
   Snaps forçados (>100m): 155 (100.0%)
   ✅ TODOS os pontos estão em ruas (FORCE_SNAP=True)
======================================================================

💾 Dados agregados salvos em: ../data/offset_batch/vehicles_step_sim_8/run_041.csv
[csv-worker_8] [vehicles_step_sim_8] ===== LOG RUN 041 FIM =====

[csv-worker_8] [vehicles_step_sim_8] ===== LOG RUN 042 INICIO =====
======================================================================
🚗 PROCESSAMENTO SUMO → E1 REGISTRY (OFFSET ALEATÓRIO - veh0)
======================================================================
📄 Entrada: ../data/vehicles_step_sim_8.csv
🏭 Consumo fabricante: 12.0 km/l
💰 Preço carbono: R$ 50.0/ton
⭕ Raio máximo do offset aleatório: 2.0 km
🎲 Offset gerado aleatoriamente:
   Ângulo: 284.6°
   Distância: 1.3334 km
   offset_x (lat): 0.003011°  |  offset_y (lon): -0.011594°
📊 Row stepping: Processando todas as linhas
🗺️  Map matching: ATIVADO (raio 1500m) - pontos snapped para ruas
📐 Cálculo de distância: HAVERSINE PURO dos pontos COM snap (consistência)
======================================================================

📊 Carregando dados SUMO...
   Total de registros no arquivo: 299
   Veículos únicos: 1
   🚙 Vehicle selecionado: carro_1000

🔄 Agregando viagens por vehicle_id...
  📐 SUMO_carro_1000: Calculando distâncias com Haversine direto (SEM routing API)
      Original: 323 pontos → 2.9161 km (Haversine)
      Offset:   323 pontos → 2.1747 km (Haversine)

🚙 Veículo: SUMO_carro_1000
   Modelo: HBEFA4/PC_petrol_Euro-6ab
   Segmentos: 323
   📏 Distância: 2.926 km (city: 2.764, highway: 0.161)
   ⛽ Combustível: 54.094 l
   🏭 CO2 real: 124958.0 g
   🎯 CO2 meta: 563.2 g
   📊 Delta: -124394.9 g
   💰 Valor E1: R$ -6.2197
   🧭 Tentativas map matching: 325

   🔑 OFFSET DETERMINÍSTICO (x=0.012942645553649337°, y=0.0026849942720000362°, max=2.0km):
   📍 Start Original:  (40.775644, -73.960687)
   🔒 Start Protegido: (40.789389, -73.957177) ✓ 1.46 km | ✓ MAP MATCHED
   📏 Deslocamento final: 1558.5 metros
   📍 End Original:    (40.774046, -73.961617)
   🔒 End Protegido:   (40.786035, -73.957131) ✓ 1.46 km | ✓ MAP MATCHED
   📏 Deslocamento final: 1387.2 metros

   📐 ANÁLISE DE DISTÂNCIA DO TRAJETO (HAVERSINE DOS PONTOS ARMAZENADOS):
   ✨ 291 pontos privados duplicados foram separados para garantir visualização 1:1.
   ℹ️  Dica: use --debug-map-matching para ver tentativas detalhadas de re-snap.
   🔢 Pontos unicos original/offset: 320/32 (Δ -288, -90.0% )
   📍 Trajeto original: 2.916 km (linha reta entre pontos GPS)
   🔒 Trajeto com offset: 2.175 km (linha reta entre pontos COM snap)
   📊 Diferença: -0.741 km (-25.4%)

======================================================================
📊 ESTATÍSTICAS FINAIS
======================================================================
Viagens processadas: 1
Distância total: 2.93 km
Combustível total: 54.09 l
CO2 real total: 124958.0 g
CO2 meta total: 563.2 g
Delta CO2: -124394.9 g
Valor E1 total: R$ -6.22

💰 Créditos: R$ 0.00
💸 Débitos: R$ 6.22
📈 Saldo líquido: R$ -6.22

🗺️  MAP MATCHING:
   Pontos processados: 323
   Snaps tentados: 323 (100.0%)
   Snaps bem-sucedidos: 323 (100.0%)
   Snaps forçados (>100m): 323 (100.0%)
   ✅ TODOS os pontos estão em ruas (FORCE_SNAP=True)
======================================================================

💾 Dados agregados salvos em: ../data/offset_batch/vehicles_step_sim_8/run_042.csv
[csv-worker_8] [vehicles_step_sim_8] ===== LOG RUN 042 FIM =====

[csv-worker_8] [vehicles_step_sim_8] ===== LOG RUN 043 INICIO =====
======================================================================
🚗 PROCESSAMENTO SUMO → E1 REGISTRY (OFFSET ALEATÓRIO - veh0)
======================================================================
📄 Entrada: ../data/vehicles_step_sim_8.csv
🏭 Consumo fabricante: 12.0 km/l
💰 Preço carbono: R$ 50.0/ton
⭕ Raio máximo do offset aleatório: 2.0 km
🎲 Offset gerado aleatoriamente:
   Ângulo: 247.9°
   Distância: 1.5395 km
   offset_x (lat): -0.005202°  |  offset_y (lon): -0.012813°
📊 Row stepping: Processando todas as linhas
🗺️  Map matching: ATIVADO (raio 1500m) - pontos snapped para ruas
📐 Cálculo de distância: HAVERSINE PURO dos pontos COM snap (consistência)
======================================================================

📊 Carregando dados SUMO...
   Total de registros no arquivo: 299
   Veículos únicos: 1
   🚙 Vehicle selecionado: carro_1000

🔄 Agregando viagens por vehicle_id...
  📐 SUMO_carro_1000: Calculando distâncias com Haversine direto (SEM routing API)
      Original: 323 pontos → 2.9161 km (Haversine)
      Offset:   323 pontos → 4.3816 km (Haversine)

🚙 Veículo: SUMO_carro_1000
   Modelo: HBEFA4/PC_petrol_Euro-6ab
   Segmentos: 323
   📏 Distância: 2.926 km (city: 2.764, highway: 0.161)
   ⛽ Combustível: 54.094 l
   🏭 CO2 real: 124958.0 g
   🎯 CO2 meta: 563.2 g
   📊 Delta: -124394.9 g
   💰 Valor E1: R$ -6.2197
   🧭 Tentativas map matching: 325

   🔑 OFFSET DETERMINÍSTICO (x=0.003929886267591584°, y=0.0017995231031254551°, max=2.0km):
   📍 Start Original:  (40.775644, -73.960687)
   🔒 Start Protegido: (40.779213, -73.958985) ✓ 0.46 km | ✓ MAP MATCHED
   📏 Deslocamento final: 422.5 metros
   📍 End Original:    (40.774046, -73.961617)
   🔒 End Protegido:   (40.777680, -73.959288) ✓ 0.46 km | ✓ MAP MATCHED
   📏 Deslocamento final: 449.7 metros

   📐 ANÁLISE DE DISTÂNCIA DO TRAJETO (HAVERSINE DOS PONTOS ARMAZENADOS):
   ✨ 291 pontos privados duplicados foram separados para garantir visualização 1:1.
   ℹ️  Dica: use --debug-map-matching para ver tentativas detalhadas de re-snap.
   🔢 Pontos unicos original/offset: 320/32 (Δ -288, -90.0% )
   📍 Trajeto original: 2.916 km (linha reta entre pontos GPS)
   🔒 Trajeto com offset: 4.382 km (linha reta entre pontos COM snap)
   📊 Diferença: +1.466 km (+50.3%)

======================================================================
📊 ESTATÍSTICAS FINAIS
======================================================================
Viagens processadas: 1
Distância total: 2.93 km
Combustível total: 54.09 l
CO2 real total: 124958.0 g
CO2 meta total: 563.2 g
Delta CO2: -124394.9 g
Valor E1 total: R$ -6.22

💰 Créditos: R$ 0.00
💸 Débitos: R$ 6.22
📈 Saldo líquido: R$ -6.22

🗺️  MAP MATCHING:
   Pontos processados: 323
   Snaps tentados: 323 (100.0%)
   Snaps bem-sucedidos: 323 (100.0%)
   Snaps forçados (>100m): 323 (100.0%)
   ✅ TODOS os pontos estão em ruas (FORCE_SNAP=True)
======================================================================

💾 Dados agregados salvos em: ../data/offset_batch/vehicles_step_sim_8/run_043.csv
[csv-worker_8] [vehicles_step_sim_8] ===== LOG RUN 043 FIM =====

[csv-worker_8] [vehicles_step_sim_8] ===== LOG RUN 044 INICIO =====
======================================================================
🚗 PROCESSAMENTO SUMO → E1 REGISTRY (OFFSET ALEATÓRIO - veh0)
======================================================================
📄 Entrada: ../data/vehicles_step_sim_8.csv
🏭 Consumo fabricante: 12.0 km/l
💰 Preço carbono: R$ 50.0/ton
⭕ Raio máximo do offset aleatório: 2.0 km
🎲 Offset gerado aleatoriamente:
   Ângulo: 45.1°
   Distância: 1.8059 km
   offset_x (lat): 0.011446°  |  offset_y (lon): 0.011497°
📊 Row stepping: Processando todas as linhas
🗺️  Map matching: ATIVADO (raio 1500m) - pontos snapped para ruas
📐 Cálculo de distância: HAVERSINE PURO dos pontos COM snap (consistência)
======================================================================

📊 Carregando dados SUMO...
   Total de registros no arquivo: 299
   Veículos únicos: 1
   🚙 Vehicle selecionado: carro_1000

🔄 Agregando viagens por vehicle_id...
  📐 SUMO_carro_1000: Calculando distâncias com Haversine direto (SEM routing API)
      Original: 301 pontos → 3.1480 km (Haversine)
      Offset:   301 pontos → 2.6187 km (Haversine)

🚙 Veículo: SUMO_carro_1000
   Modelo: HBEFA4/PC_petrol_Euro-6ab
   Segmentos: 301
   📏 Distância: 3.159 km (city: 3.020, highway: 0.139)
   ⛽ Combustível: 51.224 l
   🏭 CO2 real: 118326.7 g
   🎯 CO2 meta: 608.1 g
   📊 Delta: -117718.6 g
   💰 Valor E1: R$ -5.8859
   🧭 Tentativas map matching: 303

   🔑 OFFSET DETERMINÍSTICO (x=0.009007827902502794°, y=-0.004778973174959055°, max=2.0km):
   📍 Start Original:  (40.775644, -73.960687)
   🔒 Start Protegido: (40.783844, -73.965537) ✓ 1.08 km | ✓ MAP MATCHED
   📏 Deslocamento final: 1000.3 metros
   📍 End Original:    (40.771236, -73.963813)
   🔒 End Protegido:   (40.779267, -73.969338) ✓ 1.08 km | ✓ MAP MATCHED
   📏 Deslocamento final: 1008.1 metros

   📐 ANÁLISE DE DISTÂNCIA DO TRAJETO (HAVERSINE DOS PONTOS ARMAZENADOS):
   ✨ 258 pontos privados duplicados foram separados para garantir visualização 1:1.
   ℹ️  Dica: use --debug-map-matching para ver tentativas detalhadas de re-snap.
   🔢 Pontos unicos original/offset: 301/43 (Δ -258, -85.7% )
   📍 Trajeto original: 3.148 km (linha reta entre pontos GPS)
   🔒 Trajeto com offset: 2.619 km (linha reta entre pontos COM snap)
   📊 Diferença: -0.529 km (-16.8%)

======================================================================
📊 ESTATÍSTICAS FINAIS
======================================================================
Viagens processadas: 1
Distância total: 3.16 km
Combustível total: 51.22 l
CO2 real total: 118326.7 g
CO2 meta total: 608.1 g
Delta CO2: -117718.6 g
Valor E1 total: R$ -5.89

💰 Créditos: R$ 0.00
💸 Débitos: R$ 5.89
📈 Saldo líquido: R$ -5.89

🗺️  MAP MATCHING:
   Pontos processados: 301
   Snaps tentados: 301 (100.0%)
   Snaps bem-sucedidos: 301 (100.0%)
   Snaps forçados (>100m): 301 (100.0%)
   ✅ TODOS os pontos estão em ruas (FORCE_SNAP=True)
======================================================================

💾 Dados agregados salvos em: ../data/offset_batch/vehicles_step_sim_8/run_044.csv
[csv-worker_8] [vehicles_step_sim_8] ===== LOG RUN 044 FIM =====

[csv-worker_8] [vehicles_step_sim_8] ===== LOG RUN 045 INICIO =====
======================================================================
🚗 PROCESSAMENTO SUMO → E1 REGISTRY (OFFSET ALEATÓRIO - veh0)
======================================================================
📄 Entrada: ../data/vehicles_step_sim_8.csv
🏭 Consumo fabricante: 12.0 km/l
💰 Preço carbono: R$ 50.0/ton
⭕ Raio máximo do offset aleatório: 2.0 km
🎲 Offset gerado aleatoriamente:
   Ângulo: 173.1°
   Distância: 1.9333 km
   offset_x (lat): -0.017239°  |  offset_y (lon): 0.002101°
📊 Row stepping: Processando todas as linhas
🗺️  Map matching: ATIVADO (raio 1500m) - pontos snapped para ruas
📐 Cálculo de distância: HAVERSINE PURO dos pontos COM snap (consistência)
======================================================================

📊 Carregando dados SUMO...
  📐 SUMO_carro_1000: Calculando distâncias com Haversine direto (SEM routing API)
      Original: 324 pontos → 3.1629 km (Haversine)
      Offset:   324 pontos → 4.2083 km (Haversine)

🚙 Veículo: SUMO_carro_1000
   Modelo: HBEFA4/PC_petrol_Euro-6ab
   Segmentos: 324
   📏 Distância: 3.166 km (city: 3.024, highway: 0.142)
   ⛽ Combustível: 49.530 l
   🏭 CO2 real: 114414.1 g
   🎯 CO2 meta: 609.4 g
   📊 Delta: -113804.6 g
   💰 Valor E1: R$ -5.6902
   🧭 Tentativas map matching: 326

   🔑 OFFSET DETERMINÍSTICO (x=-0.012121789511913134°, y=0.004152344357270186°, max=2.0km):
   📍 Start Original:  (40.775644, -73.960687)
   🔒 Start Protegido: (40.763725, -73.956199) ✓ 1.39 km | ✓ MAP MATCHED
   📏 Deslocamento final: 1379.7 metros
   📍 End Original:    (40.772251, -73.963071)
   🔒 End Protegido:   (40.759967, -73.958939) ✓ 1.39 km | ✓ MAP MATCHED
   📏 Deslocamento final: 1411.1 metros

   📐 ANÁLISE DE DISTÂNCIA DO TRAJETO (HAVERSINE DOS PONTOS ARMAZENADOS):
   ✨ 263 pontos privados duplicados foram separados para garantir visualização 1:1.
   ℹ️  Dica: use --debug-map-matching para ver tentativas detalhadas de re-snap.
   🔢 Pontos unicos original/offset: 324/61 (Δ -263, -81.2% )
   📍 Trajeto original: 3.163 km (linha reta entre pontos GPS)
   🔒 Trajeto com offset: 4.208 km (linha reta entre pontos COM snap)
   📊 Diferença: +1.045 km (+33.1%)

======================================================================
📊 ESTATÍSTICAS FINAIS
======================================================================
Viagens processadas: 1
Distância total: 3.17 km
Combustível total: 49.53 l
CO2 real total: 114414.1 g
CO2 meta total: 609.4 g
Delta CO2: -113804.6 g
Valor E1 total: R$ -5.69

💰 Créditos: R$ 0.00
💸 Débitos: R$ 5.69
📈 Saldo líquido: R$ -5.69

🗺️  MAP MATCHING:
   Pontos processados: 324
   Snaps tentados: 324 (100.0%)
   Snaps bem-sucedidos: 324 (100.0%)
   Snaps forçados (>100m): 324 (100.0%)
   ✅ TODOS os pontos estão em ruas (FORCE_SNAP=True)
======================================================================

💾 Dados agregados salvos em: ../data/offset_batch/vehicles_step_sim_8/run_045.csv
[csv-worker_8] [vehicles_step_sim_8] ===== LOG RUN 045 FIM =====

[csv-worker_8] [vehicles_step_sim_8] ===== LOG RUN 046 INICIO =====
======================================================================
🚗 PROCESSAMENTO SUMO → E1 REGISTRY (OFFSET ALEATÓRIO - veh0)
======================================================================
📄 Entrada: ../data/vehicles_step_sim_8.csv
🏭 Consumo fabricante: 12.0 km/l
💰 Preço carbono: R$ 50.0/ton
⭕ Raio máximo do offset aleatório: 2.0 km
🎲 Offset gerado aleatoriamente:
   Ângulo: 84.0°
   Distância: 1.7182 km
   offset_x (lat): 0.001623°  |  offset_y (lon): 0.015349°
📊 Row stepping: Processando todas as linhas
🗺️  Map matching: ATIVADO (raio 1500m) - pontos snapped para ruas
📐 Cálculo de distância: HAVERSINE PURO dos pontos COM snap (consistência)
======================================================================

📊 Carregando dados SUMO...
   Total de registros no arquivo: 299
   Veículos únicos: 1
   🚙 Vehicle selecionado: carro_1000

🔄 Agregando viagens por vehicle_id...
  📐 SUMO_carro_1000: Calculando distâncias com Haversine direto (SEM routing API)
      Original: 337 pontos → 3.3706 km (Haversine)
      Offset:   337 pontos → 3.7674 km (Haversine)

🚙 Veículo: SUMO_carro_1000
   Modelo: HBEFA4/PC_petrol_Euro-6ab
   Segmentos: 337
   📏 Distância: 3.379 km (city: 3.069, highway: 0.310)
   ⛽ Combustível: 58.616 l
   🏭 CO2 real: 135402.3 g
   🎯 CO2 meta: 650.5 g
   📊 Delta: -134751.8 g
   💰 Valor E1: R$ -6.7376
   🧭 Tentativas map matching: 339

   🔑 OFFSET DETERMINÍSTICO (x=-0.008660478439508729°, y=0.003829183169350696°, max=2.0km):
   📍 Start Original:  (40.775644, -73.960687)
   🔒 Start Protegido: (40.766970, -73.956598) ✓ 1.02 km | ✓ MAP MATCHED
   📏 Deslocamento final: 1025.2 metros
   📍 End Original:    (40.774801, -73.960637)
   🔒 End Protegido:   (40.766436, -73.956821) ✓ 1.02 km | ✓ MAP MATCHED
   📏 Deslocamento final: 985.2 metros

   📐 ANÁLISE DE DISTÂNCIA DO TRAJETO (HAVERSINE DOS PONTOS ARMAZENADOS):
   ✨ 273 pontos privados duplicados foram separados para garantir visualização 1:1.
   ℹ️  Dica: use --debug-map-matching para ver tentativas detalhadas de re-snap.
   🔢 Pontos unicos original/offset: 337/64 (Δ -273, -81.0% )
   📍 Trajeto original: 3.371 km (linha reta entre pontos GPS)
   🔒 Trajeto com offset: 3.767 km (linha reta entre pontos COM snap)
   📊 Diferença: +0.397 km (+11.8%)

======================================================================
📊 ESTATÍSTICAS FINAIS
======================================================================
Viagens processadas: 1
Distância total: 3.38 km
Combustível total: 58.62 l
CO2 real total: 135402.3 g
CO2 meta total: 650.5 g
Delta CO2: -134751.8 g
Valor E1 total: R$ -6.74

💰 Créditos: R$ 0.00
💸 Débitos: R$ 6.74
📈 Saldo líquido: R$ -6.74

🗺️  MAP MATCHING:
   Pontos processados: 337
   Snaps tentados: 337 (100.0%)
   Snaps bem-sucedidos: 337 (100.0%)
   Snaps forçados (>100m): 337 (100.0%)
   ✅ TODOS os pontos estão em ruas (FORCE_SNAP=True)
======================================================================

💾 Dados agregados salvos em: ../data/offset_batch/vehicles_step_sim_8/run_046.csv
[csv-worker_8] [vehicles_step_sim_8] ===== LOG RUN 046 FIM =====

[csv-worker_8] [vehicles_step_sim_8] ===== LOG RUN 047 INICIO =====
======================================================================
🚗 PROCESSAMENTO SUMO → E1 REGISTRY (OFFSET ALEATÓRIO - veh0)
======================================================================
📄 Entrada: ../data/vehicles_step_sim_8.csv
🏭 Consumo fabricante: 12.0 km/l
💰 Preço carbono: R$ 50.0/ton
⭕ Raio máximo do offset aleatório: 2.0 km
🎲 Offset gerado aleatoriamente:
   Ângulo: 214.0°
   Distância: 0.9217 km
   offset_x (lat): -0.006861°  |  offset_y (lon): -0.004636°
📊 Row stepping: Processando todas as linhas
🗺️  Map matching: ATIVADO (raio 1500m) - pontos snapped para ruas
📐 Cálculo de distância: HAVERSINE PURO dos pontos COM snap (consistência)
======================================================================

📊 Carregando dados SUMO...
   Total de registros no arquivo: 299
   Veículos únicos: 1
   🚙 Vehicle selecionado: carro_1000

🔄 Agregando viagens por vehicle_id...
  📐 SUMO_carro_1000: Calculando distâncias com Haversine direto (SEM routing API)
      Original: 155 pontos → 1.4242 km (Haversine)
      Offset:   155 pontos → 1.5297 km (Haversine)

🚙 Veículo: SUMO_carro_1000
   Modelo: HBEFA4/PC_petrol_Euro-6ab
   Segmentos: 155
   📏 Distância: 1.424 km (city: 1.424, highway: 0.000)
   ⛽ Combustível: 10.127 l
   🏭 CO2 real: 23393.7 g
   🎯 CO2 meta: 274.2 g
   📊 Delta: -23119.5 g
   💰 Valor E1: R$ -1.1560
   🧭 Tentativas map matching: 157

   🔑 OFFSET DETERMINÍSTICO (x=-0.004394811385209343°, y=-0.0068146558616289645°, max=2.0km):
   📍 Start Original:  (40.775644, -73.960687)
   🔒 Start Protegido: (40.771107, -73.967897) ✓ 0.75 km | ✓ MAP MATCHED
   📏 Deslocamento final: 790.2 metros
   📍 End Original:    (40.775671, -73.960433)
   🔒 End Protegido:   (40.770863, -73.967315) ✓ 0.75 km | ✓ MAP MATCHED
   📏 Deslocamento final: 789.3 metros

   📐 ANÁLISE DE DISTÂNCIA DO TRAJETO (HAVERSINE DOS PONTOS ARMAZENADOS):
   ✨ 126 pontos privados duplicados foram separados para garantir visualização 1:1.
   ℹ️  Dica: use --debug-map-matching para ver tentativas detalhadas de re-snap.
   🔢 Pontos unicos original/offset: 155/29 (Δ -126, -81.3% )
   📍 Trajeto original: 1.424 km (linha reta entre pontos GPS)
   🔒 Trajeto com offset: 1.530 km (linha reta entre pontos COM snap)
   📊 Diferença: +0.106 km (+7.4%)

======================================================================
📊 ESTATÍSTICAS FINAIS
======================================================================
Viagens processadas: 1
Distância total: 1.42 km
Combustível total: 10.13 l
CO2 real total: 23393.7 g
CO2 meta total: 274.2 g
Delta CO2: -23119.5 g
Valor E1 total: R$ -1.16

💰 Créditos: R$ 0.00
💸 Débitos: R$ 1.16
📈 Saldo líquido: R$ -1.16

🗺️  MAP MATCHING:
   Pontos processados: 155
   Snaps tentados: 155 (100.0%)
   Snaps bem-sucedidos: 155 (100.0%)
   Snaps forçados (>100m): 155 (100.0%)
   ✅ TODOS os pontos estão em ruas (FORCE_SNAP=True)
======================================================================

💾 Dados agregados salvos em: ../data/offset_batch/vehicles_step_sim_8/run_047.csv
[csv-worker_8] [vehicles_step_sim_8] ===== LOG RUN 047 FIM =====

[csv-worker_8] [vehicles_step_sim_8] ===== LOG RUN 048 INICIO =====
======================================================================
🚗 PROCESSAMENTO SUMO → E1 REGISTRY (OFFSET ALEATÓRIO - veh0)
======================================================================
📄 Entrada: ../data/vehicles_step_sim_8.csv
🏭 Consumo fabricante: 12.0 km/l
💰 Preço carbono: R$ 50.0/ton
⭕ Raio máximo do offset aleatório: 2.0 km
🎲 Offset gerado aleatoriamente:
   Ângulo: 170.5°
   Distância: 1.5061 km
   offset_x (lat): -0.013344°  |  offset_y (lon): 0.002233°
📊 Row stepping: Processando todas as linhas
🗺️  Map matching: ATIVADO (raio 1500m) - pontos snapped para ruas
📐 Cálculo de distância: HAVERSINE PURO dos pontos COM snap (consistência)
======================================================================

📊 Carregando dados SUMO...
   Total de registros no arquivo: 299
   Veículos únicos: 1
   🚙 Vehicle selecionado: carro_1000

🔄 Agregando viagens por vehicle_id...
  📐 SUMO_carro_1000: Calculando distâncias com Haversine direto (SEM routing API)
      Original: 155 pontos → 1.4242 km (Haversine)
      Offset:   155 pontos → 1.3396 km (Haversine)

🚙 Veículo: SUMO_carro_1000
   Modelo: HBEFA4/PC_petrol_Euro-6ab
   Segmentos: 155
   📏 Distância: 1.424 km (city: 1.424, highway: 0.000)
   ⛽ Combustível: 10.127 l
   🏭 CO2 real: 23393.7 g
   🎯 CO2 meta: 274.2 g
   📊 Delta: -23119.5 g
   💰 Valor E1: R$ -1.1560
   🧭 Tentativas map matching: 157

   🔑 OFFSET DETERMINÍSTICO (x=-0.009257619234307997°, y=0.005742654248675429°, max=2.0km):
   📍 Start Original:  (40.775644, -73.960687)
   🔒 Start Protegido: (40.766237, -73.954368) ✓ 1.14 km | ✓ MAP MATCHED
   📏 Deslocamento final: 1174.8 metros
   📍 End Original:    (40.775671, -73.960433)
   🔒 End Protegido:   (40.766237, -73.954368) ✓ 1.14 km | ✓ MAP MATCHED
   📏 Deslocamento final: 1168.1 metros

   📐 ANÁLISE DE DISTÂNCIA DO TRAJETO (HAVERSINE DOS PONTOS ARMAZENADOS):
   ✨ 126 pontos privados duplicados foram separados para garantir visualização 1:1.
   ℹ️  Dica: use --debug-map-matching para ver tentativas detalhadas de re-snap.
   🔢 Pontos unicos original/offset: 155/29 (Δ -126, -81.3% )
   📍 Trajeto original: 1.424 km (linha reta entre pontos GPS)
   🔒 Trajeto com offset: 1.340 km (linha reta entre pontos COM snap)
   📊 Diferença: -0.085 km (-5.9%)

======================================================================
📊 ESTATÍSTICAS FINAIS
======================================================================
Viagens processadas: 1
Distância total: 1.42 km
Combustível total: 10.13 l
CO2 real total: 23393.7 g
CO2 meta total: 274.2 g
Delta CO2: -23119.5 g
Valor E1 total: R$ -1.16

💰 Créditos: R$ 0.00
💸 Débitos: R$ 1.16
📈 Saldo líquido: R$ -1.16

🗺️  MAP MATCHING:
   Pontos processados: 155
   Snaps tentados: 155 (100.0%)
   Snaps bem-sucedidos: 155 (100.0%)
   Snaps forçados (>100m): 155 (100.0%)
   ✅ TODOS os pontos estão em ruas (FORCE_SNAP=True)
======================================================================

💾 Dados agregados salvos em: ../data/offset_batch/vehicles_step_sim_8/run_048.csv
[csv-worker_8] [vehicles_step_sim_8] ===== LOG RUN 048 FIM =====

[csv-worker_8] [vehicles_step_sim_8] ===== LOG RUN 049 INICIO =====
======================================================================
🚗 PROCESSAMENTO SUMO → E1 REGISTRY (OFFSET ALEATÓRIO - veh0)
======================================================================
📄 Entrada: ../data/vehicles_step_sim_8.csv
🏭 Consumo fabricante: 12.0 km/l
💰 Preço carbono: R$ 50.0/ton
⭕ Raio máximo do offset aleatório: 2.0 km
🎲 Offset gerado aleatoriamente:
   Ângulo: 133.2°
   Distância: 1.8298 km
   offset_x (lat): -0.011260°  |  offset_y (lon): 0.011975°
📊 Row stepping: Processando todas as linhas
🗺️  Map matching: ATIVADO (raio 1500m) - pontos snapped para ruas
📐 Cálculo de distância: HAVERSINE PURO dos pontos COM snap (consistência)
======================================================================

📊 Carregando dados SUMO...
   Total de registros no arquivo: 299
   Veículos únicos: 1
   🚙 Vehicle selecionado: carro_1000

🔄 Agregando viagens por vehicle_id...
  📐 SUMO_carro_1000: Calculando distâncias com Haversine direto (SEM routing API)
      Original: 155 pontos → 1.4242 km (Haversine)
      Offset:   155 pontos → 1.6188 km (Haversine)

🚙 Veículo: SUMO_carro_1000
   Modelo: HBEFA4/PC_petrol_Euro-6ab
   Segmentos: 155
   📏 Distância: 1.424 km (city: 1.424, highway: 0.000)
   ⛽ Combustível: 10.127 l
   🏭 CO2 real: 23393.7 g
   🎯 CO2 meta: 274.2 g
   📊 Delta: -23119.5 g
   💰 Valor E1: R$ -1.1560
   🧭 Tentativas map matching: 157

   🔑 OFFSET DETERMINÍSTICO (x=-0.005380551896534383°, y=-0.015566213181731667°, max=2.0km):
   📍 Start Original:  (40.775644, -73.960687)
   🔒 Start Protegido: (40.770684, -73.975952) ✓ 1.44 km | ✓ MAP MATCHED
   📏 Deslocamento final: 1400.3 metros
   📍 End Original:    (40.775671, -73.960433)
   🔒 End Protegido:   (40.770581, -73.975776) ✓ 1.44 km | ✓ MAP MATCHED
   📏 Deslocamento final: 1412.1 metros

   📐 ANÁLISE DE DISTÂNCIA DO TRAJETO (HAVERSINE DOS PONTOS ARMAZENADOS):
   ✨ 129 pontos privados duplicados foram separados para garantir visualização 1:1.
   ℹ️  Dica: use --debug-map-matching para ver tentativas detalhadas de re-snap.
   🔢 Pontos unicos original/offset: 155/26 (Δ -129, -83.2% )
   📍 Trajeto original: 1.424 km (linha reta entre pontos GPS)
   🔒 Trajeto com offset: 1.619 km (linha reta entre pontos COM snap)
   📊 Diferença: +0.195 km (+13.7%)

======================================================================
📊 ESTATÍSTICAS FINAIS
======================================================================
Viagens processadas: 1
Distância total: 1.42 km
Combustível total: 10.13 l
CO2 real total: 23393.7 g
CO2 meta total: 274.2 g
Delta CO2: -23119.5 g
Valor E1 total: R$ -1.16

💰 Créditos: R$ 0.00
💸 Débitos: R$ 1.16
📈 Saldo líquido: R$ -1.16

🗺️  MAP MATCHING:
   Pontos processados: 155
   Snaps tentados: 155 (100.0%)
   Snaps bem-sucedidos: 155 (100.0%)
   Snaps forçados (>100m): 155 (100.0%)
   ✅ TODOS os pontos estão em ruas (FORCE_SNAP=True)
======================================================================
   Total de registros no arquivo: 222
   Veículos únicos: 1
   🚙 Vehicle selecionado: carro_1000

🔄 Agregando viagens por vehicle_id...

💾 Dados agregados salvos em: ../data/offset_batch/vehicles_step_sim_8/run_049.csv
[csv-worker_8] [vehicles_step_sim_8] ===== LOG RUN 049 FIM =====

[csv-worker_8] [vehicles_step_sim_8] ===== LOG RUN 050 INICIO =====
======================================================================
🚗 PROCESSAMENTO SUMO → E1 REGISTRY (OFFSET ALEATÓRIO - veh0)
======================================================================
📄 Entrada: ../data/vehicles_step_sim_8.csv
🏭 Consumo fabricante: 12.0 km/l
💰 Preço carbono: R$ 50.0/ton
⭕ Raio máximo do offset aleatório: 2.0 km
🎲 Offset gerado aleatoriamente:
   Ângulo: 260.3°
   Distância: 1.0778 km
   offset_x (lat): -0.001634°  |  offset_y (lon): -0.009543°
📊 Row stepping: Processando todas as linhas
🗺️  Map matching: ATIVADO (raio 1500m) - pontos snapped para ruas
📐 Cálculo de distância: HAVERSINE PURO dos pontos COM snap (consistência)
======================================================================

📊 Carregando dados SUMO...
   Total de registros no arquivo: 299
   Veículos únicos: 1
   🚙 Vehicle selecionado: carro_1000

🔄 Agregando viagens por vehicle_id...
  📐 SUMO_carro_1000: Calculando distâncias com Haversine direto (SEM routing API)
      Original: 301 pontos → 3.1480 km (Haversine)
      Offset:   301 pontos → 2.8348 km (Haversine)

🚙 Veículo: SUMO_carro_1000
   Modelo: HBEFA4/PC_petrol_Euro-6ab
   Segmentos: 301
   📏 Distância: 3.159 km (city: 3.020, highway: 0.139)
   ⛽ Combustível: 51.224 l
   🏭 CO2 real: 118326.7 g
   🎯 CO2 meta: 608.1 g
   📊 Delta: -117718.6 g
   💰 Valor E1: R$ -5.8859
   🧭 Tentativas map matching: 303

   🔑 OFFSET DETERMINÍSTICO (x=-0.0061919890215273955°, y=0.0024751373274819917°, max=2.0km):
   📍 Start Original:  (40.775644, -73.960687)
   🔒 Start Protegido: (40.769543, -73.958000) ✓ 0.72 km | ✓ MAP MATCHED
   📏 Deslocamento final: 715.9 metros
   📍 End Original:    (40.771236, -73.963813)
   🔒 End Protegido:   (40.765078, -73.961351) ✓ 0.72 km | ✓ MAP MATCHED
   📏 Deslocamento final: 716.2 metros

   📐 ANÁLISE DE DISTÂNCIA DO TRAJETO (HAVERSINE DOS PONTOS ARMAZENADOS):
   ✨ 262 pontos privados duplicados foram separados para garantir visualização 1:1.
   ℹ️  Dica: use --debug-map-matching para ver tentativas detalhadas de re-snap.
   🔢 Pontos unicos original/offset: 301/39 (Δ -262, -87.0% )
   📍 Trajeto original: 3.148 km (linha reta entre pontos GPS)
   🔒 Trajeto com offset: 2.835 km (linha reta entre pontos COM snap)
   📊 Diferença: -0.313 km (-9.9%)

======================================================================
📊 ESTATÍSTICAS FINAIS
======================================================================
Viagens processadas: 1
Distância total: 3.16 km
Combustível total: 51.22 l
CO2 real total: 118326.7 g
CO2 meta total: 608.1 g
Delta CO2: -117718.6 g
Valor E1 total: R$ -5.89

💰 Créditos: R$ 0.00
💸 Débitos: R$ 5.89
📈 Saldo líquido: R$ -5.89

🗺️  MAP MATCHING:
   Pontos processados: 301
   Snaps tentados: 301 (100.0%)
   Snaps bem-sucedidos: 301 (100.0%)
   Snaps forçados (>100m): 301 (100.0%)
   ✅ TODOS os pontos estão em ruas (FORCE_SNAP=True)
======================================================================

💾 Dados agregados salvos em: ../data/offset_batch/vehicles_step_sim_8/run_050.csv
[csv-worker_8] [vehicles_step_sim_8] ===== LOG RUN 050 FIM =====

[csv-worker_8] [vehicles_step_sim_8] ===== LOG RUN 051 INICIO =====
======================================================================
🚗 PROCESSAMENTO SUMO → E1 REGISTRY (OFFSET ALEATÓRIO - veh0)
======================================================================
📄 Entrada: ../data/vehicles_step_sim_8.csv
🏭 Consumo fabricante: 12.0 km/l
💰 Preço carbono: R$ 50.0/ton
⭕ Raio máximo do offset aleatório: 2.0 km
🎲 Offset gerado aleatoriamente:
   Ângulo: 14.4°
   Distância: 1.5339 km
   offset_x (lat): 0.013346°  |  offset_y (lon): 0.003430°
📊 Row stepping: Processando todas as linhas
🗺️  Map matching: ATIVADO (raio 1500m) - pontos snapped para ruas
📐 Cálculo de distância: HAVERSINE PURO dos pontos COM snap (consistência)
======================================================================

📊 Carregando dados SUMO...
   Total de registros no arquivo: 299
   Veículos únicos: 1
   🚙 Vehicle selecionado: carro_1000

🔄 Agregando viagens por vehicle_id...
  📐 SUMO_carro_1000: Calculando distâncias com Haversine direto (SEM routing API)
      Original: 301 pontos → 3.1480 km (Haversine)
      Offset:   301 pontos → 4.2865 km (Haversine)

🚙 Veículo: SUMO_carro_1000
   Modelo: HBEFA4/PC_petrol_Euro-6ab
   Segmentos: 301
   📏 Distância: 3.159 km (city: 3.020, highway: 0.139)
   ⛽ Combustível: 51.224 l
   🏭 CO2 real: 118326.7 g
   🎯 CO2 meta: 608.1 g
   📊 Delta: -117718.6 g
   💰 Valor E1: R$ -5.8859
   🧭 Tentativas map matching: 303

   🔑 OFFSET DETERMINÍSTICO (x=-0.007856851795270004°, y=0.01117060623756033°, max=2.0km):
   📍 Start Original:  (40.775644, -73.960687)
   🔒 Start Protegido: (40.767939, -73.949569) ✓ 1.29 km | ✓ MAP MATCHED
   📏 Deslocamento final: 1270.5 metros
   📍 End Original:    (40.771236, -73.963813)
   🔒 End Protegido:   (40.763421, -73.953527) ✓ 1.29 km | ✓ MAP MATCHED
   📏 Deslocamento final: 1228.3 metros

   📐 ANÁLISE DE DISTÂNCIA DO TRAJETO (HAVERSINE DOS PONTOS ARMAZENADOS):
   ✨ 267 pontos privados duplicados foram separados para garantir visualização 1:1.
   ℹ️  Dica: use --debug-map-matching para ver tentativas detalhadas de re-snap.
   🔢 Pontos unicos original/offset: 301/34 (Δ -267, -88.7% )
   📍 Trajeto original: 3.148 km (linha reta entre pontos GPS)
   🔒 Trajeto com offset: 4.287 km (linha reta entre pontos COM snap)
   📊 Diferença: +1.139 km (+36.2%)

======================================================================
📊 ESTATÍSTICAS FINAIS
======================================================================
Viagens processadas: 1
Distância total: 3.16 km
Combustível total: 51.22 l
CO2 real total: 118326.7 g
CO2 meta total: 608.1 g
Delta CO2: -117718.6 g
Valor E1 total: R$ -5.89

💰 Créditos: R$ 0.00
💸 Débitos: R$ 5.89
📈 Saldo líquido: R$ -5.89

🗺️  MAP MATCHING:
   Pontos processados: 301
   Snaps tentados: 301 (100.0%)
   Snaps bem-sucedidos: 301 (100.0%)
   Snaps forçados (>100m): 301 (100.0%)
   ✅ TODOS os pontos estão em ruas (FORCE_SNAP=True)
======================================================================

💾 Dados agregados salvos em: ../data/offset_batch/vehicles_step_sim_8/run_051.csv
[csv-worker_8] [vehicles_step_sim_8] ===== LOG RUN 051 FIM =====

[csv-worker_8] [vehicles_step_sim_8] ===== LOG RUN 052 INICIO =====
======================================================================
🚗 PROCESSAMENTO SUMO → E1 REGISTRY (OFFSET ALEATÓRIO - veh0)
======================================================================
📄 Entrada: ../data/vehicles_step_sim_8.csv
🏭 Consumo fabricante: 12.0 km/l
💰 Preço carbono: R$ 50.0/ton
⭕ Raio máximo do offset aleatório: 2.0 km
🎲 Offset gerado aleatoriamente:
   Ângulo: 142.8°
   Distância: 1.7947 km
   offset_x (lat): -0.012839°  |  offset_y (lon): 0.009752°
📊 Row stepping: Processando todas as linhas
🗺️  Map matching: ATIVADO (raio 1500m) - pontos snapped para ruas
📐 Cálculo de distância: HAVERSINE PURO dos pontos COM snap (consistência)
======================================================================

📊 Carregando dados SUMO...
   Total de registros no arquivo: 299
   Veículos únicos: 1
   🚙 Vehicle selecionado: carro_1000

🔄 Agregando viagens por vehicle_id...
  📐 SUMO_carro_1000: Calculando distâncias com Haversine direto (SEM routing API)
      Original: 301 pontos → 3.1480 km (Haversine)
      Offset:   301 pontos → 4.1688 km (Haversine)

🚙 Veículo: SUMO_carro_1000
   Modelo: HBEFA4/PC_petrol_Euro-6ab
   Segmentos: 301
   📏 Distância: 3.159 km (city: 3.020, highway: 0.139)
   ⛽ Combustível: 51.224 l
   🏭 CO2 real: 118326.7 g
   🎯 CO2 meta: 608.1 g
   📊 Delta: -117718.6 g
   💰 Valor E1: R$ -5.8859
   🧭 Tentativas map matching: 303

   🔑 OFFSET DETERMINÍSTICO (x=0.006837509193118013°, y=-0.00411715950988419°, max=2.0km):
   📍 Start Original:  (40.775644, -73.960687)
   🔒 Start Protegido: (40.782722, -73.963593) ✓ 0.84 km | ✓ MAP MATCHED
   📏 Deslocamento final: 825.1 metros
   📍 End Original:    (40.771236, -73.963813)
   🔒 End Protegido:   (40.778444, -73.967376) ✓ 0.84 km | ✓ MAP MATCHED
   📏 Deslocamento final: 856.8 metros

   📐 ANÁLISE DE DISTÂNCIA DO TRAJETO (HAVERSINE DOS PONTOS ARMAZENADOS):
   ✨ 243 pontos privados duplicados foram separados para garantir visualização 1:1.
   ℹ️  Dica: use --debug-map-matching para ver tentativas detalhadas de re-snap.
   🔢 Pontos unicos original/offset: 301/58 (Δ -243, -80.7% )
   📍 Trajeto original: 3.148 km (linha reta entre pontos GPS)
   🔒 Trajeto com offset: 4.169 km (linha reta entre pontos COM snap)
   📊 Diferença: +1.021 km (+32.4%)

======================================================================
📊 ESTATÍSTICAS FINAIS
======================================================================
Viagens processadas: 1
Distância total: 3.16 km
Combustível total: 51.22 l
CO2 real total: 118326.7 g
CO2 meta total: 608.1 g
Delta CO2: -117718.6 g
Valor E1 total: R$ -5.89

💰 Créditos: R$ 0.00
💸 Débitos: R$ 5.89
📈 Saldo líquido: R$ -5.89

🗺️  MAP MATCHING:
   Pontos processados: 301
   Snaps tentados: 301 (100.0%)
   Snaps bem-sucedidos: 301 (100.0%)
   Snaps forçados (>100m): 301 (100.0%)
   ✅ TODOS os pontos estão em ruas (FORCE_SNAP=True)
======================================================================

💾 Dados agregados salvos em: ../data/offset_batch/vehicles_step_sim_8/run_052.csv
[csv-worker_8] [vehicles_step_sim_8] ===== LOG RUN 052 FIM =====

[csv-worker_8] [vehicles_step_sim_8] ===== LOG RUN 053 INICIO =====
======================================================================
🚗 PROCESSAMENTO SUMO → E1 REGISTRY (OFFSET ALEATÓRIO - veh0)
======================================================================
📄 Entrada: ../data/vehicles_step_sim_8.csv
🏭 Consumo fabricante: 12.0 km/l
💰 Preço carbono: R$ 50.0/ton
⭕ Raio máximo do offset aleatório: 2.0 km
🎲 Offset gerado aleatoriamente:
   Ângulo: 31.9°
   Distância: 1.8843 km
   offset_x (lat): 0.014367°  |  offset_y (lon): 0.008949°
📊 Row stepping: Processando todas as linhas
🗺️  Map matching: ATIVADO (raio 1500m) - pontos snapped para ruas
📐 Cálculo de distância: HAVERSINE PURO dos pontos COM snap (consistência)
======================================================================

📊 Carregando dados SUMO...
   Total de registros no arquivo: 299
   Veículos únicos: 1
   🚙 Vehicle selecionado: carro_1000

🔄 Agregando viagens por vehicle_id...
  📐 SUMO_carro_1000: Calculando distâncias com Haversine direto (SEM routing API)
      Original: 222 pontos → 1.9688 km (Haversine)
      Offset:   222 pontos → 2.4519 km (Haversine)

🚙 Veículo: SUMO_carro_1000
   Modelo: HBEFA4/PC_petrol_Euro-6ab
   Segmentos: 222
   📏 Distância: 1.973 km (city: 1.973, highway: 0.000)
   ⛽ Combustível: 24.219 l
   🏭 CO2 real: 55946.2 g
   🎯 CO2 meta: 379.8 g
   📊 Delta: -55566.4 g
   💰 Valor E1: R$ -2.7783
   🧭 Tentativas map matching: 224

   🔑 OFFSET DETERMINÍSTICO (x=0.010919260301358818°, y=-0.013985467307537212°, max=2.0km):
   📍 Start Original:  (40.775644, -73.960687)
   🔒 Start Protegido: (40.786951, -73.975391) ✓ 1.69 km | ✓ MAP MATCHED
   📏 Deslocamento final: 1766.6 metros
   📍 End Original:    (40.772651, -73.962544)
   🔒 End Protegido:   (40.783779, -73.977710) ✓ 1.69 km | ✓ MAP MATCHED
   📏 Deslocamento final: 1780.2 metros

   📐 ANÁLISE DE DISTÂNCIA DO TRAJETO (HAVERSINE DOS PONTOS ARMAZENADOS):
   ✨ 198 pontos privados duplicados foram separados para garantir visualização 1:1.
   ℹ️  Dica: use --debug-map-matching para ver tentativas detalhadas de re-snap.
   🔢 Pontos unicos original/offset: 221/24 (Δ -197, -89.1% )
   📍 Trajeto original: 1.969 km (linha reta entre pontos GPS)
   🔒 Trajeto com offset: 2.452 km (linha reta entre pontos COM snap)
   📊 Diferença: +0.483 km (+24.5%)

======================================================================
📊 ESTATÍSTICAS FINAIS
======================================================================
Viagens processadas: 1
Distância total: 1.97 km
Combustível total: 24.22 l
CO2 real total: 55946.2 g
CO2 meta total: 379.8 g
Delta CO2: -55566.4 g
Valor E1 total: R$ -2.78

💰 Créditos: R$ 0.00
💸 Débitos: R$ 2.78
📈 Saldo líquido: R$ -2.78

🗺️  MAP MATCHING:
   Pontos processados: 222
   Snaps tentados: 222 (100.0%)
   Snaps bem-sucedidos: 222 (100.0%)
   Snaps forçados (>100m): 222 (100.0%)
   ✅ TODOS os pontos estão em ruas (FORCE_SNAP=True)
======================================================================

💾 Dados agregados salvos em: ../data/offset_batch/vehicles_step_sim_8/run_053.csv
[csv-worker_8] [vehicles_step_sim_8] ===== LOG RUN 053 FIM =====

[csv-worker_8] [vehicles_step_sim_8] ===== LOG RUN 054 INICIO =====
======================================================================
🚗 PROCESSAMENTO SUMO → E1 REGISTRY (OFFSET ALEATÓRIO - veh0)
======================================================================
📄 Entrada: ../data/vehicles_step_sim_8.csv
🏭 Consumo fabricante: 12.0 km/l
💰 Preço carbono: R$ 50.0/ton
⭕ Raio máximo do offset aleatório: 2.0 km
🎲 Offset gerado aleatoriamente:
   Ângulo: 14.8°
   Distância: 0.7152 km
   offset_x (lat): 0.006210°  |  offset_y (lon): 0.001645°
📊 Row stepping: Processando todas as linhas
🗺️  Map matching: ATIVADO (raio 1500m) - pontos snapped para ruas
📐 Cálculo de distância: HAVERSINE PURO dos pontos COM snap (consistência)
======================================================================

📊 Carregando dados SUMO...
   Total de registros no arquivo: 299
   Veículos únicos: 1
   🚙 Vehicle selecionado: carro_1000

🔄 Agregando viagens por vehicle_id...
  📐 SUMO_carro_1000: Calculando distâncias com Haversine direto (SEM routing API)
      Original: 222 pontos → 1.9688 km (Haversine)
      Offset:   222 pontos → 2.1123 km (Haversine)

🚙 Veículo: SUMO_carro_1000
   Modelo: HBEFA4/PC_petrol_Euro-6ab
   Segmentos: 222
   📏 Distância: 1.973 km (city: 1.973, highway: 0.000)
   ⛽ Combustível: 24.219 l
   🏭 CO2 real: 55946.2 g
   🎯 CO2 meta: 379.8 g
   📊 Delta: -55566.4 g
   💰 Valor E1: R$ -2.7783
   🧭 Tentativas map matching: 224

   🔑 OFFSET DETERMINÍSTICO (x=-0.014538820824816709°, y=-0.0012178233089094475°, max=2.0km):
   📍 Start Original:  (40.775644, -73.960687)
   🔒 Start Protegido: (40.761407, -73.962342) ✓ 1.62 km | ✓ MAP MATCHED
   📏 Deslocamento final: 1590.9 metros
   📍 End Original:    (40.772651, -73.962544)
   🔒 End Protegido:   (40.757703, -73.963565) ✓ 1.62 km | ✓ MAP MATCHED
   📏 Deslocamento final: 1666.3 metros

   📐 ANÁLISE DE DISTÂNCIA DO TRAJETO (HAVERSINE DOS PONTOS ARMAZENADOS):
   ✨ 186 pontos privados duplicados foram separados para garantir visualização 1:1.
   ℹ️  Dica: use --debug-map-matching para ver tentativas detalhadas de re-snap.
   🔢 Pontos unicos original/offset: 221/36 (Δ -185, -83.7% )
   📍 Trajeto original: 1.969 km (linha reta entre pontos GPS)
   🔒 Trajeto com offset: 2.112 km (linha reta entre pontos COM snap)
   📊 Diferença: +0.143 km (+7.3%)

======================================================================
📊 ESTATÍSTICAS FINAIS
======================================================================
Viagens processadas: 1
Distância total: 1.97 km
Combustível total: 24.22 l
CO2 real total: 55946.2 g
CO2 meta total: 379.8 g
Delta CO2: -55566.4 g
Valor E1 total: R$ -2.78

💰 Créditos: R$ 0.00
💸 Débitos: R$ 2.78
📈 Saldo líquido: R$ -2.78

🗺️  MAP MATCHING:
   Pontos processados: 222
   Snaps tentados: 222 (100.0%)
   Snaps bem-sucedidos: 222 (100.0%)
   Snaps forçados (>100m): 222 (100.0%)
   ✅ TODOS os pontos estão em ruas (FORCE_SNAP=True)
======================================================================

💾 Dados agregados salvos em: ../data/offset_batch/vehicles_step_sim_8/run_054.csv
[csv-worker_8] [vehicles_step_sim_8] ===== LOG RUN 054 FIM =====

[csv-worker_8] [vehicles_step_sim_8] ===== LOG RUN 055 INICIO =====
======================================================================
🚗 PROCESSAMENTO SUMO → E1 REGISTRY (OFFSET ALEATÓRIO - veh0)
======================================================================
📄 Entrada: ../data/vehicles_step_sim_8.csv
🏭 Consumo fabricante: 12.0 km/l
💰 Preço carbono: R$ 50.0/ton
⭕ Raio máximo do offset aleatório: 2.0 km
🎲 Offset gerado aleatoriamente:
   Ângulo: 259.0°
   Distância: 1.5124 km
   offset_x (lat): -0.002587°  |  offset_y (lon): -0.013337°
📊 Row stepping: Processando todas as linhas
🗺️  Map matching: ATIVADO (raio 1500m) - pontos snapped para ruas
📐 Cálculo de distância: HAVERSINE PURO dos pontos COM snap (consistência)
======================================================================

📊 Carregando dados SUMO...
   Total de registros no arquivo: 299
   Veículos únicos: 1
   🚙 Vehicle selecionado: carro_1000

🔄 Agregando viagens por vehicle_id...
  📐 SUMO_carro_1000: Calculando distâncias com Haversine direto (SEM routing API)
      Original: 301 pontos → 3.1480 km (Haversine)
      Offset:   301 pontos → 2.6691 km (Haversine)

🚙 Veículo: SUMO_carro_1000
   Modelo: HBEFA4/PC_petrol_Euro-6ab
   Segmentos: 301
   📏 Distância: 3.159 km (city: 3.020, highway: 0.139)
   ⛽ Combustível: 51.224 l
   🏭 CO2 real: 118326.7 g
   🎯 CO2 meta: 608.1 g
   📊 Delta: -117718.6 g
   💰 Valor E1: R$ -5.8859
   🧭 Tentativas map matching: 303

   🔑 OFFSET DETERMINÍSTICO (x=-0.014909582764184843°, y=0.00048685760221794363°, max=2.0km):
   📍 Start Original:  (40.775644, -73.960687)
   🔒 Start Protegido: (40.760424, -73.960021) ✓ 1.66 km | ✓ MAP MATCHED
   📏 Deslocamento final: 1695.2 metros
   📍 End Original:    (40.771236, -73.963813)
   🔒 End Protegido:   (40.755933, -73.963229) ✓ 1.66 km | ✓ MAP MATCHED
   📏 Deslocamento final: 1704.2 metros

   📐 ANÁLISE DE DISTÂNCIA DO TRAJETO (HAVERSINE DOS PONTOS ARMAZENADOS):
   ✨ 254 pontos privados duplicados foram separados para garantir visualização 1:1.
   ℹ️  Dica: use --debug-map-matching para ver tentativas detalhadas de re-snap.
   🔢 Pontos unicos original/offset: 301/47 (Δ -254, -84.4% )
   📍 Trajeto original: 3.148 km (linha reta entre pontos GPS)
   🔒 Trajeto com offset: 2.669 km (linha reta entre pontos COM snap)
   📊 Diferença: -0.479 km (-15.2%)

======================================================================
📊 ESTATÍSTICAS FINAIS
======================================================================
Viagens processadas: 1
Distância total: 3.16 km
Combustível total: 51.22 l
CO2 real total: 118326.7 g
CO2 meta total: 608.1 g
Delta CO2: -117718.6 g
Valor E1 total: R$ -5.89

💰 Créditos: R$ 0.00
💸 Débitos: R$ 5.89
📈 Saldo líquido: R$ -5.89

🗺️  MAP MATCHING:
   Pontos processados: 301
   Snaps tentados: 301 (100.0%)
   Snaps bem-sucedidos: 301 (100.0%)
   Snaps forçados (>100m): 301 (100.0%)
   ✅ TODOS os pontos estão em ruas (FORCE_SNAP=True)
======================================================================

💾 Dados agregados salvos em: ../data/offset_batch/vehicles_step_sim_8/run_055.csv
[csv-worker_8] [vehicles_step_sim_8] ===== LOG RUN 055 FIM =====

[csv-worker_8] [vehicles_step_sim_8] ===== LOG RUN 056 INICIO =====
======================================================================
🚗 PROCESSAMENTO SUMO → E1 REGISTRY (OFFSET ALEATÓRIO - veh0)
======================================================================
📄 Entrada: ../data/vehicles_step_sim_8.csv
🏭 Consumo fabricante: 12.0 km/l
💰 Preço carbono: R$ 50.0/ton
⭕ Raio máximo do offset aleatório: 2.0 km
🎲 Offset gerado aleatoriamente:
   Ângulo: 1.9°
   Distância: 0.5852 km
   offset_x (lat): 0.005254°  |  offset_y (lon): 0.000173°
📊 Row stepping: Processando todas as linhas
🗺️  Map matching: ATIVADO (raio 1500m) - pontos snapped para ruas
📐 Cálculo de distância: HAVERSINE PURO dos pontos COM snap (consistência)
======================================================================

📊 Carregando dados SUMO...
   Total de registros no arquivo: 299
   Veículos únicos: 1
   🚙 Vehicle selecionado: carro_1000

🔄 Agregando viagens por vehicle_id...
  📐 SUMO_carro_1000: Calculando distâncias com Haversine direto (SEM routing API)
      Original: 301 pontos → 3.1480 km (Haversine)
      Offset:   301 pontos → 6.3982 km (Haversine)

🚙 Veículo: SUMO_carro_1000
   Modelo: HBEFA4/PC_petrol_Euro-6ab
   Segmentos: 301
   📏 Distância: 3.159 km (city: 3.020, highway: 0.139)
   ⛽ Combustível: 51.224 l
   🏭 CO2 real: 118326.7 g
   🎯 CO2 meta: 608.1 g
   📊 Delta: -117718.6 g
   💰 Valor E1: R$ -5.8859
   🧭 Tentativas map matching: 303

   🔑 OFFSET DETERMINÍSTICO (x=0.0013944105820275917°, y=-0.009950900847294185°, max=2.0km):
   📍 Start Original:  (40.775644, -73.960687)
   🔒 Start Protegido: (40.779079, -73.968895) ✓ 0.85 km | ✓ MAP MATCHED
   📏 Deslocamento final: 790.6 metros
   📍 End Original:    (40.771236, -73.963813)
   🔒 End Protegido:   (40.770581, -73.975776) ✓ 0.85 km | ✓ MAP MATCHED
   📏 Deslocamento final: 1011.3 metros

   📐 ANÁLISE DE DISTÂNCIA DO TRAJETO (HAVERSINE DOS PONTOS ARMAZENADOS):
   ✨ 265 pontos privados duplicados foram separados para garantir visualização 1:1.
   ℹ️  Dica: use --debug-map-matching para ver tentativas detalhadas de re-snap.
   🔢 Pontos unicos original/offset: 301/36 (Δ -265, -88.0% )
   📍 Trajeto original: 3.148 km (linha reta entre pontos GPS)
   🔒 Trajeto com offset: 6.398 km (linha reta entre pontos COM snap)
   📊 Diferença: +3.250 km (+103.2%)

======================================================================
📊 ESTATÍSTICAS FINAIS
======================================================================
Viagens processadas: 1
Distância total: 3.16 km
Combustível total: 51.22 l
CO2 real total: 118326.7 g
CO2 meta total: 608.1 g
Delta CO2: -117718.6 g
Valor E1 total: R$ -5.89

💰 Créditos: R$ 0.00
💸 Débitos: R$ 5.89
📈 Saldo líquido: R$ -5.89

🗺️  MAP MATCHING:
   Pontos processados: 301
   Snaps tentados: 301 (100.0%)
   Snaps bem-sucedidos: 301 (100.0%)
   Snaps forçados (>100m): 301 (100.0%)
   ✅ TODOS os pontos estão em ruas (FORCE_SNAP=True)
======================================================================

💾 Dados agregados salvos em: ../data/offset_batch/vehicles_step_sim_8/run_056.csv
[csv-worker_8] [vehicles_step_sim_8] ===== LOG RUN 056 FIM =====

[csv-worker_8] [vehicles_step_sim_8] ===== LOG RUN 057 INICIO =====
======================================================================
🚗 PROCESSAMENTO SUMO → E1 REGISTRY (OFFSET ALEATÓRIO - veh0)
======================================================================
📄 Entrada: ../data/vehicles_step_sim_8.csv
🏭 Consumo fabricante: 12.0 km/l
💰 Preço carbono: R$ 50.0/ton
⭕ Raio máximo do offset aleatório: 2.0 km
🎲 Offset gerado aleatoriamente:
   Ângulo: 352.0°
   Distância: 0.5931 km
   offset_x (lat): 0.005275°  |  offset_y (lon): -0.000745°
📊 Row stepping: Processando todas as linhas
🗺️  Map matching: ATIVADO (raio 1500m) - pontos snapped para ruas
📐 Cálculo de distância: HAVERSINE PURO dos pontos COM snap (consistência)
======================================================================

📊 Carregando dados SUMO...
   Total de registros no arquivo: 299
   Veículos únicos: 1
   🚙 Vehicle selecionado: carro_1000

🔄 Agregando viagens por vehicle_id...
  📐 SUMO_carro_1000: Calculando distâncias com Haversine direto (SEM routing API)
      Original: 301 pontos → 3.1480 km (Haversine)
      Offset:   301 pontos → 3.1782 km (Haversine)

🚙 Veículo: SUMO_carro_1000
   Modelo: HBEFA4/PC_petrol_Euro-6ab
   Segmentos: 301
   📏 Distância: 3.159 km (city: 3.020, highway: 0.139)
   ⛽ Combustível: 51.224 l
   🏭 CO2 real: 118326.7 g
   🎯 CO2 meta: 608.1 g
   📊 Delta: -117718.6 g
   💰 Valor E1: R$ -5.8859
   🧭 Tentativas map matching: 303

   🔑 OFFSET DETERMINÍSTICO (x=-0.005025792810750682°, y=0.009179424727803302°, max=2.0km):
   📍 Start Original:  (40.775644, -73.960687)
   🔒 Start Protegido: (40.770784, -73.951112) ✓ 0.95 km | ✓ MAP MATCHED
   📏 Deslocamento final: 971.7 metros
   📍 End Original:    (40.771236, -73.963813)
   🔒 End Protegido:   (40.766237, -73.954368) ✓ 0.95 km | ✓ MAP MATCHED
   📏 Deslocamento final: 971.4 metros

   📐 ANÁLISE DE DISTÂNCIA DO TRAJETO (HAVERSINE DOS PONTOS ARMAZENADOS):
   ✨ 257 pontos privados duplicados foram separados para garantir visualização 1:1.
   ℹ️  Dica: use --debug-map-matching para ver tentativas detalhadas de re-snap.
   🔢 Pontos unicos original/offset: 301/44 (Δ -257, -85.4% )
   📍 Trajeto original: 3.148 km (linha reta entre pontos GPS)
   🔒 Trajeto com offset: 3.178 km (linha reta entre pontos COM snap)
   📊 Diferença: +0.030 km (+1.0%)

======================================================================
📊 ESTATÍSTICAS FINAIS
======================================================================
Viagens processadas: 1
Distância total: 3.16 km
Combustível total: 51.22 l
CO2 real total: 118326.7 g
CO2 meta total: 608.1 g
Delta CO2: -117718.6 g
Valor E1 total: R$ -5.89

💰 Créditos: R$ 0.00
💸 Débitos: R$ 5.89
📈 Saldo líquido: R$ -5.89

🗺️  MAP MATCHING:
   Pontos processados: 301
   Snaps tentados: 301 (100.0%)
   Snaps bem-sucedidos: 301 (100.0%)
   Snaps forçados (>100m): 301 (100.0%)
   ✅ TODOS os pontos estão em ruas (FORCE_SNAP=True)
======================================================================

💾 Dados agregados salvos em: ../data/offset_batch/vehicles_step_sim_8/run_057.csv
[csv-worker_8] [vehicles_step_sim_8] ===== LOG RUN 057 FIM =====

[csv-worker_8] [vehicles_step_sim_8] ===== LOG RUN 058 INICIO =====
======================================================================
🚗 PROCESSAMENTO SUMO → E1 REGISTRY (OFFSET ALEATÓRIO - veh0)
======================================================================
📄 Entrada: ../data/vehicles_step_sim_8.csv
🏭 Consumo fabricante: 12.0 km/l
💰 Preço carbono: R$ 50.0/ton
⭕ Raio máximo do offset aleatório: 2.0 km
🎲 Offset gerado aleatoriamente:
   Ângulo: 75.9°
   Distância: 1.4465 km
   offset_x (lat): 0.003157°  |  offset_y (lon): 0.012604°
📊 Row stepping: Processando todas as linhas
🗺️  Map matching: ATIVADO (raio 1500m) - pontos snapped para ruas
📐 Cálculo de distância: HAVERSINE PURO dos pontos COM snap (consistência)
======================================================================

📊 Carregando dados SUMO...
   Total de registros no arquivo: 299
   Veículos únicos: 1
   🚙 Vehicle selecionado: carro_1000

🔄 Agregando viagens por vehicle_id...
  📐 SUMO_carro_1000: Calculando distâncias com Haversine direto (SEM routing API)
      Original: 301 pontos → 3.1480 km (Haversine)
      Offset:   301 pontos → 3.3300 km (Haversine)

🚙 Veículo: SUMO_carro_1000
   Modelo: HBEFA4/PC_petrol_Euro-6ab
   Segmentos: 301
   📏 Distância: 3.159 km (city: 3.020, highway: 0.139)
   ⛽ Combustível: 51.224 l
   🏭 CO2 real: 118326.7 g
   🎯 CO2 meta: 608.1 g
   📊 Delta: -117718.6 g
   💰 Valor E1: R$ -5.8859
   🧭 Tentativas map matching: 303

   🔑 OFFSET DETERMINÍSTICO (x=-0.007842289396610101°, y=-0.007681044817137663°, max=2.0km):
   📍 Start Original:  (40.775644, -73.960687)
   🔒 Start Protegido: (40.767918, -73.968251) ✓ 1.09 km | ✓ MAP MATCHED
   📏 Deslocamento final: 1070.6 metros
   📍 End Original:    (40.771236, -73.963813)
   🔒 End Protegido:   (40.763539, -73.971454) ✓ 1.09 km | ✓ MAP MATCHED
   📏 Deslocamento final: 1071.9 metros

   📐 ANÁLISE DE DISTÂNCIA DO TRAJETO (HAVERSINE DOS PONTOS ARMAZENADOS):
   ✨ 237 pontos privados duplicados foram separados para garantir visualização 1:1.
   ℹ️  Dica: use --debug-map-matching para ver tentativas detalhadas de re-snap.
   🔢 Pontos unicos original/offset: 301/64 (Δ -237, -78.7% )
   📍 Trajeto original: 3.148 km (linha reta entre pontos GPS)
   🔒 Trajeto com offset: 3.330 km (linha reta entre pontos COM snap)
   📊 Diferença: +0.182 km (+5.8%)

======================================================================
📊 ESTATÍSTICAS FINAIS
======================================================================
Viagens processadas: 1
Distância total: 3.16 km
Combustível total: 51.22 l
CO2 real total: 118326.7 g
CO2 meta total: 608.1 g
Delta CO2: -117718.6 g
Valor E1 total: R$ -5.89

💰 Créditos: R$ 0.00
💸 Débitos: R$ 5.89
📈 Saldo líquido: R$ -5.89

🗺️  MAP MATCHING:
   Pontos processados: 301
   Snaps tentados: 301 (100.0%)
   Snaps bem-sucedidos: 301 (100.0%)
   Snaps forçados (>100m): 301 (100.0%)
   ✅ TODOS os pontos estão em ruas (FORCE_SNAP=True)
======================================================================

💾 Dados agregados salvos em: ../data/offset_batch/vehicles_step_sim_8/run_058.csv
[csv-worker_8] [vehicles_step_sim_8] ===== LOG RUN 058 FIM =====

[csv-worker_8] [vehicles_step_sim_8] ===== LOG RUN 059 INICIO =====
======================================================================
🚗 PROCESSAMENTO SUMO → E1 REGISTRY (OFFSET ALEATÓRIO - veh0)
======================================================================
📄 Entrada: ../data/vehicles_step_sim_8.csv
🏭 Consumo fabricante: 12.0 km/l
💰 Preço carbono: R$ 50.0/ton
⭕ Raio máximo do offset aleatório: 2.0 km
🎲 Offset gerado aleatoriamente:
   Ângulo: 234.0°
   Distância: 1.8820 km
   offset_x (lat): -0.009935°  |  offset_y (lon): -0.013679°
📊 Row stepping: Processando todas as linhas
🗺️  Map matching: ATIVADO (raio 1500m) - pontos snapped para ruas
📐 Cálculo de distância: HAVERSINE PURO dos pontos COM snap (consistência)
======================================================================

📊 Carregando dados SUMO...
   Total de registros no arquivo: 299
   Veículos únicos: 1
   🚙 Vehicle selecionado: carro_1000

🔄 Agregando viagens por vehicle_id...
  📐 SUMO_carro_1000: Calculando distâncias com Haversine direto (SEM routing API)
      Original: 323 pontos → 2.9161 km (Haversine)
      Offset:   323 pontos → 3.0679 km (Haversine)

🚙 Veículo: SUMO_carro_1000
   Modelo: HBEFA4/PC_petrol_Euro-6ab
   Segmentos: 323
   📏 Distância: 2.926 km (city: 2.764, highway: 0.161)
   ⛽ Combustível: 54.094 l
   🏭 CO2 real: 124958.0 g
   🎯 CO2 meta: 563.2 g
   📊 Delta: -124394.9 g
   💰 Valor E1: R$ -6.2197
   🧭 Tentativas map matching: 325

   🔑 OFFSET DETERMINÍSTICO (x=-0.010529079073820223°, y=-0.006959323210234834°, max=2.0km):
   📍 Start Original:  (40.775644, -73.960687)
   🔒 Start Protegido: (40.765313, -73.967723) ✓ 1.31 km | ✓ MAP MATCHED
   📏 Deslocamento final: 1293.9 metros
   📍 End Original:    (40.774046, -73.961617)
   🔒 End Protegido:   (40.763199, -73.968510) ✓ 1.31 km | ✓ MAP MATCHED
   📏 Deslocamento final: 1340.0 metros

   📐 ANÁLISE DE DISTÂNCIA DO TRAJETO (HAVERSINE DOS PONTOS ARMAZENADOS):
   ✨ 292 pontos privados duplicados foram separados para garantir visualização 1:1.
   ℹ️  Dica: use --debug-map-matching para ver tentativas detalhadas de re-snap.
   🔢 Pontos unicos original/offset: 320/31 (Δ -289, -90.3% )
   📍 Trajeto original: 2.916 km (linha reta entre pontos GPS)
   🔒 Trajeto com offset: 3.068 km (linha reta entre pontos COM snap)
   📊 Diferença: +0.152 km (+5.2%)

======================================================================
📊 ESTATÍSTICAS FINAIS
======================================================================
Viagens processadas: 1
Distância total: 2.93 km
Combustível total: 54.09 l
CO2 real total: 124958.0 g
CO2 meta total: 563.2 g
Delta CO2: -124394.9 g
Valor E1 total: R$ -6.22

💰 Créditos: R$ 0.00
💸 Débitos: R$ 6.22
📈 Saldo líquido: R$ -6.22

🗺️  MAP MATCHING:
   Pontos processados: 323
   Snaps tentados: 323 (100.0%)
   Snaps bem-sucedidos: 323 (100.0%)
   Snaps forçados (>100m): 323 (100.0%)
   ✅ TODOS os pontos estão em ruas (FORCE_SNAP=True)
======================================================================

💾 Dados agregados salvos em: ../data/offset_batch/vehicles_step_sim_8/run_059.csv
[csv-worker_8] [vehicles_step_sim_8] ===== LOG RUN 059 FIM =====

[csv-worker_8] [vehicles_step_sim_8] ===== LOG RUN 060 INICIO =====
======================================================================
🚗 PROCESSAMENTO SUMO → E1 REGISTRY (OFFSET ALEATÓRIO - veh0)
======================================================================
📄 Entrada: ../data/vehicles_step_sim_8.csv
🏭 Consumo fabricante: 12.0 km/l
💰 Preço carbono: R$ 50.0/ton
⭕ Raio máximo do offset aleatório: 2.0 km
🎲 Offset gerado aleatoriamente:
   Ângulo: 220.4°
   Distância: 0.5786 km
   offset_x (lat): -0.003958°  |  offset_y (lon): -0.003370°
📊 Row stepping: Processando todas as linhas
🗺️  Map matching: ATIVADO (raio 1500m) - pontos snapped para ruas
📐 Cálculo de distância: HAVERSINE PURO dos pontos COM snap (consistência)
======================================================================

📊 Carregando dados SUMO...
   Total de registros no arquivo: 299
   Veículos únicos: 1
   🚙 Vehicle selecionado: carro_1000

🔄 Agregando viagens por vehicle_id...
  📐 SUMO_carro_1000: Calculando distâncias com Haversine direto (SEM routing API)
      Original: 323 pontos → 2.9161 km (Haversine)
      Offset:   323 pontos → 2.5535 km (Haversine)

🚙 Veículo: SUMO_carro_1000
   Modelo: HBEFA4/PC_petrol_Euro-6ab
   Segmentos: 323
   📏 Distância: 2.926 km (city: 2.764, highway: 0.161)
   ⛽ Combustível: 54.094 l
   🏭 CO2 real: 124958.0 g
   🎯 CO2 meta: 563.2 g
   📊 Delta: -124394.9 g
   💰 Valor E1: R$ -6.2197
   🧭 Tentativas map matching: 325

   🔑 OFFSET DETERMINÍSTICO (x=-0.002033221712451255°, y=-0.010553965068403975°, max=2.0km):
   📍 Start Original:  (40.775644, -73.960687)
   🔒 Start Protegido: (40.771838, -73.967489) ✓ 0.92 km | ✓ MAP MATCHED
   📏 Deslocamento final: 712.9 metros
   📍 End Original:    (40.774046, -73.961617)
   🔒 End Protegido:   (40.769902, -73.974741) ✓ 0.92 km | ✓ MAP MATCHED
   📏 Deslocamento final: 1198.7 metros

   📐 ANÁLISE DE DISTÂNCIA DO TRAJETO (HAVERSINE DOS PONTOS ARMAZENADOS):
   ✨ 292 pontos privados duplicados foram separados para garantir visualização 1:1.
   ℹ️  Dica: use --debug-map-matching para ver tentativas detalhadas de re-snap.
   🔢 Pontos unicos original/offset: 320/31 (Δ -289, -90.3% )
   📍 Trajeto original: 2.916 km (linha reta entre pontos GPS)
   🔒 Trajeto com offset: 2.554 km (linha reta entre pontos COM snap)
   📊 Diferença: -0.363 km (-12.4%)

======================================================================
📊 ESTATÍSTICAS FINAIS
======================================================================
Viagens processadas: 1
Distância total: 2.93 km
Combustível total: 54.09 l
CO2 real total: 124958.0 g
CO2 meta total: 563.2 g
Delta CO2: -124394.9 g
Valor E1 total: R$ -6.22

💰 Créditos: R$ 0.00
💸 Débitos: R$ 6.22
📈 Saldo líquido: R$ -6.22

🗺️  MAP MATCHING:
   Pontos processados: 323
   Snaps tentados: 323 (100.0%)
   Snaps bem-sucedidos: 323 (100.0%)
   Snaps forçados (>100m): 323 (100.0%)
   ✅ TODOS os pontos estão em ruas (FORCE_SNAP=True)
======================================================================

💾 Dados agregados salvos em: ../data/offset_batch/vehicles_step_sim_8/run_060.csv
[csv-worker_8] [vehicles_step_sim_8] ===== LOG RUN 060 FIM =====

[csv-worker_8] [vehicles_step_sim_8] ===== LOG RUN 061 INICIO =====
======================================================================
🚗 PROCESSAMENTO SUMO → E1 REGISTRY (OFFSET ALEATÓRIO - veh0)
======================================================================
📄 Entrada: ../data/vehicles_step_sim_8.csv
🏭 Consumo fabricante: 12.0 km/l
💰 Preço carbono: R$ 50.0/ton
⭕ Raio máximo do offset aleatório: 2.0 km
🎲 Offset gerado aleatoriamente:
   Ângulo: 277.7°
   Distância: 1.5624 km
   offset_x (lat): 0.001881°  |  offset_y (lon): -0.013909°
📊 Row stepping: Processando todas as linhas
🗺️  Map matching: ATIVADO (raio 1500m) - pontos snapped para ruas
📐 Cálculo de distância: HAVERSINE PURO dos pontos COM snap (consistência)
======================================================================

📊 Carregando dados SUMO...
   Total de registros no arquivo: 299
   Veículos únicos: 1
   🚙 Vehicle selecionado: carro_1000

🔄 Agregando viagens por vehicle_id...
  📐 SUMO_carro_1000: Calculando distâncias com Haversine direto (SEM routing API)
      Original: 323 pontos → 2.9161 km (Haversine)
      Offset:   323 pontos → 3.4612 km (Haversine)

🚙 Veículo: SUMO_carro_1000
   Modelo: HBEFA4/PC_petrol_Euro-6ab
   Segmentos: 323
   📏 Distância: 2.926 km (city: 2.764, highway: 0.161)
   ⛽ Combustível: 54.094 l
   🏭 CO2 real: 124958.0 g
   🎯 CO2 meta: 563.2 g
   📊 Delta: -124394.9 g
   💰 Valor E1: R$ -6.2197
   🧭 Tentativas map matching: 325

   🔑 OFFSET DETERMINÍSTICO (x=-0.003422799182859184°, y=0.010789941259513195°, max=2.0km):
   📍 Start Original:  (40.775644, -73.960687)
   🔒 Start Protegido: (40.772140, -73.949889) ✓ 0.99 km | ✓ MAP MATCHED
   📏 Deslocamento final: 990.3 metros
   📍 End Original:    (40.774046, -73.961617)
   🔒 End Protegido:   (40.770662, -73.950801) ✓ 0.99 km | ✓ MAP MATCHED
   📏 Deslocamento final: 986.5 metros

   📐 ANÁLISE DE DISTÂNCIA DO TRAJETO (HAVERSINE DOS PONTOS ARMAZENADOS):
   ✨ 281 pontos privados duplicados foram separados para garantir visualização 1:1.
   ℹ️  Dica: use --debug-map-matching para ver tentativas detalhadas de re-snap.
   🔢 Pontos unicos original/offset: 320/42 (Δ -278, -86.9% )
   📍 Trajeto original: 2.916 km (linha reta entre pontos GPS)
   🔒 Trajeto com offset: 3.461 km (linha reta entre pontos COM snap)
   📊 Diferença: +0.545 km (+18.7%)

======================================================================
📊 ESTATÍSTICAS FINAIS
======================================================================
Viagens processadas: 1
Distância total: 2.93 km
Combustível total: 54.09 l
CO2 real total: 124958.0 g
CO2 meta total: 563.2 g
Delta CO2: -124394.9 g
Valor E1 total: R$ -6.22

💰 Créditos: R$ 0.00
💸 Débitos: R$ 6.22
📈 Saldo líquido: R$ -6.22

🗺️  MAP MATCHING:
   Pontos processados: 323
   Snaps tentados: 323 (100.0%)
   Snaps bem-sucedidos: 323 (100.0%)
   Snaps forçados (>100m): 323 (100.0%)
   ✅ TODOS os pontos estão em ruas (FORCE_SNAP=True)
======================================================================

💾 Dados agregados salvos em: ../data/offset_batch/vehicles_step_sim_8/run_061.csv
[csv-worker_8] [vehicles_step_sim_8] ===== LOG RUN 061 FIM =====

[csv-worker_8] [vehicles_step_sim_8] ===== LOG RUN 062 INICIO =====
======================================================================
🚗 PROCESSAMENTO SUMO → E1 REGISTRY (OFFSET ALEATÓRIO - veh0)
======================================================================
📄 Entrada: ../data/vehicles_step_sim_8.csv
🏭 Consumo fabricante: 12.0 km/l
💰 Preço carbono: R$ 50.0/ton
⭕ Raio máximo do offset aleatório: 2.0 km
🎲 Offset gerado aleatoriamente:
   Ângulo: 27.3°
   Distância: 0.3469 km
   offset_x (lat): 0.002769°  |  offset_y (lon): 0.001429°
📊 Row stepping: Processando todas as linhas
🗺️  Map matching: ATIVADO (raio 1500m) - pontos snapped para ruas
📐 Cálculo de distância: HAVERSINE PURO dos pontos COM snap (consistência)
======================================================================

📊 Carregando dados SUMO...
   Total de registros no arquivo: 299
   Veículos únicos: 1
   🚙 Vehicle selecionado: carro_1000

🔄 Agregando viagens por vehicle_id...
  📐 SUMO_carro_1000: Calculando distâncias com Haversine direto (SEM routing API)
      Original: 301 pontos → 3.1480 km (Haversine)
      Offset:   301 pontos → 2.7322 km (Haversine)

🚙 Veículo: SUMO_carro_1000
   Modelo: HBEFA4/PC_petrol_Euro-6ab
   Segmentos: 301
   📏 Distância: 3.159 km (city: 3.020, highway: 0.139)
   ⛽ Combustível: 51.224 l
   🏭 CO2 real: 118326.7 g
   🎯 CO2 meta: 608.1 g
   📊 Delta: -117718.6 g
   💰 Valor E1: R$ -5.8859
   🧭 Tentativas map matching: 303

   🔑 OFFSET DETERMINÍSTICO (x=0.011246380401443691°, y=-0.010829005421216183°, max=2.0km):
   📍 Start Original:  (40.775644, -73.960687)
   🔒 Start Protegido: (40.787115, -73.971559) ✓ 1.55 km | ✓ MAP MATCHED
   📏 Deslocamento final: 1571.9 metros
   📍 End Original:    (40.771236, -73.963813)
   🔒 End Protegido:   (40.782638, -73.975007) ✓ 1.55 km | ✓ MAP MATCHED
   📏 Deslocamento final: 1581.7 metros

   📐 ANÁLISE DE DISTÂNCIA DO TRAJETO (HAVERSINE DOS PONTOS ARMAZENADOS):
   ✨ 261 pontos privados duplicados foram separados para garantir visualização 1:1.
   ℹ️  Dica: use --debug-map-matching para ver tentativas detalhadas de re-snap.
   🔢 Pontos unicos original/offset: 301/40 (Δ -261, -86.7% )
   📍 Trajeto original: 3.148 km (linha reta entre pontos GPS)
   🔒 Trajeto com offset: 2.732 km (linha reta entre pontos COM snap)
   📊 Diferença: -0.416 km (-13.2%)

======================================================================
📊 ESTATÍSTICAS FINAIS
======================================================================
Viagens processadas: 1
Distância total: 3.16 km
Combustível total: 51.22 l
CO2 real total: 118326.7 g
CO2 meta total: 608.1 g
Delta CO2: -117718.6 g
Valor E1 total: R$ -5.89

💰 Créditos: R$ 0.00
💸 Débitos: R$ 5.89
📈 Saldo líquido: R$ -5.89

🗺️  MAP MATCHING:
   Pontos processados: 301
   Snaps tentados: 301 (100.0%)
   Snaps bem-sucedidos: 301 (100.0%)
   Snaps forçados (>100m): 301 (100.0%)
   ✅ TODOS os pontos estão em ruas (FORCE_SNAP=True)
======================================================================

💾 Dados agregados salvos em: ../data/offset_batch/vehicles_step_sim_8/run_062.csv
[csv-worker_8] [vehicles_step_sim_8] ===== LOG RUN 062 FIM =====

[csv-worker_8] [vehicles_step_sim_8] ===== LOG RUN 063 INICIO =====
======================================================================
🚗 PROCESSAMENTO SUMO → E1 REGISTRY (OFFSET ALEATÓRIO - veh0)
======================================================================
📄 Entrada: ../data/vehicles_step_sim_8.csv
🏭 Consumo fabricante: 12.0 km/l
💰 Preço carbono: R$ 50.0/ton
⭕ Raio máximo do offset aleatório: 2.0 km
🎲 Offset gerado aleatoriamente:
   Ângulo: 171.7°
   Distância: 0.9221 km
   offset_x (lat): -0.008197°  |  offset_y (lon): 0.001194°
📊 Row stepping: Processando todas as linhas
🗺️  Map matching: ATIVADO (raio 1500m) - pontos snapped para ruas
📐 Cálculo de distância: HAVERSINE PURO dos pontos COM snap (consistência)
======================================================================

📊 Carregando dados SUMO...
   Total de registros no arquivo: 299
   Veículos únicos: 1
   🚙 Vehicle selecionado: carro_1000

🔄 Agregando viagens por vehicle_id...
  📐 SUMO_carro_1000: Calculando distâncias com Haversine direto (SEM routing API)
      Original: 301 pontos → 3.1480 km (Haversine)
      Offset:   301 pontos → 3.3585 km (Haversine)

🚙 Veículo: SUMO_carro_1000
   Modelo: HBEFA4/PC_petrol_Euro-6ab
   Segmentos: 301
   📏 Distância: 3.159 km (city: 3.020, highway: 0.139)
   ⛽ Combustível: 51.224 l
   🏭 CO2 real: 118326.7 g
   🎯 CO2 meta: 608.1 g
   📊 Delta: -117718.6 g
   💰 Valor E1: R$ -5.8859
   🧭 Tentativas map matching: 303

   🔑 OFFSET DETERMINÍSTICO (x=0.011176836975012082°, y=0.006095176728002572°, max=2.0km):
   📍 Start Original:  (40.775644, -73.960687)
   🔒 Start Protegido: (40.786610, -73.954614) ✓ 1.35 km | ✓ MAP MATCHED
   📏 Deslocamento final: 1323.8 metros
   📍 End Original:    (40.771236, -73.963813)
   🔒 End Protegido:   (40.782225, -73.957816) ✓ 1.35 km | ✓ MAP MATCHED
   📏 Deslocamento final: 1323.7 metros

   📐 ANÁLISE DE DISTÂNCIA DO TRAJETO (HAVERSINE DOS PONTOS ARMAZENADOS):
   ✨ 243 pontos privados duplicados foram separados para garantir visualização 1:1.
   ℹ️  Dica: use --debug-map-matching para ver tentativas detalhadas de re-snap.
   🔢 Pontos unicos original/offset: 301/58 (Δ -243, -80.7% )
   📍 Trajeto original: 3.148 km (linha reta entre pontos GPS)
   🔒 Trajeto com offset: 3.359 km (linha reta entre pontos COM snap)
   📊 Diferença: +0.211 km (+6.7%)

======================================================================
📊 ESTATÍSTICAS FINAIS
======================================================================
Viagens processadas: 1
Distância total: 3.16 km
Combustível total: 51.22 l
CO2 real total: 118326.7 g
CO2 meta total: 608.1 g
Delta CO2: -117718.6 g
Valor E1 total: R$ -5.89

💰 Créditos: R$ 0.00
💸 Débitos: R$ 5.89
📈 Saldo líquido: R$ -5.89

🗺️  MAP MATCHING:
   Pontos processados: 301
   Snaps tentados: 301 (100.0%)
   Snaps bem-sucedidos: 301 (100.0%)
   Snaps forçados (>100m): 301 (100.0%)
   ✅ TODOS os pontos estão em ruas (FORCE_SNAP=True)
======================================================================

💾 Dados agregados salvos em: ../data/offset_batch/vehicles_step_sim_8/run_063.csv
[csv-worker_8] [vehicles_step_sim_8] ===== LOG RUN 063 FIM =====

[csv-worker_8] [vehicles_step_sim_8] ===== LOG RUN 064 INICIO =====
======================================================================
🚗 PROCESSAMENTO SUMO → E1 REGISTRY (OFFSET ALEATÓRIO - veh0)
======================================================================
📄 Entrada: ../data/vehicles_step_sim_8.csv
🏭 Consumo fabricante: 12.0 km/l
💰 Preço carbono: R$ 50.0/ton
⭕ Raio máximo do offset aleatório: 2.0 km
🎲 Offset gerado aleatoriamente:
   Ângulo: 31.6°
   Distância: 1.2593 km
   offset_x (lat): 0.009637°  |  offset_y (lon): 0.005924°
📊 Row stepping: Processando todas as linhas
🗺️  Map matching: ATIVADO (raio 1500m) - pontos snapped para ruas
📐 Cálculo de distância: HAVERSINE PURO dos pontos COM snap (consistência)
======================================================================

📊 Carregando dados SUMO...
   Total de registros no arquivo: 299
   Veículos únicos: 1
   🚙 Vehicle selecionado: carro_1000

🔄 Agregando viagens por vehicle_id...
  📐 SUMO_carro_1000: Calculando distâncias com Haversine direto (SEM routing API)
      Original: 222 pontos → 1.9688 km (Haversine)
      Offset:   222 pontos → 2.1519 km (Haversine)

🚙 Veículo: SUMO_carro_1000
   Modelo: HBEFA4/PC_petrol_Euro-6ab
   Segmentos: 222
   📏 Distância: 1.973 km (city: 1.973, highway: 0.000)
   ⛽ Combustível: 24.219 l
   🏭 CO2 real: 55946.2 g
   🎯 CO2 meta: 379.8 g
   📊 Delta: -55566.4 g
   💰 Valor E1: R$ -2.7783
   🧭 Tentativas map matching: 224

   🔑 OFFSET DETERMINÍSTICO (x=0.0041769677285871274°, y=0.0026712133996117304°, max=2.0km):
   📍 Start Original:  (40.775644, -73.960687)
   🔒 Start Protegido: (40.779578, -73.957906) ✓ 0.52 km | ✓ MAP MATCHED
   📏 Deslocamento final: 496.8 metros
   📍 End Original:    (40.772651, -73.962544)
   🔒 End Protegido:   (40.776952, -73.959688) ✓ 0.52 km | ✓ MAP MATCHED
   📏 Deslocamento final: 535.9 metros

   📐 ANÁLISE DE DISTÂNCIA DO TRAJETO (HAVERSINE DOS PONTOS ARMAZENADOS):
   ✨ 184 pontos privados duplicados foram separados para garantir visualização 1:1.
   ℹ️  Dica: use --debug-map-matching para ver tentativas detalhadas de re-snap.
   🔢 Pontos unicos original/offset: 221/38 (Δ -183, -82.8% )
   📍 Trajeto original: 1.969 km (linha reta entre pontos GPS)
   🔒 Trajeto com offset: 2.152 km (linha reta entre pontos COM snap)
   📊 Diferença: +0.183 km (+9.3%)

======================================================================
📊 ESTATÍSTICAS FINAIS
======================================================================
Viagens processadas: 1
Distância total: 1.97 km
Combustível total: 24.22 l
CO2 real total: 55946.2 g
CO2 meta total: 379.8 g
Delta CO2: -55566.4 g
Valor E1 total: R$ -2.78

💰 Créditos: R$ 0.00
💸 Débitos: R$ 2.78
📈 Saldo líquido: R$ -2.78

🗺️  MAP MATCHING:
   Pontos processados: 222
   Snaps tentados: 222 (100.0%)
   Snaps bem-sucedidos: 222 (100.0%)
   Snaps forçados (>100m): 222 (100.0%)
   ✅ TODOS os pontos estão em ruas (FORCE_SNAP=True)
======================================================================

💾 Dados agregados salvos em: ../data/offset_batch/vehicles_step_sim_8/run_064.csv
[csv-worker_8] [vehicles_step_sim_8] ===== LOG RUN 064 FIM =====

[csv-worker_8] [vehicles_step_sim_8] ===== LOG RUN 065 INICIO =====
======================================================================
🚗 PROCESSAMENTO SUMO → E1 REGISTRY (OFFSET ALEATÓRIO - veh0)
======================================================================
📄 Entrada: ../data/vehicles_step_sim_8.csv
🏭 Consumo fabricante: 12.0 km/l
💰 Preço carbono: R$ 50.0/ton
⭕ Raio máximo do offset aleatório: 2.0 km
🎲 Offset gerado aleatoriamente:
   Ângulo: 308.7°
   Distância: 0.5956 km
   offset_x (lat): 0.003347°  |  offset_y (lon): -0.004174°
📊 Row stepping: Processando todas as linhas
🗺️  Map matching: ATIVADO (raio 1500m) - pontos snapped para ruas
📐 Cálculo de distância: HAVERSINE PURO dos pontos COM snap (consistência)
======================================================================

📊 Carregando dados SUMO...
   Total de registros no arquivo: 299
   Veículos únicos: 1
   🚙 Vehicle selecionado: carro_1000

🔄 Agregando viagens por vehicle_id...
  📐 SUMO_carro_1000: Calculando distâncias com Haversine direto (SEM routing API)
      Original: 337 pontos → 3.3706 km (Haversine)
      Offset:   337 pontos → 3.2897 km (Haversine)

🚙 Veículo: SUMO_carro_1000
   Modelo: HBEFA4/PC_petrol_Euro-6ab
   Segmentos: 337
   📏 Distância: 3.379 km (city: 3.069, highway: 0.310)
   ⛽ Combustível: 58.616 l
   🏭 CO2 real: 135402.3 g
   🎯 CO2 meta: 650.5 g
   📊 Delta: -134751.8 g
   💰 Valor E1: R$ -6.7376
   🧭 Tentativas map matching: 339

   🔑 OFFSET DETERMINÍSTICO (x=-0.0007103186645830033°, y=0.006519696920228578°, max=2.0km):
   📍 Start Original:  (40.775644, -73.960687)
   🔒 Start Protegido: (40.774714, -73.954218) ✓ 0.56 km | ✓ MAP MATCHED
   📏 Deslocamento final: 555.0 metros
   📍 End Original:    (40.774801, -73.960637)
   🔒 End Protegido:   (40.774199, -73.954440) ✓ 0.56 km | ✓ MAP MATCHED
   📏 Deslocamento final: 526.7 metros

   📐 ANÁLISE DE DISTÂNCIA DO TRAJETO (HAVERSINE DOS PONTOS ARMAZENADOS):
   ✨ 286 pontos privados duplicados foram separados para garantir visualização 1:1.
   ℹ️  Dica: use --debug-map-matching para ver tentativas detalhadas de re-snap.
   🔢 Pontos unicos original/offset: 337/51 (Δ -286, -84.9% )
   📍 Trajeto original: 3.371 km (linha reta entre pontos GPS)
   🔒 Trajeto com offset: 3.290 km (linha reta entre pontos COM snap)
   📊 Diferença: -0.081 km (-2.4%)

======================================================================
📊 ESTATÍSTICAS FINAIS
======================================================================
Viagens processadas: 1
Distância total: 3.38 km
Combustível total: 58.62 l
CO2 real total: 135402.3 g
CO2 meta total: 650.5 g
Delta CO2: -134751.8 g
Valor E1 total: R$ -6.74

💰 Créditos: R$ 0.00
💸 Débitos: R$ 6.74
📈 Saldo líquido: R$ -6.74

🗺️  MAP MATCHING:
   Pontos processados: 337
   Snaps tentados: 337 (100.0%)
   Snaps bem-sucedidos: 337 (100.0%)
   Snaps forçados (>100m): 337 (100.0%)
   ✅ TODOS os pontos estão em ruas (FORCE_SNAP=True)
======================================================================

💾 Dados agregados salvos em: ../data/offset_batch/vehicles_step_sim_8/run_065.csv
[csv-worker_8] [vehicles_step_sim_8] ===== LOG RUN 065 FIM =====

[csv-worker_8] [vehicles_step_sim_8] ===== LOG RUN 066 INICIO =====
======================================================================
🚗 PROCESSAMENTO SUMO → E1 REGISTRY (OFFSET ALEATÓRIO - veh0)
======================================================================
📄 Entrada: ../data/vehicles_step_sim_8.csv
🏭 Consumo fabricante: 12.0 km/l
💰 Preço carbono: R$ 50.0/ton
⭕ Raio máximo do offset aleatório: 2.0 km
🎲 Offset gerado aleatoriamente:
   Ângulo: 60.4°
   Distância: 0.1459 km
   offset_x (lat): 0.000647°  |  offset_y (lon): 0.001140°
📊 Row stepping: Processando todas as linhas
🗺️  Map matching: ATIVADO (raio 1500m) - pontos snapped para ruas
📐 Cálculo de distância: HAVERSINE PURO dos pontos COM snap (consistência)
======================================================================

📊 Carregando dados SUMO...
   Total de registros no arquivo: 299
   Veículos únicos: 1
   🚙 Vehicle selecionado: carro_1000

🔄 Agregando viagens por vehicle_id...
  📐 SUMO_carro_1000: Calculando distâncias com Haversine direto (SEM routing API)
      Original: 337 pontos → 3.3706 km (Haversine)
      Offset:   337 pontos → 3.9561 km (Haversine)

🚙 Veículo: SUMO_carro_1000
   Modelo: HBEFA4/PC_petrol_Euro-6ab
   Segmentos: 337
   📏 Distância: 3.379 km (city: 3.069, highway: 0.310)
   ⛽ Combustível: 58.616 l
   🏭 CO2 real: 135402.3 g
   🎯 CO2 meta: 650.5 g
   📊 Delta: -134751.8 g
   💰 Valor E1: R$ -6.7376
   🧭 Tentativas map matching: 339

   🔑 OFFSET DETERMINÍSTICO (x=-0.014329399386127255°, y=0.004083287254265573°, max=2.0km):
   📍 Start Original:  (40.775644, -73.960687)
   🔒 Start Protegido: (40.760981, -73.956422) ✓ 1.63 km | ✓ MAP MATCHED
   📏 Deslocamento final: 1671.4 metros
   📍 End Original:    (40.774801, -73.960637)
   🔒 End Protegido:   (40.760549, -73.956732) ✓ 1.63 km | ✓ MAP MATCHED
   📏 Deslocamento final: 1620.3 metros

   📐 ANÁLISE DE DISTÂNCIA DO TRAJETO (HAVERSINE DOS PONTOS ARMAZENADOS):
   ✨ 280 pontos privados duplicados foram separados para garantir visualização 1:1.
   ℹ️  Dica: use --debug-map-matching para ver tentativas detalhadas de re-snap.
   🔢 Pontos unicos original/offset: 337/57 (Δ -280, -83.1% )
   📍 Trajeto original: 3.371 km (linha reta entre pontos GPS)
   🔒 Trajeto com offset: 3.956 km (linha reta entre pontos COM snap)
   📊 Diferença: +0.586 km (+17.4%)

======================================================================
📊 ESTATÍSTICAS FINAIS
======================================================================
Viagens processadas: 1
Distância total: 3.38 km
Combustível total: 58.62 l
CO2 real total: 135402.3 g
CO2 meta total: 650.5 g
Delta CO2: -134751.8 g
Valor E1 total: R$ -6.74

💰 Créditos: R$ 0.00
💸 Débitos: R$ 6.74
📈 Saldo líquido: R$ -6.74

🗺️  MAP MATCHING:
   Pontos processados: 337
   Snaps tentados: 337 (100.0%)
   Snaps bem-sucedidos: 337 (100.0%)
   Snaps forçados (>100m): 337 (100.0%)
   ✅ TODOS os pontos estão em ruas (FORCE_SNAP=True)
======================================================================

💾 Dados agregados salvos em: ../data/offset_batch/vehicles_step_sim_8/run_066.csv
[csv-worker_8] [vehicles_step_sim_8] ===== LOG RUN 066 FIM =====

[csv-worker_8] [vehicles_step_sim_8] ===== LOG RUN 067 INICIO =====
======================================================================
🚗 PROCESSAMENTO SUMO → E1 REGISTRY (OFFSET ALEATÓRIO - veh0)
======================================================================
📄 Entrada: ../data/vehicles_step_sim_8.csv
🏭 Consumo fabricante: 12.0 km/l
💰 Preço carbono: R$ 50.0/ton
⭕ Raio máximo do offset aleatório: 2.0 km
🎲 Offset gerado aleatoriamente:
   Ângulo: 3.6°
   Distância: 1.3029 km
   offset_x (lat): 0.011681°  |  offset_y (lon): 0.000738°
📊 Row stepping: Processando todas as linhas
🗺️  Map matching: ATIVADO (raio 1500m) - pontos snapped para ruas
📐 Cálculo de distância: HAVERSINE PURO dos pontos COM snap (consistência)
======================================================================

📊 Carregando dados SUMO...
   Total de registros no arquivo: 299
   Veículos únicos: 1
   🚙 Vehicle selecionado: carro_1000

🔄 Agregando viagens por vehicle_id...
  📐 SUMO_carro_1000: Calculando distâncias com Haversine direto (SEM routing API)
      Original: 337 pontos → 3.3706 km (Haversine)
      Offset:   337 pontos → 2.9276 km (Haversine)

🚙 Veículo: SUMO_carro_1000
   Modelo: HBEFA4/PC_petrol_Euro-6ab
   Segmentos: 337
   📏 Distância: 3.379 km (city: 3.069, highway: 0.310)
   ⛽ Combustível: 58.616 l
   🏭 CO2 real: 135402.3 g
   🎯 CO2 meta: 650.5 g
   📊 Delta: -134751.8 g
   💰 Valor E1: R$ -6.7376
   🧭 Tentativas map matching: 339

   🔑 OFFSET DETERMINÍSTICO (x=-0.003785443741414084°, y=0.012209655652501976°, max=2.0km):
   📍 Start Original:  (40.775644, -73.960687)
   🔒 Start Protegido: (40.771127, -73.947721) ✓ 1.11 km | ✓ MAP MATCHED
   📏 Deslocamento final: 1203.1 metros
   📍 End Original:    (40.774801, -73.960637)
   🔒 End Protegido:   (40.771127, -73.947721) ✓ 1.11 km | ✓ MAP MATCHED
   📏 Deslocamento final: 1163.1 metros

   📐 ANÁLISE DE DISTÂNCIA DO TRAJETO (HAVERSINE DOS PONTOS ARMAZENADOS):
   ✨ 295 pontos privados duplicados foram separados para garantir visualização 1:1.
   ℹ️  Dica: use --debug-map-matching para ver tentativas detalhadas de re-snap.
   🔢 Pontos unicos original/offset: 337/42 (Δ -295, -87.5% )
   📍 Trajeto original: 3.371 km (linha reta entre pontos GPS)
   🔒 Trajeto com offset: 2.928 km (linha reta entre pontos COM snap)
   📊 Diferença: -0.443 km (-13.1%)

======================================================================
📊 ESTATÍSTICAS FINAIS
======================================================================
Viagens processadas: 1
Distância total: 3.38 km
Combustível total: 58.62 l
CO2 real total: 135402.3 g
CO2 meta total: 650.5 g
Delta CO2: -134751.8 g
Valor E1 total: R$ -6.74

💰 Créditos: R$ 0.00
💸 Débitos: R$ 6.74
📈 Saldo líquido: R$ -6.74

🗺️  MAP MATCHING:
   Pontos processados: 337
   Snaps tentados: 337 (100.0%)
   Snaps bem-sucedidos: 337 (100.0%)
   Snaps forçados (>100m): 337 (100.0%)
   ✅ TODOS os pontos estão em ruas (FORCE_SNAP=True)
======================================================================

💾 Dados agregados salvos em: ../data/offset_batch/vehicles_step_sim_8/run_067.csv
[csv-worker_8] [vehicles_step_sim_8] ===== LOG RUN 067 FIM =====

[csv-worker_8] [vehicles_step_sim_8] ===== LOG RUN 068 INICIO =====
======================================================================
🚗 PROCESSAMENTO SUMO → E1 REGISTRY (OFFSET ALEATÓRIO - veh0)
======================================================================
📄 Entrada: ../data/vehicles_step_sim_8.csv
🏭 Consumo fabricante: 12.0 km/l
💰 Preço carbono: R$ 50.0/ton
⭕ Raio máximo do offset aleatório: 2.0 km
🎲 Offset gerado aleatoriamente:
   Ângulo: 77.5°
   Distância: 1.7269 km
   offset_x (lat): 0.003355°  |  offset_y (lon): 0.015146°
📊 Row stepping: Processando todas as linhas
🗺️  Map matching: ATIVADO (raio 1500m) - pontos snapped para ruas
📐 Cálculo de distância: HAVERSINE PURO dos pontos COM snap (consistência)
======================================================================

📊 Carregando dados SUMO...
   Total de registros no arquivo: 299
   Veículos únicos: 1
   🚙 Vehicle selecionado: carro_1000

🔄 Agregando viagens por vehicle_id...
  📐 SUMO_carro_1000: Calculando distâncias com Haversine direto (SEM routing API)
      Original: 301 pontos → 3.1480 km (Haversine)
      Offset:   301 pontos → 2.8852 km (Haversine)

🚙 Veículo: SUMO_carro_1000
   Modelo: HBEFA4/PC_petrol_Euro-6ab
   Segmentos: 301
   📏 Distância: 3.159 km (city: 3.020, highway: 0.139)
   ⛽ Combustível: 51.224 l
   🏭 CO2 real: 118326.7 g
   🎯 CO2 meta: 608.1 g
   📊 Delta: -117718.6 g
   💰 Valor E1: R$ -5.8859
   🧭 Tentativas map matching: 303

   🔑 OFFSET DETERMINÍSTICO (x=-0.010960852787668469°, y=0.00955616326692016°, max=2.0km):
   📍 Start Original:  (40.775644, -73.960687)
   🔒 Start Protegido: (40.765106, -73.951999) ✓ 1.46 km | ✓ MAP MATCHED
   📏 Deslocamento final: 1382.9 metros
   📍 End Original:    (40.771236, -73.963813)
   🔒 End Protegido:   (40.759617, -73.953121) ✓ 1.46 km | ✓ MAP MATCHED
   📏 Deslocamento final: 1576.5 metros

   📐 ANÁLISE DE DISTÂNCIA DO TRAJETO (HAVERSINE DOS PONTOS ARMAZENADOS):
   ✨ 253 pontos privados duplicados foram separados para garantir visualização 1:1.
   ℹ️  Dica: use --debug-map-matching para ver tentativas detalhadas de re-snap.
   🔢 Pontos unicos original/offset: 301/48 (Δ -253, -84.1% )
   📍 Trajeto original: 3.148 km (linha reta entre pontos GPS)
   🔒 Trajeto com offset: 2.885 km (linha reta entre pontos COM snap)
   📊 Diferença: -0.263 km (-8.3%)

======================================================================
📊 ESTATÍSTICAS FINAIS
======================================================================
Viagens processadas: 1
Distância total: 3.16 km
Combustível total: 51.22 l
CO2 real total: 118326.7 g
CO2 meta total: 608.1 g
Delta CO2: -117718.6 g
Valor E1 total: R$ -5.89

💰 Créditos: R$ 0.00
💸 Débitos: R$ 5.89
📈 Saldo líquido: R$ -5.89

🗺️  MAP MATCHING:
   Pontos processados: 301
   Snaps tentados: 301 (100.0%)
   Snaps bem-sucedidos: 301 (100.0%)
   Snaps forçados (>100m): 301 (100.0%)
   ✅ TODOS os pontos estão em ruas (FORCE_SNAP=True)
======================================================================

💾 Dados agregados salvos em: ../data/offset_batch/vehicles_step_sim_8/run_068.csv
[csv-worker_8] [vehicles_step_sim_8] ===== LOG RUN 068 FIM =====

[csv-worker_8] [vehicles_step_sim_8] ===== LOG RUN 069 INICIO =====
======================================================================
🚗 PROCESSAMENTO SUMO → E1 REGISTRY (OFFSET ALEATÓRIO - veh0)
======================================================================
📄 Entrada: ../data/vehicles_step_sim_8.csv
🏭 Consumo fabricante: 12.0 km/l
💰 Preço carbono: R$ 50.0/ton
⭕ Raio máximo do offset aleatório: 2.0 km
🎲 Offset gerado aleatoriamente:
   Ângulo: 156.2°
   Distância: 1.4533 km
   offset_x (lat): -0.011946°  |  offset_y (lon): 0.005266°
📊 Row stepping: Processando todas as linhas
🗺️  Map matching: ATIVADO (raio 1500m) - pontos snapped para ruas
📐 Cálculo de distância: HAVERSINE PURO dos pontos COM snap (consistência)
======================================================================

📊 Carregando dados SUMO...
   Total de registros no arquivo: 300
   Veículos únicos: 1
   🚙 Vehicle selecionado: carro_1000

🔄 Agregando viagens por vehicle_id...
   Total de registros no arquivo: 299
   Veículos únicos: 1
   🚙 Vehicle selecionado: carro_1000

🔄 Agregando viagens por vehicle_id...
  📐 SUMO_carro_1000: Calculando distâncias com Haversine direto (SEM routing API)
      Original: 324 pontos → 3.1629 km (Haversine)
      Offset:   324 pontos → 3.4479 km (Haversine)

🚙 Veículo: SUMO_carro_1000
   Modelo: HBEFA4/PC_petrol_Euro-6ab
   Segmentos: 324
   📏 Distância: 3.166 km (city: 3.024, highway: 0.142)
   ⛽ Combustível: 49.530 l
   🏭 CO2 real: 114414.1 g
   🎯 CO2 meta: 609.4 g
   📊 Delta: -113804.6 g
   💰 Valor E1: R$ -5.6902
   🧭 Tentativas map matching: 326

   🔑 OFFSET DETERMINÍSTICO (x=-0.014126308087876798°, y=0.0006329636442886982°, max=2.0km):
   📍 Start Original:  (40.775644, -73.960687)
   🔒 Start Protegido: (40.761437, -73.960467) ✓ 1.57 km | ✓ MAP MATCHED
   📏 Deslocamento final: 1581.6 metros
   📍 End Original:    (40.772251, -73.963071)
   🔒 End Protegido:   (40.758254, -73.962784) ✓ 1.57 km | ✓ MAP MATCHED
   📏 Deslocamento final: 1558.2 metros

   📐 ANÁLISE DE DISTÂNCIA DO TRAJETO (HAVERSINE DOS PONTOS ARMAZENADOS):
   ✨ 253 pontos privados duplicados foram separados para garantir visualização 1:1.
   ℹ️  Dica: use --debug-map-matching para ver tentativas detalhadas de re-snap.
   🔢 Pontos unicos original/offset: 324/71 (Δ -253, -78.1% )
   📍 Trajeto original: 3.163 km (linha reta entre pontos GPS)
   🔒 Trajeto com offset: 3.448 km (linha reta entre pontos COM snap)
   📊 Diferença: +0.285 km (+9.0%)

======================================================================
📊 ESTATÍSTICAS FINAIS
======================================================================
Viagens processadas: 1
Distância total: 3.17 km
Combustível total: 49.53 l
CO2 real total: 114414.1 g
CO2 meta total: 609.4 g
Delta CO2: -113804.6 g
Valor E1 total: R$ -5.69

💰 Créditos: R$ 0.00
💸 Débitos: R$ 5.69
📈 Saldo líquido: R$ -5.69

🗺️  MAP MATCHING:
   Pontos processados: 324
   Snaps tentados: 324 (100.0%)
   Snaps bem-sucedidos: 324 (100.0%)
   Snaps forçados (>100m): 324 (100.0%)
   ✅ TODOS os pontos estão em ruas (FORCE_SNAP=True)
======================================================================

💾 Dados agregados salvos em: ../data/offset_batch/vehicles_step_sim_8/run_069.csv
[csv-worker_8] [vehicles_step_sim_8] ===== LOG RUN 069 FIM =====

[csv-worker_8] [vehicles_step_sim_8] ===== LOG RUN 070 INICIO =====
======================================================================
🚗 PROCESSAMENTO SUMO → E1 REGISTRY (OFFSET ALEATÓRIO - veh0)
======================================================================
📄 Entrada: ../data/vehicles_step_sim_8.csv
🏭 Consumo fabricante: 12.0 km/l
💰 Preço carbono: R$ 50.0/ton
⭕ Raio máximo do offset aleatório: 2.0 km
🎲 Offset gerado aleatoriamente:
   Ângulo: 216.5°
   Distância: 1.7275 km
   offset_x (lat): -0.012472°  |  offset_y (lon): -0.009235°
📊 Row stepping: Processando todas as linhas
🗺️  Map matching: ATIVADO (raio 1500m) - pontos snapped para ruas
📐 Cálculo de distância: HAVERSINE PURO dos pontos COM snap (consistência)
======================================================================

📊 Carregando dados SUMO...
   Total de registros no arquivo: 299
   Veículos únicos: 1
   🚙 Vehicle selecionado: carro_1000

🔄 Agregando viagens por vehicle_id...
  📐 SUMO_carro_1000: Calculando distâncias com Haversine direto (SEM routing API)
      Original: 222 pontos → 1.9688 km (Haversine)
      Offset:   222 pontos → 1.1001 km (Haversine)

🚙 Veículo: SUMO_carro_1000
   Modelo: HBEFA4/PC_petrol_Euro-6ab
   Segmentos: 222
   📏 Distância: 1.973 km (city: 1.973, highway: 0.000)
   ⛽ Combustível: 24.219 l
   🏭 CO2 real: 55946.2 g
   🎯 CO2 meta: 379.8 g
   📊 Delta: -55566.4 g
   💰 Valor E1: R$ -2.7783
   🧭 Tentativas map matching: 224

   🔑 OFFSET DETERMINÍSTICO (x=-0.0061376870005909025°, y=0.012577992366499282°, max=2.0km):
   📍 Start Original:  (40.775644, -73.960687)
   🔒 Start Protegido: (40.769518, -73.948231) ✓ 1.26 km | ✓ MAP MATCHED
   📏 Deslocamento final: 1252.0 metros
   📍 End Original:    (40.772651, -73.962544)
   🔒 End Protegido:   (40.766717, -73.950609) ✓ 1.26 km | ✓ MAP MATCHED
   📏 Deslocamento final: 1203.6 metros

   📐 ANÁLISE DE DISTÂNCIA DO TRAJETO (HAVERSINE DOS PONTOS ARMAZENADOS):
   ✨ 203 pontos privados duplicados foram separados para garantir visualização 1:1.
   ℹ️  Dica: use --debug-map-matching para ver tentativas detalhadas de re-snap.
   🔢 Pontos unicos original/offset: 221/19 (Δ -202, -91.4% )
   📍 Trajeto original: 1.969 km (linha reta entre pontos GPS)
   🔒 Trajeto com offset: 1.100 km (linha reta entre pontos COM snap)
   📊 Diferença: -0.869 km (-44.1%)

======================================================================
📊 ESTATÍSTICAS FINAIS
======================================================================
Viagens processadas: 1
Distância total: 1.97 km
Combustível total: 24.22 l
CO2 real total: 55946.2 g
CO2 meta total: 379.8 g
Delta CO2: -55566.4 g
Valor E1 total: R$ -2.78

💰 Créditos: R$ 0.00
💸 Débitos: R$ 2.78
📈 Saldo líquido: R$ -2.78

🗺️  MAP MATCHING:
   Pontos processados: 222
   Snaps tentados: 222 (100.0%)
   Snaps bem-sucedidos: 222 (100.0%)
   Snaps forçados (>100m): 222 (100.0%)
   ✅ TODOS os pontos estão em ruas (FORCE_SNAP=True)
======================================================================

💾 Dados agregados salvos em: ../data/offset_batch/vehicles_step_sim_8/run_070.csv
[csv-worker_8] [vehicles_step_sim_8] ===== LOG RUN 070 FIM =====

[csv-worker_8] [vehicles_step_sim_8] ===== LOG RUN 071 INICIO =====
======================================================================
🚗 PROCESSAMENTO SUMO → E1 REGISTRY (OFFSET ALEATÓRIO - veh0)
======================================================================
📄 Entrada: ../data/vehicles_step_sim_8.csv
🏭 Consumo fabricante: 12.0 km/l
💰 Preço carbono: R$ 50.0/ton
⭕ Raio máximo do offset aleatório: 2.0 km
🎲 Offset gerado aleatoriamente:
   Ângulo: 16.9°
   Distância: 1.4939 km
   offset_x (lat): 0.012843°  |  offset_y (lon): 0.003893°
📊 Row stepping: Processando todas as linhas
🗺️  Map matching: ATIVADO (raio 1500m) - pontos snapped para ruas
📐 Cálculo de distância: HAVERSINE PURO dos pontos COM snap (consistência)
======================================================================

📊 Carregando dados SUMO...
   Total de registros no arquivo: 299
   Veículos únicos: 1
   🚙 Vehicle selecionado: carro_1000

🔄 Agregando viagens por vehicle_id...
  📐 SUMO_carro_1000: Calculando distâncias com Haversine direto (SEM routing API)
      Original: 323 pontos → 2.9161 km (Haversine)
      Offset:   323 pontos → 3.5017 km (Haversine)

🚙 Veículo: SUMO_carro_1000
   Modelo: HBEFA4/PC_petrol_Euro-6ab
   Segmentos: 323
   📏 Distância: 2.926 km (city: 2.764, highway: 0.161)
   ⛽ Combustível: 54.094 l
   🏭 CO2 real: 124958.0 g
   🎯 CO2 meta: 563.2 g
   📊 Delta: -124394.9 g
   💰 Valor E1: R$ -6.2197
   🧭 Tentativas map matching: 325

   🔑 OFFSET DETERMINÍSTICO (x=-0.01456847469654072°, y=0.0004384965968601318°, max=2.0km):
   📍 Start Original:  (40.775644, -73.960687)
   🔒 Start Protegido: (40.761165, -73.959821) ✓ 1.62 km | ✓ MAP MATCHED
   📏 Deslocamento final: 1613.5 metros
   📍 End Original:    (40.774046, -73.961617)
   🔒 End Protegido:   (40.759678, -73.961169) ✓ 1.62 km | ✓ MAP MATCHED
   📏 Deslocamento final: 1599.8 metros

   📐 ANÁLISE DE DISTÂNCIA DO TRAJETO (HAVERSINE DOS PONTOS ARMAZENADOS):
   ✨ 283 pontos privados duplicados foram separados para garantir visualização 1:1.
   ℹ️  Dica: use --debug-map-matching para ver tentativas detalhadas de re-snap.
   🔢 Pontos unicos original/offset: 320/40 (Δ -280, -87.5% )
   📍 Trajeto original: 2.916 km (linha reta entre pontos GPS)
   🔒 Trajeto com offset: 3.502 km (linha reta entre pontos COM snap)
   📊 Diferença: +0.586 km (+20.1%)

======================================================================
📊 ESTATÍSTICAS FINAIS
======================================================================
Viagens processadas: 1
Distância total: 2.93 km
Combustível total: 54.09 l
CO2 real total: 124958.0 g
CO2 meta total: 563.2 g
Delta CO2: -124394.9 g
Valor E1 total: R$ -6.22

💰 Créditos: R$ 0.00
💸 Débitos: R$ 6.22
📈 Saldo líquido: R$ -6.22

🗺️  MAP MATCHING:
   Pontos processados: 323
   Snaps tentados: 323 (100.0%)
   Snaps bem-sucedidos: 323 (100.0%)
   Snaps forçados (>100m): 323 (100.0%)
   ✅ TODOS os pontos estão em ruas (FORCE_SNAP=True)
======================================================================

💾 Dados agregados salvos em: ../data/offset_batch/vehicles_step_sim_8/run_071.csv
[csv-worker_8] [vehicles_step_sim_8] ===== LOG RUN 071 FIM =====

[csv-worker_8] [vehicles_step_sim_8] ===== LOG RUN 072 INICIO =====
======================================================================
🚗 PROCESSAMENTO SUMO → E1 REGISTRY (OFFSET ALEATÓRIO - veh0)
======================================================================
📄 Entrada: ../data/vehicles_step_sim_8.csv
🏭 Consumo fabricante: 12.0 km/l
💰 Preço carbono: R$ 50.0/ton
⭕ Raio máximo do offset aleatório: 2.0 km
🎲 Offset gerado aleatoriamente:
   Ângulo: 140.3°
   Distância: 1.9628 km
   offset_x (lat): -0.013557°  |  offset_y (lon): 0.011273°
📊 Row stepping: Processando todas as linhas
🗺️  Map matching: ATIVADO (raio 1500m) - pontos snapped para ruas
📐 Cálculo de distância: HAVERSINE PURO dos pontos COM snap (consistência)
======================================================================

📊 Carregando dados SUMO...
   Total de registros no arquivo: 299
   Veículos únicos: 1
   🚙 Vehicle selecionado: carro_1000

🔄 Agregando viagens por vehicle_id...
  📐 SUMO_carro_1000: Calculando distâncias com Haversine direto (SEM routing API)
      Original: 324 pontos → 3.1629 km (Haversine)
      Offset:   324 pontos → 2.7115 km (Haversine)

🚙 Veículo: SUMO_carro_1000
   Modelo: HBEFA4/PC_petrol_Euro-6ab
   Segmentos: 324
   📏 Distância: 3.166 km (city: 3.024, highway: 0.142)
   ⛽ Combustível: 49.530 l
   🏭 CO2 real: 114414.1 g
   🎯 CO2 meta: 609.4 g
   📊 Delta: -113804.6 g
   💰 Valor E1: R$ -5.6902
   🧭 Tentativas map matching: 326

   🔑 OFFSET DETERMINÍSTICO (x=0.017559932324753797°, y=0.002345550180273373°, max=2.0km):
   📍 Start Original:  (40.775644, -73.960687)
   🔒 Start Protegido: (40.790937, -73.961044) ✓ 1.96 km | ✓ MAP MATCHED
   📏 Deslocamento final: 1702.7 metros
   📍 End Original:    (40.772251, -73.963071)
   🔒 End Protegido:   (40.790417, -73.960208) ✓ 1.96 km | ✓ MAP MATCHED
   📏 Deslocamento final: 2036.6 metros

   📐 ANÁLISE DE DISTÂNCIA DO TRAJETO (HAVERSINE DOS PONTOS ARMAZENADOS):
   ✨ 282 pontos privados duplicados foram separados para garantir visualização 1:1.
   ℹ️  Dica: use --debug-map-matching para ver tentativas detalhadas de re-snap.
   🔢 Pontos unicos original/offset: 324/42 (Δ -282, -87.0% )
   📍 Trajeto original: 3.163 km (linha reta entre pontos GPS)
   🔒 Trajeto com offset: 2.711 km (linha reta entre pontos COM snap)
   📊 Diferença: -0.451 km (-14.3%)

======================================================================
📊 ESTATÍSTICAS FINAIS
======================================================================
Viagens processadas: 1
Distância total: 3.17 km
Combustível total: 49.53 l
CO2 real total: 114414.1 g
CO2 meta total: 609.4 g
Delta CO2: -113804.6 g
Valor E1 total: R$ -5.69

💰 Créditos: R$ 0.00
💸 Débitos: R$ 5.69
📈 Saldo líquido: R$ -5.69

🗺️  MAP MATCHING:
   Pontos processados: 324
   Snaps tentados: 324 (100.0%)
   Snaps bem-sucedidos: 324 (100.0%)
   Snaps forçados (>100m): 324 (100.0%)
   ✅ TODOS os pontos estão em ruas (FORCE_SNAP=True)
======================================================================

💾 Dados agregados salvos em: ../data/offset_batch/vehicles_step_sim_8/run_072.csv
[csv-worker_8] [vehicles_step_sim_8] ===== LOG RUN 072 FIM =====

[csv-worker_8] [vehicles_step_sim_8] ===== LOG RUN 073 INICIO =====
======================================================================
🚗 PROCESSAMENTO SUMO → E1 REGISTRY (OFFSET ALEATÓRIO - veh0)
======================================================================
📄 Entrada: ../data/vehicles_step_sim_8.csv
🏭 Consumo fabricante: 12.0 km/l
💰 Preço carbono: R$ 50.0/ton
⭕ Raio máximo do offset aleatório: 2.0 km
🎲 Offset gerado aleatoriamente:
   Ângulo: 238.2°
   Distância: 1.3284 km
   offset_x (lat): -0.006292°  |  offset_y (lon): -0.010140°
📊 Row stepping: Processando todas as linhas
🗺️  Map matching: ATIVADO (raio 1500m) - pontos snapped para ruas
📐 Cálculo de distância: HAVERSINE PURO dos pontos COM snap (consistência)
======================================================================

📊 Carregando dados SUMO...
   Total de registros no arquivo: 299
   Veículos únicos: 1
   🚙 Vehicle selecionado: carro_1000

🔄 Agregando viagens por vehicle_id...
  📐 SUMO_carro_1000: Calculando distâncias com Haversine direto (SEM routing API)
      Original: 312 pontos → 3.1845 km (Haversine)
      Offset:   312 pontos → 4.3336 km (Haversine)

🚙 Veículo: SUMO_carro_1000
   Modelo: HBEFA4/PC_petrol_Euro-6ab
   Segmentos: 312
   📏 Distância: 3.190 km (city: 2.602, highway: 0.587)
   ⛽ Combustível: 54.577 l
   🏭 CO2 real: 126071.8 g
   🎯 CO2 meta: 614.1 g
   📊 Delta: -125457.8 g
   💰 Valor E1: R$ -6.2729
   🧭 Tentativas map matching: 314

   🔑 OFFSET DETERMINÍSTICO (x=-0.004410164670480375°, y=0.007349694741781988°, max=2.0km):
   📍 Start Original:  (40.775644, -73.960687)
   🔒 Start Protegido: (40.771084, -73.953595) ✓ 0.79 km | ✓ MAP MATCHED
   📏 Deslocamento final: 784.3 metros
   📍 End Original:    (40.771637, -73.963520)
   🔒 End Protegido:   (40.767059, -73.956310) ✓ 0.79 km | ✓ MAP MATCHED
   📏 Deslocamento final: 793.2 metros

   📐 ANÁLISE DE DISTÂNCIA DO TRAJETO (HAVERSINE DOS PONTOS ARMAZENADOS):
   ✨ 260 pontos privados duplicados foram separados para garantir visualização 1:1.
   ℹ️  Dica: use --debug-map-matching para ver tentativas detalhadas de re-snap.
   🔢 Pontos unicos original/offset: 312/52 (Δ -260, -83.3% )
   📍 Trajeto original: 3.185 km (linha reta entre pontos GPS)
   🔒 Trajeto com offset: 4.334 km (linha reta entre pontos COM snap)
   📊 Diferença: +1.149 km (+36.1%)

======================================================================
📊 ESTATÍSTICAS FINAIS
======================================================================
Viagens processadas: 1
Distância total: 3.19 km
Combustível total: 54.58 l
CO2 real total: 126071.8 g
CO2 meta total: 614.1 g
Delta CO2: -125457.8 g
Valor E1 total: R$ -6.27

💰 Créditos: R$ 0.00
💸 Débitos: R$ 6.27
📈 Saldo líquido: R$ -6.27

🗺️  MAP MATCHING:
   Pontos processados: 312
   Snaps tentados: 312 (100.0%)
   Snaps bem-sucedidos: 312 (100.0%)
   Snaps forçados (>100m): 312 (100.0%)
   ✅ TODOS os pontos estão em ruas (FORCE_SNAP=True)
======================================================================

💾 Dados agregados salvos em: ../data/offset_batch/vehicles_step_sim_8/run_073.csv
[csv-worker_8] [vehicles_step_sim_8] ===== LOG RUN 073 FIM =====

[csv-worker_8] [vehicles_step_sim_8] ===== LOG RUN 074 INICIO =====
======================================================================
🚗 PROCESSAMENTO SUMO → E1 REGISTRY (OFFSET ALEATÓRIO - veh0)
======================================================================
📄 Entrada: ../data/vehicles_step_sim_8.csv
🏭 Consumo fabricante: 12.0 km/l
💰 Preço carbono: R$ 50.0/ton
⭕ Raio máximo do offset aleatório: 2.0 km
🎲 Offset gerado aleatoriamente:
   Ângulo: 220.3°
   Distância: 1.6618 km
   offset_x (lat): -0.011378°  |  offset_y (lon): -0.009665°
📊 Row stepping: Processando todas as linhas
🗺️  Map matching: ATIVADO (raio 1500m) - pontos snapped para ruas
📐 Cálculo de distância: HAVERSINE PURO dos pontos COM snap (consistência)
======================================================================

📊 Carregando dados SUMO...
   Total de registros no arquivo: 299
   Veículos únicos: 1
   🚙 Vehicle selecionado: carro_1000

🔄 Agregando viagens por vehicle_id...
  📐 SUMO_carro_1000: Calculando distâncias com Haversine direto (SEM routing API)
      Original: 324 pontos → 3.1629 km (Haversine)
      Offset:   324 pontos → 3.3139 km (Haversine)

🚙 Veículo: SUMO_carro_1000
   Modelo: HBEFA4/PC_petrol_Euro-6ab
   Segmentos: 324
   📏 Distância: 3.166 km (city: 3.024, highway: 0.142)
   ⛽ Combustível: 49.530 l
   🏭 CO2 real: 114414.1 g
   🎯 CO2 meta: 609.4 g
   📊 Delta: -113804.6 g
   💰 Valor E1: R$ -5.6902
   🧭 Tentativas map matching: 326

   🔑 OFFSET DETERMINÍSTICO (x=0.00010170643735398574°, y=-0.014721797226231147°, max=2.0km):
   📍 Start Original:  (40.775644, -73.960687)
   🔒 Start Protegido: (40.776096, -73.976060) ✓ 1.24 km | ✓ MAP MATCHED
   📏 Deslocamento final: 1296.9 metros
   📍 End Original:    (40.772251, -73.963071)
   🔒 End Protegido:   (40.772094, -73.978232) ✓ 1.24 km | ✓ MAP MATCHED
   📏 Deslocamento final: 1278.3 metros

   📐 ANÁLISE DE DISTÂNCIA DO TRAJETO (HAVERSINE DOS PONTOS ARMAZENADOS):
   ✨ 297 pontos privados duplicados foram separados para garantir visualização 1:1.
   ℹ️  Dica: use --debug-map-matching para ver tentativas detalhadas de re-snap.
   🔢 Pontos unicos original/offset: 324/27 (Δ -297, -91.7% )
   📍 Trajeto original: 3.163 km (linha reta entre pontos GPS)
   🔒 Trajeto com offset: 3.314 km (linha reta entre pontos COM snap)
   📊 Diferença: +0.151 km (+4.8%)

======================================================================
📊 ESTATÍSTICAS FINAIS
======================================================================
Viagens processadas: 1
Distância total: 3.17 km
Combustível total: 49.53 l
CO2 real total: 114414.1 g
CO2 meta total: 609.4 g
Delta CO2: -113804.6 g
Valor E1 total: R$ -5.69

💰 Créditos: R$ 0.00
💸 Débitos: R$ 5.69
📈 Saldo líquido: R$ -5.69

🗺️  MAP MATCHING:
   Pontos processados: 324
   Snaps tentados: 324 (100.0%)
   Snaps bem-sucedidos: 324 (100.0%)
   Snaps forçados (>100m): 324 (100.0%)
   ✅ TODOS os pontos estão em ruas (FORCE_SNAP=True)
======================================================================

💾 Dados agregados salvos em: ../data/offset_batch/vehicles_step_sim_8/run_074.csv
[csv-worker_8] [vehicles_step_sim_8] ===== LOG RUN 074 FIM =====

[csv-worker_8] [vehicles_step_sim_8] ===== LOG RUN 075 INICIO =====
======================================================================
🚗 PROCESSAMENTO SUMO → E1 REGISTRY (OFFSET ALEATÓRIO - veh0)
======================================================================
📄 Entrada: ../data/vehicles_step_sim_8.csv
🏭 Consumo fabricante: 12.0 km/l
💰 Preço carbono: R$ 50.0/ton
⭕ Raio máximo do offset aleatório: 2.0 km
🎲 Offset gerado aleatoriamente:
   Ângulo: 99.7°
   Distância: 1.8834 km
   offset_x (lat): -0.002863°  |  offset_y (lon): 0.016675°
📊 Row stepping: Processando todas as linhas
🗺️  Map matching: ATIVADO (raio 1500m) - pontos snapped para ruas
📐 Cálculo de distância: HAVERSINE PURO dos pontos COM snap (consistência)
======================================================================

📊 Carregando dados SUMO...
   Total de registros no arquivo: 299
   Veículos únicos: 1
   🚙 Vehicle selecionado: carro_1000

🔄 Agregando viagens por vehicle_id...
  📐 SUMO_carro_1000: Calculando distâncias com Haversine direto (SEM routing API)
      Original: 324 pontos → 3.1629 km (Haversine)
      Offset:   324 pontos → 4.0900 km (Haversine)

🚙 Veículo: SUMO_carro_1000
   Modelo: HBEFA4/PC_petrol_Euro-6ab
   Segmentos: 324
   📏 Distância: 3.166 km (city: 3.024, highway: 0.142)
   ⛽ Combustível: 49.530 l
   🏭 CO2 real: 114414.1 g
   🎯 CO2 meta: 609.4 g
   📊 Delta: -113804.6 g
   💰 Valor E1: R$ -5.6902
   🧭 Tentativas map matching: 326

   🔑 OFFSET DETERMINÍSTICO (x=0.010464655405380217°, y=-0.011615565224374022°, max=2.0km):
   📍 Start Original:  (40.775644, -73.960687)
   🔒 Start Protegido: (40.786403, -73.972252) ✓ 1.52 km | ✓ MAP MATCHED
   📏 Deslocamento final: 1544.4 metros
   📍 End Original:    (40.772251, -73.963071)
   🔒 End Protegido:   (40.782697, -73.974962) ✓ 1.52 km | ✓ MAP MATCHED
   📏 Deslocamento final: 1535.3 metros

   📐 ANÁLISE DE DISTÂNCIA DO TRAJETO (HAVERSINE DOS PONTOS ARMAZENADOS):
   ✨ 257 pontos privados duplicados foram separados para garantir visualização 1:1.
   ℹ️  Dica: use --debug-map-matching para ver tentativas detalhadas de re-snap.
   🔢 Pontos unicos original/offset: 324/67 (Δ -257, -79.3% )
   📍 Trajeto original: 3.163 km (linha reta entre pontos GPS)
   🔒 Trajeto com offset: 4.090 km (linha reta entre pontos COM snap)
   📊 Diferença: +0.927 km (+29.3%)

======================================================================
📊 ESTATÍSTICAS FINAIS
======================================================================
Viagens processadas: 1
Distância total: 3.17 km
Combustível total: 49.53 l
CO2 real total: 114414.1 g
CO2 meta total: 609.4 g
Delta CO2: -113804.6 g
Valor E1 total: R$ -5.69

💰 Créditos: R$ 0.00
💸 Débitos: R$ 5.69
📈 Saldo líquido: R$ -5.69

🗺️  MAP MATCHING:
   Pontos processados: 324
   Snaps tentados: 324 (100.0%)
   Snaps bem-sucedidos: 324 (100.0%)
   Snaps forçados (>100m): 324 (100.0%)
   ✅ TODOS os pontos estão em ruas (FORCE_SNAP=True)
======================================================================

💾 Dados agregados salvos em: ../data/offset_batch/vehicles_step_sim_8/run_075.csv
[csv-worker_8] [vehicles_step_sim_8] ===== LOG RUN 075 FIM =====

[csv-worker_8] [vehicles_step_sim_8] ===== LOG RUN 076 INICIO =====
======================================================================
🚗 PROCESSAMENTO SUMO → E1 REGISTRY (OFFSET ALEATÓRIO - veh0)
======================================================================
📄 Entrada: ../data/vehicles_step_sim_8.csv
🏭 Consumo fabricante: 12.0 km/l
💰 Preço carbono: R$ 50.0/ton
⭕ Raio máximo do offset aleatório: 2.0 km
🎲 Offset gerado aleatoriamente:
   Ângulo: 43.3°
   Distância: 1.0295 km
   offset_x (lat): 0.006727°  |  offset_y (lon): 0.006346°
📊 Row stepping: Processando todas as linhas
🗺️  Map matching: ATIVADO (raio 1500m) - pontos snapped para ruas
📐 Cálculo de distância: HAVERSINE PURO dos pontos COM snap (consistência)
======================================================================

📊 Carregando dados SUMO...
   Total de registros no arquivo: 299
   Veículos únicos: 1
   🚙 Vehicle selecionado: carro_1000

🔄 Agregando viagens por vehicle_id...
  📐 SUMO_carro_1000: Calculando distâncias com Haversine direto (SEM routing API)
      Original: 337 pontos → 3.3706 km (Haversine)
      Offset:   337 pontos → 3.3785 km (Haversine)

🚙 Veículo: SUMO_carro_1000
   Modelo: HBEFA4/PC_petrol_Euro-6ab
   Segmentos: 337
   📏 Distância: 3.379 km (city: 3.069, highway: 0.310)
   ⛽ Combustível: 58.616 l
   🏭 CO2 real: 135402.3 g
   🎯 CO2 meta: 650.5 g
   📊 Delta: -134751.8 g
   💰 Valor E1: R$ -6.7376
   🧭 Tentativas map matching: 339

   🔑 OFFSET DETERMINÍSTICO (x=-0.0011009826269200733°, y=0.013166369117459532°, max=2.0km):
   📍 Start Original:  (40.775644, -73.960687)
   🔒 Start Protegido: (40.774561, -73.947957) ✓ 1.12 km | ✓ MAP MATCHED
   📏 Deslocamento final: 1079.9 metros
   📍 End Original:    (40.774801, -73.960637)
   🔒 End Protegido:   (40.773922, -73.948422) ✓ 1.12 km | ✓ MAP MATCHED
   📏 Deslocamento final: 1034.4 metros

   📐 ANÁLISE DE DISTÂNCIA DO TRAJETO (HAVERSINE DOS PONTOS ARMAZENADOS):
   ✨ 276 pontos privados duplicados foram separados para garantir visualização 1:1.
   ℹ️  Dica: use --debug-map-matching para ver tentativas detalhadas de re-snap.
   🔢 Pontos unicos original/offset: 337/61 (Δ -276, -81.9% )
   📍 Trajeto original: 3.371 km (linha reta entre pontos GPS)
   🔒 Trajeto com offset: 3.379 km (linha reta entre pontos COM snap)
   📊 Diferença: +0.008 km (+0.2%)

======================================================================
📊 ESTATÍSTICAS FINAIS
======================================================================
Viagens processadas: 1
Distância total: 3.38 km
Combustível total: 58.62 l
CO2 real total: 135402.3 g
CO2 meta total: 650.5 g
Delta CO2: -134751.8 g
Valor E1 total: R$ -6.74

💰 Créditos: R$ 0.00
💸 Débitos: R$ 6.74
📈 Saldo líquido: R$ -6.74

🗺️  MAP MATCHING:
   Pontos processados: 337
   Snaps tentados: 337 (100.0%)
   Snaps bem-sucedidos: 337 (100.0%)
   Snaps forçados (>100m): 337 (100.0%)
   ✅ TODOS os pontos estão em ruas (FORCE_SNAP=True)
======================================================================

💾 Dados agregados salvos em: ../data/offset_batch/vehicles_step_sim_8/run_076.csv
[csv-worker_8] [vehicles_step_sim_8] ===== LOG RUN 076 FIM =====

[csv-worker_8] [vehicles_step_sim_8] ===== LOG RUN 077 INICIO =====
======================================================================
🚗 PROCESSAMENTO SUMO → E1 REGISTRY (OFFSET ALEATÓRIO - veh0)
======================================================================
📄 Entrada: ../data/vehicles_step_sim_8.csv
🏭 Consumo fabricante: 12.0 km/l
💰 Preço carbono: R$ 50.0/ton
⭕ Raio máximo do offset aleatório: 2.0 km
🎲 Offset gerado aleatoriamente:
   Ângulo: 95.4°
   Distância: 1.3348 km
   offset_x (lat): -0.001118°  |  offset_y (lon): 0.011939°
📊 Row stepping: Processando todas as linhas
🗺️  Map matching: ATIVADO (raio 1500m) - pontos snapped para ruas
📐 Cálculo de distância: HAVERSINE PURO dos pontos COM snap (consistência)
======================================================================

📊 Carregando dados SUMO...
   Total de registros no arquivo: 299
   Veículos únicos: 1
   🚙 Vehicle selecionado: carro_1000

🔄 Agregando viagens por vehicle_id...
  📐 SUMO_carro_1000: Calculando distâncias com Haversine direto (SEM routing API)
      Original: 300 pontos → 3.1542 km (Haversine)
      Offset:   300 pontos → 4.3224 km (Haversine)

🚙 Veículo: SUMO_carro_1000
   Modelo: HBEFA4/PC_petrol_Euro-6ab
   Segmentos: 300
   📏 Distância: 3.158 km (city: 2.541, highway: 0.617)
   ⛽ Combustível: 49.984 l
   🏭 CO2 real: 115462.6 g
   🎯 CO2 meta: 608.0 g
   📊 Delta: -114854.6 g
   💰 Valor E1: R$ -5.7427
   🧭 Tentativas map matching: 302

   🔑 OFFSET DETERMINÍSTICO (x=-0.010379260000036777°, y=0.0003002119444060766°, max=2.0km):
   📍 Start Original:  (40.775644, -73.960687)
   🔒 Start Protegido: (40.765564, -73.960565) ✓ 1.16 km | ✓ MAP MATCHED
   📏 Deslocamento final: 1122.1 metros
   📍 End Original:    (40.773912, -73.961904)
   🔒 End Protegido:   (40.763687, -73.961940) ✓ 1.16 km | ✓ MAP MATCHED
   📏 Deslocamento final: 1138.3 metros

   📐 ANÁLISE DE DISTÂNCIA DO TRAJETO (HAVERSINE DOS PONTOS ARMAZENADOS):
   ✨ 246 pontos privados duplicados foram separados para garantir visualização 1:1.
   ℹ️  Dica: use --debug-map-matching para ver tentativas detalhadas de re-snap.
   🔢 Pontos unicos original/offset: 299/54 (Δ -245, -81.9% )
   📍 Trajeto original: 3.154 km (linha reta entre pontos GPS)
   🔒 Trajeto com offset: 4.322 km (linha reta entre pontos COM snap)
   📊 Diferença: +1.168 km (+37.0%)

======================================================================
📊 ESTATÍSTICAS FINAIS
======================================================================
Viagens processadas: 1
Distância total: 3.16 km
Combustível total: 49.98 l
CO2 real total: 115462.6 g
CO2 meta total: 608.0 g
Delta CO2: -114854.6 g
Valor E1 total: R$ -5.74

💰 Créditos: R$ 0.00
💸 Débitos: R$ 5.74
📈 Saldo líquido: R$ -5.74

🗺️  MAP MATCHING:
   Pontos processados: 300
   Snaps tentados: 300 (100.0%)
   Snaps bem-sucedidos: 300 (100.0%)
   Snaps forçados (>100m): 300 (100.0%)
   ✅ TODOS os pontos estão em ruas (FORCE_SNAP=True)
======================================================================

💾 Dados agregados salvos em: ../data/offset_batch/vehicles_step_sim_8/run_077.csv
[csv-worker_8] [vehicles_step_sim_8] ===== LOG RUN 077 FIM =====

[csv-worker_8] [vehicles_step_sim_8] ===== LOG RUN 078 INICIO =====
======================================================================
🚗 PROCESSAMENTO SUMO → E1 REGISTRY (OFFSET ALEATÓRIO - veh0)
======================================================================
📄 Entrada: ../data/vehicles_step_sim_8.csv
🏭 Consumo fabricante: 12.0 km/l
💰 Preço carbono: R$ 50.0/ton
⭕ Raio máximo do offset aleatório: 2.0 km
🎲 Offset gerado aleatoriamente:
   Ângulo: 253.7°
   Distância: 1.2442 km
   offset_x (lat): -0.003141°  |  offset_y (lon): -0.010726°
📊 Row stepping: Processando todas as linhas
🗺️  Map matching: ATIVADO (raio 1500m) - pontos snapped para ruas
📐 Cálculo de distância: HAVERSINE PURO dos pontos COM snap (consistência)
======================================================================

📊 Carregando dados SUMO...
   Total de registros no arquivo: 299
   Veículos únicos: 1
   🚙 Vehicle selecionado: carro_1000

🔄 Agregando viagens por vehicle_id...
  📐 SUMO_carro_1000: Calculando distâncias com Haversine direto (SEM routing API)
      Original: 312 pontos → 3.1845 km (Haversine)
      Offset:   312 pontos → 3.1692 km (Haversine)

🚙 Veículo: SUMO_carro_1000
   Modelo: HBEFA4/PC_petrol_Euro-6ab
   Segmentos: 312
   📏 Distância: 3.190 km (city: 2.602, highway: 0.587)
   ⛽ Combustível: 54.577 l
   🏭 CO2 real: 126071.8 g
   🎯 CO2 meta: 614.1 g
   📊 Delta: -125457.8 g
   💰 Valor E1: R$ -6.2729
   🧭 Tentativas map matching: 314

   🔑 OFFSET DETERMINÍSTICO (x=0.011066272797812363°, y=-0.011687658780881984°, max=2.0km):
   📍 Start Original:  (40.775644, -73.960687)
   🔒 Start Protegido: (40.786548, -73.972303) ✓ 1.58 km | ✓ MAP MATCHED
   📏 Deslocamento final: 1559.6 metros
   📍 End Original:    (40.771637, -73.963520)
   🔒 End Protegido:   (40.782685, -73.975119) ✓ 1.58 km | ✓ MAP MATCHED
   📏 Deslocamento final: 1571.3 metros

   📐 ANÁLISE DE DISTÂNCIA DO TRAJETO (HAVERSINE DOS PONTOS ARMAZENADOS):
   ✨ 267 pontos privados duplicados foram separados para garantir visualização 1:1.
   ℹ️  Dica: use --debug-map-matching para ver tentativas detalhadas de re-snap.
   🔢 Pontos unicos original/offset: 312/45 (Δ -267, -85.6% )
   📍 Trajeto original: 3.185 km (linha reta entre pontos GPS)
   🔒 Trajeto com offset: 3.169 km (linha reta entre pontos COM snap)
   📊 Diferença: -0.015 km (-0.5%)

======================================================================
📊 ESTATÍSTICAS FINAIS
======================================================================
Viagens processadas: 1
Distância total: 3.19 km
Combustível total: 54.58 l
CO2 real total: 126071.8 g
CO2 meta total: 614.1 g
Delta CO2: -125457.8 g
Valor E1 total: R$ -6.27

💰 Créditos: R$ 0.00
💸 Débitos: R$ 6.27
📈 Saldo líquido: R$ -6.27

🗺️  MAP MATCHING:
   Pontos processados: 312
   Snaps tentados: 312 (100.0%)
   Snaps bem-sucedidos: 312 (100.0%)
   Snaps forçados (>100m): 312 (100.0%)
   ✅ TODOS os pontos estão em ruas (FORCE_SNAP=True)
======================================================================

💾 Dados agregados salvos em: ../data/offset_batch/vehicles_step_sim_8/run_078.csv
[csv-worker_8] [vehicles_step_sim_8] ===== LOG RUN 078 FIM =====

[csv-worker_8] [vehicles_step_sim_8] ===== LOG RUN 079 INICIO =====
======================================================================
🚗 PROCESSAMENTO SUMO → E1 REGISTRY (OFFSET ALEATÓRIO - veh0)
======================================================================
📄 Entrada: ../data/vehicles_step_sim_8.csv
🏭 Consumo fabricante: 12.0 km/l
💰 Preço carbono: R$ 50.0/ton
⭕ Raio máximo do offset aleatório: 2.0 km
🎲 Offset gerado aleatoriamente:
   Ângulo: 283.9°
   Distância: 1.6665 km
   offset_x (lat): 0.003598°  |  offset_y (lon): -0.014531°
📊 Row stepping: Processando todas as linhas
🗺️  Map matching: ATIVADO (raio 1500m) - pontos snapped para ruas
📐 Cálculo de distância: HAVERSINE PURO dos pontos COM snap (consistência)
======================================================================

📊 Carregando dados SUMO...
   Total de registros no arquivo: 299
   Veículos únicos: 1
   🚙 Vehicle selecionado: carro_1000

🔄 Agregando viagens por vehicle_id...
  📐 SUMO_carro_1000: Calculando distâncias com Haversine direto (SEM routing API)
      Original: 312 pontos → 3.1845 km (Haversine)
      Offset:   312 pontos → 4.0537 km (Haversine)

🚙 Veículo: SUMO_carro_1000
   Modelo: HBEFA4/PC_petrol_Euro-6ab
   Segmentos: 312
   📏 Distância: 3.190 km (city: 2.602, highway: 0.587)
   ⛽ Combustível: 54.577 l
   🏭 CO2 real: 126071.8 g
   🎯 CO2 meta: 614.1 g
   📊 Delta: -125457.8 g
   💰 Valor E1: R$ -6.2729
   🧭 Tentativas map matching: 314

   🔑 OFFSET DETERMINÍSTICO (x=-0.013133325732157409°, y=-0.004885627318753138°, max=2.0km):
   📍 Start Original:  (40.775644, -73.960687)
   🔒 Start Protegido: (40.762575, -73.965842) ✓ 1.52 km | ✓ MAP MATCHED
   📏 Deslocamento final: 1518.4 metros
   📍 End Original:    (40.771637, -73.963520)
   🔒 End Protegido:   (40.758278, -73.968803) ✓ 1.52 km | ✓ MAP MATCHED
   📏 Deslocamento final: 1552.3 metros

   📐 ANÁLISE DE DISTÂNCIA DO TRAJETO (HAVERSINE DOS PONTOS ARMAZENADOS):
   ✨ 249 pontos privados duplicados foram separados para garantir visualização 1:1.
   ℹ️  Dica: use --debug-map-matching para ver tentativas detalhadas de re-snap.
   🔢 Pontos unicos original/offset: 312/63 (Δ -249, -79.8% )
   📍 Trajeto original: 3.185 km (linha reta entre pontos GPS)
   🔒 Trajeto com offset: 4.054 km (linha reta entre pontos COM snap)
   📊 Diferença: +0.869 km (+27.3%)

======================================================================
📊 ESTATÍSTICAS FINAIS
======================================================================
Viagens processadas: 1
Distância total: 3.19 km
Combustível total: 54.58 l
CO2 real total: 126071.8 g
CO2 meta total: 614.1 g
Delta CO2: -125457.8 g
Valor E1 total: R$ -6.27

💰 Créditos: R$ 0.00
💸 Débitos: R$ 6.27
📈 Saldo líquido: R$ -6.27

🗺️  MAP MATCHING:
   Pontos processados: 312
   Snaps tentados: 312 (100.0%)
   Snaps bem-sucedidos: 312 (100.0%)
   Snaps forçados (>100m): 312 (100.0%)
   ✅ TODOS os pontos estão em ruas (FORCE_SNAP=True)
======================================================================

💾 Dados agregados salvos em: ../data/offset_batch/vehicles_step_sim_8/run_079.csv
[csv-worker_8] [vehicles_step_sim_8] ===== LOG RUN 079 FIM =====

[csv-worker_8] [vehicles_step_sim_8] ===== LOG RUN 080 INICIO =====
======================================================================
🚗 PROCESSAMENTO SUMO → E1 REGISTRY (OFFSET ALEATÓRIO - veh0)
======================================================================
📄 Entrada: ../data/vehicles_step_sim_8.csv
🏭 Consumo fabricante: 12.0 km/l
💰 Preço carbono: R$ 50.0/ton
⭕ Raio máximo do offset aleatório: 2.0 km
🎲 Offset gerado aleatoriamente:
   Ângulo: 48.3°
   Distância: 1.3785 km
   offset_x (lat): 0.008233°  |  offset_y (lon): 0.009249°
📊 Row stepping: Processando todas as linhas
🗺️  Map matching: ATIVADO (raio 1500m) - pontos snapped para ruas
📐 Cálculo de distância: HAVERSINE PURO dos pontos COM snap (consistência)
======================================================================

📊 Carregando dados SUMO...
   Total de registros no arquivo: 299
   Veículos únicos: 1
   🚙 Vehicle selecionado: carro_1000

🔄 Agregando viagens por vehicle_id...
  📐 SUMO_carro_1000: Calculando distâncias com Haversine direto (SEM routing API)
      Original: 324 pontos → 3.1629 km (Haversine)
      Offset:   324 pontos → 6.0985 km (Haversine)

🚙 Veículo: SUMO_carro_1000
   Modelo: HBEFA4/PC_petrol_Euro-6ab
   Segmentos: 324
   📏 Distância: 3.166 km (city: 3.024, highway: 0.142)
   ⛽ Combustível: 49.530 l
   🏭 CO2 real: 114414.1 g
   🎯 CO2 meta: 609.4 g
   📊 Delta: -113804.6 g
   💰 Valor E1: R$ -5.6902
   🧭 Tentativas map matching: 326

   🔑 OFFSET DETERMINÍSTICO (x=3.234933237857269e-05°, y=-0.010479022449031084°, max=2.0km):
   📍 Start Original:  (40.775644, -73.960687)
   🔒 Start Protegido: (40.777487, -73.975039) ✓ 0.88 km | ✓ MAP MATCHED
   📏 Deslocamento final: 1227.1 metros
   📍 End Original:    (40.772251, -73.963071)
   🔒 End Protegido:   (40.770477, -73.975610) ✓ 0.88 km | ✓ MAP MATCHED
   📏 Deslocamento final: 1075.4 metros

   📐 ANÁLISE DE DISTÂNCIA DO TRAJETO (HAVERSINE DOS PONTOS ARMAZENADOS):
   ✨ 279 pontos privados duplicados foram separados para garantir visualização 1:1.
   ℹ️  Dica: use --debug-map-matching para ver tentativas detalhadas de re-snap.
   🔢 Pontos unicos original/offset: 324/45 (Δ -279, -86.1% )
   📍 Trajeto original: 3.163 km (linha reta entre pontos GPS)
   🔒 Trajeto com offset: 6.098 km (linha reta entre pontos COM snap)
   📊 Diferença: +2.936 km (+92.8%)

======================================================================
📊 ESTATÍSTICAS FINAIS
======================================================================
Viagens processadas: 1
Distância total: 3.17 km
Combustível total: 49.53 l
CO2 real total: 114414.1 g
CO2 meta total: 609.4 g
Delta CO2: -113804.6 g
Valor E1 total: R$ -5.69

💰 Créditos: R$ 0.00
💸 Débitos: R$ 5.69
📈 Saldo líquido: R$ -5.69

🗺️  MAP MATCHING:
   Pontos processados: 324
   Snaps tentados: 324 (100.0%)
   Snaps bem-sucedidos: 324 (100.0%)
   Snaps forçados (>100m): 324 (100.0%)
   ✅ TODOS os pontos estão em ruas (FORCE_SNAP=True)
======================================================================

💾 Dados agregados salvos em: ../data/offset_batch/vehicles_step_sim_8/run_080.csv
[csv-worker_8] [vehicles_step_sim_8] ===== LOG RUN 080 FIM =====

[csv-worker_8] [vehicles_step_sim_8] ===== LOG RUN 081 INICIO =====
======================================================================
🚗 PROCESSAMENTO SUMO → E1 REGISTRY (OFFSET ALEATÓRIO - veh0)
======================================================================
📄 Entrada: ../data/vehicles_step_sim_8.csv
🏭 Consumo fabricante: 12.0 km/l
💰 Preço carbono: R$ 50.0/ton
⭕ Raio máximo do offset aleatório: 2.0 km
🎲 Offset gerado aleatoriamente:
   Ângulo: 86.9°
   Distância: 1.6969 km
   offset_x (lat): 0.000831°  |  offset_y (lon): 0.015220°
📊 Row stepping: Processando todas as linhas
🗺️  Map matching: ATIVADO (raio 1500m) - pontos snapped para ruas
📐 Cálculo de distância: HAVERSINE PURO dos pontos COM snap (consistência)
======================================================================

📊 Carregando dados SUMO...
   Total de registros no arquivo: 299
   Veículos únicos: 1
   🚙 Vehicle selecionado: carro_1000

🔄 Agregando viagens por vehicle_id...
  📐 SUMO_carro_1000: Calculando distâncias com Haversine direto (SEM routing API)
      Original: 323 pontos → 2.9161 km (Haversine)
      Offset:   323 pontos → 3.5270 km (Haversine)

🚙 Veículo: SUMO_carro_1000
   Modelo: HBEFA4/PC_petrol_Euro-6ab
   Segmentos: 323
   📏 Distância: 2.926 km (city: 2.764, highway: 0.161)
   ⛽ Combustível: 54.094 l
   🏭 CO2 real: 124958.0 g
   🎯 CO2 meta: 563.2 g
   📊 Delta: -124394.9 g
   💰 Valor E1: R$ -6.2197
   🧭 Tentativas map matching: 325

   🔑 OFFSET DETERMINÍSTICO (x=0.016380674090622157°, y=-0.001714976567196668°, max=2.0km):
   📍 Start Original:  (40.775644, -73.960687)
   🔒 Start Protegido: (40.791689, -73.962694) ✓ 1.83 km | ✓ MAP MATCHED
   📏 Deslocamento final: 1794.2 metros
   📍 End Original:    (40.774046, -73.961617)
   🔒 End Protegido:   (40.791590, -73.964008) ✓ 1.83 km | ✓ MAP MATCHED
   📏 Deslocamento final: 1963.4 metros

   📐 ANÁLISE DE DISTÂNCIA DO TRAJETO (HAVERSINE DOS PONTOS ARMAZENADOS):
   ✨ 289 pontos privados duplicados foram separados para garantir visualização 1:1.
   ℹ️  Dica: use --debug-map-matching para ver tentativas detalhadas de re-snap.
   🔢 Pontos unicos original/offset: 320/34 (Δ -286, -89.4% )
   📍 Trajeto original: 2.916 km (linha reta entre pontos GPS)
   🔒 Trajeto com offset: 3.527 km (linha reta entre pontos COM snap)
   📊 Diferença: +0.611 km (+20.9%)

======================================================================
📊 ESTATÍSTICAS FINAIS
======================================================================
Viagens processadas: 1
Distância total: 2.93 km
Combustível total: 54.09 l
CO2 real total: 124958.0 g
CO2 meta total: 563.2 g
Delta CO2: -124394.9 g
Valor E1 total: R$ -6.22

💰 Créditos: R$ 0.00
💸 Débitos: R$ 6.22
📈 Saldo líquido: R$ -6.22

🗺️  MAP MATCHING:
   Pontos processados: 323
   Snaps tentados: 323 (100.0%)
   Snaps bem-sucedidos: 323 (100.0%)
   Snaps forçados (>100m): 323 (100.0%)
   ✅ TODOS os pontos estão em ruas (FORCE_SNAP=True)
======================================================================

💾 Dados agregados salvos em: ../data/offset_batch/vehicles_step_sim_8/run_081.csv
[csv-worker_8] [vehicles_step_sim_8] ===== LOG RUN 081 FIM =====

[csv-worker_8] [vehicles_step_sim_8] ===== LOG RUN 082 INICIO =====
======================================================================
🚗 PROCESSAMENTO SUMO → E1 REGISTRY (OFFSET ALEATÓRIO - veh0)
======================================================================
📄 Entrada: ../data/vehicles_step_sim_8.csv
🏭 Consumo fabricante: 12.0 km/l
💰 Preço carbono: R$ 50.0/ton
⭕ Raio máximo do offset aleatório: 2.0 km
🎲 Offset gerado aleatoriamente:
   Ângulo: 1.8°
   Distância: 1.9782 km
   offset_x (lat): 0.017761°  |  offset_y (lon): 0.000573°
📊 Row stepping: Processando todas as linhas
🗺️  Map matching: ATIVADO (raio 1500m) - pontos snapped para ruas
📐 Cálculo de distância: HAVERSINE PURO dos pontos COM snap (consistência)
======================================================================

📊 Carregando dados SUMO...
   Total de registros no arquivo: 299
   Veículos únicos: 1
   🚙 Vehicle selecionado: carro_1000

🔄 Agregando viagens por vehicle_id...
  📐 SUMO_carro_1000: Calculando distâncias com Haversine direto (SEM routing API)
      Original: 323 pontos → 2.9161 km (Haversine)
      Offset:   323 pontos → 2.3380 km (Haversine)

🚙 Veículo: SUMO_carro_1000
   Modelo: HBEFA4/PC_petrol_Euro-6ab
   Segmentos: 323
   📏 Distância: 2.926 km (city: 2.764, highway: 0.161)
   ⛽ Combustível: 54.094 l
   🏭 CO2 real: 124958.0 g
   🎯 CO2 meta: 563.2 g
   📊 Delta: -124394.9 g
   💰 Valor E1: R$ -6.2197
   🧭 Tentativas map matching: 325

   🔑 OFFSET DETERMINÍSTICO (x=0.003788083026794148°, y=-0.012467339496880284°, max=2.0km):
   📍 Start Original:  (40.775644, -73.960687)
   🔒 Start Protegido: (40.779566, -73.973536) ✓ 1.13 km | ✓ MAP MATCHED
   📏 Deslocamento final: 1167.8 metros
   📍 End Original:    (40.774046, -73.961617)
   🔒 End Protegido:   (40.778118, -73.974582) ✓ 1.13 km | ✓ MAP MATCHED
   📏 Deslocamento final: 1183.3 metros

   📐 ANÁLISE DE DISTÂNCIA DO TRAJETO (HAVERSINE DOS PONTOS ARMAZENADOS):
   ✨ 292 pontos privados duplicados foram separados para garantir visualização 1:1.
   ℹ️  Dica: use --debug-map-matching para ver tentativas detalhadas de re-snap.
   🔢 Pontos unicos original/offset: 320/31 (Δ -289, -90.3% )
   📍 Trajeto original: 2.916 km (linha reta entre pontos GPS)
   🔒 Trajeto com offset: 2.338 km (linha reta entre pontos COM snap)
   📊 Diferença: -0.578 km (-19.8%)

======================================================================
📊 ESTATÍSTICAS FINAIS
======================================================================
Viagens processadas: 1
Distância total: 2.93 km
Combustível total: 54.09 l
CO2 real total: 124958.0 g
CO2 meta total: 563.2 g
Delta CO2: -124394.9 g
Valor E1 total: R$ -6.22

💰 Créditos: R$ 0.00
💸 Débitos: R$ 6.22
📈 Saldo líquido: R$ -6.22

🗺️  MAP MATCHING:
   Pontos processados: 323
   Snaps tentados: 323 (100.0%)
   Snaps bem-sucedidos: 323 (100.0%)
   Snaps forçados (>100m): 323 (100.0%)
   ✅ TODOS os pontos estão em ruas (FORCE_SNAP=True)
======================================================================

💾 Dados agregados salvos em: ../data/offset_batch/vehicles_step_sim_8/run_082.csv
[csv-worker_8] [vehicles_step_sim_8] ===== LOG RUN 082 FIM =====

[csv-worker_8] [vehicles_step_sim_8] ===== LOG RUN 083 INICIO =====
======================================================================
🚗 PROCESSAMENTO SUMO → E1 REGISTRY (OFFSET ALEATÓRIO - veh0)
======================================================================
📄 Entrada: ../data/vehicles_step_sim_8.csv
🏭 Consumo fabricante: 12.0 km/l
💰 Preço carbono: R$ 50.0/ton
⭕ Raio máximo do offset aleatório: 2.0 km
🎲 Offset gerado aleatoriamente:
   Ângulo: 220.8°
   Distância: 1.6246 km
   offset_x (lat): -0.011055°  |  offset_y (lon): -0.009528°
📊 Row stepping: Processando todas as linhas
🗺️  Map matching: ATIVADO (raio 1500m) - pontos snapped para ruas
📐 Cálculo de distância: HAVERSINE PURO dos pontos COM snap (consistência)
======================================================================

📊 Carregando dados SUMO...
   Total de registros no arquivo: 299
   Veículos únicos: 1
   🚙 Vehicle selecionado: carro_1000

🔄 Agregando viagens por vehicle_id...
  📐 SUMO_carro_1000: Calculando distâncias com Haversine direto (SEM routing API)
      Original: 323 pontos → 2.9161 km (Haversine)
      Offset:   323 pontos → 3.5876 km (Haversine)

🚙 Veículo: SUMO_carro_1000
   Modelo: HBEFA4/PC_petrol_Euro-6ab
   Segmentos: 323
   📏 Distância: 2.926 km (city: 2.764, highway: 0.161)
   ⛽ Combustível: 54.094 l
   🏭 CO2 real: 124958.0 g
   🎯 CO2 meta: 563.2 g
   📊 Delta: -124394.9 g
   💰 Valor E1: R$ -6.2197
   🧭 Tentativas map matching: 325

   🔑 OFFSET DETERMINÍSTICO (x=0.004588353324670154°, y=0.010773754455364283°, max=2.0km):
   📍 Start Original:  (40.775644, -73.960687)
   🔒 Start Protegido: (40.780385, -73.949917) ✓ 1.04 km | ✓ MAP MATCHED
   📏 Deslocamento final: 1050.2 metros
   📍 End Original:    (40.774046, -73.961617)
   🔒 End Protegido:   (40.778499, -73.951126) ✓ 1.04 km | ✓ MAP MATCHED
   📏 Deslocamento final: 1013.9 metros

   📐 ANÁLISE DE DISTÂNCIA DO TRAJETO (HAVERSINE DOS PONTOS ARMAZENADOS):
   ✨ 290 pontos privados duplicados foram separados para garantir visualização 1:1.
   ℹ️  Dica: use --debug-map-matching para ver tentativas detalhadas de re-snap.
   🔢 Pontos unicos original/offset: 320/33 (Δ -287, -89.7% )
   📍 Trajeto original: 2.916 km (linha reta entre pontos GPS)
   🔒 Trajeto com offset: 3.588 km (linha reta entre pontos COM snap)
   📊 Diferença: +0.672 km (+23.0%)

======================================================================
📊 ESTATÍSTICAS FINAIS
======================================================================
Viagens processadas: 1
Distância total: 2.93 km
Combustível total: 54.09 l
CO2 real total: 124958.0 g
CO2 meta total: 563.2 g
Delta CO2: -124394.9 g
Valor E1 total: R$ -6.22

💰 Créditos: R$ 0.00
💸 Débitos: R$ 6.22
📈 Saldo líquido: R$ -6.22

🗺️  MAP MATCHING:
   Pontos processados: 323
   Snaps tentados: 323 (100.0%)
   Snaps bem-sucedidos: 323 (100.0%)
   Snaps forçados (>100m): 323 (100.0%)
   ✅ TODOS os pontos estão em ruas (FORCE_SNAP=True)
======================================================================

💾 Dados agregados salvos em: ../data/offset_batch/vehicles_step_sim_8/run_083.csv
[csv-worker_8] [vehicles_step_sim_8] ===== LOG RUN 083 FIM =====

[csv-worker_8] [vehicles_step_sim_8] ===== LOG RUN 084 INICIO =====
======================================================================
🚗 PROCESSAMENTO SUMO → E1 REGISTRY (OFFSET ALEATÓRIO - veh0)
======================================================================
📄 Entrada: ../data/vehicles_step_sim_8.csv
🏭 Consumo fabricante: 12.0 km/l
💰 Preço carbono: R$ 50.0/ton
⭕ Raio máximo do offset aleatório: 2.0 km
🎲 Offset gerado aleatoriamente:
   Ângulo: 149.7°
   Distância: 0.9597 km
   offset_x (lat): -0.007445°  |  offset_y (lon): 0.004346°
📊 Row stepping: Processando todas as linhas
🗺️  Map matching: ATIVADO (raio 1500m) - pontos snapped para ruas
📐 Cálculo de distância: HAVERSINE PURO dos pontos COM snap (consistência)
======================================================================

📊 Carregando dados SUMO...
   Total de registros no arquivo: 299
   Veículos únicos: 1
   🚙 Vehicle selecionado: carro_1000

🔄 Agregando viagens por vehicle_id...
  📐 SUMO_carro_1000: Calculando distâncias com Haversine direto (SEM routing API)
      Original: 323 pontos → 2.9161 km (Haversine)
      Offset:   323 pontos → 3.2996 km (Haversine)

🚙 Veículo: SUMO_carro_1000
   Modelo: HBEFA4/PC_petrol_Euro-6ab
   Segmentos: 323
   📏 Distância: 2.926 km (city: 2.764, highway: 0.161)
   ⛽ Combustível: 54.094 l
   🏭 CO2 real: 124958.0 g
   🎯 CO2 meta: 563.2 g
   📊 Delta: -124394.9 g
   💰 Valor E1: R$ -6.2197
   🧭 Tentativas map matching: 325

   🔑 OFFSET DETERMINÍSTICO (x=-0.003102943237752824°, y=0.011407525690839894°, max=2.0km):
   📍 Start Original:  (40.775644, -73.960687)
   🔒 Start Protegido: (40.772656, -73.949342) ✓ 1.02 km | ✓ MAP MATCHED
   📏 Deslocamento final: 1012.6 metros
   📍 End Original:    (40.774046, -73.961617)
   🔒 End Protegido:   (40.771194, -73.949946) ✓ 1.02 km | ✓ MAP MATCHED
   📏 Deslocamento final: 1033.8 metros

   📐 ANÁLISE DE DISTÂNCIA DO TRAJETO (HAVERSINE DOS PONTOS ARMAZENADOS):
   ✨ 295 pontos privados duplicados foram separados para garantir visualização 1:1.
   ℹ️  Dica: use --debug-map-matching para ver tentativas detalhadas de re-snap.
   🔢 Pontos unicos original/offset: 320/28 (Δ -292, -91.2% )
   📍 Trajeto original: 2.916 km (linha reta entre pontos GPS)
   🔒 Trajeto com offset: 3.300 km (linha reta entre pontos COM snap)
   📊 Diferença: +0.384 km (+13.2%)

======================================================================
📊 ESTATÍSTICAS FINAIS
======================================================================
Viagens processadas: 1
Distância total: 2.93 km
Combustível total: 54.09 l
CO2 real total: 124958.0 g
CO2 meta total: 563.2 g
Delta CO2: -124394.9 g
Valor E1 total: R$ -6.22

💰 Créditos: R$ 0.00
💸 Débitos: R$ 6.22
📈 Saldo líquido: R$ -6.22

🗺️  MAP MATCHING:
   Pontos processados: 323
   Snaps tentados: 323 (100.0%)
   Snaps bem-sucedidos: 323 (100.0%)
   Snaps forçados (>100m): 323 (100.0%)
   ✅ TODOS os pontos estão em ruas (FORCE_SNAP=True)
======================================================================

💾 Dados agregados salvos em: ../data/offset_batch/vehicles_step_sim_8/run_084.csv
[csv-worker_8] [vehicles_step_sim_8] ===== LOG RUN 084 FIM =====

[csv-worker_8] [vehicles_step_sim_8] ===== LOG RUN 085 INICIO =====
======================================================================
🚗 PROCESSAMENTO SUMO → E1 REGISTRY (OFFSET ALEATÓRIO - veh0)
======================================================================
📄 Entrada: ../data/vehicles_step_sim_8.csv
🏭 Consumo fabricante: 12.0 km/l
💰 Preço carbono: R$ 50.0/ton
⭕ Raio máximo do offset aleatório: 2.0 km
🎲 Offset gerado aleatoriamente:
   Ângulo: 241.3°
   Distância: 0.4386 km
   offset_x (lat): -0.001891°  |  offset_y (lon): -0.003456°
📊 Row stepping: Processando todas as linhas
🗺️  Map matching: ATIVADO (raio 1500m) - pontos snapped para ruas
📐 Cálculo de distância: HAVERSINE PURO dos pontos COM snap (consistência)
======================================================================

📊 Carregando dados SUMO...
   Total de registros no arquivo: 299
   Veículos únicos: 1
   🚙 Vehicle selecionado: carro_1000

🔄 Agregando viagens por vehicle_id...
  📐 SUMO_carro_1000: Calculando distâncias com Haversine direto (SEM routing API)
      Original: 301 pontos → 3.1480 km (Haversine)
      Offset:   301 pontos → 3.7725 km (Haversine)

🚙 Veículo: SUMO_carro_1000
   Modelo: HBEFA4/PC_petrol_Euro-6ab
   Segmentos: 301
   📏 Distância: 3.159 km (city: 3.020, highway: 0.139)
   ⛽ Combustível: 51.224 l
   🏭 CO2 real: 118326.7 g
   🎯 CO2 meta: 608.1 g
   📊 Delta: -117718.6 g
   💰 Valor E1: R$ -5.8859
   🧭 Tentativas map matching: 303

   🔑 OFFSET DETERMINÍSTICO (x=0.012516205872847205°, y=0.005085781388108045°, max=2.0km):
   📍 Start Original:  (40.775644, -73.960687)
   🔒 Start Protegido: (40.787982, -73.955705) ✓ 1.46 km | ✓ MAP MATCHED
   📏 Deslocamento final: 1436.3 metros
   📍 End Original:    (40.771236, -73.963813)
   🔒 End Protegido:   (40.784023, -73.958603) ✓ 1.46 km | ✓ MAP MATCHED
   📏 Deslocamento final: 1489.7 metros

   📐 ANÁLISE DE DISTÂNCIA DO TRAJETO (HAVERSINE DOS PONTOS ARMAZENADOS):
   ✨ 243 pontos privados duplicados foram separados para garantir visualização 1:1.
   ℹ️  Dica: use --debug-map-matching para ver tentativas detalhadas de re-snap.
   🔢 Pontos unicos original/offset: 301/58 (Δ -243, -80.7% )
   📍 Trajeto original: 3.148 km (linha reta entre pontos GPS)
   🔒 Trajeto com offset: 3.772 km (linha reta entre pontos COM snap)
   📊 Diferença: +0.625 km (+19.8%)

======================================================================
📊 ESTATÍSTICAS FINAIS
======================================================================
Viagens processadas: 1
Distância total: 3.16 km
Combustível total: 51.22 l
CO2 real total: 118326.7 g
CO2 meta total: 608.1 g
Delta CO2: -117718.6 g
Valor E1 total: R$ -5.89

💰 Créditos: R$ 0.00
💸 Débitos: R$ 5.89
📈 Saldo líquido: R$ -5.89

🗺️  MAP MATCHING:
   Pontos processados: 301
   Snaps tentados: 301 (100.0%)
   Snaps bem-sucedidos: 301 (100.0%)
   Snaps forçados (>100m): 301 (100.0%)
   ✅ TODOS os pontos estão em ruas (FORCE_SNAP=True)
======================================================================

💾 Dados agregados salvos em: ../data/offset_batch/vehicles_step_sim_8/run_085.csv
[csv-worker_8] [vehicles_step_sim_8] ===== LOG RUN 085 FIM =====

[csv-worker_8] [vehicles_step_sim_8] ===== LOG RUN 086 INICIO =====
======================================================================
🚗 PROCESSAMENTO SUMO → E1 REGISTRY (OFFSET ALEATÓRIO - veh0)
======================================================================
📄 Entrada: ../data/vehicles_step_sim_8.csv
🏭 Consumo fabricante: 12.0 km/l
💰 Preço carbono: R$ 50.0/ton
⭕ Raio máximo do offset aleatório: 2.0 km
🎲 Offset gerado aleatoriamente:
   Ângulo: 109.8°
   Distância: 1.9136 km
   offset_x (lat): -0.005815°  |  offset_y (lon): 0.016177°
📊 Row stepping: Processando todas as linhas
🗺️  Map matching: ATIVADO (raio 1500m) - pontos snapped para ruas
📐 Cálculo de distância: HAVERSINE PURO dos pontos COM snap (consistência)
======================================================================

📊 Carregando dados SUMO...
   Total de registros no arquivo: 299
   Veículos únicos: 1
   🚙 Vehicle selecionado: carro_1000

🔄 Agregando viagens por vehicle_id...
  📐 SUMO_carro_1000: Calculando distâncias com Haversine direto (SEM routing API)
      Original: 301 pontos → 3.1480 km (Haversine)
      Offset:   301 pontos → 3.3479 km (Haversine)

🚙 Veículo: SUMO_carro_1000
   Modelo: HBEFA4/PC_petrol_Euro-6ab
   Segmentos: 301
   📏 Distância: 3.159 km (city: 3.020, highway: 0.139)
   ⛽ Combustível: 51.224 l
   🏭 CO2 real: 118326.7 g
   🎯 CO2 meta: 608.1 g
   📊 Delta: -117718.6 g
   💰 Valor E1: R$ -5.8859
   🧭 Tentativas map matching: 303

   🔑 OFFSET DETERMINÍSTICO (x=0.012336358285326055°, y=-0.010515821412052883°, max=2.0km):
   📍 Start Original:  (40.775644, -73.960687)
   🔒 Start Protegido: (40.787957, -73.971124) ✓ 1.63 km | ✓ MAP MATCHED
   📏 Deslocamento final: 1628.8 metros
   📍 End Original:    (40.771236, -73.963813)
   🔒 End Protegido:   (40.783646, -73.974269) ✓ 1.63 km | ✓ MAP MATCHED
   📏 Deslocamento final: 1638.8 metros

   📐 ANÁLISE DE DISTÂNCIA DO TRAJETO (HAVERSINE DOS PONTOS ARMAZENADOS):
   ✨ 255 pontos privados duplicados foram separados para garantir visualização 1:1.
   ℹ️  Dica: use --debug-map-matching para ver tentativas detalhadas de re-snap.
   🔢 Pontos unicos original/offset: 301/46 (Δ -255, -84.7% )
   📍 Trajeto original: 3.148 km (linha reta entre pontos GPS)
   🔒 Trajeto com offset: 3.348 km (linha reta entre pontos COM snap)
   📊 Diferença: +0.200 km (+6.3%)

======================================================================
📊 ESTATÍSTICAS FINAIS
======================================================================
Viagens processadas: 1
Distância total: 3.16 km
Combustível total: 51.22 l
CO2 real total: 118326.7 g
CO2 meta total: 608.1 g
Delta CO2: -117718.6 g
Valor E1 total: R$ -5.89

💰 Créditos: R$ 0.00
💸 Débitos: R$ 5.89
📈 Saldo líquido: R$ -5.89

🗺️  MAP MATCHING:
   Pontos processados: 301
   Snaps tentados: 301 (100.0%)
   Snaps bem-sucedidos: 301 (100.0%)
   Snaps forçados (>100m): 301 (100.0%)
   ✅ TODOS os pontos estão em ruas (FORCE_SNAP=True)
======================================================================

💾 Dados agregados salvos em: ../data/offset_batch/vehicles_step_sim_8/run_086.csv
[csv-worker_8] [vehicles_step_sim_8] ===== LOG RUN 086 FIM =====

[csv-worker_8] [vehicles_step_sim_8] ===== LOG RUN 087 INICIO =====
======================================================================
🚗 PROCESSAMENTO SUMO → E1 REGISTRY (OFFSET ALEATÓRIO - veh0)
======================================================================
📄 Entrada: ../data/vehicles_step_sim_8.csv
🏭 Consumo fabricante: 12.0 km/l
💰 Preço carbono: R$ 50.0/ton
⭕ Raio máximo do offset aleatório: 2.0 km
🎲 Offset gerado aleatoriamente:
   Ângulo: 199.3°
   Distância: 0.8507 km
   offset_x (lat): -0.007212°  |  offset_y (lon): -0.002527°
📊 Row stepping: Processando todas as linhas
🗺️  Map matching: ATIVADO (raio 1500m) - pontos snapped para ruas
📐 Cálculo de distância: HAVERSINE PURO dos pontos COM snap (consistência)
======================================================================

📊 Carregando dados SUMO...
   Total de registros no arquivo: 299
   Veículos únicos: 1
   🚙 Vehicle selecionado: carro_1000

🔄 Agregando viagens por vehicle_id...
  📐 SUMO_carro_1000: Calculando distâncias com Haversine direto (SEM routing API)
      Original: 337 pontos → 3.3706 km (Haversine)
      Offset:   337 pontos → 3.2917 km (Haversine)

🚙 Veículo: SUMO_carro_1000
   Modelo: HBEFA4/PC_petrol_Euro-6ab
   Segmentos: 337
   📏 Distância: 3.379 km (city: 3.069, highway: 0.310)
   ⛽ Combustível: 58.616 l
   🏭 CO2 real: 135402.3 g
   🎯 CO2 meta: 650.5 g
   📊 Delta: -134751.8 g
   💰 Valor E1: R$ -6.7376
   🧭 Tentativas map matching: 339

   🔑 OFFSET DETERMINÍSTICO (x=0.003342035679525678°, y=-0.017405662699809022°, max=2.0km):
   📍 Start Original:  (40.775644, -73.960687)
   🔒 Start Protegido: (40.778790, -73.977959) ✓ 1.51 km | ✓ MAP MATCHED
   📏 Deslocamento final: 1497.6 metros
   📍 End Original:    (40.774801, -73.960637)
   🔒 End Protegido:   (40.778044, -73.978164) ✓ 1.51 km | ✓ MAP MATCHED
   📏 Deslocamento final: 1521.0 metros

   📐 ANÁLISE DE DISTÂNCIA DO TRAJETO (HAVERSINE DOS PONTOS ARMAZENADOS):
   ✨ 285 pontos privados duplicados foram separados para garantir visualização 1:1.
   ℹ️  Dica: use --debug-map-matching para ver tentativas detalhadas de re-snap.
   🔢 Pontos unicos original/offset: 337/52 (Δ -285, -84.6% )
   📍 Trajeto original: 3.371 km (linha reta entre pontos GPS)
   🔒 Trajeto com offset: 3.292 km (linha reta entre pontos COM snap)
   📊 Diferença: -0.079 km (-2.3%)

======================================================================
📊 ESTATÍSTICAS FINAIS
======================================================================
Viagens processadas: 1
Distância total: 3.38 km
Combustível total: 58.62 l
CO2 real total: 135402.3 g
CO2 meta total: 650.5 g
Delta CO2: -134751.8 g
Valor E1 total: R$ -6.74

💰 Créditos: R$ 0.00
💸 Débitos: R$ 6.74
📈 Saldo líquido: R$ -6.74

🗺️  MAP MATCHING:
   Pontos processados: 337
   Snaps tentados: 337 (100.0%)
   Snaps bem-sucedidos: 337 (100.0%)
   Snaps forçados (>100m): 337 (100.0%)
   ✅ TODOS os pontos estão em ruas (FORCE_SNAP=True)
======================================================================

💾 Dados agregados salvos em: ../data/offset_batch/vehicles_step_sim_8/run_087.csv
[csv-worker_8] [vehicles_step_sim_8] ===== LOG RUN 087 FIM =====

[csv-worker_8] [vehicles_step_sim_8] ===== LOG RUN 088 INICIO =====
======================================================================
🚗 PROCESSAMENTO SUMO → E1 REGISTRY (OFFSET ALEATÓRIO - veh0)
======================================================================
📄 Entrada: ../data/vehicles_step_sim_8.csv
🏭 Consumo fabricante: 12.0 km/l
💰 Preço carbono: R$ 50.0/ton
⭕ Raio máximo do offset aleatório: 2.0 km
🎲 Offset gerado aleatoriamente:
   Ângulo: 281.9°
   Distância: 1.7623 km
   offset_x (lat): 0.003260°  |  offset_y (lon): -0.015492°
📊 Row stepping: Processando todas as linhas
🗺️  Map matching: ATIVADO (raio 1500m) - pontos snapped para ruas
📐 Cálculo de distância: HAVERSINE PURO dos pontos COM snap (consistência)
======================================================================

📊 Carregando dados SUMO...
   Total de registros no arquivo: 299
   Veículos únicos: 1
   🚙 Vehicle selecionado: carro_1000

🔄 Agregando viagens por vehicle_id...
  📐 SUMO_carro_1000: Calculando distâncias com Haversine direto (SEM routing API)
      Original: 324 pontos → 3.1629 km (Haversine)
      Offset:   324 pontos → 3.5125 km (Haversine)

🚙 Veículo: SUMO_carro_1000
   Modelo: HBEFA4/PC_petrol_Euro-6ab
   Segmentos: 324
   📏 Distância: 3.166 km (city: 3.024, highway: 0.142)
   ⛽ Combustível: 49.530 l
   🏭 CO2 real: 114414.1 g
   🎯 CO2 meta: 609.4 g
   📊 Delta: -113804.6 g
   💰 Valor E1: R$ -5.6902
   🧭 Tentativas map matching: 326

   🔑 OFFSET DETERMINÍSTICO (x=-0.01322021621034424°, y=0.011903506393298114°, max=2.0km):
   📍 Start Original:  (40.775644, -73.960687)
   🔒 Start Protegido: (40.762729, -73.949285) ✓ 1.78 km | ✓ MAP MATCHED
   📏 Deslocamento final: 1729.3 metros
   📍 End Original:    (40.772251, -73.963071)
   🔒 End Protegido:   (40.759263, -73.951887) ✓ 1.78 km | ✓ MAP MATCHED
   📏 Deslocamento final: 1726.0 metros

   📐 ANÁLISE DE DISTÂNCIA DO TRAJETO (HAVERSINE DOS PONTOS ARMAZENADOS):
   ✨ 271 pontos privados duplicados foram separados para garantir visualização 1:1.
   ℹ️  Dica: use --debug-map-matching para ver tentativas detalhadas de re-snap.
   🔢 Pontos unicos original/offset: 324/53 (Δ -271, -83.6% )
   📍 Trajeto original: 3.163 km (linha reta entre pontos GPS)
   🔒 Trajeto com offset: 3.513 km (linha reta entre pontos COM snap)
   📊 Diferença: +0.350 km (+11.1%)

======================================================================
📊 ESTATÍSTICAS FINAIS
======================================================================
Viagens processadas: 1
Distância total: 3.17 km
Combustível total: 49.53 l
CO2 real total: 114414.1 g
CO2 meta total: 609.4 g
Delta CO2: -113804.6 g
Valor E1 total: R$ -5.69

💰 Créditos: R$ 0.00
💸 Débitos: R$ 5.69
📈 Saldo líquido: R$ -5.69

🗺️  MAP MATCHING:
   Pontos processados: 324
   Snaps tentados: 324 (100.0%)
   Snaps bem-sucedidos: 324 (100.0%)
   Snaps forçados (>100m): 324 (100.0%)
   ✅ TODOS os pontos estão em ruas (FORCE_SNAP=True)
======================================================================

💾 Dados agregados salvos em: ../data/offset_batch/vehicles_step_sim_8/run_088.csv
[csv-worker_8] [vehicles_step_sim_8] ===== LOG RUN 088 FIM =====

[csv-worker_8] [vehicles_step_sim_8] ===== LOG RUN 089 INICIO =====
======================================================================
🚗 PROCESSAMENTO SUMO → E1 REGISTRY (OFFSET ALEATÓRIO - veh0)
======================================================================
📄 Entrada: ../data/vehicles_step_sim_8.csv
🏭 Consumo fabricante: 12.0 km/l
💰 Preço carbono: R$ 50.0/ton
⭕ Raio máximo do offset aleatório: 2.0 km
🎲 Offset gerado aleatoriamente:
   Ângulo: 72.6°
   Distância: 0.3542 km
   offset_x (lat): 0.000952°  |  offset_y (lon): 0.003036°
📊 Row stepping: Processando todas as linhas
🗺️  Map matching: ATIVADO (raio 1500m) - pontos snapped para ruas
📐 Cálculo de distância: HAVERSINE PURO dos pontos COM snap (consistência)
======================================================================

📊 Carregando dados SUMO...
   Total de registros no arquivo: 299
   Veículos únicos: 1
   🚙 Vehicle selecionado: carro_1000

🔄 Agregando viagens por vehicle_id...
  📐 SUMO_carro_1000: Calculando distâncias com Haversine direto (SEM routing API)
      Original: 337 pontos → 3.3706 km (Haversine)
      Offset:   337 pontos → 3.7197 km (Haversine)

🚙 Veículo: SUMO_carro_1000
   Modelo: HBEFA4/PC_petrol_Euro-6ab
   Segmentos: 337
   📏 Distância: 3.379 km (city: 3.069, highway: 0.310)
   ⛽ Combustível: 58.616 l
   🏭 CO2 real: 135402.3 g
   🎯 CO2 meta: 650.5 g
   📊 Delta: -134751.8 g
   💰 Valor E1: R$ -6.7376
   🧭 Tentativas map matching: 339

   🔑 OFFSET DETERMINÍSTICO (x=0.0065819876918247755°, y=0.011052189512099488°, max=2.0km):
   📍 Start Original:  (40.775644, -73.960687)
   🔒 Start Protegido: (40.782052, -73.949825) ✓ 1.19 km | ✓ MAP MATCHED
   📏 Deslocamento final: 1160.8 metros
   📍 End Original:    (40.774801, -73.960637)
   🔒 End Protegido:   (40.781123, -73.949374) ✓ 1.19 km | ✓ MAP MATCHED
   📏 Deslocamento final: 1181.8 metros

   📐 ANÁLISE DE DISTÂNCIA DO TRAJETO (HAVERSINE DOS PONTOS ARMAZENADOS):
   ✨ 283 pontos privados duplicados foram separados para garantir visualização 1:1.
   ℹ️  Dica: use --debug-map-matching para ver tentativas detalhadas de re-snap.
   🔢 Pontos unicos original/offset: 337/54 (Δ -283, -84.0% )
   📍 Trajeto original: 3.371 km (linha reta entre pontos GPS)
   🔒 Trajeto com offset: 3.720 km (linha reta entre pontos COM snap)
   📊 Diferença: +0.349 km (+10.4%)

======================================================================
📊 ESTATÍSTICAS FINAIS
======================================================================
Viagens processadas: 1
Distância total: 3.38 km
Combustível total: 58.62 l
CO2 real total: 135402.3 g
CO2 meta total: 650.5 g
Delta CO2: -134751.8 g
Valor E1 total: R$ -6.74

💰 Créditos: R$ 0.00
💸 Débitos: R$ 6.74
📈 Saldo líquido: R$ -6.74

🗺️  MAP MATCHING:
   Pontos processados: 337
   Snaps tentados: 337 (100.0%)
   Snaps bem-sucedidos: 337 (100.0%)
   Snaps forçados (>100m): 337 (100.0%)
   ✅ TODOS os pontos estão em ruas (FORCE_SNAP=True)
======================================================================

💾 Dados agregados salvos em: ../data/offset_batch/vehicles_step_sim_8/run_089.csv
[csv-worker_8] [vehicles_step_sim_8] ===== LOG RUN 089 FIM =====

[csv-worker_8] [vehicles_step_sim_8] ===== LOG RUN 090 INICIO =====
======================================================================
🚗 PROCESSAMENTO SUMO → E1 REGISTRY (OFFSET ALEATÓRIO - veh0)
======================================================================
📄 Entrada: ../data/vehicles_step_sim_8.csv
🏭 Consumo fabricante: 12.0 km/l
💰 Preço carbono: R$ 50.0/ton
⭕ Raio máximo do offset aleatório: 2.0 km
🎲 Offset gerado aleatoriamente:
   Ângulo: 336.2°
   Distância: 1.9719 km
   offset_x (lat): 0.016210°  |  offset_y (lon): -0.007142°
📊 Row stepping: Processando todas as linhas
🗺️  Map matching: ATIVADO (raio 1500m) - pontos snapped para ruas
📐 Cálculo de distância: HAVERSINE PURO dos pontos COM snap (consistência)
======================================================================

📊 Carregando dados SUMO...
   Total de registros no arquivo: 299
   Veículos únicos: 1
   🚙 Vehicle selecionado: carro_1000

🔄 Agregando viagens por vehicle_id...
  📐 SUMO_carro_1000: Calculando distâncias com Haversine direto (SEM routing API)
      Original: 323 pontos → 2.9161 km (Haversine)
      Offset:   323 pontos → 4.0459 km (Haversine)

🚙 Veículo: SUMO_carro_1000
   Modelo: HBEFA4/PC_petrol_Euro-6ab
   Segmentos: 323
   📏 Distância: 2.926 km (city: 2.764, highway: 0.161)
   ⛽ Combustível: 54.094 l
   🏭 CO2 real: 124958.0 g
   🎯 CO2 meta: 563.2 g
   📊 Delta: -124394.9 g
   💰 Valor E1: R$ -6.2197
   🧭 Tentativas map matching: 325

   🔑 OFFSET DETERMINÍSTICO (x=-0.009331886380240479°, y=-0.01328486047307318°, max=2.0km):
   📍 Start Original:  (40.775644, -73.960687)
   🔒 Start Protegido: (40.765090, -73.973167) ✓ 1.53 km | ✓ MAP MATCHED
   📏 Deslocamento final: 1577.0 metros
   📍 End Original:    (40.774046, -73.961617)
   🔒 End Protegido:   (40.764665, -73.973825) ✓ 1.53 km | ✓ MAP MATCHED
   📏 Deslocamento final: 1466.2 metros

   📐 ANÁLISE DE DISTÂNCIA DO TRAJETO (HAVERSINE DOS PONTOS ARMAZENADOS):
   ✨ 283 pontos privados duplicados foram separados para garantir visualização 1:1.
   ℹ️  Dica: use --debug-map-matching para ver tentativas detalhadas de re-snap.
   🔢 Pontos unicos original/offset: 320/40 (Δ -280, -87.5% )
   📍 Trajeto original: 2.916 km (linha reta entre pontos GPS)
   🔒 Trajeto com offset: 4.046 km (linha reta entre pontos COM snap)
   📊 Diferença: +1.130 km (+38.7%)

======================================================================
📊 ESTATÍSTICAS FINAIS
======================================================================
Viagens processadas: 1
Distância total: 2.93 km
Combustível total: 54.09 l
CO2 real total: 124958.0 g
CO2 meta total: 563.2 g
Delta CO2: -124394.9 g
Valor E1 total: R$ -6.22

💰 Créditos: R$ 0.00
💸 Débitos: R$ 6.22
📈 Saldo líquido: R$ -6.22

🗺️  MAP MATCHING:
   Pontos processados: 323
   Snaps tentados: 323 (100.0%)
   Snaps bem-sucedidos: 323 (100.0%)
   Snaps forçados (>100m): 323 (100.0%)
   ✅ TODOS os pontos estão em ruas (FORCE_SNAP=True)
======================================================================

💾 Dados agregados salvos em: ../data/offset_batch/vehicles_step_sim_8/run_090.csv
[csv-worker_8] [vehicles_step_sim_8] ===== LOG RUN 090 FIM =====

[csv-worker_8] [vehicles_step_sim_8] ===== LOG RUN 091 INICIO =====
======================================================================
🚗 PROCESSAMENTO SUMO → E1 REGISTRY (OFFSET ALEATÓRIO - veh0)
======================================================================
📄 Entrada: ../data/vehicles_step_sim_8.csv
🏭 Consumo fabricante: 12.0 km/l
💰 Preço carbono: R$ 50.0/ton
⭕ Raio máximo do offset aleatório: 2.0 km
🎲 Offset gerado aleatoriamente:
   Ângulo: 267.0°
   Distância: 0.1050 km
   offset_x (lat): -0.000049°  |  offset_y (lon): -0.000942°
📊 Row stepping: Processando todas as linhas
🗺️  Map matching: ATIVADO (raio 1500m) - pontos snapped para ruas
📐 Cálculo de distância: HAVERSINE PURO dos pontos COM snap (consistência)
======================================================================

📊 Carregando dados SUMO...
   Total de registros no arquivo: 299
   Veículos únicos: 1
   🚙 Vehicle selecionado: carro_1000

🔄 Agregando viagens por vehicle_id...
  📐 SUMO_carro_1000: Calculando distâncias com Haversine direto (SEM routing API)
      Original: 323 pontos → 2.9161 km (Haversine)
      Offset:   323 pontos → 3.0437 km (Haversine)

🚙 Veículo: SUMO_carro_1000
   Modelo: HBEFA4/PC_petrol_Euro-6ab
   Segmentos: 323
   📏 Distância: 2.926 km (city: 2.764, highway: 0.161)
   ⛽ Combustível: 54.094 l
   🏭 CO2 real: 124958.0 g
   🎯 CO2 meta: 563.2 g
   📊 Delta: -124394.9 g
   💰 Valor E1: R$ -6.2197
   🧭 Tentativas map matching: 325

   🔑 OFFSET DETERMINÍSTICO (x=0.003332323818317591°, y=0.003865653322213669°, max=2.0km):
   📍 Start Original:  (40.775644, -73.960687)
   🔒 Start Protegido: (40.778864, -73.956187) ✓ 0.49 km | ✓ MAP MATCHED
   📏 Deslocamento final: 521.9 metros
   📍 End Original:    (40.774046, -73.961617)
   🔒 End Protegido:   (40.777258, -73.957224) ✓ 0.49 km | ✓ MAP MATCHED
   📏 Deslocamento final: 514.8 metros

   📐 ANÁLISE DE DISTÂNCIA DO TRAJETO (HAVERSINE DOS PONTOS ARMAZENADOS):
   ✨ 293 pontos privados duplicados foram separados para garantir visualização 1:1.
   ℹ️  Dica: use --debug-map-matching para ver tentativas detalhadas de re-snap.
   🔢 Pontos unicos original/offset: 320/30 (Δ -290, -90.6% )
   📍 Trajeto original: 2.916 km (linha reta entre pontos GPS)
   🔒 Trajeto com offset: 3.044 km (linha reta entre pontos COM snap)
   📊 Diferença: +0.128 km (+4.4%)

======================================================================
📊 ESTATÍSTICAS FINAIS
======================================================================
Viagens processadas: 1
Distância total: 2.93 km
Combustível total: 54.09 l
CO2 real total: 124958.0 g
CO2 meta total: 563.2 g
Delta CO2: -124394.9 g
Valor E1 total: R$ -6.22

💰 Créditos: R$ 0.00
💸 Débitos: R$ 6.22
📈 Saldo líquido: R$ -6.22

🗺️  MAP MATCHING:
   Pontos processados: 323
   Snaps tentados: 323 (100.0%)
   Snaps bem-sucedidos: 323 (100.0%)
   Snaps forçados (>100m): 323 (100.0%)
   ✅ TODOS os pontos estão em ruas (FORCE_SNAP=True)
======================================================================

💾 Dados agregados salvos em: ../data/offset_batch/vehicles_step_sim_8/run_091.csv
[csv-worker_8] [vehicles_step_sim_8] ===== LOG RUN 091 FIM =====

[csv-worker_8] [vehicles_step_sim_8] ===== LOG RUN 092 INICIO =====
======================================================================
🚗 PROCESSAMENTO SUMO → E1 REGISTRY (OFFSET ALEATÓRIO - veh0)
======================================================================
📄 Entrada: ../data/vehicles_step_sim_8.csv
🏭 Consumo fabricante: 12.0 km/l
💰 Preço carbono: R$ 50.0/ton
⭕ Raio máximo do offset aleatório: 2.0 km
🎲 Offset gerado aleatoriamente:
   Ângulo: 323.6°
   Distância: 1.8169 km
   offset_x (lat): 0.013139°  |  offset_y (lon): -0.009683°
📊 Row stepping: Processando todas as linhas
🗺️  Map matching: ATIVADO (raio 1500m) - pontos snapped para ruas
📐 Cálculo de distância: HAVERSINE PURO dos pontos COM snap (consistência)
======================================================================

📊 Carregando dados SUMO...
   Total de registros no arquivo: 299
   Veículos únicos: 1
   🚙 Vehicle selecionado: carro_1000

🔄 Agregando viagens por vehicle_id...
  📐 SUMO_carro_1000: Calculando distâncias com Haversine direto (SEM routing API)
      Original: 323 pontos → 2.9161 km (Haversine)
      Offset:   323 pontos → 2.7435 km (Haversine)

🚙 Veículo: SUMO_carro_1000
   Modelo: HBEFA4/PC_petrol_Euro-6ab
   Segmentos: 323
   📏 Distância: 2.926 km (city: 2.764, highway: 0.161)
   ⛽ Combustível: 54.094 l
   🏭 CO2 real: 124958.0 g
   🎯 CO2 meta: 563.2 g
   📊 Delta: -124394.9 g
   💰 Valor E1: R$ -6.2197
   🧭 Tentativas map matching: 325

   🔑 OFFSET DETERMINÍSTICO (x=0.01428381863901631°, y=0.0027386632538369217°, max=2.0km):
   📍 Start Original:  (40.775644, -73.960687)
   🔒 Start Protegido: (40.789923, -73.958430) ✓ 1.61 km | ✓ MAP MATCHED
   📏 Deslocamento final: 1600.9 metros
   📍 End Original:    (40.774046, -73.961617)
   🔒 End Protegido:   (40.789586, -73.957639) ✓ 1.61 km | ✓ MAP MATCHED
   📏 Deslocamento final: 1762.1 metros

   📐 ANÁLISE DE DISTÂNCIA DO TRAJETO (HAVERSINE DOS PONTOS ARMAZENADOS):
   ✨ 291 pontos privados duplicados foram separados para garantir visualização 1:1.
   ℹ️  Dica: use --debug-map-matching para ver tentativas detalhadas de re-snap.
   🔢 Pontos unicos original/offset: 320/32 (Δ -288, -90.0% )
   📍 Trajeto original: 2.916 km (linha reta entre pontos GPS)
   🔒 Trajeto com offset: 2.744 km (linha reta entre pontos COM snap)
   📊 Diferença: -0.173 km (-5.9%)

======================================================================
📊 ESTATÍSTICAS FINAIS
======================================================================
Viagens processadas: 1
Distância total: 2.93 km
Combustível total: 54.09 l
CO2 real total: 124958.0 g
CO2 meta total: 563.2 g
Delta CO2: -124394.9 g
Valor E1 total: R$ -6.22

💰 Créditos: R$ 0.00
💸 Débitos: R$ 6.22
📈 Saldo líquido: R$ -6.22

🗺️  MAP MATCHING:
   Pontos processados: 323
   Snaps tentados: 323 (100.0%)
   Snaps bem-sucedidos: 323 (100.0%)
   Snaps forçados (>100m): 323 (100.0%)
   ✅ TODOS os pontos estão em ruas (FORCE_SNAP=True)
======================================================================

💾 Dados agregados salvos em: ../data/offset_batch/vehicles_step_sim_8/run_092.csv
[csv-worker_8] [vehicles_step_sim_8] ===== LOG RUN 092 FIM =====

[csv-worker_8] [vehicles_step_sim_8] ===== LOG RUN 093 INICIO =====
======================================================================
🚗 PROCESSAMENTO SUMO → E1 REGISTRY (OFFSET ALEATÓRIO - veh0)
======================================================================
📄 Entrada: ../data/vehicles_step_sim_8.csv
🏭 Consumo fabricante: 12.0 km/l
💰 Preço carbono: R$ 50.0/ton
⭕ Raio máximo do offset aleatório: 2.0 km
🎲 Offset gerado aleatoriamente:
   Ângulo: 14.1°
   Distância: 0.8587 km
   offset_x (lat): 0.007480°  |  offset_y (lon): 0.001885°
📊 Row stepping: Processando todas as linhas
🗺️  Map matching: ATIVADO (raio 1500m) - pontos snapped para ruas
📐 Cálculo de distância: HAVERSINE PURO dos pontos COM snap (consistência)
======================================================================

📊 Carregando dados SUMO...
   Total de registros no arquivo: 299
   Veículos únicos: 1
   🚙 Vehicle selecionado: carro_1000

🔄 Agregando viagens por vehicle_id...
  📐 SUMO_carro_1000: Calculando distâncias com Haversine direto (SEM routing API)
      Original: 323 pontos → 2.9161 km (Haversine)
      Offset:   323 pontos → 3.9865 km (Haversine)

🚙 Veículo: SUMO_carro_1000
   Modelo: HBEFA4/PC_petrol_Euro-6ab
   Segmentos: 323
   📏 Distância: 2.926 km (city: 2.764, highway: 0.161)
   ⛽ Combustível: 54.094 l
   🏭 CO2 real: 124958.0 g
   🎯 CO2 meta: 563.2 g
   📊 Delta: -124394.9 g
   💰 Valor E1: R$ -6.2197
   🧭 Tentativas map matching: 325

   🔑 OFFSET DETERMINÍSTICO (x=0.012102877894152939°, y=-0.009179035449385512°, max=2.0km):
   📍 Start Original:  (40.775644, -73.960687)
   🔒 Start Protegido: (40.788371, -73.970637) ✓ 1.55 km | ✓ MAP MATCHED
   📏 Deslocamento final: 1646.5 metros
   📍 End Original:    (40.774046, -73.961617)
   🔒 End Protegido:   (40.785783, -73.970479) ✓ 1.55 km | ✓ MAP MATCHED
   📏 Deslocamento final: 1505.1 metros

   📐 ANÁLISE DE DISTÂNCIA DO TRAJETO (HAVERSINE DOS PONTOS ARMAZENADOS):
   ✨ 289 pontos privados duplicados foram separados para garantir visualização 1:1.
   ℹ️  Dica: use --debug-map-matching para ver tentativas detalhadas de re-snap.
   🔢 Pontos unicos original/offset: 320/34 (Δ -286, -89.4% )
   📍 Trajeto original: 2.916 km (linha reta entre pontos GPS)
   🔒 Trajeto com offset: 3.986 km (linha reta entre pontos COM snap)
   📊 Diferença: +1.070 km (+36.7%)

======================================================================
📊 ESTATÍSTICAS FINAIS
======================================================================
Viagens processadas: 1
Distância total: 2.93 km
Combustível total: 54.09 l
CO2 real total: 124958.0 g
CO2 meta total: 563.2 g
Delta CO2: -124394.9 g
Valor E1 total: R$ -6.22

💰 Créditos: R$ 0.00
💸 Débitos: R$ 6.22
📈 Saldo líquido: R$ -6.22

🗺️  MAP MATCHING:
   Pontos processados: 323
   Snaps tentados: 323 (100.0%)
   Snaps bem-sucedidos: 323 (100.0%)
   Snaps forçados (>100m): 323 (100.0%)
   ✅ TODOS os pontos estão em ruas (FORCE_SNAP=True)
======================================================================

💾 Dados agregados salvos em: ../data/offset_batch/vehicles_step_sim_8/run_093.csv
[csv-worker_8] [vehicles_step_sim_8] ===== LOG RUN 093 FIM =====

[csv-worker_8] [vehicles_step_sim_8] ===== LOG RUN 094 INICIO =====
======================================================================
🚗 PROCESSAMENTO SUMO → E1 REGISTRY (OFFSET ALEATÓRIO - veh0)
======================================================================
📄 Entrada: ../data/vehicles_step_sim_8.csv
🏭 Consumo fabricante: 12.0 km/l
💰 Preço carbono: R$ 50.0/ton
⭕ Raio máximo do offset aleatório: 2.0 km
🎲 Offset gerado aleatoriamente:
   Ângulo: 356.7°
   Distância: 0.2533 km
   offset_x (lat): 0.002272°  |  offset_y (lon): -0.000130°
📊 Row stepping: Processando todas as linhas
🗺️  Map matching: ATIVADO (raio 1500m) - pontos snapped para ruas
📐 Cálculo de distância: HAVERSINE PURO dos pontos COM snap (consistência)
======================================================================

📊 Carregando dados SUMO...
   Total de registros no arquivo: 299
   Veículos únicos: 1
   🚙 Vehicle selecionado: carro_1000

🔄 Agregando viagens por vehicle_id...
  📐 SUMO_carro_1000: Calculando distâncias com Haversine direto (SEM routing API)
      Original: 323 pontos → 2.9161 km (Haversine)
      Offset:   323 pontos → 3.0909 km (Haversine)

🚙 Veículo: SUMO_carro_1000
   Modelo: HBEFA4/PC_petrol_Euro-6ab
   Segmentos: 323
   📏 Distância: 2.926 km (city: 2.764, highway: 0.161)
   ⛽ Combustível: 54.094 l
   🏭 CO2 real: 124958.0 g
   🎯 CO2 meta: 563.2 g
   📊 Delta: -124394.9 g
   💰 Valor E1: R$ -6.2197
   🧭 Tentativas map matching: 325

   🔑 OFFSET DETERMINÍSTICO (x=0.0033384870665242984°, y=-0.0001449221993225509°, max=2.0km):
   📍 Start Original:  (40.775644, -73.960687)
   🔒 Start Protegido: (40.778958, -73.960353) ✓ 0.37 km | ✓ MAP MATCHED
   📏 Deslocamento final: 370.0 metros
   📍 End Original:    (40.774046, -73.961617)
   🔒 End Protegido:   (40.777053, -73.961751) ✓ 0.37 km | ✓ MAP MATCHED
   📏 Deslocamento final: 334.9 metros

   📐 ANÁLISE DE DISTÂNCIA DO TRAJETO (HAVERSINE DOS PONTOS ARMAZENADOS):
   ✨ 283 pontos privados duplicados foram separados para garantir visualização 1:1.
   ℹ️  Dica: use --debug-map-matching para ver tentativas detalhadas de re-snap.
   🔢 Pontos unicos original/offset: 320/40 (Δ -280, -87.5% )
   📍 Trajeto original: 2.916 km (linha reta entre pontos GPS)
   🔒 Trajeto com offset: 3.091 km (linha reta entre pontos COM snap)
   📊 Diferença: +0.175 km (+6.0%)

======================================================================
📊 ESTATÍSTICAS FINAIS
======================================================================
Viagens processadas: 1
Distância total: 2.93 km
Combustível total: 54.09 l
CO2 real total: 124958.0 g
CO2 meta total: 563.2 g
Delta CO2: -124394.9 g
Valor E1 total: R$ -6.22

💰 Créditos: R$ 0.00
💸 Débitos: R$ 6.22
📈 Saldo líquido: R$ -6.22

🗺️  MAP MATCHING:
   Pontos processados: 323
   Snaps tentados: 323 (100.0%)
   Snaps bem-sucedidos: 323 (100.0%)
   Snaps forçados (>100m): 323 (100.0%)
   ✅ TODOS os pontos estão em ruas (FORCE_SNAP=True)
======================================================================

💾 Dados agregados salvos em: ../data/offset_batch/vehicles_step_sim_8/run_094.csv
[csv-worker_8] [vehicles_step_sim_8] ===== LOG RUN 094 FIM =====

[csv-worker_8] [vehicles_step_sim_8] ===== LOG RUN 095 INICIO =====
======================================================================
🚗 PROCESSAMENTO SUMO → E1 REGISTRY (OFFSET ALEATÓRIO - veh0)
======================================================================
📄 Entrada: ../data/vehicles_step_sim_8.csv
🏭 Consumo fabricante: 12.0 km/l
💰 Preço carbono: R$ 50.0/ton
⭕ Raio máximo do offset aleatório: 2.0 km
🎲 Offset gerado aleatoriamente:
   Ângulo: 2.2°
   Distância: 0.1188 km
   offset_x (lat): 0.001066°  |  offset_y (lon): 0.000042°
📊 Row stepping: Processando todas as linhas
🗺️  Map matching: ATIVADO (raio 1500m) - pontos snapped para ruas
📐 Cálculo de distância: HAVERSINE PURO dos pontos COM snap (consistência)
======================================================================

📊 Carregando dados SUMO...
   Total de registros no arquivo: 299
   Veículos únicos: 1
   🚙 Vehicle selecionado: carro_1000

🔄 Agregando viagens por vehicle_id...
  📐 SUMO_carro_1000: Calculando distâncias com Haversine direto (SEM routing API)
      Original: 300 pontos → 3.1542 km (Haversine)
      Offset:   300 pontos → 2.7236 km (Haversine)

🚙 Veículo: SUMO_carro_1000
   Modelo: HBEFA4/PC_petrol_Euro-6ab
   Segmentos: 300
   📏 Distância: 3.158 km (city: 2.541, highway: 0.617)
   ⛽ Combustível: 49.984 l
   🏭 CO2 real: 115462.6 g
   🎯 CO2 meta: 608.0 g
   📊 Delta: -114854.6 g
   💰 Valor E1: R$ -5.7427
   🧭 Tentativas map matching: 302

   🔑 OFFSET DETERMINÍSTICO (x=0.007796159846067763°, y=-0.005029183166989532°, max=2.0km):
   📍 Start Original:  (40.775644, -73.960687)
   🔒 Start Protegido: (40.783844, -73.965537) ✓ 0.97 km | ✓ MAP MATCHED
   📏 Deslocamento final: 1000.3 metros
   📍 End Original:    (40.773912, -73.961904)
   🔒 End Protegido:   (40.783844, -73.965537) ✓ 0.97 km | ✓ MAP MATCHED
   📏 Deslocamento final: 1147.3 metros

   📐 ANÁLISE DE DISTÂNCIA DO TRAJETO (HAVERSINE DOS PONTOS ARMAZENADOS):
   ✨ 252 pontos privados duplicados foram separados para garantir visualização 1:1.
   ℹ️  Dica: use --debug-map-matching para ver tentativas detalhadas de re-snap.
   🔢 Pontos unicos original/offset: 299/48 (Δ -251, -83.9% )
   📍 Trajeto original: 3.154 km (linha reta entre pontos GPS)
   🔒 Trajeto com offset: 2.724 km (linha reta entre pontos COM snap)
   📊 Diferença: -0.431 km (-13.7%)

======================================================================
📊 ESTATÍSTICAS FINAIS
======================================================================
Viagens processadas: 1
Distância total: 3.16 km
Combustível total: 49.98 l
CO2 real total: 115462.6 g
CO2 meta total: 608.0 g
Delta CO2: -114854.6 g
Valor E1 total: R$ -5.74

💰 Créditos: R$ 0.00
💸 Débitos: R$ 5.74
📈 Saldo líquido: R$ -5.74

🗺️  MAP MATCHING:
   Pontos processados: 300
   Snaps tentados: 300 (100.0%)
   Snaps bem-sucedidos: 300 (100.0%)
   Snaps forçados (>100m): 300 (100.0%)
   ✅ TODOS os pontos estão em ruas (FORCE_SNAP=True)
======================================================================

💾 Dados agregados salvos em: ../data/offset_batch/vehicles_step_sim_8/run_095.csv
[csv-worker_8] [vehicles_step_sim_8] ===== LOG RUN 095 FIM =====

[csv-worker_8] [vehicles_step_sim_8] ===== LOG RUN 096 INICIO =====
======================================================================
🚗 PROCESSAMENTO SUMO → E1 REGISTRY (OFFSET ALEATÓRIO - veh0)
======================================================================
📄 Entrada: ../data/vehicles_step_sim_8.csv
🏭 Consumo fabricante: 12.0 km/l
💰 Preço carbono: R$ 50.0/ton
⭕ Raio máximo do offset aleatório: 2.0 km
🎲 Offset gerado aleatoriamente:
   Ângulo: 234.2°
   Distância: 0.9620 km
   offset_x (lat): -0.005061°  |  offset_y (lon): -0.007005°
📊 Row stepping: Processando todas as linhas
🗺️  Map matching: ATIVADO (raio 1500m) - pontos snapped para ruas
📐 Cálculo de distância: HAVERSINE PURO dos pontos COM snap (consistência)
======================================================================

📊 Carregando dados SUMO...
   Total de registros no arquivo: 299
   Veículos únicos: 1
   🚙 Vehicle selecionado: carro_1000

🔄 Agregando viagens por vehicle_id...
  📐 SUMO_carro_1000: Calculando distâncias com Haversine direto (SEM routing API)
      Original: 323 pontos → 2.9161 km (Haversine)
      Offset:   323 pontos → 5.0604 km (Haversine)

🚙 Veículo: SUMO_carro_1000
   Modelo: HBEFA4/PC_petrol_Euro-6ab
   Segmentos: 323
   📏 Distância: 2.926 km (city: 2.764, highway: 0.161)
   ⛽ Combustível: 54.094 l
   🏭 CO2 real: 124958.0 g
   🎯 CO2 meta: 563.2 g
   📊 Delta: -124394.9 g
   💰 Valor E1: R$ -6.2197
   🧭 Tentativas map matching: 325

   🔑 OFFSET DETERMINÍSTICO (x=0.002889580098978702°, y=0.01669415442426815°, max=2.0km):
   📍 Start Original:  (40.775644, -73.960687)
   🔒 Start Protegido: (40.778383, -73.943155) ✓ 1.44 km | ✓ MAP MATCHED
   📏 Deslocamento final: 1509.1 metros
   📍 End Original:    (40.774046, -73.961617)
   🔒 End Protegido:   (40.777175, -73.946047) ✓ 1.44 km | ✓ MAP MATCHED
   📏 Deslocamento final: 1358.0 metros

   📐 ANÁLISE DE DISTÂNCIA DO TRAJETO (HAVERSINE DOS PONTOS ARMAZENADOS):
   ✨ 286 pontos privados duplicados foram separados para garantir visualização 1:1.
   ℹ️  Dica: use --debug-map-matching para ver tentativas detalhadas de re-snap.
   🔢 Pontos unicos original/offset: 320/37 (Δ -283, -88.4% )
   📍 Trajeto original: 2.916 km (linha reta entre pontos GPS)
   🔒 Trajeto com offset: 5.060 km (linha reta entre pontos COM snap)
   📊 Diferença: +2.144 km (+73.5%)

======================================================================
📊 ESTATÍSTICAS FINAIS
======================================================================
Viagens processadas: 1
Distância total: 2.93 km
Combustível total: 54.09 l
CO2 real total: 124958.0 g
CO2 meta total: 563.2 g
Delta CO2: -124394.9 g
Valor E1 total: R$ -6.22

💰 Créditos: R$ 0.00
💸 Débitos: R$ 6.22
📈 Saldo líquido: R$ -6.22

🗺️  MAP MATCHING:
   Pontos processados: 323
   Snaps tentados: 323 (100.0%)
   Snaps bem-sucedidos: 323 (100.0%)
   Snaps forçados (>100m): 323 (100.0%)
   ✅ TODOS os pontos estão em ruas (FORCE_SNAP=True)
======================================================================

💾 Dados agregados salvos em: ../data/offset_batch/vehicles_step_sim_8/run_096.csv
[csv-worker_8] [vehicles_step_sim_8] ===== LOG RUN 096 FIM =====

[csv-worker_8] [vehicles_step_sim_8] ===== LOG RUN 097 INICIO =====
======================================================================
🚗 PROCESSAMENTO SUMO → E1 REGISTRY (OFFSET ALEATÓRIO - veh0)
======================================================================
📄 Entrada: ../data/vehicles_step_sim_8.csv
🏭 Consumo fabricante: 12.0 km/l
💰 Preço carbono: R$ 50.0/ton
⭕ Raio máximo do offset aleatório: 2.0 km
🎲 Offset gerado aleatoriamente:
   Ângulo: 132.9°
   Distância: 1.3956 km
   offset_x (lat): -0.008539°  |  offset_y (lon): 0.009178°
📊 Row stepping: Processando todas as linhas
🗺️  Map matching: ATIVADO (raio 1500m) - pontos snapped para ruas
📐 Cálculo de distância: HAVERSINE PURO dos pontos COM snap (consistência)
======================================================================

📊 Carregando dados SUMO...
   Total de registros no arquivo: 299
   Veículos únicos: 1
   🚙 Vehicle selecionado: carro_1000

🔄 Agregando viagens por vehicle_id...
  📐 SUMO_carro_1000: Calculando distâncias com Haversine direto (SEM routing API)
      Original: 300 pontos → 3.1542 km (Haversine)
      Offset:   300 pontos → 3.3112 km (Haversine)

🚙 Veículo: SUMO_carro_1000
   Modelo: HBEFA4/PC_petrol_Euro-6ab
   Segmentos: 300
   📏 Distância: 3.158 km (city: 2.541, highway: 0.617)
   ⛽ Combustível: 49.984 l
   🏭 CO2 real: 115462.6 g
   🎯 CO2 meta: 608.0 g
   📊 Delta: -114854.6 g
   💰 Valor E1: R$ -5.7427
   🧭 Tentativas map matching: 302

   🔑 OFFSET DETERMINÍSTICO (x=0.011756982272566618°, y=-0.002930983296319059°, max=2.0km):
   📍 Start Original:  (40.775644, -73.960687)
   🔒 Start Protegido: (40.788699, -73.966874) ✓ 1.33 km | ✓ MAP MATCHED
   📏 Deslocamento final: 1544.1 metros
   📍 End Original:    (40.773912, -73.961904)
   🔒 End Protegido:   (40.783844, -73.965537) ✓ 1.33 km | ✓ MAP MATCHED
   📏 Deslocamento final: 1147.3 metros

   📐 ANÁLISE DE DISTÂNCIA DO TRAJETO (HAVERSINE DOS PONTOS ARMAZENADOS):
   ✨ 256 pontos privados duplicados foram separados para garantir visualização 1:1.
   ℹ️  Dica: use --debug-map-matching para ver tentativas detalhadas de re-snap.
   🔢 Pontos unicos original/offset: 299/44 (Δ -255, -85.3% )
   📍 Trajeto original: 3.154 km (linha reta entre pontos GPS)
   🔒 Trajeto com offset: 3.311 km (linha reta entre pontos COM snap)
   📊 Diferença: +0.157 km (+5.0%)

======================================================================
📊 ESTATÍSTICAS FINAIS
======================================================================
Viagens processadas: 1
Distância total: 3.16 km
Combustível total: 49.98 l
CO2 real total: 115462.6 g
CO2 meta total: 608.0 g
Delta CO2: -114854.6 g
Valor E1 total: R$ -5.74

💰 Créditos: R$ 0.00
💸 Débitos: R$ 5.74
📈 Saldo líquido: R$ -5.74

🗺️  MAP MATCHING:
   Pontos processados: 300
   Snaps tentados: 300 (100.0%)
   Snaps bem-sucedidos: 300 (100.0%)
   Snaps forçados (>100m): 300 (100.0%)
   ✅ TODOS os pontos estão em ruas (FORCE_SNAP=True)
======================================================================

💾 Dados agregados salvos em: ../data/offset_batch/vehicles_step_sim_8/run_097.csv
[csv-worker_8] [vehicles_step_sim_8] ===== LOG RUN 097 FIM =====

[csv-worker_8] [vehicles_step_sim_8] ===== LOG RUN 098 INICIO =====
======================================================================
🚗 PROCESSAMENTO SUMO → E1 REGISTRY (OFFSET ALEATÓRIO - veh0)
======================================================================
📄 Entrada: ../data/vehicles_step_sim_8.csv
🏭 Consumo fabricante: 12.0 km/l
💰 Preço carbono: R$ 50.0/ton
⭕ Raio máximo do offset aleatório: 2.0 km
🎲 Offset gerado aleatoriamente:
   Ângulo: 331.0°
   Distância: 1.0405 km
   offset_x (lat): 0.008178°  |  offset_y (lon): -0.004527°
📊 Row stepping: Processando todas as linhas
🗺️  Map matching: ATIVADO (raio 1500m) - pontos snapped para ruas
📐 Cálculo de distância: HAVERSINE PURO dos pontos COM snap (consistência)
======================================================================

📊 Carregando dados SUMO...
   Total de registros no arquivo: 299
   Veículos únicos: 1
   🚙 Vehicle selecionado: carro_1000

🔄 Agregando viagens por vehicle_id...
  📐 SUMO_carro_1000: Calculando distâncias com Haversine direto (SEM routing API)
      Original: 300 pontos → 3.1542 km (Haversine)
      Offset:   300 pontos → 3.8711 km (Haversine)

🚙 Veículo: SUMO_carro_1000
   Modelo: HBEFA4/PC_petrol_Euro-6ab
   Segmentos: 300
   📏 Distância: 3.158 km (city: 2.541, highway: 0.617)
   ⛽ Combustível: 49.984 l
   🏭 CO2 real: 115462.6 g
   🎯 CO2 meta: 608.0 g
   📊 Delta: -114854.6 g
   💰 Valor E1: R$ -5.7427
   🧭 Tentativas map matching: 302

   🔑 OFFSET DETERMINÍSTICO (x=-0.0028391974262061055°, y=-0.016064877507534017°, max=2.0km):
   📍 Start Original:  (40.775644, -73.960687)
   🔒 Start Protegido: (40.773605, -73.977873) ✓ 1.39 km | ✓ MAP MATCHED
   📏 Deslocamento final: 1466.5 metros
   📍 End Original:    (40.773912, -73.961904)
   🔒 End Protegido:   (40.771680, -73.977616) ✓ 1.39 km | ✓ MAP MATCHED
   📏 Deslocamento final: 1347.7 metros

   📐 ANÁLISE DE DISTÂNCIA DO TRAJETO (HAVERSINE DOS PONTOS ARMAZENADOS):
   ✨ 263 pontos privados duplicados foram separados para garantir visualização 1:1.
   ℹ️  Dica: use --debug-map-matching para ver tentativas detalhadas de re-snap.
   🔢 Pontos unicos original/offset: 299/37 (Δ -262, -87.6% )
   📍 Trajeto original: 3.154 km (linha reta entre pontos GPS)
   🔒 Trajeto com offset: 3.871 km (linha reta entre pontos COM snap)
   📊 Diferença: +0.717 km (+22.7%)

======================================================================
📊 ESTATÍSTICAS FINAIS
======================================================================
Viagens processadas: 1
Distância total: 3.16 km
Combustível total: 49.98 l
CO2 real total: 115462.6 g
CO2 meta total: 608.0 g
Delta CO2: -114854.6 g
Valor E1 total: R$ -5.74

💰 Créditos: R$ 0.00
💸 Débitos: R$ 5.74
📈 Saldo líquido: R$ -5.74

🗺️  MAP MATCHING:
   Pontos processados: 300
   Snaps tentados: 300 (100.0%)
   Snaps bem-sucedidos: 300 (100.0%)
   Snaps forçados (>100m): 300 (100.0%)
   ✅ TODOS os pontos estão em ruas (FORCE_SNAP=True)
======================================================================

💾 Dados agregados salvos em: ../data/offset_batch/vehicles_step_sim_8/run_098.csv
[csv-worker_8] [vehicles_step_sim_8] ===== LOG RUN 098 FIM =====

[csv-worker_8] [vehicles_step_sim_8] ===== LOG RUN 099 INICIO =====
======================================================================
🚗 PROCESSAMENTO SUMO → E1 REGISTRY (OFFSET ALEATÓRIO - veh0)
======================================================================
📄 Entrada: ../data/vehicles_step_sim_8.csv
🏭 Consumo fabricante: 12.0 km/l
💰 Preço carbono: R$ 50.0/ton
⭕ Raio máximo do offset aleatório: 2.0 km
🎲 Offset gerado aleatoriamente:
   Ângulo: 56.6°
   Distância: 1.7772 km
   offset_x (lat): 0.008791°  |  offset_y (lon): 0.013327°
📊 Row stepping: Processando todas as linhas
🗺️  Map matching: ATIVADO (raio 1500m) - pontos snapped para ruas
📐 Cálculo de distância: HAVERSINE PURO dos pontos COM snap (consistência)
======================================================================

📊 Carregando dados SUMO...
   Total de registros no arquivo: 299
   Veículos únicos: 1
   🚙 Vehicle selecionado: carro_1000

🔄 Agregando viagens por vehicle_id...
  📐 SUMO_carro_1000: Calculando distâncias com Haversine direto (SEM routing API)
      Original: 300 pontos → 3.1542 km (Haversine)
      Offset:   300 pontos → 3.4324 km (Haversine)

🚙 Veículo: SUMO_carro_1000
   Modelo: HBEFA4/PC_petrol_Euro-6ab
   Segmentos: 300
   📏 Distância: 3.158 km (city: 2.541, highway: 0.617)
   ⛽ Combustível: 49.984 l
   🏭 CO2 real: 115462.6 g
   🎯 CO2 meta: 608.0 g
   📊 Delta: -114854.6 g
   💰 Valor E1: R$ -5.7427
   🧭 Tentativas map matching: 302

   🔑 OFFSET DETERMINÍSTICO (x=0.007554939917438643°, y=-0.013801719731985292°, max=2.0km):
   📍 Start Original:  (40.775644, -73.960687)
   🔒 Start Protegido: (40.783180, -73.974425) ✓ 1.44 km | ✓ MAP MATCHED
   📏 Deslocamento final: 1430.0 metros
   📍 End Original:    (40.773912, -73.961904)
   🔒 End Protegido:   (40.781328, -73.975963) ✓ 1.44 km | ✓ MAP MATCHED
   📏 Deslocamento final: 1444.4 metros

   📐 ANÁLISE DE DISTÂNCIA DO TRAJETO (HAVERSINE DOS PONTOS ARMAZENADOS):
   ✨ 252 pontos privados duplicados foram separados para garantir visualização 1:1.
   ℹ️  Dica: use --debug-map-matching para ver tentativas detalhadas de re-snap.
   🔢 Pontos unicos original/offset: 299/48 (Δ -251, -83.9% )
   📍 Trajeto original: 3.154 km (linha reta entre pontos GPS)
   🔒 Trajeto com offset: 3.432 km (linha reta entre pontos COM snap)
   📊 Diferença: +0.278 km (+8.8%)

======================================================================
📊 ESTATÍSTICAS FINAIS
======================================================================
Viagens processadas: 1
Distância total: 3.16 km
Combustível total: 49.98 l
CO2 real total: 115462.6 g
CO2 meta total: 608.0 g
Delta CO2: -114854.6 g
Valor E1 total: R$ -5.74

💰 Créditos: R$ 0.00
💸 Débitos: R$ 5.74
📈 Saldo líquido: R$ -5.74

🗺️  MAP MATCHING:
   Pontos processados: 300
   Snaps tentados: 300 (100.0%)
   Snaps bem-sucedidos: 300 (100.0%)
   Snaps forçados (>100m): 300 (100.0%)
   ✅ TODOS os pontos estão em ruas (FORCE_SNAP=True)
======================================================================

💾 Dados agregados salvos em: ../data/offset_batch/vehicles_step_sim_8/run_099.csv
[csv-worker_8] [vehicles_step_sim_8] ===== LOG RUN 099 FIM =====

[csv-worker_8] [vehicles_step_sim_8] ===== LOG RUN 100 INICIO =====
======================================================================
🚗 PROCESSAMENTO SUMO → E1 REGISTRY (OFFSET ALEATÓRIO - veh0)
======================================================================
📄 Entrada: ../data/vehicles_step_sim_8.csv
🏭 Consumo fabricante: 12.0 km/l
💰 Preço carbono: R$ 50.0/ton
⭕ Raio máximo do offset aleatório: 2.0 km
🎲 Offset gerado aleatoriamente:
   Ângulo: 41.8°
   Distância: 1.3430 km
   offset_x (lat): 0.008997°  |  offset_y (lon): 0.008038°
📊 Row stepping: Processando todas as linhas
🗺️  Map matching: ATIVADO (raio 1500m) - pontos snapped para ruas
📐 Cálculo de distância: HAVERSINE PURO dos pontos COM snap (consistência)
======================================================================

📊 Carregando dados SUMO...
   Total de registros no arquivo: 299
   Veículos únicos: 1
   🚙 Vehicle selecionado: carro_1000

🔄 Agregando viagens por vehicle_id...
  📐 SUMO_carro_1000: Calculando distâncias com Haversine direto (SEM routing API)
      Original: 337 pontos → 3.3706 km (Haversine)
      Offset:   337 pontos → 3.9643 km (Haversine)

🚙 Veículo: SUMO_carro_1000
   Modelo: HBEFA4/PC_petrol_Euro-6ab
   Segmentos: 337
   📏 Distância: 3.379 km (city: 3.069, highway: 0.310)
   ⛽ Combustível: 58.616 l
   🏭 CO2 real: 135402.3 g
   🎯 CO2 meta: 650.5 g
   📊 Delta: -134751.8 g
   💰 Valor E1: R$ -6.7376
   🧭 Tentativas map matching: 339

   🔑 OFFSET DETERMINÍSTICO (x=-0.008393888760049222°, y=0.010314403887616815°, max=2.0km):
   📍 Start Original:  (40.775644, -73.960687)
   🔒 Start Protegido: (40.767317, -73.950273) ✓ 1.28 km | ✓ MAP MATCHED
   📏 Deslocamento final: 1276.7 metros
   📍 End Original:    (40.774801, -73.960637)
   🔒 End Protegido:   (40.766533, -73.950742) ✓ 1.28 km | ✓ MAP MATCHED
   📏 Deslocamento final: 1242.2 metros

   📐 ANÁLISE DE DISTÂNCIA DO TRAJETO (HAVERSINE DOS PONTOS ARMAZENADOS):
   ✨ 280 pontos privados duplicados foram separados para garantir visualização 1:1.
   ℹ️  Dica: use --debug-map-matching para ver tentativas detalhadas de re-snap.
   🔢 Pontos unicos original/offset: 337/57 (Δ -280, -83.1% )
   📍 Trajeto original: 3.371 km (linha reta entre pontos GPS)
   🔒 Trajeto com offset: 3.964 km (linha reta entre pontos COM snap)
   📊 Diferença: +0.594 km (+17.6%)

======================================================================
📊 ESTATÍSTICAS FINAIS
======================================================================
Viagens processadas: 1
Distância total: 3.38 km
Combustível total: 58.62 l
CO2 real total: 135402.3 g
CO2 meta total: 650.5 g
Delta CO2: -134751.8 g
Valor E1 total: R$ -6.74

💰 Créditos: R$ 0.00
💸 Débitos: R$ 6.74
📈 Saldo líquido: R$ -6.74

🗺️  MAP MATCHING:
   Pontos processados: 337
   Snaps tentados: 337 (100.0%)
   Snaps bem-sucedidos: 337 (100.0%)
   Snaps forçados (>100m): 337 (100.0%)
   ✅ TODOS os pontos estão em ruas (FORCE_SNAP=True)
======================================================================

💾 Dados agregados salvos em: ../data/offset_batch/vehicles_step_sim_8/run_100.csv
[csv-worker_8] [vehicles_step_sim_8] ===== LOG RUN 100 FIM =====

FIM CSV: vehicles_step_sim_8
