
==========================================================================================
INICIO CSV: vehicles_step_sim_2 | runs=100 | source=vehicles_step_sim_2.csv
==========================================================================================

[csv-worker_2] [vehicles_step_sim_2] ===== LOG RUN 001 INICIO =====
======================================================================
🚗 PROCESSAMENTO SUMO → E1 REGISTRY (OFFSET ALEATÓRIO - veh0)
======================================================================
📄 Entrada: ../data/vehicles_step_sim_2.csv
🏭 Consumo fabricante: 12.0 km/l
💰 Preço carbono: R$ 50.0/ton
⭕ Raio máximo do offset aleatório: 2.0 km
🎲 Offset gerado aleatoriamente:
   Ângulo: 1.3°
   Distância: 1.8789 km
   offset_x (lat): 0.016874°  |  offset_y (lon): 0.000379°
📊 Row stepping: Processando todas as linhas
🗺️  Map matching: ATIVADO (raio 1500m) - pontos snapped para ruas
📐 Cálculo de distância: HAVERSINE PURO dos pontos COM snap (consistência)
======================================================================

📊 Carregando dados SUMO...

💾 Dados agregados salvos em: ../data/offset_batch/vehicles_step_sim_2/run_001.csv
[csv-worker_2] [vehicles_step_sim_2] ===== LOG RUN 001 FIM =====

[csv-worker_2] [vehicles_step_sim_2] ===== LOG RUN 002 INICIO =====
======================================================================
🚗 PROCESSAMENTO SUMO → E1 REGISTRY (OFFSET ALEATÓRIO - veh0)
======================================================================
📄 Entrada: ../data/vehicles_step_sim_2.csv
🏭 Consumo fabricante: 12.0 km/l
💰 Preço carbono: R$ 50.0/ton
⭕ Raio máximo do offset aleatório: 2.0 km
🎲 Offset gerado aleatoriamente:
   Ângulo: 341.5°
   Distância: 1.9875 km
   offset_x (lat): 0.016930°  |  offset_y (lon): -0.005667°
📊 Row stepping: Processando todas as linhas
🗺️  Map matching: ATIVADO (raio 1500m) - pontos snapped para ruas
📐 Cálculo de distância: HAVERSINE PURO dos pontos COM snap (consistência)
======================================================================

📊 Carregando dados SUMO...
   Total de registros no arquivo: 222
   Veículos únicos: 1
   🚙 Vehicle selecionado: carro_1000

🔄 Agregando viagens por vehicle_id...
  📐 SUMO_carro_1000: Calculando distâncias com Haversine direto (SEM routing API)
      Original: 312 pontos → 3.1845 km (Haversine)
      Offset:   312 pontos → 4.2152 km (Haversine)

🚙 Veículo: SUMO_carro_1000
   Modelo: HBEFA4/PC_petrol_Euro-6ab
   Segmentos: 312
   📏 Distância: 3.190 km (city: 2.602, highway: 0.587)
   ⛽ Combustível: 54.577 l
   🏭 CO2 real: 126071.8 g
   🎯 CO2 meta: 614.1 g
   📊 Delta: -125457.8 g
   💰 Valor E1: R$ -6.2729
   🧭 Tentativas map matching: 314

   🔑 OFFSET DETERMINÍSTICO (x=-0.000551847890928308°, y=0.010118029763250876°, max=2.0km):
   📍 Start Original:  (40.775644, -73.960687)
   🔒 Start Protegido: (40.774986, -73.950755) ✓ 0.86 km | ✓ MAP MATCHED
   📏 Deslocamento final: 840.5 metros
   📍 End Original:    (40.771637, -73.963520)
   🔒 End Protegido:   (40.770962, -73.953475) ✓ 0.86 km | ✓ MAP MATCHED
   📏 Deslocamento final: 850.2 metros

   📐 ANÁLISE DE DISTÂNCIA DO TRAJETO (HAVERSINE DOS PONTOS ARMAZENADOS):
   ✨ 265 pontos privados duplicados foram separados para garantir visualização 1:1.
   ℹ️  Dica: use --debug-map-matching para ver tentativas detalhadas de re-snap.
   🔢 Pontos unicos original/offset: 312/47 (Δ -265, -84.9% )
   📍 Trajeto original: 3.185 km (linha reta entre pontos GPS)
   🔒 Trajeto com offset: 4.215 km (linha reta entre pontos COM snap)
   📊 Diferença: +1.031 km (+32.4%)

======================================================================
📊 ESTATÍSTICAS FINAIS
======================================================================
Viagens processadas: 1
Distância total: 3.19 km
Combustível total: 54.58 l
CO2 real total: 126071.8 g
CO2 meta total: 614.1 g
Delta CO2: -125457.8 g
Valor E1 total: R$ -6.27

💰 Créditos: R$ 0.00
💸 Débitos: R$ 6.27
📈 Saldo líquido: R$ -6.27

🗺️  MAP MATCHING:
   Pontos processados: 312
   Snaps tentados: 312 (100.0%)
   Snaps bem-sucedidos: 312 (100.0%)
   Snaps forçados (>100m): 312 (100.0%)
   ✅ TODOS os pontos estão em ruas (FORCE_SNAP=True)
======================================================================

💾 Dados agregados salvos em: ../data/offset_batch/vehicles_step_sim_2/run_002.csv
[csv-worker_2] [vehicles_step_sim_2] ===== LOG RUN 002 FIM =====

[csv-worker_2] [vehicles_step_sim_2] ===== LOG RUN 003 INICIO =====
======================================================================
🚗 PROCESSAMENTO SUMO → E1 REGISTRY (OFFSET ALEATÓRIO - veh0)
======================================================================
📄 Entrada: ../data/vehicles_step_sim_2.csv
🏭 Consumo fabricante: 12.0 km/l
💰 Preço carbono: R$ 50.0/ton
⭕ Raio máximo do offset aleatório: 2.0 km
🎲 Offset gerado aleatoriamente:
   Ângulo: 117.8°
   Distância: 1.6300 km
   offset_x (lat): -0.006837°  |  offset_y (lon): 0.012948°
📊 Row stepping: Processando todas as linhas
🗺️  Map matching: ATIVADO (raio 1500m) - pontos snapped para ruas
📐 Cálculo de distância: HAVERSINE PURO dos pontos COM snap (consistência)
======================================================================

📊 Carregando dados SUMO...
   Total de registros no arquivo: 222
   Veículos únicos: 1
   🚙 Vehicle selecionado: carro_1000

🔄 Agregando viagens por vehicle_id...
  📐 SUMO_carro_1000: Calculando distâncias com Haversine direto (SEM routing API)
      Original: 131 pontos → 1.4055 km (Haversine)
      Offset:   131 pontos → 1.4882 km (Haversine)

🚙 Veículo: SUMO_carro_1000
   Modelo: HBEFA4/PC_petrol_Euro-6ab
   Segmentos: 131
   📏 Distância: 1.410 km (city: 1.410, highway: 0.000)
   ⛽ Combustível: 12.456 l
   🏭 CO2 real: 28774.3 g
   🎯 CO2 meta: 271.4 g
   📊 Delta: -28502.9 g
   💰 Valor E1: R$ -1.4251
   🧭 Tentativas map matching: 133

   🔑 OFFSET DETERMINÍSTICO (x=-0.013633374939168094°, y=0.004689909385353551°, max=2.0km):
   📍 Start Original:  (40.775644, -73.960687)
   🔒 Start Protegido: (40.761445, -73.955694) ✓ 1.57 km | ✓ MAP MATCHED
   📏 Deslocamento final: 1635.7 metros
   📍 End Original:    (40.772974, -73.962198)
   🔒 End Protegido:   (40.759637, -73.957859) ✓ 1.57 km | ✓ MAP MATCHED
   📏 Deslocamento final: 1529.1 metros

   📐 ANÁLISE DE DISTÂNCIA DO TRAJETO (HAVERSINE DOS PONTOS ARMAZENADOS):
   ✨ 108 pontos privados duplicados foram separados para garantir visualização 1:1.
   ℹ️  Dica: use --debug-map-matching para ver tentativas detalhadas de re-snap.
   🔢 Pontos unicos original/offset: 130/23 (Δ -107, -82.3% )
   📍 Trajeto original: 1.405 km (linha reta entre pontos GPS)
   🔒 Trajeto com offset: 1.488 km (linha reta entre pontos COM snap)
   📊 Diferença: +0.083 km (+5.9%)

======================================================================
📊 ESTATÍSTICAS FINAIS
======================================================================
Viagens processadas: 1
Distância total: 1.41 km
Combustível total: 12.46 l
CO2 real total: 28774.3 g
CO2 meta total: 271.4 g
Delta CO2: -28502.9 g
Valor E1 total: R$ -1.43

💰 Créditos: R$ 0.00
💸 Débitos: R$ 1.43
📈 Saldo líquido: R$ -1.43

🗺️  MAP MATCHING:
   Pontos processados: 131
   Snaps tentados: 131 (100.0%)
   Snaps bem-sucedidos: 131 (100.0%)
   Snaps forçados (>100m): 131 (100.0%)
   ✅ TODOS os pontos estão em ruas (FORCE_SNAP=True)
======================================================================

💾 Dados agregados salvos em: ../data/offset_batch/vehicles_step_sim_2/run_003.csv
[csv-worker_2] [vehicles_step_sim_2] ===== LOG RUN 003 FIM =====

[csv-worker_2] [vehicles_step_sim_2] ===== LOG RUN 004 INICIO =====
======================================================================
🚗 PROCESSAMENTO SUMO → E1 REGISTRY (OFFSET ALEATÓRIO - veh0)
======================================================================
📄 Entrada: ../data/vehicles_step_sim_2.csv
🏭 Consumo fabricante: 12.0 km/l
💰 Preço carbono: R$ 50.0/ton
⭕ Raio máximo do offset aleatório: 2.0 km
🎲 Offset gerado aleatoriamente:
   Ângulo: 148.9°
   Distância: 1.9900 km
   offset_x (lat): -0.015306°  |  offset_y (lon): 0.009234°
📊 Row stepping: Processando todas as linhas
🗺️  Map matching: ATIVADO (raio 1500m) - pontos snapped para ruas
📐 Cálculo de distância: HAVERSINE PURO dos pontos COM snap (consistência)
======================================================================

📊 Carregando dados SUMO...
   Total de registros no arquivo: 222
   Veículos únicos: 1
   🚙 Vehicle selecionado: carro_1000

🔄 Agregando viagens por vehicle_id...
  📐 SUMO_carro_1000: Calculando distâncias com Haversine direto (SEM routing API)
      Original: 131 pontos → 1.4055 km (Haversine)
      Offset:   131 pontos → 1.4585 km (Haversine)

🚙 Veículo: SUMO_carro_1000
   Modelo: HBEFA4/PC_petrol_Euro-6ab
   Segmentos: 131
   📏 Distância: 1.410 km (city: 1.410, highway: 0.000)
   ⛽ Combustível: 12.456 l
   🏭 CO2 real: 28774.3 g
   🎯 CO2 meta: 271.4 g
   📊 Delta: -28502.9 g
   💰 Valor E1: R$ -1.4251
   🧭 Tentativas map matching: 133

   🔑 OFFSET DETERMINÍSTICO (x=0.004258100527639781°, y=-0.0017288178455459337°, max=2.0km):
   📍 Start Original:  (40.775644, -73.960687)
   🔒 Start Protegido: (40.779642, -73.961792) ✓ 0.50 km | ✓ MAP MATCHED
   📏 Deslocamento final: 454.8 metros
   📍 End Original:    (40.772974, -73.962198)
   🔒 End Protegido:   (40.777122, -73.963992) ✓ 0.50 km | ✓ MAP MATCHED
   📏 Deslocamento final: 485.9 metros

   📐 ANÁLISE DE DISTÂNCIA DO TRAJETO (HAVERSINE DOS PONTOS ARMAZENADOS):
   ✨ 107 pontos privados duplicados foram separados para garantir visualização 1:1.
   ℹ️  Dica: use --debug-map-matching para ver tentativas detalhadas de re-snap.
   🔢 Pontos unicos original/offset: 130/24 (Δ -106, -81.5% )
   📍 Trajeto original: 1.405 km (linha reta entre pontos GPS)
   🔒 Trajeto com offset: 1.458 km (linha reta entre pontos COM snap)
   📊 Diferença: +0.053 km (+3.8%)

======================================================================
📊 ESTATÍSTICAS FINAIS
======================================================================
Viagens processadas: 1
Distância total: 1.41 km
Combustível total: 12.46 l
CO2 real total: 28774.3 g
CO2 meta total: 271.4 g
Delta CO2: -28502.9 g
Valor E1 total: R$ -1.43

💰 Créditos: R$ 0.00
💸 Débitos: R$ 1.43
📈 Saldo líquido: R$ -1.43

🗺️  MAP MATCHING:
   Pontos processados: 131
   Snaps tentados: 131 (100.0%)
   Snaps bem-sucedidos: 131 (100.0%)
   Snaps forçados (>100m): 131 (100.0%)
   ✅ TODOS os pontos estão em ruas (FORCE_SNAP=True)
======================================================================

💾 Dados agregados salvos em: ../data/offset_batch/vehicles_step_sim_2/run_004.csv
[csv-worker_2] [vehicles_step_sim_2] ===== LOG RUN 004 FIM =====

[csv-worker_2] [vehicles_step_sim_2] ===== LOG RUN 005 INICIO =====
======================================================================
🚗 PROCESSAMENTO SUMO → E1 REGISTRY (OFFSET ALEATÓRIO - veh0)
======================================================================
📄 Entrada: ../data/vehicles_step_sim_2.csv
🏭 Consumo fabricante: 12.0 km/l
💰 Preço carbono: R$ 50.0/ton
⭕ Raio máximo do offset aleatório: 2.0 km
🎲 Offset gerado aleatoriamente:
   Ângulo: 143.4°
   Distância: 1.4932 km
   offset_x (lat): -0.010775°  |  offset_y (lon): 0.007988°
📊 Row stepping: Processando todas as linhas
🗺️  Map matching: ATIVADO (raio 1500m) - pontos snapped para ruas
📐 Cálculo de distância: HAVERSINE PURO dos pontos COM snap (consistência)
======================================================================

📊 Carregando dados SUMO...
   Total de registros no arquivo: 222
   Veículos únicos: 1
   🚙 Vehicle selecionado: carro_1000

🔄 Agregando viagens por vehicle_id...
  📐 SUMO_carro_1000: Calculando distâncias com Haversine direto (SEM routing API)
      Original: 131 pontos → 1.4055 km (Haversine)
      Offset:   131 pontos → 1.5836 km (Haversine)

🚙 Veículo: SUMO_carro_1000
   Modelo: HBEFA4/PC_petrol_Euro-6ab
   Segmentos: 131
   📏 Distância: 1.410 km (city: 1.410, highway: 0.000)
   ⛽ Combustível: 12.456 l
   🏭 CO2 real: 28774.3 g
   🎯 CO2 meta: 271.4 g
   📊 Delta: -28502.9 g
   💰 Valor E1: R$ -1.4251
   🧭 Tentativas map matching: 133

   🔑 OFFSET DETERMINÍSTICO (x=0.003245686506928593°, y=-0.001245641375123618°, max=2.0km):
   📍 Start Original:  (40.775644, -73.960687)
   🔒 Start Protegido: (40.778913, -73.962222) ✓ 0.38 km | ✓ MAP MATCHED
   📏 Deslocamento final: 386.3 metros
   📍 End Original:    (40.772974, -73.962198)
   🔒 End Protegido:   (40.776275, -73.964137) ✓ 0.38 km | ✓ MAP MATCHED
   📏 Deslocamento final: 402.2 metros

   📐 ANÁLISE DE DISTÂNCIA DO TRAJETO (HAVERSINE DOS PONTOS ARMAZENADOS):
   ✨ 108 pontos privados duplicados foram separados para garantir visualização 1:1.
   ℹ️  Dica: use --debug-map-matching para ver tentativas detalhadas de re-snap.
   🔢 Pontos unicos original/offset: 130/23 (Δ -107, -82.3% )
   📍 Trajeto original: 1.405 km (linha reta entre pontos GPS)
   🔒 Trajeto com offset: 1.584 km (linha reta entre pontos COM snap)
   📊 Diferença: +0.178 km (+12.7%)

======================================================================
📊 ESTATÍSTICAS FINAIS
======================================================================
Viagens processadas: 1
Distância total: 1.41 km
Combustível total: 12.46 l
CO2 real total: 28774.3 g
CO2 meta total: 271.4 g
Delta CO2: -28502.9 g
Valor E1 total: R$ -1.43

💰 Créditos: R$ 0.00
💸 Débitos: R$ 1.43
📈 Saldo líquido: R$ -1.43

🗺️  MAP MATCHING:
   Pontos processados: 131
   Snaps tentados: 131 (100.0%)
   Snaps bem-sucedidos: 131 (100.0%)
   Snaps forçados (>100m): 131 (100.0%)
   ✅ TODOS os pontos estão em ruas (FORCE_SNAP=True)
======================================================================

💾 Dados agregados salvos em: ../data/offset_batch/vehicles_step_sim_2/run_005.csv
[csv-worker_2] [vehicles_step_sim_2] ===== LOG RUN 005 FIM =====

[csv-worker_2] [vehicles_step_sim_2] ===== LOG RUN 006 INICIO =====
======================================================================
🚗 PROCESSAMENTO SUMO → E1 REGISTRY (OFFSET ALEATÓRIO - veh0)
======================================================================
📄 Entrada: ../data/vehicles_step_sim_2.csv
🏭 Consumo fabricante: 12.0 km/l
💰 Preço carbono: R$ 50.0/ton
⭕ Raio máximo do offset aleatório: 2.0 km
🎲 Offset gerado aleatoriamente:
   Ângulo: 272.3°
   Distância: 1.3812 km
   offset_x (lat): 0.000498°  |  offset_y (lon): -0.012397°
📊 Row stepping: Processando todas as linhas
🗺️  Map matching: ATIVADO (raio 1500m) - pontos snapped para ruas
📐 Cálculo de distância: HAVERSINE PURO dos pontos COM snap (consistência)
======================================================================

📊 Carregando dados SUMO...
   Total de registros no arquivo: 222
   Veículos únicos: 1
   🚙 Vehicle selecionado: carro_1000

🔄 Agregando viagens por vehicle_id...
  📐 SUMO_carro_1000: Calculando distâncias com Haversine direto (SEM routing API)
      Original: 155 pontos → 1.4242 km (Haversine)
      Offset:   155 pontos → 2.0993 km (Haversine)

🚙 Veículo: SUMO_carro_1000
   Modelo: HBEFA4/PC_petrol_Euro-6ab
   Segmentos: 155
   📏 Distância: 1.424 km (city: 1.424, highway: 0.000)
   ⛽ Combustível: 10.127 l
   🏭 CO2 real: 23393.7 g
   🎯 CO2 meta: 274.2 g
   📊 Delta: -23119.5 g
   💰 Valor E1: R$ -1.1560
   🧭 Tentativas map matching: 157

   🔑 OFFSET DETERMINÍSTICO (x=0.009585633015832835°, y=-0.0147847564308067°, max=2.0km):
   📍 Start Original:  (40.775644, -73.960687)
   🔒 Start Protegido: (40.785684, -73.976321) ✓ 1.64 km | ✓ MAP MATCHED
   📏 Deslocamento final: 1728.1 metros
   📍 End Original:    (40.775671, -73.960433)
   🔒 End Protegido:   (40.785862, -73.974777) ✓ 1.64 km | ✓ MAP MATCHED
   📏 Deslocamento final: 1658.0 metros

   📐 ANÁLISE DE DISTÂNCIA DO TRAJETO (HAVERSINE DOS PONTOS ARMAZENADOS):
   ✨ 135 pontos privados duplicados foram separados para garantir visualização 1:1.
   ℹ️  Dica: use --debug-map-matching para ver tentativas detalhadas de re-snap.
   🔢 Pontos unicos original/offset: 155/20 (Δ -135, -87.1% )
   📍 Trajeto original: 1.424 km (linha reta entre pontos GPS)
   🔒 Trajeto com offset: 2.099 km (linha reta entre pontos COM snap)
   📊 Diferença: +0.675 km (+47.4%)

======================================================================
📊 ESTATÍSTICAS FINAIS
======================================================================
Viagens processadas: 1
Distância total: 1.42 km
Combustível total: 10.13 l
CO2 real total: 23393.7 g
CO2 meta total: 274.2 g
Delta CO2: -23119.5 g
Valor E1 total: R$ -1.16

💰 Créditos: R$ 0.00
💸 Débitos: R$ 1.16
📈 Saldo líquido: R$ -1.16

🗺️  MAP MATCHING:
   Pontos processados: 155
   Snaps tentados: 155 (100.0%)
   Snaps bem-sucedidos: 155 (100.0%)
   Snaps forçados (>100m): 155 (100.0%)
   ✅ TODOS os pontos estão em ruas (FORCE_SNAP=True)
======================================================================

💾 Dados agregados salvos em: ../data/offset_batch/vehicles_step_sim_2/run_006.csv
[csv-worker_2] [vehicles_step_sim_2] ===== LOG RUN 006 FIM =====

[csv-worker_2] [vehicles_step_sim_2] ===== LOG RUN 007 INICIO =====
======================================================================
🚗 PROCESSAMENTO SUMO → E1 REGISTRY (OFFSET ALEATÓRIO - veh0)
======================================================================
📄 Entrada: ../data/vehicles_step_sim_2.csv
🏭 Consumo fabricante: 12.0 km/l
💰 Preço carbono: R$ 50.0/ton
⭕ Raio máximo do offset aleatório: 2.0 km
🎲 Offset gerado aleatoriamente:
   Ângulo: 8.8°
   Distância: 1.1977 km
   offset_x (lat): 0.010633°  |  offset_y (lon): 0.001641°
📊 Row stepping: Processando todas as linhas
🗺️  Map matching: ATIVADO (raio 1500m) - pontos snapped para ruas
📐 Cálculo de distância: HAVERSINE PURO dos pontos COM snap (consistência)
======================================================================

📊 Carregando dados SUMO...
   Total de registros no arquivo: 222
   Veículos únicos: 1
   🚙 Vehicle selecionado: carro_1000

🔄 Agregando viagens por vehicle_id...
  📐 SUMO_carro_1000: Calculando distâncias com Haversine direto (SEM routing API)
      Original: 131 pontos → 1.4055 km (Haversine)
      Offset:   131 pontos → 1.0431 km (Haversine)

🚙 Veículo: SUMO_carro_1000
   Modelo: HBEFA4/PC_petrol_Euro-6ab
   Segmentos: 131
   📏 Distância: 1.410 km (city: 1.410, highway: 0.000)
   ⛽ Combustível: 12.456 l
   🏭 CO2 real: 28774.3 g
   🎯 CO2 meta: 271.4 g
   📊 Delta: -28502.9 g
   💰 Valor E1: R$ -1.4251
   🧭 Tentativas map matching: 133

   🔑 OFFSET DETERMINÍSTICO (x=0.01599245359980653°, y=-0.005704571304666524°, max=2.0km):
   📍 Start Original:  (40.775644, -73.960687)
   🔒 Start Protegido: (40.791048, -73.965306) ✓ 1.84 km | ✓ MAP MATCHED
   📏 Deslocamento final: 1758.5 metros
   📍 End Original:    (40.772974, -73.962198)
   🔒 End Protegido:   (40.788547, -73.967136) ✓ 1.84 km | ✓ MAP MATCHED
   📏 Deslocamento final: 1782.9 metros

   📐 ANÁLISE DE DISTÂNCIA DO TRAJETO (HAVERSINE DOS PONTOS ARMAZENADOS):
   ✨ 111 pontos privados duplicados foram separados para garantir visualização 1:1.
   ℹ️  Dica: use --debug-map-matching para ver tentativas detalhadas de re-snap.
   🔢 Pontos unicos original/offset: 130/20 (Δ -110, -84.6% )
   📍 Trajeto original: 1.405 km (linha reta entre pontos GPS)
   🔒 Trajeto com offset: 1.043 km (linha reta entre pontos COM snap)
   📊 Diferença: -0.362 km (-25.8%)

======================================================================
📊 ESTATÍSTICAS FINAIS
======================================================================
Viagens processadas: 1
Distância total: 1.41 km
Combustível total: 12.46 l
CO2 real total: 28774.3 g
CO2 meta total: 271.4 g
Delta CO2: -28502.9 g
Valor E1 total: R$ -1.43

💰 Créditos: R$ 0.00
💸 Débitos: R$ 1.43
📈 Saldo líquido: R$ -1.43

🗺️  MAP MATCHING:
   Pontos processados: 131
   Snaps tentados: 131 (100.0%)
   Snaps bem-sucedidos: 131 (100.0%)
   Snaps forçados (>100m): 131 (100.0%)
   ✅ TODOS os pontos estão em ruas (FORCE_SNAP=True)
======================================================================

💾 Dados agregados salvos em: ../data/offset_batch/vehicles_step_sim_2/run_007.csv
[csv-worker_2] [vehicles_step_sim_2] ===== LOG RUN 007 FIM =====

[csv-worker_2] [vehicles_step_sim_2] ===== LOG RUN 008 INICIO =====
======================================================================
🚗 PROCESSAMENTO SUMO → E1 REGISTRY (OFFSET ALEATÓRIO - veh0)
======================================================================
📄 Entrada: ../data/vehicles_step_sim_2.csv
🏭 Consumo fabricante: 12.0 km/l
💰 Preço carbono: R$ 50.0/ton
⭕ Raio máximo do offset aleatório: 2.0 km
🎲 Offset gerado aleatoriamente:
   Ângulo: 111.8°
   Distância: 1.4310 km
   offset_x (lat): -0.004780°  |  offset_y (lon): 0.011933°
📊 Row stepping: Processando todas as linhas
🗺️  Map matching: ATIVADO (raio 1500m) - pontos snapped para ruas
📐 Cálculo de distância: HAVERSINE PURO dos pontos COM snap (consistência)
======================================================================

📊 Carregando dados SUMO...
   Total de registros no arquivo: 222
   Veículos únicos: 1
   🚙 Vehicle selecionado: carro_1000

🔄 Agregando viagens por vehicle_id...
  📐 SUMO_carro_1000: Calculando distâncias com Haversine direto (SEM routing API)
      Original: 324 pontos → 3.1629 km (Haversine)
      Offset:   324 pontos → 2.5432 km (Haversine)

🚙 Veículo: SUMO_carro_1000
   Modelo: HBEFA4/PC_petrol_Euro-6ab
   Segmentos: 324
   📏 Distância: 3.166 km (city: 3.024, highway: 0.142)
   ⛽ Combustível: 49.530 l
   🏭 CO2 real: 114414.1 g
   🎯 CO2 meta: 609.4 g
   📊 Delta: -113804.6 g
   💰 Valor E1: R$ -5.6902
   🧭 Tentativas map matching: 326

   🔑 OFFSET DETERMINÍSTICO (x=9.972174596482027e-05°, y=-0.006578787211812232°, max=2.0km):
   📍 Start Original:  (40.775644, -73.960687)
   🔒 Start Protegido: (40.774990, -73.965181) ✓ 0.55 km | ✓ MAP MATCHED
   📏 Deslocamento final: 385.8 metros
   📍 End Original:    (40.772251, -73.963071)
   🔒 End Protegido:   (40.771727, -73.967570) ✓ 0.55 km | ✓ MAP MATCHED
   📏 Deslocamento final: 383.8 metros

   📐 ANÁLISE DE DISTÂNCIA DO TRAJETO (HAVERSINE DOS PONTOS ARMAZENADOS):
   ✨ 284 pontos privados duplicados foram separados para garantir visualização 1:1.
   ℹ️  Dica: use --debug-map-matching para ver tentativas detalhadas de re-snap.
   🔢 Pontos unicos original/offset: 324/40 (Δ -284, -87.7% )
   📍 Trajeto original: 3.163 km (linha reta entre pontos GPS)
   🔒 Trajeto com offset: 2.543 km (linha reta entre pontos COM snap)
   📊 Diferença: -0.620 km (-19.6%)

======================================================================
📊 ESTATÍSTICAS FINAIS
======================================================================
Viagens processadas: 1
Distância total: 3.17 km
Combustível total: 49.53 l
CO2 real total: 114414.1 g
CO2 meta total: 609.4 g
Delta CO2: -113804.6 g
Valor E1 total: R$ -5.69

💰 Créditos: R$ 0.00
💸 Débitos: R$ 5.69
📈 Saldo líquido: R$ -5.69

🗺️  MAP MATCHING:
   Pontos processados: 324
   Snaps tentados: 324 (100.0%)
   Snaps bem-sucedidos: 324 (100.0%)
   Snaps forçados (>100m): 324 (100.0%)
   ✅ TODOS os pontos estão em ruas (FORCE_SNAP=True)
======================================================================

💾 Dados agregados salvos em: ../data/offset_batch/vehicles_step_sim_2/run_008.csv
[csv-worker_2] [vehicles_step_sim_2] ===== LOG RUN 008 FIM =====

[csv-worker_2] [vehicles_step_sim_2] ===== LOG RUN 009 INICIO =====
======================================================================
🚗 PROCESSAMENTO SUMO → E1 REGISTRY (OFFSET ALEATÓRIO - veh0)
======================================================================
📄 Entrada: ../data/vehicles_step_sim_2.csv
🏭 Consumo fabricante: 12.0 km/l
💰 Preço carbono: R$ 50.0/ton
⭕ Raio máximo do offset aleatório: 2.0 km
🎲 Offset gerado aleatoriamente:
   Ângulo: 126.1°
   Distância: 1.4964 km
   offset_x (lat): -0.007926°  |  offset_y (lon): 0.010857°
📊 Row stepping: Processando todas as linhas
🗺️  Map matching: ATIVADO (raio 1500m) - pontos snapped para ruas
📐 Cálculo de distância: HAVERSINE PURO dos pontos COM snap (consistência)
======================================================================

📊 Carregando dados SUMO...
   Total de registros no arquivo: 222
   Veículos únicos: 1
   🚙 Vehicle selecionado: carro_1000

🔄 Agregando viagens por vehicle_id...
  📐 SUMO_carro_1000: Calculando distâncias com Haversine direto (SEM routing API)
      Original: 155 pontos → 1.4242 km (Haversine)
      Offset:   155 pontos → 1.7685 km (Haversine)

🚙 Veículo: SUMO_carro_1000
   Modelo: HBEFA4/PC_petrol_Euro-6ab
   Segmentos: 155
   📏 Distância: 1.424 km (city: 1.424, highway: 0.000)
   ⛽ Combustível: 10.127 l
   🏭 CO2 real: 23393.7 g
   🎯 CO2 meta: 274.2 g
   📊 Delta: -23119.5 g
   💰 Valor E1: R$ -1.1560
   🧭 Tentativas map matching: 157

   🔑 OFFSET DETERMINÍSTICO (x=-0.006959759187493598°, y=-0.014776040610398332°, max=2.0km):
   📍 Start Original:  (40.775644, -73.960687)
   🔒 Start Protegido: (40.769654, -73.974366) ✓ 1.47 km | ✓ MAP MATCHED
   📏 Deslocamento final: 1332.0 metros
   📍 End Original:    (40.775671, -73.960433)
   🔒 End Protegido:   (40.769595, -73.974273) ✓ 1.47 km | ✓ MAP MATCHED
   📏 Deslocamento final: 1348.5 metros

   📐 ANÁLISE DE DISTÂNCIA DO TRAJETO (HAVERSINE DOS PONTOS ARMAZENADOS):
   ✨ 117 pontos privados duplicados foram separados para garantir visualização 1:1.
   ℹ️  Dica: use --debug-map-matching para ver tentativas detalhadas de re-snap.
   🔢 Pontos unicos original/offset: 155/38 (Δ -117, -75.5% )
   📍 Trajeto original: 1.424 km (linha reta entre pontos GPS)
   🔒 Trajeto com offset: 1.768 km (linha reta entre pontos COM snap)
   📊 Diferença: +0.344 km (+24.2%)

======================================================================
📊 ESTATÍSTICAS FINAIS
======================================================================
Viagens processadas: 1
Distância total: 1.42 km
Combustível total: 10.13 l
CO2 real total: 23393.7 g
CO2 meta total: 274.2 g
Delta CO2: -23119.5 g
Valor E1 total: R$ -1.16

💰 Créditos: R$ 0.00
💸 Débitos: R$ 1.16
📈 Saldo líquido: R$ -1.16

🗺️  MAP MATCHING:
   Pontos processados: 155
   Snaps tentados: 155 (100.0%)
   Snaps bem-sucedidos: 155 (100.0%)
   Snaps forçados (>100m): 155 (100.0%)
   ✅ TODOS os pontos estão em ruas (FORCE_SNAP=True)
======================================================================

💾 Dados agregados salvos em: ../data/offset_batch/vehicles_step_sim_2/run_009.csv
[csv-worker_2] [vehicles_step_sim_2] ===== LOG RUN 009 FIM =====

[csv-worker_2] [vehicles_step_sim_2] ===== LOG RUN 010 INICIO =====
======================================================================
🚗 PROCESSAMENTO SUMO → E1 REGISTRY (OFFSET ALEATÓRIO - veh0)
======================================================================
📄 Entrada: ../data/vehicles_step_sim_2.csv
🏭 Consumo fabricante: 12.0 km/l
💰 Preço carbono: R$ 50.0/ton
⭕ Raio máximo do offset aleatório: 2.0 km
🎲 Offset gerado aleatoriamente:
   Ângulo: 332.0°
   Distância: 1.8088 km
   offset_x (lat): 0.014343°  |  offset_y (lon): -0.007635°
📊 Row stepping: Processando todas as linhas
🗺️  Map matching: ATIVADO (raio 1500m) - pontos snapped para ruas
📐 Cálculo de distância: HAVERSINE PURO dos pontos COM snap (consistência)
======================================================================

📊 Carregando dados SUMO...
   Total de registros no arquivo: 222
   Veículos únicos: 1
   🚙 Vehicle selecionado: carro_1000

🔄 Agregando viagens por vehicle_id...
  📐 SUMO_carro_1000: Calculando distâncias com Haversine direto (SEM routing API)
      Original: 323 pontos → 2.9161 km (Haversine)
      Offset:   323 pontos → 3.0386 km (Haversine)

🚙 Veículo: SUMO_carro_1000
   Modelo: HBEFA4/PC_petrol_Euro-6ab
   Segmentos: 323
   📏 Distância: 2.926 km (city: 2.764, highway: 0.161)
   ⛽ Combustível: 54.094 l
   🏭 CO2 real: 124958.0 g
   🎯 CO2 meta: 563.2 g
   📊 Delta: -124394.9 g
   💰 Valor E1: R$ -6.2197
   🧭 Tentativas map matching: 325

   🔑 OFFSET DETERMINÍSTICO (x=-0.013445079215589526°, y=-0.0031057317195418606°, max=2.0km):
   📍 Start Original:  (40.775644, -73.960687)
   🔒 Start Protegido: (40.761919, -73.963562) ✓ 1.52 km | ✓ MAP MATCHED
   📏 Deslocamento final: 1546.9 metros
   📍 End Original:    (40.774046, -73.961617)
   🔒 End Protegido:   (40.760716, -73.964573) ✓ 1.52 km | ✓ MAP MATCHED
   📏 Deslocamento final: 1504.7 metros

   📐 ANÁLISE DE DISTÂNCIA DO TRAJETO (HAVERSINE DOS PONTOS ARMAZENADOS):
   ✨ 271 pontos privados duplicados foram separados para garantir visualização 1:1.
   ℹ️  Dica: use --debug-map-matching para ver tentativas detalhadas de re-snap.
   🔢 Pontos unicos original/offset: 320/52 (Δ -268, -83.8% )
   📍 Trajeto original: 2.916 km (linha reta entre pontos GPS)
   🔒 Trajeto com offset: 3.039 km (linha reta entre pontos COM snap)
   📊 Diferença: +0.123 km (+4.2%)

======================================================================
📊 ESTATÍSTICAS FINAIS
======================================================================
Viagens processadas: 1
Distância total: 2.93 km
Combustível total: 54.09 l
CO2 real total: 124958.0 g
CO2 meta total: 563.2 g
Delta CO2: -124394.9 g
Valor E1 total: R$ -6.22

💰 Créditos: R$ 0.00
💸 Débitos: R$ 6.22
📈 Saldo líquido: R$ -6.22

🗺️  MAP MATCHING:
   Pontos processados: 323
   Snaps tentados: 323 (100.0%)
   Snaps bem-sucedidos: 323 (100.0%)
   Snaps forçados (>100m): 323 (100.0%)
   ✅ TODOS os pontos estão em ruas (FORCE_SNAP=True)
======================================================================

💾 Dados agregados salvos em: ../data/offset_batch/vehicles_step_sim_2/run_010.csv
[csv-worker_2] [vehicles_step_sim_2] ===== LOG RUN 010 FIM =====

[csv-worker_2] [vehicles_step_sim_2] ===== LOG RUN 011 INICIO =====
======================================================================
🚗 PROCESSAMENTO SUMO → E1 REGISTRY (OFFSET ALEATÓRIO - veh0)
======================================================================
📄 Entrada: ../data/vehicles_step_sim_2.csv
🏭 Consumo fabricante: 12.0 km/l
💰 Preço carbono: R$ 50.0/ton
⭕ Raio máximo do offset aleatório: 2.0 km
🎲 Offset gerado aleatoriamente:
   Ângulo: 264.6°
   Distância: 1.8780 km
   offset_x (lat): -0.001573°  |  offset_y (lon): -0.016797°
📊 Row stepping: Processando todas as linhas
🗺️  Map matching: ATIVADO (raio 1500m) - pontos snapped para ruas
📐 Cálculo de distância: HAVERSINE PURO dos pontos COM snap (consistência)
======================================================================

📊 Carregando dados SUMO...
   Total de registros no arquivo: 222
   Veículos únicos: 1
   🚙 Vehicle selecionado: carro_1000

🔄 Agregando viagens por vehicle_id...
  📐 SUMO_carro_1000: Calculando distâncias com Haversine direto (SEM routing API)
      Original: 312 pontos → 3.1845 km (Haversine)
      Offset:   312 pontos → 3.5885 km (Haversine)

🚙 Veículo: SUMO_carro_1000
   Modelo: HBEFA4/PC_petrol_Euro-6ab
   Segmentos: 312
   📏 Distância: 3.190 km (city: 2.602, highway: 0.587)
   ⛽ Combustível: 54.577 l
   🏭 CO2 real: 126071.8 g
   🎯 CO2 meta: 614.1 g
   📊 Delta: -125457.8 g
   💰 Valor E1: R$ -6.2729
   🧭 Tentativas map matching: 314

   🔑 OFFSET DETERMINÍSTICO (x=-0.006264849282457448°, y=0.0023259900379918757°, max=2.0km):
   📍 Start Original:  (40.775644, -73.960687)
   🔒 Start Protegido: (40.769306, -73.958009) ✓ 0.72 km | ✓ MAP MATCHED
   📏 Deslocamento final: 740.8 metros
   📍 End Original:    (40.771637, -73.963520)
   🔒 End Protegido:   (40.765078, -73.961351) ✓ 0.72 km | ✓ MAP MATCHED
   📏 Deslocamento final: 752.6 metros

   📐 ANÁLISE DE DISTÂNCIA DO TRAJETO (HAVERSINE DOS PONTOS ARMAZENADOS):
   ✨ 263 pontos privados duplicados foram separados para garantir visualização 1:1.
   ℹ️  Dica: use --debug-map-matching para ver tentativas detalhadas de re-snap.
   🔢 Pontos unicos original/offset: 312/49 (Δ -263, -84.3% )
   📍 Trajeto original: 3.185 km (linha reta entre pontos GPS)
   🔒 Trajeto com offset: 3.589 km (linha reta entre pontos COM snap)
   📊 Diferença: +0.404 km (+12.7%)

======================================================================
📊 ESTATÍSTICAS FINAIS
======================================================================
Viagens processadas: 1
Distância total: 3.19 km
Combustível total: 54.58 l
CO2 real total: 126071.8 g
CO2 meta total: 614.1 g
Delta CO2: -125457.8 g
Valor E1 total: R$ -6.27

💰 Créditos: R$ 0.00
💸 Débitos: R$ 6.27
📈 Saldo líquido: R$ -6.27

🗺️  MAP MATCHING:
   Pontos processados: 312
   Snaps tentados: 312 (100.0%)
   Snaps bem-sucedidos: 312 (100.0%)
   Snaps forçados (>100m): 312 (100.0%)
   ✅ TODOS os pontos estão em ruas (FORCE_SNAP=True)
======================================================================

💾 Dados agregados salvos em: ../data/offset_batch/vehicles_step_sim_2/run_011.csv
[csv-worker_2] [vehicles_step_sim_2] ===== LOG RUN 011 FIM =====

[csv-worker_2] [vehicles_step_sim_2] ===== LOG RUN 012 INICIO =====
======================================================================
🚗 PROCESSAMENTO SUMO → E1 REGISTRY (OFFSET ALEATÓRIO - veh0)
======================================================================
📄 Entrada: ../data/vehicles_step_sim_2.csv
🏭 Consumo fabricante: 12.0 km/l
💰 Preço carbono: R$ 50.0/ton
⭕ Raio máximo do offset aleatório: 2.0 km
🎲 Offset gerado aleatoriamente:
   Ângulo: 34.7°
   Distância: 0.6725 km
   offset_x (lat): 0.004964°  |  offset_y (lon): 0.003443°
📊 Row stepping: Processando todas as linhas
🗺️  Map matching: ATIVADO (raio 1500m) - pontos snapped para ruas
📐 Cálculo de distância: HAVERSINE PURO dos pontos COM snap (consistência)
======================================================================

📊 Carregando dados SUMO...
   Total de registros no arquivo: 222
   Veículos únicos: 1
   🚙 Vehicle selecionado: carro_1000

🔄 Agregando viagens por vehicle_id...
  📐 SUMO_carro_1000: Calculando distâncias com Haversine direto (SEM routing API)
      Original: 324 pontos → 3.1629 km (Haversine)
      Offset:   324 pontos → 3.3994 km (Haversine)

🚙 Veículo: SUMO_carro_1000
   Modelo: HBEFA4/PC_petrol_Euro-6ab
   Segmentos: 324
   📏 Distância: 3.166 km (city: 3.024, highway: 0.142)
   ⛽ Combustível: 49.530 l
   🏭 CO2 real: 114414.1 g
   🎯 CO2 meta: 609.4 g
   📊 Delta: -113804.6 g
   💰 Valor E1: R$ -5.6902
   🧭 Tentativas map matching: 326

   🔑 OFFSET DETERMINÍSTICO (x=0.004711741000273884°, y=0.004950877939592175°, max=2.0km):
   📍 Start Original:  (40.775644, -73.960687)
   🔒 Start Protegido: (40.780217, -73.955196) ✓ 0.67 km | ✓ MAP MATCHED
   📏 Deslocamento final: 688.1 metros
   📍 End Original:    (40.772251, -73.963071)
   🔒 End Protegido:   (40.776960, -73.957575) ✓ 0.67 km | ✓ MAP MATCHED
   📏 Deslocamento final: 699.6 metros

   📐 ANÁLISE DE DISTÂNCIA DO TRAJETO (HAVERSINE DOS PONTOS ARMAZENADOS):
   ✨ 283 pontos privados duplicados foram separados para garantir visualização 1:1.
   ℹ️  Dica: use --debug-map-matching para ver tentativas detalhadas de re-snap.
   🔢 Pontos unicos original/offset: 324/41 (Δ -283, -87.3% )
   📍 Trajeto original: 3.163 km (linha reta entre pontos GPS)
   🔒 Trajeto com offset: 3.399 km (linha reta entre pontos COM snap)
   📊 Diferença: +0.236 km (+7.5%)

======================================================================
📊 ESTATÍSTICAS FINAIS
======================================================================
Viagens processadas: 1
Distância total: 3.17 km
Combustível total: 49.53 l
CO2 real total: 114414.1 g
CO2 meta total: 609.4 g
Delta CO2: -113804.6 g
Valor E1 total: R$ -5.69

💰 Créditos: R$ 0.00
💸 Débitos: R$ 5.69
📈 Saldo líquido: R$ -5.69

🗺️  MAP MATCHING:
   Pontos processados: 324
   Snaps tentados: 324 (100.0%)
   Snaps bem-sucedidos: 324 (100.0%)
   Snaps forçados (>100m): 324 (100.0%)
   ✅ TODOS os pontos estão em ruas (FORCE_SNAP=True)
======================================================================

💾 Dados agregados salvos em: ../data/offset_batch/vehicles_step_sim_2/run_012.csv
[csv-worker_2] [vehicles_step_sim_2] ===== LOG RUN 012 FIM =====

[csv-worker_2] [vehicles_step_sim_2] ===== LOG RUN 013 INICIO =====
======================================================================
🚗 PROCESSAMENTO SUMO → E1 REGISTRY (OFFSET ALEATÓRIO - veh0)
======================================================================
📄 Entrada: ../data/vehicles_step_sim_2.csv
🏭 Consumo fabricante: 12.0 km/l
💰 Preço carbono: R$ 50.0/ton
⭕ Raio máximo do offset aleatório: 2.0 km
🎲 Offset gerado aleatoriamente:
   Ângulo: 308.2°
   Distância: 1.5246 km
   offset_x (lat): 0.008471°  |  offset_y (lon): -0.010761°
📊 Row stepping: Processando todas as linhas
🗺️  Map matching: ATIVADO (raio 1500m) - pontos snapped para ruas
📐 Cálculo de distância: HAVERSINE PURO dos pontos COM snap (consistência)
======================================================================

📊 Carregando dados SUMO...
   Total de registros no arquivo: 222
   Veículos únicos: 1
   🚙 Vehicle selecionado: carro_1000

🔄 Agregando viagens por vehicle_id...
  📐 SUMO_carro_1000: Calculando distâncias com Haversine direto (SEM routing API)
      Original: 323 pontos → 2.9161 km (Haversine)
      Offset:   323 pontos → 3.1520 km (Haversine)

🚙 Veículo: SUMO_carro_1000
   Modelo: HBEFA4/PC_petrol_Euro-6ab
   Segmentos: 323
   📏 Distância: 2.926 km (city: 2.764, highway: 0.161)
   ⛽ Combustível: 54.094 l
   🏭 CO2 real: 124958.0 g
   🎯 CO2 meta: 563.2 g
   📊 Delta: -124394.9 g
   💰 Valor E1: R$ -6.2197
   🧭 Tentativas map matching: 325

   🔑 OFFSET DETERMINÍSTICO (x=0.009414409894475187°, y=-0.004433348769861196°, max=2.0km):
   📍 Start Original:  (40.775644, -73.960687)
   🔒 Start Protegido: (40.783844, -73.965537) ✓ 1.11 km | ✓ MAP MATCHED
   📏 Deslocamento final: 1000.3 metros
   📍 End Original:    (40.774046, -73.961617)
   🔒 End Protegido:   (40.783844, -73.965537) ✓ 1.11 km | ✓ MAP MATCHED
   📏 Deslocamento final: 1139.8 metros

   📐 ANÁLISE DE DISTÂNCIA DO TRAJETO (HAVERSINE DOS PONTOS ARMAZENADOS):
   ✨ 292 pontos privados duplicados foram separados para garantir visualização 1:1.
   ℹ️  Dica: use --debug-map-matching para ver tentativas detalhadas de re-snap.
   🔢 Pontos unicos original/offset: 320/31 (Δ -289, -90.3% )
   📍 Trajeto original: 2.916 km (linha reta entre pontos GPS)
   🔒 Trajeto com offset: 3.152 km (linha reta entre pontos COM snap)
   📊 Diferença: +0.236 km (+8.1%)

======================================================================
📊 ESTATÍSTICAS FINAIS
======================================================================
Viagens processadas: 1
Distância total: 2.93 km
Combustível total: 54.09 l
CO2 real total: 124958.0 g
CO2 meta total: 563.2 g
Delta CO2: -124394.9 g
Valor E1 total: R$ -6.22

💰 Créditos: R$ 0.00
💸 Débitos: R$ 6.22
📈 Saldo líquido: R$ -6.22

🗺️  MAP MATCHING:
   Pontos processados: 323
   Snaps tentados: 323 (100.0%)
   Snaps bem-sucedidos: 323 (100.0%)
   Snaps forçados (>100m): 323 (100.0%)
   ✅ TODOS os pontos estão em ruas (FORCE_SNAP=True)
======================================================================

💾 Dados agregados salvos em: ../data/offset_batch/vehicles_step_sim_2/run_013.csv
[csv-worker_2] [vehicles_step_sim_2] ===== LOG RUN 013 FIM =====

[csv-worker_2] [vehicles_step_sim_2] ===== LOG RUN 014 INICIO =====
======================================================================
🚗 PROCESSAMENTO SUMO → E1 REGISTRY (OFFSET ALEATÓRIO - veh0)
======================================================================
📄 Entrada: ../data/vehicles_step_sim_2.csv
🏭 Consumo fabricante: 12.0 km/l
💰 Preço carbono: R$ 50.0/ton
⭕ Raio máximo do offset aleatório: 2.0 km
🎲 Offset gerado aleatoriamente:
   Ângulo: 167.1°
   Distância: 1.4323 km
   offset_x (lat): -0.012542°  |  offset_y (lon): 0.002872°
📊 Row stepping: Processando todas as linhas
🗺️  Map matching: ATIVADO (raio 1500m) - pontos snapped para ruas
📐 Cálculo de distância: HAVERSINE PURO dos pontos COM snap (consistência)
======================================================================

📊 Carregando dados SUMO...
   Total de registros no arquivo: 222
   Veículos únicos: 1
   🚙 Vehicle selecionado: carro_1000

🔄 Agregando viagens por vehicle_id...
  📐 SUMO_carro_1000: Calculando distâncias com Haversine direto (SEM routing API)
      Original: 155 pontos → 1.4242 km (Haversine)
      Offset:   155 pontos → 1.5734 km (Haversine)

🚙 Veículo: SUMO_carro_1000
   Modelo: HBEFA4/PC_petrol_Euro-6ab
   Segmentos: 155
   📏 Distância: 1.424 km (city: 1.424, highway: 0.000)
   ⛽ Combustível: 10.127 l
   🏭 CO2 real: 23393.7 g
   🎯 CO2 meta: 274.2 g
   📊 Delta: -23119.5 g
   💰 Valor E1: R$ -1.1560
   🧭 Tentativas map matching: 157

   🔑 OFFSET DETERMINÍSTICO (x=-0.01292203397281448°, y=-0.0065995512575336935°, max=2.0km):
   📍 Start Original:  (40.775644, -73.960687)
   🔒 Start Protegido: (40.762802, -73.967552) ✓ 1.54 km | ✓ MAP MATCHED
   📏 Deslocamento final: 1542.2 metros
   📍 End Original:    (40.775671, -73.960433)
   🔒 End Protegido:   (40.762577, -73.967025) ✓ 1.54 km | ✓ MAP MATCHED
   📏 Deslocamento final: 1559.9 metros

   📐 ANÁLISE DE DISTÂNCIA DO TRAJETO (HAVERSINE DOS PONTOS ARMAZENADOS):
   ✨ 114 pontos privados duplicados foram separados para garantir visualização 1:1.
   ℹ️  Dica: use --debug-map-matching para ver tentativas detalhadas de re-snap.
   🔢 Pontos unicos original/offset: 155/41 (Δ -114, -73.5% )
   📍 Trajeto original: 1.424 km (linha reta entre pontos GPS)
   🔒 Trajeto com offset: 1.573 km (linha reta entre pontos COM snap)
   📊 Diferença: +0.149 km (+10.5%)

======================================================================
📊 ESTATÍSTICAS FINAIS
======================================================================
Viagens processadas: 1
Distância total: 1.42 km
Combustível total: 10.13 l
CO2 real total: 23393.7 g
CO2 meta total: 274.2 g
Delta CO2: -23119.5 g
Valor E1 total: R$ -1.16

💰 Créditos: R$ 0.00
💸 Débitos: R$ 1.16
📈 Saldo líquido: R$ -1.16

🗺️  MAP MATCHING:
   Pontos processados: 155
   Snaps tentados: 155 (100.0%)
   Snaps bem-sucedidos: 155 (100.0%)
   Snaps forçados (>100m): 155 (100.0%)
   ✅ TODOS os pontos estão em ruas (FORCE_SNAP=True)
======================================================================

💾 Dados agregados salvos em: ../data/offset_batch/vehicles_step_sim_2/run_014.csv
[csv-worker_2] [vehicles_step_sim_2] ===== LOG RUN 014 FIM =====

[csv-worker_2] [vehicles_step_sim_2] ===== LOG RUN 015 INICIO =====
======================================================================
🚗 PROCESSAMENTO SUMO → E1 REGISTRY (OFFSET ALEATÓRIO - veh0)
======================================================================
📄 Entrada: ../data/vehicles_step_sim_2.csv
🏭 Consumo fabricante: 12.0 km/l
💰 Preço carbono: R$ 50.0/ton
⭕ Raio máximo do offset aleatório: 2.0 km
🎲 Offset gerado aleatoriamente:
   Ângulo: 281.1°
   Distância: 1.6437 km
   offset_x (lat): 0.002842°  |  offset_y (lon): -0.014489°
📊 Row stepping: Processando todas as linhas
🗺️  Map matching: ATIVADO (raio 1500m) - pontos snapped para ruas
📐 Cálculo de distância: HAVERSINE PURO dos pontos COM snap (consistência)
======================================================================

📊 Carregando dados SUMO...
   Total de registros no arquivo: 222
   Veículos únicos: 1
   🚙 Vehicle selecionado: carro_1000

🔄 Agregando viagens por vehicle_id...
  📐 SUMO_carro_1000: Calculando distâncias com Haversine direto (SEM routing API)
      Original: 131 pontos → 1.4055 km (Haversine)
      Offset:   131 pontos → 1.5615 km (Haversine)

🚙 Veículo: SUMO_carro_1000
   Modelo: HBEFA4/PC_petrol_Euro-6ab
   Segmentos: 131
   📏 Distância: 1.410 km (city: 1.410, highway: 0.000)
   ⛽ Combustível: 12.456 l
   🏭 CO2 real: 28774.3 g
   🎯 CO2 meta: 271.4 g
   📊 Delta: -28502.9 g
   💰 Valor E1: R$ -1.4251
   🧭 Tentativas map matching: 133

   🔑 OFFSET DETERMINÍSTICO (x=-0.0036576758580617293°, y=0.010935549361098971°, max=2.0km):
   📍 Start Original:  (40.775644, -73.960687)
   🔒 Start Protegido: (40.772020, -73.949805) ✓ 1.01 km | ✓ MAP MATCHED
   📏 Deslocamento final: 1002.1 metros
   📍 End Original:    (40.772974, -73.962198)
   🔒 End Protegido:   (40.769394, -73.951731) ✓ 1.01 km | ✓ MAP MATCHED
   📏 Deslocamento final: 968.3 metros

   📐 ANÁLISE DE DISTÂNCIA DO TRAJETO (HAVERSINE DOS PONTOS ARMAZENADOS):
   ✨ 104 pontos privados duplicados foram separados para garantir visualização 1:1.
   ℹ️  Dica: use --debug-map-matching para ver tentativas detalhadas de re-snap.
   🔢 Pontos unicos original/offset: 130/27 (Δ -103, -79.2% )
   📍 Trajeto original: 1.405 km (linha reta entre pontos GPS)
   🔒 Trajeto com offset: 1.562 km (linha reta entre pontos COM snap)
   📊 Diferença: +0.156 km (+11.1%)

======================================================================
📊 ESTATÍSTICAS FINAIS
======================================================================
Viagens processadas: 1
Distância total: 1.41 km
Combustível total: 12.46 l
CO2 real total: 28774.3 g
CO2 meta total: 271.4 g
Delta CO2: -28502.9 g
Valor E1 total: R$ -1.43

💰 Créditos: R$ 0.00
💸 Débitos: R$ 1.43
📈 Saldo líquido: R$ -1.43

🗺️  MAP MATCHING:
   Pontos processados: 131
   Snaps tentados: 131 (100.0%)
   Snaps bem-sucedidos: 131 (100.0%)
   Snaps forçados (>100m): 131 (100.0%)
   ✅ TODOS os pontos estão em ruas (FORCE_SNAP=True)
======================================================================

💾 Dados agregados salvos em: ../data/offset_batch/vehicles_step_sim_2/run_015.csv
[csv-worker_2] [vehicles_step_sim_2] ===== LOG RUN 015 FIM =====

[csv-worker_2] [vehicles_step_sim_2] ===== LOG RUN 016 INICIO =====
======================================================================
🚗 PROCESSAMENTO SUMO → E1 REGISTRY (OFFSET ALEATÓRIO - veh0)
======================================================================
📄 Entrada: ../data/vehicles_step_sim_2.csv
🏭 Consumo fabricante: 12.0 km/l
💰 Preço carbono: R$ 50.0/ton
⭕ Raio máximo do offset aleatório: 2.0 km
🎲 Offset gerado aleatoriamente:
   Ângulo: 190.9°
   Distância: 1.0584 km
   offset_x (lat): -0.009336°  |  offset_y (lon): -0.001798°
📊 Row stepping: Processando todas as linhas
🗺️  Map matching: ATIVADO (raio 1500m) - pontos snapped para ruas
📐 Cálculo de distância: HAVERSINE PURO dos pontos COM snap (consistência)
======================================================================

📊 Carregando dados SUMO...
   Total de registros no arquivo: 222
   Veículos únicos: 1
   🚙 Vehicle selecionado: carro_1000

🔄 Agregando viagens por vehicle_id...
  📐 SUMO_carro_1000: Calculando distâncias com Haversine direto (SEM routing API)
      Original: 131 pontos → 1.4055 km (Haversine)
      Offset:   131 pontos → 0.9553 km (Haversine)

🚙 Veículo: SUMO_carro_1000
   Modelo: HBEFA4/PC_petrol_Euro-6ab
   Segmentos: 131
   📏 Distância: 1.410 km (city: 1.410, highway: 0.000)
   ⛽ Combustível: 12.456 l
   🏭 CO2 real: 28774.3 g
   🎯 CO2 meta: 271.4 g
   📊 Delta: -28502.9 g
   💰 Valor E1: R$ -1.4251
   🧭 Tentativas map matching: 133

   🔑 OFFSET DETERMINÍSTICO (x=-0.0010543723321850935°, y=0.01625238666428379°, max=2.0km):
   📍 Start Original:  (40.775644, -73.960687)
   🔒 Start Protegido: (40.774849, -73.944844) ✓ 1.38 km | ✓ MAP MATCHED
   📏 Deslocamento final: 1338.5 metros
   📍 End Original:    (40.772974, -73.962198)
   🔒 End Protegido:   (40.771911, -73.945901) ✓ 1.38 km | ✓ MAP MATCHED
   📏 Deslocamento final: 1379.0 metros

   📐 ANÁLISE DE DISTÂNCIA DO TRAJETO (HAVERSINE DOS PONTOS ARMAZENADOS):
   ✨ 114 pontos privados duplicados foram separados para garantir visualização 1:1.
   ℹ️  Dica: use --debug-map-matching para ver tentativas detalhadas de re-snap.
   🔢 Pontos unicos original/offset: 130/17 (Δ -113, -86.9% )
   📍 Trajeto original: 1.405 km (linha reta entre pontos GPS)
   🔒 Trajeto com offset: 0.955 km (linha reta entre pontos COM snap)
   📊 Diferença: -0.450 km (-32.0%)

======================================================================
📊 ESTATÍSTICAS FINAIS
======================================================================
Viagens processadas: 1
Distância total: 1.41 km
Combustível total: 12.46 l
CO2 real total: 28774.3 g
CO2 meta total: 271.4 g
Delta CO2: -28502.9 g
Valor E1 total: R$ -1.43

💰 Créditos: R$ 0.00
💸 Débitos: R$ 1.43
📈 Saldo líquido: R$ -1.43

🗺️  MAP MATCHING:
   Pontos processados: 131
   Snaps tentados: 131 (100.0%)
   Snaps bem-sucedidos: 131 (100.0%)
   Snaps forçados (>100m): 131 (100.0%)
   ✅ TODOS os pontos estão em ruas (FORCE_SNAP=True)
======================================================================

💾 Dados agregados salvos em: ../data/offset_batch/vehicles_step_sim_2/run_016.csv
[csv-worker_2] [vehicles_step_sim_2] ===== LOG RUN 016 FIM =====

[csv-worker_2] [vehicles_step_sim_2] ===== LOG RUN 017 INICIO =====
======================================================================
🚗 PROCESSAMENTO SUMO → E1 REGISTRY (OFFSET ALEATÓRIO - veh0)
======================================================================
📄 Entrada: ../data/vehicles_step_sim_2.csv
🏭 Consumo fabricante: 12.0 km/l
💰 Preço carbono: R$ 50.0/ton
⭕ Raio máximo do offset aleatório: 2.0 km
🎲 Offset gerado aleatoriamente:
   Ângulo: 341.6°
   Distância: 1.8762 km
   offset_x (lat): 0.015995°  |  offset_y (lon): -0.005312°
📊 Row stepping: Processando todas as linhas
🗺️  Map matching: ATIVADO (raio 1500m) - pontos snapped para ruas
📐 Cálculo de distância: HAVERSINE PURO dos pontos COM snap (consistência)
======================================================================

📊 Carregando dados SUMO...
   Total de registros no arquivo: 222
   Veículos únicos: 1
   🚙 Vehicle selecionado: carro_1000

🔄 Agregando viagens por vehicle_id...
  📐 SUMO_carro_1000: Calculando distâncias com Haversine direto (SEM routing API)
      Original: 337 pontos → 3.3706 km (Haversine)
      Offset:   337 pontos → 4.0642 km (Haversine)

🚙 Veículo: SUMO_carro_1000
   Modelo: HBEFA4/PC_petrol_Euro-6ab
   Segmentos: 337
   📏 Distância: 3.379 km (city: 3.069, highway: 0.310)
   ⛽ Combustível: 58.616 l
   🏭 CO2 real: 135402.3 g
   🎯 CO2 meta: 650.5 g
   📊 Delta: -134751.8 g
   💰 Valor E1: R$ -6.7376
   🧭 Tentativas map matching: 339

   🔑 OFFSET DETERMINÍSTICO (x=0.005698157998246946°, y=-0.008480302673427248°, max=2.0km):
   📍 Start Original:  (40.775644, -73.960687)
   🔒 Start Protegido: (40.781566, -73.971395) ✓ 0.96 km | ✓ MAP MATCHED
   📏 Deslocamento final: 1117.8 metros
   📍 End Original:    (40.774801, -73.960637)
   🔒 End Protegido:   (40.779398, -73.969666) ✓ 0.96 km | ✓ MAP MATCHED
   📏 Deslocamento final: 917.1 metros

   📐 ANÁLISE DE DISTÂNCIA DO TRAJETO (HAVERSINE DOS PONTOS ARMAZENADOS):
   ✨ 304 pontos privados duplicados foram separados para garantir visualização 1:1.
   ℹ️  Dica: use --debug-map-matching para ver tentativas detalhadas de re-snap.
   🔢 Pontos unicos original/offset: 337/33 (Δ -304, -90.2% )
   📍 Trajeto original: 3.371 km (linha reta entre pontos GPS)
   🔒 Trajeto com offset: 4.064 km (linha reta entre pontos COM snap)
   📊 Diferença: +0.694 km (+20.6%)

======================================================================
📊 ESTATÍSTICAS FINAIS
======================================================================
Viagens processadas: 1
Distância total: 3.38 km
Combustível total: 58.62 l
CO2 real total: 135402.3 g
CO2 meta total: 650.5 g
Delta CO2: -134751.8 g
Valor E1 total: R$ -6.74

💰 Créditos: R$ 0.00
💸 Débitos: R$ 6.74
📈 Saldo líquido: R$ -6.74

🗺️  MAP MATCHING:
   Pontos processados: 337
   Snaps tentados: 337 (100.0%)
   Snaps bem-sucedidos: 337 (100.0%)
   Snaps forçados (>100m): 337 (100.0%)
   ✅ TODOS os pontos estão em ruas (FORCE_SNAP=True)
======================================================================

💾 Dados agregados salvos em: ../data/offset_batch/vehicles_step_sim_2/run_017.csv
[csv-worker_2] [vehicles_step_sim_2] ===== LOG RUN 017 FIM =====

[csv-worker_2] [vehicles_step_sim_2] ===== LOG RUN 018 INICIO =====
======================================================================
🚗 PROCESSAMENTO SUMO → E1 REGISTRY (OFFSET ALEATÓRIO - veh0)
======================================================================
📄 Entrada: ../data/vehicles_step_sim_2.csv
🏭 Consumo fabricante: 12.0 km/l
💰 Preço carbono: R$ 50.0/ton
⭕ Raio máximo do offset aleatório: 2.0 km
🎲 Offset gerado aleatoriamente:
   Ângulo: 303.9°
   Distância: 1.9294 km
   offset_x (lat): 0.009675°  |  offset_y (lon): -0.014380°
📊 Row stepping: Processando todas as linhas
🗺️  Map matching: ATIVADO (raio 1500m) - pontos snapped para ruas
📐 Cálculo de distância: HAVERSINE PURO dos pontos COM snap (consistência)
======================================================================

📊 Carregando dados SUMO...
   Total de registros no arquivo: 222
   Veículos únicos: 1
   🚙 Vehicle selecionado: carro_1000

🔄 Agregando viagens por vehicle_id...
  📐 SUMO_carro_1000: Calculando distâncias com Haversine direto (SEM routing API)
      Original: 312 pontos → 3.1845 km (Haversine)
      Offset:   312 pontos → 3.8546 km (Haversine)

🚙 Veículo: SUMO_carro_1000
   Modelo: HBEFA4/PC_petrol_Euro-6ab
   Segmentos: 312
   📏 Distância: 3.190 km (city: 2.602, highway: 0.587)
   ⛽ Combustível: 54.577 l
   🏭 CO2 real: 126071.8 g
   🎯 CO2 meta: 614.1 g
   📊 Delta: -125457.8 g
   💰 Valor E1: R$ -6.2729
   🧭 Tentativas map matching: 314

   🔑 OFFSET DETERMINÍSTICO (x=-0.007889706789786495°, y=-0.0018047172656532342°, max=2.0km):
   📍 Start Original:  (40.775644, -73.960687)
   🔒 Start Protegido: (40.768011, -73.962485) ✓ 0.89 km | ✓ MAP MATCHED
   📏 Deslocamento final: 863.1 metros
   📍 End Original:    (40.771637, -73.963520)
   🔒 End Protegido:   (40.763493, -73.965358) ✓ 0.89 km | ✓ MAP MATCHED
   📏 Deslocamento final: 919.7 metros

   📐 ANÁLISE DE DISTÂNCIA DO TRAJETO (HAVERSINE DOS PONTOS ARMAZENADOS):
   ✨ 261 pontos privados duplicados foram separados para garantir visualização 1:1.
   ℹ️  Dica: use --debug-map-matching para ver tentativas detalhadas de re-snap.
   🔢 Pontos unicos original/offset: 312/51 (Δ -261, -83.7% )
   📍 Trajeto original: 3.185 km (linha reta entre pontos GPS)
   🔒 Trajeto com offset: 3.855 km (linha reta entre pontos COM snap)
   📊 Diferença: +0.670 km (+21.0%)

======================================================================
📊 ESTATÍSTICAS FINAIS
======================================================================
Viagens processadas: 1
Distância total: 3.19 km
Combustível total: 54.58 l
CO2 real total: 126071.8 g
CO2 meta total: 614.1 g
Delta CO2: -125457.8 g
Valor E1 total: R$ -6.27

💰 Créditos: R$ 0.00
💸 Débitos: R$ 6.27
📈 Saldo líquido: R$ -6.27

🗺️  MAP MATCHING:
   Pontos processados: 312
   Snaps tentados: 312 (100.0%)
   Snaps bem-sucedidos: 312 (100.0%)
   Snaps forçados (>100m): 312 (100.0%)
   ✅ TODOS os pontos estão em ruas (FORCE_SNAP=True)
======================================================================

💾 Dados agregados salvos em: ../data/offset_batch/vehicles_step_sim_2/run_018.csv
[csv-worker_2] [vehicles_step_sim_2] ===== LOG RUN 018 FIM =====

[csv-worker_2] [vehicles_step_sim_2] ===== LOG RUN 019 INICIO =====
======================================================================
🚗 PROCESSAMENTO SUMO → E1 REGISTRY (OFFSET ALEATÓRIO - veh0)
======================================================================
📄 Entrada: ../data/vehicles_step_sim_2.csv
🏭 Consumo fabricante: 12.0 km/l
💰 Preço carbono: R$ 50.0/ton
⭕ Raio máximo do offset aleatório: 2.0 km
🎲 Offset gerado aleatoriamente:
   Ângulo: 280.6°
   Distância: 0.3293 km
   offset_x (lat): 0.000543°  |  offset_y (lon): -0.002908°
📊 Row stepping: Processando todas as linhas
🗺️  Map matching: ATIVADO (raio 1500m) - pontos snapped para ruas
📐 Cálculo de distância: HAVERSINE PURO dos pontos COM snap (consistência)
======================================================================

📊 Carregando dados SUMO...
   Total de registros no arquivo: 222
   Veículos únicos: 1
   🚙 Vehicle selecionado: carro_1000

🔄 Agregando viagens por vehicle_id...
  📐 SUMO_carro_1000: Calculando distâncias com Haversine direto (SEM routing API)
      Original: 299 pontos → 3.0526 km (Haversine)
      Offset:   299 pontos → 3.0851 km (Haversine)

🚙 Veículo: SUMO_carro_1000
   Modelo: HBEFA4/PC_petrol_Euro-6ab
   Segmentos: 299
   📏 Distância: 3.060 km (city: 3.060, highway: 0.000)
   ⛽ Combustível: 48.384 l
   🏭 CO2 real: 111766.0 g
   🎯 CO2 meta: 589.0 g
   📊 Delta: -111177.0 g
   💰 Valor E1: R$ -5.5588
   🧭 Tentativas map matching: 301

   🔑 OFFSET DETERMINÍSTICO (x=0.012596523616778007°, y=-0.007761364184791082°, max=2.0km):
   📍 Start Original:  (40.775644, -73.960687)
   🔒 Start Protegido: (40.787927, -73.967649) ✓ 1.55 km | ✓ MAP MATCHED
   📏 Deslocamento final: 1488.0 metros
   📍 End Original:    (40.774198, -73.961141)
   🔒 End Protegido:   (40.786658, -73.968520) ✓ 1.55 km | ✓ MAP MATCHED
   📏 Deslocamento final: 1520.1 metros

   📐 ANÁLISE DE DISTÂNCIA DO TRAJETO (HAVERSINE DOS PONTOS ARMAZENADOS):
   ✨ 266 pontos privados duplicados foram separados para garantir visualização 1:1.
   ℹ️  Dica: use --debug-map-matching para ver tentativas detalhadas de re-snap.
   🔢 Pontos unicos original/offset: 299/33 (Δ -266, -89.0% )
   📍 Trajeto original: 3.053 km (linha reta entre pontos GPS)
   🔒 Trajeto com offset: 3.085 km (linha reta entre pontos COM snap)
   📊 Diferença: +0.032 km (+1.1%)

======================================================================
📊 ESTATÍSTICAS FINAIS
======================================================================
Viagens processadas: 1
Distância total: 3.06 km
Combustível total: 48.38 l
CO2 real total: 111766.0 g
CO2 meta total: 589.0 g
Delta CO2: -111177.0 g
Valor E1 total: R$ -5.56

💰 Créditos: R$ 0.00
💸 Débitos: R$ 5.56
📈 Saldo líquido: R$ -5.56

🗺️  MAP MATCHING:
   Pontos processados: 299
   Snaps tentados: 299 (100.0%)
   Snaps bem-sucedidos: 299 (100.0%)
   Snaps forçados (>100m): 299 (100.0%)
   ✅ TODOS os pontos estão em ruas (FORCE_SNAP=True)
======================================================================

💾 Dados agregados salvos em: ../data/offset_batch/vehicles_step_sim_2/run_019.csv
[csv-worker_2] [vehicles_step_sim_2] ===== LOG RUN 019 FIM =====

[csv-worker_2] [vehicles_step_sim_2] ===== LOG RUN 020 INICIO =====
======================================================================
🚗 PROCESSAMENTO SUMO → E1 REGISTRY (OFFSET ALEATÓRIO - veh0)
======================================================================
📄 Entrada: ../data/vehicles_step_sim_2.csv
🏭 Consumo fabricante: 12.0 km/l
💰 Preço carbono: R$ 50.0/ton
⭕ Raio máximo do offset aleatório: 2.0 km
🎲 Offset gerado aleatoriamente:
   Ângulo: 357.2°
   Distância: 1.9513 km
   offset_x (lat): 0.017508°  |  offset_y (lon): -0.000853°
📊 Row stepping: Processando todas as linhas
🗺️  Map matching: ATIVADO (raio 1500m) - pontos snapped para ruas
📐 Cálculo de distância: HAVERSINE PURO dos pontos COM snap (consistência)
======================================================================

📊 Carregando dados SUMO...
   Total de registros no arquivo: 222
   Veículos únicos: 1
   🚙 Vehicle selecionado: carro_1000

🔄 Agregando viagens por vehicle_id...
  📐 SUMO_carro_1000: Calculando distâncias com Haversine direto (SEM routing API)
      Original: 155 pontos → 1.4242 km (Haversine)
      Offset:   155 pontos → 1.7571 km (Haversine)

🚙 Veículo: SUMO_carro_1000
   Modelo: HBEFA4/PC_petrol_Euro-6ab
   Segmentos: 155
   📏 Distância: 1.424 km (city: 1.424, highway: 0.000)
   ⛽ Combustível: 10.127 l
   🏭 CO2 real: 23393.7 g
   🎯 CO2 meta: 274.2 g
   📊 Delta: -23119.5 g
   💰 Valor E1: R$ -1.1560
   🧭 Tentativas map matching: 157

   🔑 OFFSET DETERMINÍSTICO (x=-0.016220412862398625°, y=0.00671472229993866°, max=2.0km):
   📍 Start Original:  (40.775644, -73.960687)
   🔒 Start Protegido: (40.759130, -73.953560) ✓ 1.89 km | ✓ MAP MATCHED
   📏 Deslocamento final: 1933.9 metros
   📍 End Original:    (40.775671, -73.960433)
   🔒 End Protegido:   (40.759329, -73.953410) ✓ 1.89 km | ✓ MAP MATCHED
   📏 Deslocamento final: 1913.2 metros

   📐 ANÁLISE DE DISTÂNCIA DO TRAJETO (HAVERSINE DOS PONTOS ARMAZENADOS):
   ✨ 107 pontos privados duplicados foram separados para garantir visualização 1:1.
   ℹ️  Dica: use --debug-map-matching para ver tentativas detalhadas de re-snap.
   🔢 Pontos unicos original/offset: 155/48 (Δ -107, -69.0% )
   📍 Trajeto original: 1.424 km (linha reta entre pontos GPS)
   🔒 Trajeto com offset: 1.757 km (linha reta entre pontos COM snap)
   📊 Diferença: +0.333 km (+23.4%)

======================================================================
📊 ESTATÍSTICAS FINAIS
======================================================================
Viagens processadas: 1
Distância total: 1.42 km
Combustível total: 10.13 l
CO2 real total: 23393.7 g
CO2 meta total: 274.2 g
Delta CO2: -23119.5 g
Valor E1 total: R$ -1.16

💰 Créditos: R$ 0.00
💸 Débitos: R$ 1.16
📈 Saldo líquido: R$ -1.16

🗺️  MAP MATCHING:
   Pontos processados: 155
   Snaps tentados: 155 (100.0%)
   Snaps bem-sucedidos: 155 (100.0%)
   Snaps forçados (>100m): 155 (100.0%)
   ✅ TODOS os pontos estão em ruas (FORCE_SNAP=True)
======================================================================

💾 Dados agregados salvos em: ../data/offset_batch/vehicles_step_sim_2/run_020.csv
[csv-worker_2] [vehicles_step_sim_2] ===== LOG RUN 020 FIM =====

[csv-worker_2] [vehicles_step_sim_2] ===== LOG RUN 021 INICIO =====
======================================================================
🚗 PROCESSAMENTO SUMO → E1 REGISTRY (OFFSET ALEATÓRIO - veh0)
======================================================================
📄 Entrada: ../data/vehicles_step_sim_2.csv
🏭 Consumo fabricante: 12.0 km/l
💰 Preço carbono: R$ 50.0/ton
⭕ Raio máximo do offset aleatório: 2.0 km
🎲 Offset gerado aleatoriamente:
   Ângulo: 258.7°
   Distância: 1.9910 km
   offset_x (lat): -0.003500°  |  offset_y (lon): -0.017540°
📊 Row stepping: Processando todas as linhas
🗺️  Map matching: ATIVADO (raio 1500m) - pontos snapped para ruas
📐 Cálculo de distância: HAVERSINE PURO dos pontos COM snap (consistência)
======================================================================

📊 Carregando dados SUMO...
   Total de registros no arquivo: 222
   Veículos únicos: 1
   🚙 Vehicle selecionado: carro_1000

🔄 Agregando viagens por vehicle_id...
  📐 SUMO_carro_1000: Calculando distâncias com Haversine direto (SEM routing API)
      Original: 323 pontos → 2.9161 km (Haversine)
      Offset:   323 pontos → 2.1633 km (Haversine)

🚙 Veículo: SUMO_carro_1000
   Modelo: HBEFA4/PC_petrol_Euro-6ab
   Segmentos: 323
   📏 Distância: 2.926 km (city: 2.764, highway: 0.161)
   ⛽ Combustível: 54.094 l
   🏭 CO2 real: 124958.0 g
   🎯 CO2 meta: 563.2 g
   📊 Delta: -124394.9 g
   💰 Valor E1: R$ -6.2197
   🧭 Tentativas map matching: 325

   🔑 OFFSET DETERMINÍSTICO (x=-0.011925827585866073°, y=0.012683885039751082°, max=2.0km):
   📍 Start Original:  (40.775644, -73.960687)
   🔒 Start Protegido: (40.763735, -73.948050) ✓ 1.70 km | ✓ MAP MATCHED
   📏 Deslocamento final: 1700.6 metros
   📍 End Original:    (40.774046, -73.961617)
   🔒 End Protegido:   (40.762356, -73.949488) ✓ 1.70 km | ✓ MAP MATCHED
   📏 Deslocamento final: 1654.9 metros

   📐 ANÁLISE DE DISTÂNCIA DO TRAJETO (HAVERSINE DOS PONTOS ARMAZENADOS):
   ✨ 275 pontos privados duplicados foram separados para garantir visualização 1:1.
   ℹ️  Dica: use --debug-map-matching para ver tentativas detalhadas de re-snap.
   🔢 Pontos unicos original/offset: 320/48 (Δ -272, -85.0% )
   📍 Trajeto original: 2.916 km (linha reta entre pontos GPS)
   🔒 Trajeto com offset: 2.163 km (linha reta entre pontos COM snap)
   📊 Diferença: -0.753 km (-25.8%)

======================================================================
📊 ESTATÍSTICAS FINAIS
======================================================================
Viagens processadas: 1
Distância total: 2.93 km
Combustível total: 54.09 l
CO2 real total: 124958.0 g
CO2 meta total: 563.2 g
Delta CO2: -124394.9 g
Valor E1 total: R$ -6.22

💰 Créditos: R$ 0.00
💸 Débitos: R$ 6.22
📈 Saldo líquido: R$ -6.22

🗺️  MAP MATCHING:
   Pontos processados: 323
   Snaps tentados: 323 (100.0%)
   Snaps bem-sucedidos: 323 (100.0%)
   Snaps forçados (>100m): 323 (100.0%)
   ✅ TODOS os pontos estão em ruas (FORCE_SNAP=True)
======================================================================

💾 Dados agregados salvos em: ../data/offset_batch/vehicles_step_sim_2/run_021.csv
[csv-worker_2] [vehicles_step_sim_2] ===== LOG RUN 021 FIM =====

[csv-worker_2] [vehicles_step_sim_2] ===== LOG RUN 022 INICIO =====
======================================================================
🚗 PROCESSAMENTO SUMO → E1 REGISTRY (OFFSET ALEATÓRIO - veh0)
======================================================================
📄 Entrada: ../data/vehicles_step_sim_2.csv
🏭 Consumo fabricante: 12.0 km/l
💰 Preço carbono: R$ 50.0/ton
⭕ Raio máximo do offset aleatório: 2.0 km
🎲 Offset gerado aleatoriamente:
   Ângulo: 323.3°
   Distância: 1.6333 km
   offset_x (lat): 0.011763°  |  offset_y (lon): -0.008769°
📊 Row stepping: Processando todas as linhas
🗺️  Map matching: ATIVADO (raio 1500m) - pontos snapped para ruas
📐 Cálculo de distância: HAVERSINE PURO dos pontos COM snap (consistência)
======================================================================

📊 Carregando dados SUMO...
   Total de registros no arquivo: 222
   Veículos únicos: 1
   🚙 Vehicle selecionado: carro_1000

🔄 Agregando viagens por vehicle_id...
  📐 SUMO_carro_1000: Calculando distâncias com Haversine direto (SEM routing API)
      Original: 155 pontos → 1.4242 km (Haversine)
      Offset:   155 pontos → 2.7403 km (Haversine)

🚙 Veículo: SUMO_carro_1000
   Modelo: HBEFA4/PC_petrol_Euro-6ab
   Segmentos: 155
   📏 Distância: 1.424 km (city: 1.424, highway: 0.000)
   ⛽ Combustível: 10.127 l
   🏭 CO2 real: 23393.7 g
   🎯 CO2 meta: 274.2 g
   📊 Delta: -23119.5 g
   💰 Valor E1: R$ -1.1560
   🧭 Tentativas map matching: 157

   🔑 OFFSET DETERMINÍSTICO (x=0.01200398113608295°, y=-0.002316850071847826°, max=2.0km):
   📍 Start Original:  (40.775644, -73.960687)
   🔒 Start Protegido: (40.789122, -73.966563) ✓ 1.35 km | ✓ MAP MATCHED
   📏 Deslocamento final: 1580.0 metros
   📍 End Original:    (40.775671, -73.960433)
   🔒 End Protegido:   (40.789173, -73.966526) ✓ 1.35 km | ✓ MAP MATCHED
   📏 Deslocamento final: 1588.4 metros

   📐 ANÁLISE DE DISTÂNCIA DO TRAJETO (HAVERSINE DOS PONTOS ARMAZENADOS):
   ✨ 108 pontos privados duplicados foram separados para garantir visualização 1:1.
   ℹ️  Dica: use --debug-map-matching para ver tentativas detalhadas de re-snap.
   🔢 Pontos unicos original/offset: 155/47 (Δ -108, -69.7% )
   📍 Trajeto original: 1.424 km (linha reta entre pontos GPS)
   🔒 Trajeto com offset: 2.740 km (linha reta entre pontos COM snap)
   📊 Diferença: +1.316 km (+92.4%)

======================================================================
📊 ESTATÍSTICAS FINAIS
======================================================================
Viagens processadas: 1
Distância total: 1.42 km
Combustível total: 10.13 l
CO2 real total: 23393.7 g
CO2 meta total: 274.2 g
Delta CO2: -23119.5 g
Valor E1 total: R$ -1.16

💰 Créditos: R$ 0.00
💸 Débitos: R$ 1.16
📈 Saldo líquido: R$ -1.16

🗺️  MAP MATCHING:
   Pontos processados: 155
   Snaps tentados: 155 (100.0%)
   Snaps bem-sucedidos: 155 (100.0%)
   Snaps forçados (>100m): 155 (100.0%)
   ✅ TODOS os pontos estão em ruas (FORCE_SNAP=True)
======================================================================

💾 Dados agregados salvos em: ../data/offset_batch/vehicles_step_sim_2/run_022.csv
[csv-worker_2] [vehicles_step_sim_2] ===== LOG RUN 022 FIM =====

[csv-worker_2] [vehicles_step_sim_2] ===== LOG RUN 023 INICIO =====
======================================================================
🚗 PROCESSAMENTO SUMO → E1 REGISTRY (OFFSET ALEATÓRIO - veh0)
======================================================================
📄 Entrada: ../data/vehicles_step_sim_2.csv
🏭 Consumo fabricante: 12.0 km/l
💰 Preço carbono: R$ 50.0/ton
⭕ Raio máximo do offset aleatório: 2.0 km
🎲 Offset gerado aleatoriamente:
   Ângulo: 31.3°
   Distância: 1.5499 km
   offset_x (lat): 0.011893°  |  offset_y (lon): 0.007240°
📊 Row stepping: Processando todas as linhas
🗺️  Map matching: ATIVADO (raio 1500m) - pontos snapped para ruas
📐 Cálculo de distância: HAVERSINE PURO dos pontos COM snap (consistência)
======================================================================

📊 Carregando dados SUMO...
   Total de registros no arquivo: 222
   Veículos únicos: 1
   🚙 Vehicle selecionado: carro_1000

🔄 Agregando viagens por vehicle_id...
  📐 SUMO_carro_1000: Calculando distâncias com Haversine direto (SEM routing API)
      Original: 299 pontos → 3.0526 km (Haversine)
      Offset:   299 pontos → 8.4012 km (Haversine)

🚙 Veículo: SUMO_carro_1000
   Modelo: HBEFA4/PC_petrol_Euro-6ab
   Segmentos: 299
   📏 Distância: 3.060 km (city: 3.060, highway: 0.000)
   ⛽ Combustível: 48.384 l
   🏭 CO2 real: 111766.0 g
   🎯 CO2 meta: 589.0 g
   📊 Delta: -111177.0 g
   💰 Valor E1: R$ -5.5588
   🧭 Tentativas map matching: 301

   🔑 OFFSET DETERMINÍSTICO (x=0.014183216902492354°, y=-0.0031019091701155353°, max=2.0km):
   📍 Start Original:  (40.775644, -73.960687)
   🔒 Start Protegido: (40.790654, -73.965440) ✓ 1.60 km | ✓ MAP MATCHED
   📏 Deslocamento final: 1718.3 metros
   📍 End Original:    (40.774198, -73.961141)
   🔒 End Protegido:   (40.789416, -73.966347) ✓ 1.60 km | ✓ MAP MATCHED
   📏 Deslocamento final: 1750.0 metros

   📐 ANÁLISE DE DISTÂNCIA DO TRAJETO (HAVERSINE DOS PONTOS ARMAZENADOS):
   ✨ 259 pontos privados duplicados foram separados para garantir visualização 1:1.
   ℹ️  Dica: use --debug-map-matching para ver tentativas detalhadas de re-snap.
   🔢 Pontos unicos original/offset: 299/40 (Δ -259, -86.6% )
   📍 Trajeto original: 3.053 km (linha reta entre pontos GPS)
   🔒 Trajeto com offset: 8.401 km (linha reta entre pontos COM snap)
   📊 Diferença: +5.349 km (+175.2%)

======================================================================
📊 ESTATÍSTICAS FINAIS
======================================================================
Viagens processadas: 1
Distância total: 3.06 km
Combustível total: 48.38 l
CO2 real total: 111766.0 g
CO2 meta total: 589.0 g
Delta CO2: -111177.0 g
Valor E1 total: R$ -5.56

💰 Créditos: R$ 0.00
💸 Débitos: R$ 5.56
📈 Saldo líquido: R$ -5.56

🗺️  MAP MATCHING:
   Pontos processados: 299
   Snaps tentados: 299 (100.0%)
   Snaps bem-sucedidos: 299 (100.0%)
   Snaps forçados (>100m): 299 (100.0%)
   ✅ TODOS os pontos estão em ruas (FORCE_SNAP=True)
======================================================================

💾 Dados agregados salvos em: ../data/offset_batch/vehicles_step_sim_2/run_023.csv
[csv-worker_2] [vehicles_step_sim_2] ===== LOG RUN 023 FIM =====

[csv-worker_2] [vehicles_step_sim_2] ===== LOG RUN 024 INICIO =====
======================================================================
🚗 PROCESSAMENTO SUMO → E1 REGISTRY (OFFSET ALEATÓRIO - veh0)
======================================================================
📄 Entrada: ../data/vehicles_step_sim_2.csv
🏭 Consumo fabricante: 12.0 km/l
💰 Preço carbono: R$ 50.0/ton
⭕ Raio máximo do offset aleatório: 2.0 km
🎲 Offset gerado aleatoriamente:
   Ângulo: 272.2°
   Distância: 1.5334 km
   offset_x (lat): 0.000531°  |  offset_y (lon): -0.013764°
📊 Row stepping: Processando todas as linhas
🗺️  Map matching: ATIVADO (raio 1500m) - pontos snapped para ruas
📐 Cálculo de distância: HAVERSINE PURO dos pontos COM snap (consistência)
======================================================================

📊 Carregando dados SUMO...
   Total de registros no arquivo: 222
   Veículos únicos: 1
   🚙 Vehicle selecionado: carro_1000

🔄 Agregando viagens por vehicle_id...
  📐 SUMO_carro_1000: Calculando distâncias com Haversine direto (SEM routing API)
      Original: 324 pontos → 3.1629 km (Haversine)
      Offset:   324 pontos → 3.3121 km (Haversine)

🚙 Veículo: SUMO_carro_1000
   Modelo: HBEFA4/PC_petrol_Euro-6ab
   Segmentos: 324
   📏 Distância: 3.166 km (city: 3.024, highway: 0.142)
   ⛽ Combustível: 49.530 l
   🏭 CO2 real: 114414.1 g
   🎯 CO2 meta: 609.4 g
   📊 Delta: -113804.6 g
   💰 Valor E1: R$ -5.6902
   🧭 Tentativas map matching: 326

   🔑 OFFSET DETERMINÍSTICO (x=-0.016922265744288675°, y=-0.00081247346376431°, max=2.0km):
   📍 Start Original:  (40.775644, -73.960687)
   🔒 Start Protegido: (40.758549, -73.961388) ✓ 1.89 km | ✓ MAP MATCHED
   📏 Deslocamento final: 1903.9 metros
   📍 End Original:    (40.772251, -73.963071)
   🔒 End Protegido:   (40.755711, -73.964652) ✓ 1.89 km | ✓ MAP MATCHED
   📏 Deslocamento final: 1846.0 metros

   📐 ANÁLISE DE DISTÂNCIA DO TRAJETO (HAVERSINE DOS PONTOS ARMAZENADOS):
   ✨ 276 pontos privados duplicados foram separados para garantir visualização 1:1.
   ℹ️  Dica: use --debug-map-matching para ver tentativas detalhadas de re-snap.
   🔢 Pontos unicos original/offset: 324/48 (Δ -276, -85.2% )
   📍 Trajeto original: 3.163 km (linha reta entre pontos GPS)
   🔒 Trajeto com offset: 3.312 km (linha reta entre pontos COM snap)
   📊 Diferença: +0.149 km (+4.7%)

======================================================================
📊 ESTATÍSTICAS FINAIS
======================================================================
Viagens processadas: 1
Distância total: 3.17 km
Combustível total: 49.53 l
CO2 real total: 114414.1 g
CO2 meta total: 609.4 g
Delta CO2: -113804.6 g
Valor E1 total: R$ -5.69

💰 Créditos: R$ 0.00
💸 Débitos: R$ 5.69
📈 Saldo líquido: R$ -5.69

🗺️  MAP MATCHING:
   Pontos processados: 324
   Snaps tentados: 324 (100.0%)
   Snaps bem-sucedidos: 324 (100.0%)
   Snaps forçados (>100m): 324 (100.0%)
   ✅ TODOS os pontos estão em ruas (FORCE_SNAP=True)
======================================================================

💾 Dados agregados salvos em: ../data/offset_batch/vehicles_step_sim_2/run_024.csv
[csv-worker_2] [vehicles_step_sim_2] ===== LOG RUN 024 FIM =====

[csv-worker_2] [vehicles_step_sim_2] ===== LOG RUN 025 INICIO =====
======================================================================
🚗 PROCESSAMENTO SUMO → E1 REGISTRY (OFFSET ALEATÓRIO - veh0)
======================================================================
📄 Entrada: ../data/vehicles_step_sim_2.csv
🏭 Consumo fabricante: 12.0 km/l
💰 Preço carbono: R$ 50.0/ton
⭕ Raio máximo do offset aleatório: 2.0 km
🎲 Offset gerado aleatoriamente:
   Ângulo: 59.2°
   Distância: 1.9634 km
   offset_x (lat): 0.009028°  |  offset_y (lon): 0.015152°
📊 Row stepping: Processando todas as linhas
🗺️  Map matching: ATIVADO (raio 1500m) - pontos snapped para ruas
📐 Cálculo de distância: HAVERSINE PURO dos pontos COM snap (consistência)
======================================================================

📊 Carregando dados SUMO...
   Total de registros no arquivo: 222
   Veículos únicos: 1
   🚙 Vehicle selecionado: carro_1000

🔄 Agregando viagens por vehicle_id...
  📐 SUMO_carro_1000: Calculando distâncias com Haversine direto (SEM routing API)
      Original: 323 pontos → 2.9161 km (Haversine)
      Offset:   323 pontos → 3.4734 km (Haversine)

🚙 Veículo: SUMO_carro_1000
   Modelo: HBEFA4/PC_petrol_Euro-6ab
   Segmentos: 323
   📏 Distância: 2.926 km (city: 2.764, highway: 0.161)
   ⛽ Combustível: 54.094 l
   🏭 CO2 real: 124958.0 g
   🎯 CO2 meta: 563.2 g
   📊 Delta: -124394.9 g
   💰 Valor E1: R$ -6.2197
   🧭 Tentativas map matching: 325

   🔑 OFFSET DETERMINÍSTICO (x=0.005970707003278348°, y=0.008508167033257122°, max=2.0km):
   📍 Start Original:  (40.775644, -73.960687)
   🔒 Start Protegido: (40.781436, -73.952256) ✓ 0.98 km | ✓ MAP MATCHED
   📏 Deslocamento final: 959.7 metros
   📍 End Original:    (40.774046, -73.961617)
   🔒 End Protegido:   (40.780074, -73.953068) ✓ 0.98 km | ✓ MAP MATCHED
   📏 Deslocamento final: 984.8 metros

   📐 ANÁLISE DE DISTÂNCIA DO TRAJETO (HAVERSINE DOS PONTOS ARMAZENADOS):
   ✨ 282 pontos privados duplicados foram separados para garantir visualização 1:1.
   ℹ️  Dica: use --debug-map-matching para ver tentativas detalhadas de re-snap.
   🔢 Pontos unicos original/offset: 320/41 (Δ -279, -87.2% )
   📍 Trajeto original: 2.916 km (linha reta entre pontos GPS)
   🔒 Trajeto com offset: 3.473 km (linha reta entre pontos COM snap)
   📊 Diferença: +0.557 km (+19.1%)

======================================================================
📊 ESTATÍSTICAS FINAIS
======================================================================
Viagens processadas: 1
Distância total: 2.93 km
Combustível total: 54.09 l
CO2 real total: 124958.0 g
CO2 meta total: 563.2 g
Delta CO2: -124394.9 g
Valor E1 total: R$ -6.22

💰 Créditos: R$ 0.00
💸 Débitos: R$ 6.22
📈 Saldo líquido: R$ -6.22

🗺️  MAP MATCHING:
   Pontos processados: 323
   Snaps tentados: 323 (100.0%)
   Snaps bem-sucedidos: 323 (100.0%)
   Snaps forçados (>100m): 323 (100.0%)
   ✅ TODOS os pontos estão em ruas (FORCE_SNAP=True)
======================================================================

💾 Dados agregados salvos em: ../data/offset_batch/vehicles_step_sim_2/run_025.csv
[csv-worker_2] [vehicles_step_sim_2] ===== LOG RUN 025 FIM =====

[csv-worker_2] [vehicles_step_sim_2] ===== LOG RUN 026 INICIO =====
======================================================================
🚗 PROCESSAMENTO SUMO → E1 REGISTRY (OFFSET ALEATÓRIO - veh0)
======================================================================
📄 Entrada: ../data/vehicles_step_sim_2.csv
🏭 Consumo fabricante: 12.0 km/l
💰 Preço carbono: R$ 50.0/ton
⭕ Raio máximo do offset aleatório: 2.0 km
🎲 Offset gerado aleatoriamente:
   Ângulo: 348.7°
   Distância: 0.9374 km
   offset_x (lat): 0.008256°  |  offset_y (lon): -0.001654°
📊 Row stepping: Processando todas as linhas
🗺️  Map matching: ATIVADO (raio 1500m) - pontos snapped para ruas
📐 Cálculo de distância: HAVERSINE PURO dos pontos COM snap (consistência)
======================================================================

📊 Carregando dados SUMO...
   Total de registros no arquivo: 222
   Veículos únicos: 1
   🚙 Vehicle selecionado: carro_1000

🔄 Agregando viagens por vehicle_id...
  📐 SUMO_carro_1000: Calculando distâncias com Haversine direto (SEM routing API)
      Original: 131 pontos → 1.4055 km (Haversine)
      Offset:   131 pontos → 1.4371 km (Haversine)

🚙 Veículo: SUMO_carro_1000
   Modelo: HBEFA4/PC_petrol_Euro-6ab
   Segmentos: 131
   📏 Distância: 1.410 km (city: 1.410, highway: 0.000)
   ⛽ Combustível: 12.456 l
   🏭 CO2 real: 28774.3 g
   🎯 CO2 meta: 271.4 g
   📊 Delta: -28502.9 g
   💰 Valor E1: R$ -1.4251
   🧭 Tentativas map matching: 133

   🔑 OFFSET DETERMINÍSTICO (x=0.0025554762375659124°, y=-0.004687964707676593°, max=2.0km):
   📍 Start Original:  (40.775644, -73.960687)
   🔒 Start Protegido: (40.778058, -73.965479) ✓ 0.49 km | ✓ MAP MATCHED
   📏 Deslocamento final: 485.2 metros
   📍 End Original:    (40.772974, -73.962198)
   🔒 End Protegido:   (40.774990, -73.965181) ✓ 0.49 km | ✓ MAP MATCHED
   📏 Deslocamento final: 337.1 metros

   📐 ANÁLISE DE DISTÂNCIA DO TRAJETO (HAVERSINE DOS PONTOS ARMAZENADOS):
   ✨ 93 pontos privados duplicados foram separados para garantir visualização 1:1.
   ℹ️  Dica: use --debug-map-matching para ver tentativas detalhadas de re-snap.
   🔢 Pontos unicos original/offset: 130/38 (Δ -92, -70.8% )
   📍 Trajeto original: 1.405 km (linha reta entre pontos GPS)
   🔒 Trajeto com offset: 1.437 km (linha reta entre pontos COM snap)
   📊 Diferença: +0.032 km (+2.3%)

======================================================================
📊 ESTATÍSTICAS FINAIS
======================================================================
Viagens processadas: 1
Distância total: 1.41 km
Combustível total: 12.46 l
CO2 real total: 28774.3 g
CO2 meta total: 271.4 g
Delta CO2: -28502.9 g
Valor E1 total: R$ -1.43

💰 Créditos: R$ 0.00
💸 Débitos: R$ 1.43
📈 Saldo líquido: R$ -1.43

🗺️  MAP MATCHING:
   Pontos processados: 131
   Snaps tentados: 131 (100.0%)
   Snaps bem-sucedidos: 131 (100.0%)
   Snaps forçados (>100m): 131 (100.0%)
   ✅ TODOS os pontos estão em ruas (FORCE_SNAP=True)
======================================================================

💾 Dados agregados salvos em: ../data/offset_batch/vehicles_step_sim_2/run_026.csv
[csv-worker_2] [vehicles_step_sim_2] ===== LOG RUN 026 FIM =====

[csv-worker_2] [vehicles_step_sim_2] ===== LOG RUN 027 INICIO =====
======================================================================
🚗 PROCESSAMENTO SUMO → E1 REGISTRY (OFFSET ALEATÓRIO - veh0)
======================================================================
📄 Entrada: ../data/vehicles_step_sim_2.csv
🏭 Consumo fabricante: 12.0 km/l
💰 Preço carbono: R$ 50.0/ton
⭕ Raio máximo do offset aleatório: 2.0 km
🎲 Offset gerado aleatoriamente:
   Ângulo: 208.8°
   Distância: 1.6728 km
   offset_x (lat): -0.013162°  |  offset_y (lon): -0.007250°
📊 Row stepping: Processando todas as linhas
🗺️  Map matching: ATIVADO (raio 1500m) - pontos snapped para ruas
📐 Cálculo de distância: HAVERSINE PURO dos pontos COM snap (consistência)
======================================================================

📊 Carregando dados SUMO...
   Total de registros no arquivo: 222
   Veículos únicos: 1
   🚙 Vehicle selecionado: carro_1000

🔄 Agregando viagens por vehicle_id...
  📐 SUMO_carro_1000: Calculando distâncias com Haversine direto (SEM routing API)
      Original: 324 pontos → 3.1629 km (Haversine)
      Offset:   324 pontos → 3.3874 km (Haversine)

🚙 Veículo: SUMO_carro_1000
   Modelo: HBEFA4/PC_petrol_Euro-6ab
   Segmentos: 324
   📏 Distância: 3.166 km (city: 3.024, highway: 0.142)
   ⛽ Combustível: 49.530 l
   🏭 CO2 real: 114414.1 g
   🎯 CO2 meta: 609.4 g
   📊 Delta: -113804.6 g
   💰 Valor E1: R$ -5.6902
   🧭 Tentativas map matching: 326

   🔑 OFFSET DETERMINÍSTICO (x=1.8121656807956803e-05°, y=-0.0008637184246931487°, max=2.0km):
   📍 Start Original:  (40.775644, -73.960687)
   🔒 Start Protegido: (40.775942, -73.961202) ✓ 0.07 km | ✓ MAP MATCHED
   📏 Deslocamento final: 54.7 metros
   📍 End Original:    (40.772251, -73.963071)
   🔒 End Protegido:   (40.771879, -73.963533) ✓ 0.07 km | ✓ MAP MATCHED
   📏 Deslocamento final: 56.8 metros

   📐 ANÁLISE DE DISTÂNCIA DO TRAJETO (HAVERSINE DOS PONTOS ARMAZENADOS):
   ✨ 284 pontos privados duplicados foram separados para garantir visualização 1:1.
   ℹ️  Dica: use --debug-map-matching para ver tentativas detalhadas de re-snap.
   🔢 Pontos unicos original/offset: 324/40 (Δ -284, -87.7% )
   📍 Trajeto original: 3.163 km (linha reta entre pontos GPS)
   🔒 Trajeto com offset: 3.387 km (linha reta entre pontos COM snap)
   📊 Diferença: +0.224 km (+7.1%)

======================================================================
📊 ESTATÍSTICAS FINAIS
======================================================================
Viagens processadas: 1
Distância total: 3.17 km
Combustível total: 49.53 l
CO2 real total: 114414.1 g
CO2 meta total: 609.4 g
Delta CO2: -113804.6 g
Valor E1 total: R$ -5.69

💰 Créditos: R$ 0.00
💸 Débitos: R$ 5.69
📈 Saldo líquido: R$ -5.69

🗺️  MAP MATCHING:
   Pontos processados: 324
   Snaps tentados: 324 (100.0%)
   Snaps bem-sucedidos: 324 (100.0%)
   Snaps forçados (>100m): 15 (4.6%)
   ✅ TODOS os pontos estão em ruas (FORCE_SNAP=True)
======================================================================

💾 Dados agregados salvos em: ../data/offset_batch/vehicles_step_sim_2/run_027.csv
[csv-worker_2] [vehicles_step_sim_2] ===== LOG RUN 027 FIM =====

[csv-worker_2] [vehicles_step_sim_2] ===== LOG RUN 028 INICIO =====
======================================================================
🚗 PROCESSAMENTO SUMO → E1 REGISTRY (OFFSET ALEATÓRIO - veh0)
======================================================================
📄 Entrada: ../data/vehicles_step_sim_2.csv
🏭 Consumo fabricante: 12.0 km/l
💰 Preço carbono: R$ 50.0/ton
⭕ Raio máximo do offset aleatório: 2.0 km
🎲 Offset gerado aleatoriamente:
   Ângulo: 15.7°
   Distância: 1.3462 km
   offset_x (lat): 0.011642°  |  offset_y (lon): 0.003269°
📊 Row stepping: Processando todas as linhas
🗺️  Map matching: ATIVADO (raio 1500m) - pontos snapped para ruas
📐 Cálculo de distância: HAVERSINE PURO dos pontos COM snap (consistência)
======================================================================

📊 Carregando dados SUMO...
   Total de registros no arquivo: 222
   Veículos únicos: 1
   🚙 Vehicle selecionado: carro_1000

🔄 Agregando viagens por vehicle_id...
  📐 SUMO_carro_1000: Calculando distâncias com Haversine direto (SEM routing API)
      Original: 323 pontos → 2.9161 km (Haversine)
      Offset:   323 pontos → 3.3506 km (Haversine)

🚙 Veículo: SUMO_carro_1000
   Modelo: HBEFA4/PC_petrol_Euro-6ab
   Segmentos: 323
   📏 Distância: 2.926 km (city: 2.764, highway: 0.161)
   ⛽ Combustível: 54.094 l
   🏭 CO2 real: 124958.0 g
   🎯 CO2 meta: 563.2 g
   📊 Delta: -124394.9 g
   💰 Valor E1: R$ -6.2197
   🧭 Tentativas map matching: 325

   🔑 OFFSET DETERMINÍSTICO (x=0.004419216005776196°, y=0.014094477601329264°, max=2.0km):
   📍 Start Original:  (40.775644, -73.960687)
   🔒 Start Protegido: (40.780005, -73.946871) ✓ 1.29 km | ✓ MAP MATCHED
   📏 Deslocamento final: 1261.8 metros
   📍 End Original:    (40.774046, -73.961617)
   🔒 End Protegido:   (40.778746, -73.947779) ✓ 1.29 km | ✓ MAP MATCHED
   📏 Deslocamento final: 1278.5 metros

   📐 ANÁLISE DE DISTÂNCIA DO TRAJETO (HAVERSINE DOS PONTOS ARMAZENADOS):
   ✨ 290 pontos privados duplicados foram separados para garantir visualização 1:1.
   ℹ️  Dica: use --debug-map-matching para ver tentativas detalhadas de re-snap.
   🔢 Pontos unicos original/offset: 320/33 (Δ -287, -89.7% )
   📍 Trajeto original: 2.916 km (linha reta entre pontos GPS)
   🔒 Trajeto com offset: 3.351 km (linha reta entre pontos COM snap)
   📊 Diferença: +0.434 km (+14.9%)

======================================================================
📊 ESTATÍSTICAS FINAIS
======================================================================
Viagens processadas: 1
Distância total: 2.93 km
Combustível total: 54.09 l
CO2 real total: 124958.0 g
CO2 meta total: 563.2 g
Delta CO2: -124394.9 g
Valor E1 total: R$ -6.22

💰 Créditos: R$ 0.00
💸 Débitos: R$ 6.22
📈 Saldo líquido: R$ -6.22

🗺️  MAP MATCHING:
   Pontos processados: 323
   Snaps tentados: 323 (100.0%)
   Snaps bem-sucedidos: 323 (100.0%)
   Snaps forçados (>100m): 323 (100.0%)
   ✅ TODOS os pontos estão em ruas (FORCE_SNAP=True)
======================================================================

💾 Dados agregados salvos em: ../data/offset_batch/vehicles_step_sim_2/run_028.csv
[csv-worker_2] [vehicles_step_sim_2] ===== LOG RUN 028 FIM =====

[csv-worker_2] [vehicles_step_sim_2] ===== LOG RUN 029 INICIO =====
======================================================================
🚗 PROCESSAMENTO SUMO → E1 REGISTRY (OFFSET ALEATÓRIO - veh0)
======================================================================
📄 Entrada: ../data/vehicles_step_sim_2.csv
🏭 Consumo fabricante: 12.0 km/l
💰 Preço carbono: R$ 50.0/ton
⭕ Raio máximo do offset aleatório: 2.0 km
🎲 Offset gerado aleatoriamente:
   Ângulo: 339.8°
   Distância: 1.7619 km
   offset_x (lat): 0.014858°  |  offset_y (lon): -0.005452°
📊 Row stepping: Processando todas as linhas
🗺️  Map matching: ATIVADO (raio 1500m) - pontos snapped para ruas
📐 Cálculo de distância: HAVERSINE PURO dos pontos COM snap (consistência)
======================================================================

📊 Carregando dados SUMO...
   Total de registros no arquivo: 222
   Veículos únicos: 1
   🚙 Vehicle selecionado: carro_1000

🔄 Agregando viagens por vehicle_id...
  📐 SUMO_carro_1000: Calculando distâncias com Haversine direto (SEM routing API)
      Original: 312 pontos → 3.1845 km (Haversine)
      Offset:   312 pontos → 2.0883 km (Haversine)

🚙 Veículo: SUMO_carro_1000
   Modelo: HBEFA4/PC_petrol_Euro-6ab
   Segmentos: 312
   📏 Distância: 3.190 km (city: 2.602, highway: 0.587)
   ⛽ Combustível: 54.577 l
   🏭 CO2 real: 126071.8 g
   🎯 CO2 meta: 614.1 g
   📊 Delta: -125457.8 g
   💰 Valor E1: R$ -6.2729
   🧭 Tentativas map matching: 314

   🔑 OFFSET DETERMINÍSTICO (x=0.017392684583213074°, y=-0.003518849129537159°, max=2.0km):
   📍 Start Original:  (40.775644, -73.960687)
   🔒 Start Protegido: (40.793036, -73.963702) ✓ 1.96 km | ✓ MAP MATCHED
   📏 Deslocamento final: 1952.7 metros
   📍 End Original:    (40.771637, -73.963520)
   🔒 End Protegido:   (40.789171, -73.966680) ✓ 1.96 km | ✓ MAP MATCHED
   📏 Deslocamento final: 1970.0 metros

   📐 ANÁLISE DE DISTÂNCIA DO TRAJETO (HAVERSINE DOS PONTOS ARMAZENADOS):
   ✨ 264 pontos privados duplicados foram separados para garantir visualização 1:1.
   ℹ️  Dica: use --debug-map-matching para ver tentativas detalhadas de re-snap.
   🔢 Pontos unicos original/offset: 312/48 (Δ -264, -84.6% )
   📍 Trajeto original: 3.185 km (linha reta entre pontos GPS)
   🔒 Trajeto com offset: 2.088 km (linha reta entre pontos COM snap)
   📊 Diferença: -1.096 km (-34.4%)

======================================================================
📊 ESTATÍSTICAS FINAIS
======================================================================
Viagens processadas: 1
Distância total: 3.19 km
Combustível total: 54.58 l
CO2 real total: 126071.8 g
CO2 meta total: 614.1 g
Delta CO2: -125457.8 g
Valor E1 total: R$ -6.27

💰 Créditos: R$ 0.00
💸 Débitos: R$ 6.27
📈 Saldo líquido: R$ -6.27

🗺️  MAP MATCHING:
   Pontos processados: 312
   Snaps tentados: 312 (100.0%)
   Snaps bem-sucedidos: 312 (100.0%)
   Snaps forçados (>100m): 312 (100.0%)
   ✅ TODOS os pontos estão em ruas (FORCE_SNAP=True)
======================================================================

💾 Dados agregados salvos em: ../data/offset_batch/vehicles_step_sim_2/run_029.csv
[csv-worker_2] [vehicles_step_sim_2] ===== LOG RUN 029 FIM =====

[csv-worker_2] [vehicles_step_sim_2] ===== LOG RUN 030 INICIO =====
======================================================================
🚗 PROCESSAMENTO SUMO → E1 REGISTRY (OFFSET ALEATÓRIO - veh0)
======================================================================
📄 Entrada: ../data/vehicles_step_sim_2.csv
🏭 Consumo fabricante: 12.0 km/l
💰 Preço carbono: R$ 50.0/ton
⭕ Raio máximo do offset aleatório: 2.0 km
🎲 Offset gerado aleatoriamente:
   Ângulo: 25.5°
   Distância: 1.1912 km
   offset_x (lat): 0.009655°  |  offset_y (lon): 0.004614°
📊 Row stepping: Processando todas as linhas
🗺️  Map matching: ATIVADO (raio 1500m) - pontos snapped para ruas
📐 Cálculo de distância: HAVERSINE PURO dos pontos COM snap (consistência)
======================================================================

📊 Carregando dados SUMO...
   Total de registros no arquivo: 222
   Veículos únicos: 1
   🚙 Vehicle selecionado: carro_1000

🔄 Agregando viagens por vehicle_id...
  📐 SUMO_carro_1000: Calculando distâncias com Haversine direto (SEM routing API)
      Original: 155 pontos → 1.4242 km (Haversine)
      Offset:   155 pontos → 1.7650 km (Haversine)

🚙 Veículo: SUMO_carro_1000
   Modelo: HBEFA4/PC_petrol_Euro-6ab
   Segmentos: 155
   📏 Distância: 1.424 km (city: 1.424, highway: 0.000)
   ⛽ Combustível: 10.127 l
   🏭 CO2 real: 23393.7 g
   🎯 CO2 meta: 274.2 g
   📊 Delta: -23119.5 g
   💰 Valor E1: R$ -1.1560
   🧭 Tentativas map matching: 157

   🔑 OFFSET DETERMINÍSTICO (x=0.0037717736999016904°, y=0.011255979260930847°, max=2.0km):
   📍 Start Original:  (40.775644, -73.960687)
   🔒 Start Protegido: (40.779755, -73.950208) ✓ 1.04 km | ✓ MAP MATCHED
   📏 Deslocamento final: 994.9 metros
   📍 End Original:    (40.775671, -73.960433)
   🔒 End Protegido:   (40.779755, -73.950208) ✓ 1.04 km | ✓ MAP MATCHED
   📏 Deslocamento final: 974.5 metros

   📐 ANÁLISE DE DISTÂNCIA DO TRAJETO (HAVERSINE DOS PONTOS ARMAZENADOS):
   ✨ 133 pontos privados duplicados foram separados para garantir visualização 1:1.
   ℹ️  Dica: use --debug-map-matching para ver tentativas detalhadas de re-snap.
   🔢 Pontos unicos original/offset: 155/22 (Δ -133, -85.8% )
   📍 Trajeto original: 1.424 km (linha reta entre pontos GPS)
   🔒 Trajeto com offset: 1.765 km (linha reta entre pontos COM snap)
   📊 Diferença: +0.341 km (+23.9%)

======================================================================
📊 ESTATÍSTICAS FINAIS
======================================================================
Viagens processadas: 1
Distância total: 1.42 km
Combustível total: 10.13 l
CO2 real total: 23393.7 g
CO2 meta total: 274.2 g
Delta CO2: -23119.5 g
Valor E1 total: R$ -1.16

💰 Créditos: R$ 0.00
💸 Débitos: R$ 1.16
📈 Saldo líquido: R$ -1.16

🗺️  MAP MATCHING:
   Pontos processados: 155
   Snaps tentados: 155 (100.0%)
   Snaps bem-sucedidos: 155 (100.0%)
   Snaps forçados (>100m): 155 (100.0%)
   ✅ TODOS os pontos estão em ruas (FORCE_SNAP=True)
======================================================================

💾 Dados agregados salvos em: ../data/offset_batch/vehicles_step_sim_2/run_030.csv
[csv-worker_2] [vehicles_step_sim_2] ===== LOG RUN 030 FIM =====

[csv-worker_2] [vehicles_step_sim_2] ===== LOG RUN 031 INICIO =====
======================================================================
🚗 PROCESSAMENTO SUMO → E1 REGISTRY (OFFSET ALEATÓRIO - veh0)
======================================================================
📄 Entrada: ../data/vehicles_step_sim_2.csv
🏭 Consumo fabricante: 12.0 km/l
💰 Preço carbono: R$ 50.0/ton
⭕ Raio máximo do offset aleatório: 2.0 km
🎲 Offset gerado aleatoriamente:
   Ângulo: 270.4°
   Distância: 0.9401 km
   offset_x (lat): 0.000052°  |  offset_y (lon): -0.008445°
📊 Row stepping: Processando todas as linhas
🗺️  Map matching: ATIVADO (raio 1500m) - pontos snapped para ruas
📐 Cálculo de distância: HAVERSINE PURO dos pontos COM snap (consistência)
======================================================================

📊 Carregando dados SUMO...
   Total de registros no arquivo: 222
   Veículos únicos: 1
   🚙 Vehicle selecionado: carro_1000

🔄 Agregando viagens por vehicle_id...
  📐 SUMO_carro_1000: Calculando distâncias com Haversine direto (SEM routing API)
      Original: 131 pontos → 1.4055 km (Haversine)
      Offset:   131 pontos → 1.8530 km (Haversine)

🚙 Veículo: SUMO_carro_1000
   Modelo: HBEFA4/PC_petrol_Euro-6ab
   Segmentos: 131
   📏 Distância: 1.410 km (city: 1.410, highway: 0.000)
   ⛽ Combustível: 12.456 l
   🏭 CO2 real: 28774.3 g
   🎯 CO2 meta: 271.4 g
   📊 Delta: -28502.9 g
   💰 Valor E1: R$ -1.4251
   🧭 Tentativas map matching: 133

   🔑 OFFSET DETERMINÍSTICO (x=-0.0031192643489126653°, y=-0.00528533157330542°, max=2.0km):
   📍 Start Original:  (40.775644, -73.960687)
   🔒 Start Protegido: (40.772279, -73.966619) ✓ 0.56 km | ✓ MAP MATCHED
   📏 Deslocamento final: 624.8 metros
   📍 End Original:    (40.772974, -73.962198)
   🔒 End Protegido:   (40.769895, -73.966957) ✓ 0.56 km | ✓ MAP MATCHED
   📏 Deslocamento final: 527.6 metros

   📐 ANÁLISE DE DISTÂNCIA DO TRAJETO (HAVERSINE DOS PONTOS ARMAZENADOS):
   ✨ 107 pontos privados duplicados foram separados para garantir visualização 1:1.
   ℹ️  Dica: use --debug-map-matching para ver tentativas detalhadas de re-snap.
   🔢 Pontos unicos original/offset: 130/24 (Δ -106, -81.5% )
   📍 Trajeto original: 1.405 km (linha reta entre pontos GPS)
   🔒 Trajeto com offset: 1.853 km (linha reta entre pontos COM snap)
   📊 Diferença: +0.447 km (+31.8%)

======================================================================
📊 ESTATÍSTICAS FINAIS
======================================================================
Viagens processadas: 1
Distância total: 1.41 km
Combustível total: 12.46 l
CO2 real total: 28774.3 g
CO2 meta total: 271.4 g
Delta CO2: -28502.9 g
Valor E1 total: R$ -1.43

💰 Créditos: R$ 0.00
💸 Débitos: R$ 1.43
📈 Saldo líquido: R$ -1.43

🗺️  MAP MATCHING:
   Pontos processados: 131
   Snaps tentados: 131 (100.0%)
   Snaps bem-sucedidos: 131 (100.0%)
   Snaps forçados (>100m): 131 (100.0%)
   ✅ TODOS os pontos estão em ruas (FORCE_SNAP=True)
======================================================================

💾 Dados agregados salvos em: ../data/offset_batch/vehicles_step_sim_2/run_031.csv
[csv-worker_2] [vehicles_step_sim_2] ===== LOG RUN 031 FIM =====

[csv-worker_2] [vehicles_step_sim_2] ===== LOG RUN 032 INICIO =====
======================================================================
🚗 PROCESSAMENTO SUMO → E1 REGISTRY (OFFSET ALEATÓRIO - veh0)
======================================================================
📄 Entrada: ../data/vehicles_step_sim_2.csv
🏭 Consumo fabricante: 12.0 km/l
💰 Preço carbono: R$ 50.0/ton
⭕ Raio máximo do offset aleatório: 2.0 km
🎲 Offset gerado aleatoriamente:
   Ângulo: 343.2°
   Distância: 0.9096 km
   offset_x (lat): 0.007823°  |  offset_y (lon): -0.002359°
📊 Row stepping: Processando todas as linhas
🗺️  Map matching: ATIVADO (raio 1500m) - pontos snapped para ruas
📐 Cálculo de distância: HAVERSINE PURO dos pontos COM snap (consistência)
======================================================================

📊 Carregando dados SUMO...
   Total de registros no arquivo: 222
   Veículos únicos: 1
   🚙 Vehicle selecionado: carro_1000

🔄 Agregando viagens por vehicle_id...
  📐 SUMO_carro_1000: Calculando distâncias com Haversine direto (SEM routing API)
      Original: 131 pontos → 1.4055 km (Haversine)
      Offset:   131 pontos → 1.6903 km (Haversine)

🚙 Veículo: SUMO_carro_1000
   Modelo: HBEFA4/PC_petrol_Euro-6ab
   Segmentos: 131
   📏 Distância: 1.410 km (city: 1.410, highway: 0.000)
   ⛽ Combustível: 12.456 l
   🏭 CO2 real: 28774.3 g
   🎯 CO2 meta: 271.4 g
   📊 Delta: -28502.9 g
   💰 Valor E1: R$ -1.4251
   🧭 Tentativas map matching: 133

   🔑 OFFSET DETERMINÍSTICO (x=-0.0033925414926010726°, y=0.008054283536142487°, max=2.0km):
   📍 Start Original:  (40.775644, -73.960687)
   🔒 Start Protegido: (40.772289, -73.952542) ✓ 0.78 km | ✓ MAP MATCHED
   📏 Deslocamento final: 781.6 metros
   📍 End Original:    (40.772974, -73.962198)
   🔒 End Protegido:   (40.769709, -73.954428) ✓ 0.78 km | ✓ MAP MATCHED
   📏 Deslocamento final: 749.1 metros

   📐 ANÁLISE DE DISTÂNCIA DO TRAJETO (HAVERSINE DOS PONTOS ARMAZENADOS):
   ✨ 107 pontos privados duplicados foram separados para garantir visualização 1:1.
   ℹ️  Dica: use --debug-map-matching para ver tentativas detalhadas de re-snap.
   🔢 Pontos unicos original/offset: 130/24 (Δ -106, -81.5% )
   📍 Trajeto original: 1.405 km (linha reta entre pontos GPS)
   🔒 Trajeto com offset: 1.690 km (linha reta entre pontos COM snap)
   📊 Diferença: +0.285 km (+20.3%)

======================================================================
📊 ESTATÍSTICAS FINAIS
======================================================================
Viagens processadas: 1
Distância total: 1.41 km
Combustível total: 12.46 l
CO2 real total: 28774.3 g
CO2 meta total: 271.4 g
Delta CO2: -28502.9 g
Valor E1 total: R$ -1.43

💰 Créditos: R$ 0.00
💸 Débitos: R$ 1.43
📈 Saldo líquido: R$ -1.43

🗺️  MAP MATCHING:
   Pontos processados: 131
   Snaps tentados: 131 (100.0%)
   Snaps bem-sucedidos: 131 (100.0%)
   Snaps forçados (>100m): 131 (100.0%)
   ✅ TODOS os pontos estão em ruas (FORCE_SNAP=True)
======================================================================

💾 Dados agregados salvos em: ../data/offset_batch/vehicles_step_sim_2/run_032.csv
[csv-worker_2] [vehicles_step_sim_2] ===== LOG RUN 032 FIM =====

[csv-worker_2] [vehicles_step_sim_2] ===== LOG RUN 033 INICIO =====
======================================================================
🚗 PROCESSAMENTO SUMO → E1 REGISTRY (OFFSET ALEATÓRIO - veh0)
======================================================================
📄 Entrada: ../data/vehicles_step_sim_2.csv
🏭 Consumo fabricante: 12.0 km/l
💰 Preço carbono: R$ 50.0/ton
⭕ Raio máximo do offset aleatório: 2.0 km
🎲 Offset gerado aleatoriamente:
   Ângulo: 296.2°
   Distância: 0.2641 km
   offset_x (lat): 0.001048°  |  offset_y (lon): -0.002129°
📊 Row stepping: Processando todas as linhas
🗺️  Map matching: ATIVADO (raio 1500m) - pontos snapped para ruas
📐 Cálculo de distância: HAVERSINE PURO dos pontos COM snap (consistência)
======================================================================

📊 Carregando dados SUMO...
   Total de registros no arquivo: 222
   Veículos únicos: 1
   🚙 Vehicle selecionado: carro_1000

🔄 Agregando viagens por vehicle_id...
  📐 SUMO_carro_1000: Calculando distâncias com Haversine direto (SEM routing API)
      Original: 324 pontos → 3.1629 km (Haversine)
      Offset:   324 pontos → 3.1997 km (Haversine)

🚙 Veículo: SUMO_carro_1000
   Modelo: HBEFA4/PC_petrol_Euro-6ab
   Segmentos: 324
   📏 Distância: 3.166 km (city: 3.024, highway: 0.142)
   ⛽ Combustível: 49.530 l
   🏭 CO2 real: 114414.1 g
   🎯 CO2 meta: 609.4 g
   📊 Delta: -113804.6 g
   💰 Valor E1: R$ -5.6902
   🧭 Tentativas map matching: 326

   🔑 OFFSET DETERMINÍSTICO (x=0.011787581576516883°, y=0.004357737109270631°, max=2.0km):
   📍 Start Original:  (40.775644, -73.960687)
   🔒 Start Protegido: (40.787273, -73.956226) ✓ 1.36 km | ✓ MAP MATCHED
   📏 Deslocamento final: 1348.1 metros
   📍 End Original:    (40.772251, -73.963071)
   🔒 End Protegido:   (40.784023, -73.958603) ✓ 1.36 km | ✓ MAP MATCHED
   📏 Deslocamento final: 1363.5 metros

   📐 ANÁLISE DE DISTÂNCIA DO TRAJETO (HAVERSINE DOS PONTOS ARMAZENADOS):
   ✨ 249 pontos privados duplicados foram separados para garantir visualização 1:1.
   ℹ️  Dica: use --debug-map-matching para ver tentativas detalhadas de re-snap.
   🔢 Pontos unicos original/offset: 324/75 (Δ -249, -76.9% )
   📍 Trajeto original: 3.163 km (linha reta entre pontos GPS)
   🔒 Trajeto com offset: 3.200 km (linha reta entre pontos COM snap)
   📊 Diferença: +0.037 km (+1.2%)

======================================================================
📊 ESTATÍSTICAS FINAIS
======================================================================
Viagens processadas: 1
Distância total: 3.17 km
Combustível total: 49.53 l
CO2 real total: 114414.1 g
CO2 meta total: 609.4 g
Delta CO2: -113804.6 g
Valor E1 total: R$ -5.69

💰 Créditos: R$ 0.00
💸 Débitos: R$ 5.69
📈 Saldo líquido: R$ -5.69

🗺️  MAP MATCHING:
   Pontos processados: 324
   Snaps tentados: 324 (100.0%)
   Snaps bem-sucedidos: 324 (100.0%)
   Snaps forçados (>100m): 324 (100.0%)
   ✅ TODOS os pontos estão em ruas (FORCE_SNAP=True)
======================================================================

💾 Dados agregados salvos em: ../data/offset_batch/vehicles_step_sim_2/run_033.csv
[csv-worker_2] [vehicles_step_sim_2] ===== LOG RUN 033 FIM =====

[csv-worker_2] [vehicles_step_sim_2] ===== LOG RUN 034 INICIO =====
======================================================================
🚗 PROCESSAMENTO SUMO → E1 REGISTRY (OFFSET ALEATÓRIO - veh0)
======================================================================
📄 Entrada: ../data/vehicles_step_sim_2.csv
🏭 Consumo fabricante: 12.0 km/l
💰 Preço carbono: R$ 50.0/ton
⭕ Raio máximo do offset aleatório: 2.0 km
🎲 Offset gerado aleatoriamente:
   Ângulo: 28.2°
   Distância: 1.2088 km
   offset_x (lat): 0.009572°  |  offset_y (lon): 0.005128°
📊 Row stepping: Processando todas as linhas
🗺️  Map matching: ATIVADO (raio 1500m) - pontos snapped para ruas
📐 Cálculo de distância: HAVERSINE PURO dos pontos COM snap (consistência)
======================================================================

📊 Carregando dados SUMO...
   Total de registros no arquivo: 222
   Veículos únicos: 1
   🚙 Vehicle selecionado: carro_1000

🔄 Agregando viagens por vehicle_id...
  📐 SUMO_carro_1000: Calculando distâncias com Haversine direto (SEM routing API)
      Original: 337 pontos → 3.3706 km (Haversine)
      Offset:   337 pontos → 3.4024 km (Haversine)

🚙 Veículo: SUMO_carro_1000
   Modelo: HBEFA4/PC_petrol_Euro-6ab
   Segmentos: 337
   📏 Distância: 3.379 km (city: 3.069, highway: 0.310)
   ⛽ Combustível: 58.616 l
   🏭 CO2 real: 135402.3 g
   🎯 CO2 meta: 650.5 g
   📊 Delta: -134751.8 g
   💰 Valor E1: R$ -6.7376
   🧭 Tentativas map matching: 339

   🔑 OFFSET DETERMINÍSTICO (x=-0.006574095847506908°, y=0.007996032558721373°, max=2.0km):
   📍 Start Original:  (40.775644, -73.960687)
   🔒 Start Protegido: (40.768862, -73.952449) ✓ 0.99 km | ✓ MAP MATCHED
   📏 Deslocamento final: 1025.8 metros
   📍 End Original:    (40.774801, -73.960637)
   🔒 End Protegido:   (40.768231, -73.952749) ✓ 0.99 km | ✓ MAP MATCHED
   📏 Deslocamento final: 988.4 metros

   📐 ANÁLISE DE DISTÂNCIA DO TRAJETO (HAVERSINE DOS PONTOS ARMAZENADOS):
   ✨ 270 pontos privados duplicados foram separados para garantir visualização 1:1.
   ℹ️  Dica: use --debug-map-matching para ver tentativas detalhadas de re-snap.
   🔢 Pontos unicos original/offset: 337/67 (Δ -270, -80.1% )
   📍 Trajeto original: 3.371 km (linha reta entre pontos GPS)
   🔒 Trajeto com offset: 3.402 km (linha reta entre pontos COM snap)
   📊 Diferença: +0.032 km (+0.9%)

======================================================================
📊 ESTATÍSTICAS FINAIS
======================================================================
Viagens processadas: 1
Distância total: 3.38 km
Combustível total: 58.62 l
CO2 real total: 135402.3 g
CO2 meta total: 650.5 g
Delta CO2: -134751.8 g
Valor E1 total: R$ -6.74

💰 Créditos: R$ 0.00
💸 Débitos: R$ 6.74
📈 Saldo líquido: R$ -6.74

🗺️  MAP MATCHING:
   Pontos processados: 337
   Snaps tentados: 337 (100.0%)
   Snaps bem-sucedidos: 337 (100.0%)
   Snaps forçados (>100m): 337 (100.0%)
   ✅ TODOS os pontos estão em ruas (FORCE_SNAP=True)
======================================================================

💾 Dados agregados salvos em: ../data/offset_batch/vehicles_step_sim_2/run_034.csv
[csv-worker_2] [vehicles_step_sim_2] ===== LOG RUN 034 FIM =====

[csv-worker_2] [vehicles_step_sim_2] ===== LOG RUN 035 INICIO =====
======================================================================
🚗 PROCESSAMENTO SUMO → E1 REGISTRY (OFFSET ALEATÓRIO - veh0)
======================================================================
📄 Entrada: ../data/vehicles_step_sim_2.csv
🏭 Consumo fabricante: 12.0 km/l
💰 Preço carbono: R$ 50.0/ton
⭕ Raio máximo do offset aleatório: 2.0 km
🎲 Offset gerado aleatoriamente:
   Ângulo: 325.4°
   Distância: 1.1369 km
   offset_x (lat): 0.008406°  |  offset_y (lon): -0.005801°
📊 Row stepping: Processando todas as linhas
🗺️  Map matching: ATIVADO (raio 1500m) - pontos snapped para ruas
📐 Cálculo de distância: HAVERSINE PURO dos pontos COM snap (consistência)
======================================================================

📊 Carregando dados SUMO...
   Total de registros no arquivo: 222
   Veículos únicos: 1
   🚙 Vehicle selecionado: carro_1000

🔄 Agregando viagens por vehicle_id...
  📐 SUMO_carro_1000: Calculando distâncias com Haversine direto (SEM routing API)
      Original: 131 pontos → 1.4055 km (Haversine)
      Offset:   131 pontos → 1.1633 km (Haversine)

🚙 Veículo: SUMO_carro_1000
   Modelo: HBEFA4/PC_petrol_Euro-6ab
   Segmentos: 131
   📏 Distância: 1.410 km (city: 1.410, highway: 0.000)
   ⛽ Combustível: 12.456 l
   🏭 CO2 real: 28774.3 g
   🎯 CO2 meta: 271.4 g
   📊 Delta: -28502.9 g
   💰 Valor E1: R$ -1.4251
   🧭 Tentativas map matching: 133

   🔑 OFFSET DETERMINÍSTICO (x=0.011968016065689724°, y=-0.008100324317721312°, max=2.0km):
   📍 Start Original:  (40.775644, -73.960687)
   🔒 Start Protegido: (40.787281, -73.968057) ✓ 1.50 km | ✓ MAP MATCHED
   📏 Deslocamento final: 1436.8 metros
   📍 End Original:    (40.772974, -73.962198)
   🔒 End Protegido:   (40.784673, -73.969969) ✓ 1.50 km | ✓ MAP MATCHED
   📏 Deslocamento final: 1457.8 metros

   📐 ANÁLISE DE DISTÂNCIA DO TRAJETO (HAVERSINE DOS PONTOS ARMAZENADOS):
   ✨ 116 pontos privados duplicados foram separados para garantir visualização 1:1.
   ℹ️  Dica: use --debug-map-matching para ver tentativas detalhadas de re-snap.
   🔢 Pontos unicos original/offset: 130/15 (Δ -115, -88.5% )
   📍 Trajeto original: 1.405 km (linha reta entre pontos GPS)
   🔒 Trajeto com offset: 1.163 km (linha reta entre pontos COM snap)
   📊 Diferença: -0.242 km (-17.2%)

======================================================================
📊 ESTATÍSTICAS FINAIS
======================================================================
Viagens processadas: 1
Distância total: 1.41 km
Combustível total: 12.46 l
CO2 real total: 28774.3 g
CO2 meta total: 271.4 g
Delta CO2: -28502.9 g
Valor E1 total: R$ -1.43

💰 Créditos: R$ 0.00
💸 Débitos: R$ 1.43
📈 Saldo líquido: R$ -1.43

🗺️  MAP MATCHING:
   Pontos processados: 131
   Snaps tentados: 131 (100.0%)
   Snaps bem-sucedidos: 131 (100.0%)
   Snaps forçados (>100m): 131 (100.0%)
   ✅ TODOS os pontos estão em ruas (FORCE_SNAP=True)
======================================================================

💾 Dados agregados salvos em: ../data/offset_batch/vehicles_step_sim_2/run_035.csv
[csv-worker_2] [vehicles_step_sim_2] ===== LOG RUN 035 FIM =====

[csv-worker_2] [vehicles_step_sim_2] ===== LOG RUN 036 INICIO =====
======================================================================
🚗 PROCESSAMENTO SUMO → E1 REGISTRY (OFFSET ALEATÓRIO - veh0)
======================================================================
📄 Entrada: ../data/vehicles_step_sim_2.csv
🏭 Consumo fabricante: 12.0 km/l
💰 Preço carbono: R$ 50.0/ton
⭕ Raio máximo do offset aleatório: 2.0 km
🎲 Offset gerado aleatoriamente:
   Ângulo: 19.3°
   Distância: 0.6756 km
   offset_x (lat): 0.005726°  |  offset_y (lon): 0.002010°
📊 Row stepping: Processando todas as linhas
🗺️  Map matching: ATIVADO (raio 1500m) - pontos snapped para ruas
📐 Cálculo de distância: HAVERSINE PURO dos pontos COM snap (consistência)
======================================================================

📊 Carregando dados SUMO...
   Total de registros no arquivo: 222
   Veículos únicos: 1
   🚙 Vehicle selecionado: carro_1000

🔄 Agregando viagens por vehicle_id...
  📐 SUMO_carro_1000: Calculando distâncias com Haversine direto (SEM routing API)
      Original: 324 pontos → 3.1629 km (Haversine)
      Offset:   324 pontos → 3.5237 km (Haversine)

🚙 Veículo: SUMO_carro_1000
   Modelo: HBEFA4/PC_petrol_Euro-6ab
   Segmentos: 324
   📏 Distância: 3.166 km (city: 3.024, highway: 0.142)
   ⛽ Combustível: 49.530 l
   🏭 CO2 real: 114414.1 g
   🎯 CO2 meta: 609.4 g
   📊 Delta: -113804.6 g
   💰 Valor E1: R$ -5.6902
   🧭 Tentativas map matching: 326

   🔑 OFFSET DETERMINÍSTICO (x=-0.008212928786114035°, y=0.009419904034938328°, max=2.0km):
   📍 Start Original:  (40.775644, -73.960687)
   🔒 Start Protegido: (40.767224, -73.950543) ✓ 1.21 km | ✓ MAP MATCHED
   📏 Deslocamento final: 1268.8 metros
   📍 End Original:    (40.772251, -73.963071)
   🔒 End Protegido:   (40.763936, -73.953183) ✓ 1.21 km | ✓ MAP MATCHED
   📏 Deslocamento final: 1245.6 metros

   📐 ANÁLISE DE DISTÂNCIA DO TRAJETO (HAVERSINE DOS PONTOS ARMAZENADOS):
   ✨ 266 pontos privados duplicados foram separados para garantir visualização 1:1.
   ℹ️  Dica: use --debug-map-matching para ver tentativas detalhadas de re-snap.
   🔢 Pontos unicos original/offset: 324/58 (Δ -266, -82.1% )
   📍 Trajeto original: 3.163 km (linha reta entre pontos GPS)
   🔒 Trajeto com offset: 3.524 km (linha reta entre pontos COM snap)
   📊 Diferença: +0.361 km (+11.4%)

======================================================================
📊 ESTATÍSTICAS FINAIS
======================================================================
Viagens processadas: 1
Distância total: 3.17 km
Combustível total: 49.53 l
CO2 real total: 114414.1 g
CO2 meta total: 609.4 g
Delta CO2: -113804.6 g
Valor E1 total: R$ -5.69

💰 Créditos: R$ 0.00
💸 Débitos: R$ 5.69
📈 Saldo líquido: R$ -5.69

🗺️  MAP MATCHING:
   Pontos processados: 324
   Snaps tentados: 324 (100.0%)
   Snaps bem-sucedidos: 324 (100.0%)
   Snaps forçados (>100m): 324 (100.0%)
   ✅ TODOS os pontos estão em ruas (FORCE_SNAP=True)
======================================================================

💾 Dados agregados salvos em: ../data/offset_batch/vehicles_step_sim_2/run_036.csv
[csv-worker_2] [vehicles_step_sim_2] ===== LOG RUN 036 FIM =====

[csv-worker_2] [vehicles_step_sim_2] ===== LOG RUN 037 INICIO =====
======================================================================
🚗 PROCESSAMENTO SUMO → E1 REGISTRY (OFFSET ALEATÓRIO - veh0)
======================================================================
📄 Entrada: ../data/vehicles_step_sim_2.csv
🏭 Consumo fabricante: 12.0 km/l
💰 Preço carbono: R$ 50.0/ton
⭕ Raio máximo do offset aleatório: 2.0 km
🎲 Offset gerado aleatoriamente:
   Ângulo: 291.4°
   Distância: 1.1321 km
   offset_x (lat): 0.003704°  |  offset_y (lon): -0.009471°
📊 Row stepping: Processando todas as linhas
🗺️  Map matching: ATIVADO (raio 1500m) - pontos snapped para ruas
📐 Cálculo de distância: HAVERSINE PURO dos pontos COM snap (consistência)
======================================================================

📊 Carregando dados SUMO...
   Total de registros no arquivo: 222
   Veículos únicos: 1
   🚙 Vehicle selecionado: carro_1000

🔄 Agregando viagens por vehicle_id...
  📐 SUMO_carro_1000: Calculando distâncias com Haversine direto (SEM routing API)
      Original: 337 pontos → 3.3706 km (Haversine)
      Offset:   337 pontos → 3.4094 km (Haversine)

🚙 Veículo: SUMO_carro_1000
   Modelo: HBEFA4/PC_petrol_Euro-6ab
   Segmentos: 337
   📏 Distância: 3.379 km (city: 3.069, highway: 0.310)
   ⛽ Combustível: 58.616 l
   🏭 CO2 real: 135402.3 g
   🎯 CO2 meta: 650.5 g
   📊 Delta: -134751.8 g
   💰 Valor E1: R$ -6.7376
   🧭 Tentativas map matching: 339

   🔑 OFFSET DETERMINÍSTICO (x=0.00222109384435418°, y=0.011331546488899977°, max=2.0km):
   📍 Start Original:  (40.775644, -73.960687)
   🔒 Start Protegido: (40.777612, -73.949024) ✓ 0.99 km | ✓ MAP MATCHED
   📏 Deslocamento final: 1007.3 metros
   📍 End Original:    (40.774801, -73.960637)
   🔒 End Protegido:   (40.776983, -73.949300) ✓ 0.99 km | ✓ MAP MATCHED
   📏 Deslocamento final: 986.1 metros

   📐 ANÁLISE DE DISTÂNCIA DO TRAJETO (HAVERSINE DOS PONTOS ARMAZENADOS):
   ✨ 293 pontos privados duplicados foram separados para garantir visualização 1:1.
   ℹ️  Dica: use --debug-map-matching para ver tentativas detalhadas de re-snap.
   🔢 Pontos unicos original/offset: 337/44 (Δ -293, -86.9% )
   📍 Trajeto original: 3.371 km (linha reta entre pontos GPS)
   🔒 Trajeto com offset: 3.409 km (linha reta entre pontos COM snap)
   📊 Diferença: +0.039 km (+1.2%)

======================================================================
📊 ESTATÍSTICAS FINAIS
======================================================================
Viagens processadas: 1
Distância total: 3.38 km
Combustível total: 58.62 l
CO2 real total: 135402.3 g
CO2 meta total: 650.5 g
Delta CO2: -134751.8 g
Valor E1 total: R$ -6.74

💰 Créditos: R$ 0.00
💸 Débitos: R$ 6.74
📈 Saldo líquido: R$ -6.74

🗺️  MAP MATCHING:
   Pontos processados: 337
   Snaps tentados: 337 (100.0%)
   Snaps bem-sucedidos: 337 (100.0%)
   Snaps forçados (>100m): 337 (100.0%)
   ✅ TODOS os pontos estão em ruas (FORCE_SNAP=True)
======================================================================

💾 Dados agregados salvos em: ../data/offset_batch/vehicles_step_sim_2/run_037.csv
[csv-worker_2] [vehicles_step_sim_2] ===== LOG RUN 037 FIM =====

[csv-worker_2] [vehicles_step_sim_2] ===== LOG RUN 038 INICIO =====
======================================================================
🚗 PROCESSAMENTO SUMO → E1 REGISTRY (OFFSET ALEATÓRIO - veh0)
======================================================================
📄 Entrada: ../data/vehicles_step_sim_2.csv
🏭 Consumo fabricante: 12.0 km/l
💰 Preço carbono: R$ 50.0/ton
⭕ Raio máximo do offset aleatório: 2.0 km
🎲 Offset gerado aleatoriamente:
   Ângulo: 75.4°
   Distância: 1.1787 km
   offset_x (lat): 0.002663°  |  offset_y (lon): 0.010248°
📊 Row stepping: Processando todas as linhas
🗺️  Map matching: ATIVADO (raio 1500m) - pontos snapped para ruas
📐 Cálculo de distância: HAVERSINE PURO dos pontos COM snap (consistência)
======================================================================

📊 Carregando dados SUMO...
   Total de registros no arquivo: 222
   Veículos únicos: 1
   🚙 Vehicle selecionado: carro_1000

🔄 Agregando viagens por vehicle_id...
  📐 SUMO_carro_1000: Calculando distâncias com Haversine direto (SEM routing API)
      Original: 155 pontos → 1.4242 km (Haversine)
      Offset:   155 pontos → 1.2367 km (Haversine)

🚙 Veículo: SUMO_carro_1000
   Modelo: HBEFA4/PC_petrol_Euro-6ab
   Segmentos: 155
   📏 Distância: 1.424 km (city: 1.424, highway: 0.000)
   ⛽ Combustível: 10.127 l
   🏭 CO2 real: 23393.7 g
   🎯 CO2 meta: 274.2 g
   📊 Delta: -23119.5 g
   💰 Valor E1: R$ -1.1560
   🧭 Tentativas map matching: 157

   🔑 OFFSET DETERMINÍSTICO (x=-0.014056570258797498°, y=0.001833447033741425°, max=2.0km):
   📍 Start Original:  (40.775644, -73.960687)
   🔒 Start Protegido: (40.761228, -73.958027) ✓ 1.57 km | ✓ MAP MATCHED
   📏 Deslocamento final: 1620.4 metros
   📍 End Original:    (40.775671, -73.960433)
   🔒 End Protegido:   (40.761228, -73.958027) ✓ 1.57 km | ✓ MAP MATCHED
   📏 Deslocamento final: 1620.6 metros

   📐 ANÁLISE DE DISTÂNCIA DO TRAJETO (HAVERSINE DOS PONTOS ARMAZENADOS):
   ✨ 119 pontos privados duplicados foram separados para garantir visualização 1:1.
   ℹ️  Dica: use --debug-map-matching para ver tentativas detalhadas de re-snap.
   🔢 Pontos unicos original/offset: 155/36 (Δ -119, -76.8% )
   📍 Trajeto original: 1.424 km (linha reta entre pontos GPS)
   🔒 Trajeto com offset: 1.237 km (linha reta entre pontos COM snap)
   📊 Diferença: -0.188 km (-13.2%)

======================================================================
📊 ESTATÍSTICAS FINAIS
======================================================================
Viagens processadas: 1
Distância total: 1.42 km
Combustível total: 10.13 l
CO2 real total: 23393.7 g
CO2 meta total: 274.2 g
Delta CO2: -23119.5 g
Valor E1 total: R$ -1.16

💰 Créditos: R$ 0.00
💸 Débitos: R$ 1.16
📈 Saldo líquido: R$ -1.16

🗺️  MAP MATCHING:
   Pontos processados: 155
   Snaps tentados: 155 (100.0%)
   Snaps bem-sucedidos: 155 (100.0%)
   Snaps forçados (>100m): 155 (100.0%)
   ✅ TODOS os pontos estão em ruas (FORCE_SNAP=True)
======================================================================

💾 Dados agregados salvos em: ../data/offset_batch/vehicles_step_sim_2/run_038.csv
[csv-worker_2] [vehicles_step_sim_2] ===== LOG RUN 038 FIM =====

[csv-worker_2] [vehicles_step_sim_2] ===== LOG RUN 039 INICIO =====
======================================================================
🚗 PROCESSAMENTO SUMO → E1 REGISTRY (OFFSET ALEATÓRIO - veh0)
======================================================================
📄 Entrada: ../data/vehicles_step_sim_2.csv
🏭 Consumo fabricante: 12.0 km/l
💰 Preço carbono: R$ 50.0/ton
⭕ Raio máximo do offset aleatório: 2.0 km
🎲 Offset gerado aleatoriamente:
   Ângulo: 183.7°
   Distância: 0.6799 km
   offset_x (lat): -0.006095°  |  offset_y (lon): -0.000398°
📊 Row stepping: Processando todas as linhas
🗺️  Map matching: ATIVADO (raio 1500m) - pontos snapped para ruas
📐 Cálculo de distância: HAVERSINE PURO dos pontos COM snap (consistência)
======================================================================

📊 Carregando dados SUMO...
   Total de registros no arquivo: 222
   Veículos únicos: 1
   🚙 Vehicle selecionado: carro_1000

🔄 Agregando viagens por vehicle_id...
  📐 SUMO_carro_1000: Calculando distâncias com Haversine direto (SEM routing API)
      Original: 324 pontos → 3.1629 km (Haversine)
      Offset:   324 pontos → 3.7389 km (Haversine)

🚙 Veículo: SUMO_carro_1000
   Modelo: HBEFA4/PC_petrol_Euro-6ab
   Segmentos: 324
   📏 Distância: 3.166 km (city: 3.024, highway: 0.142)
   ⛽ Combustível: 49.530 l
   🏭 CO2 real: 114414.1 g
   🎯 CO2 meta: 609.4 g
   📊 Delta: -113804.6 g
   💰 Valor E1: R$ -5.6902
   🧭 Tentativas map matching: 326

   🔑 OFFSET DETERMINÍSTICO (x=0.011496398550145583°, y=0.011277251640849277°, max=2.0km):
   📍 Start Original:  (40.775644, -73.960687)
   🔒 Start Protegido: (40.787149, -73.949898) ✓ 1.59 km | ✓ MAP MATCHED
   📏 Deslocamento final: 1570.8 metros
   📍 End Original:    (40.772251, -73.963071)
   🔒 End Protegido:   (40.783895, -73.952242) ✓ 1.59 km | ✓ MAP MATCHED
   📏 Deslocamento final: 1585.5 metros

   📐 ANÁLISE DE DISTÂNCIA DO TRAJETO (HAVERSINE DOS PONTOS ARMAZENADOS):
   ✨ 260 pontos privados duplicados foram separados para garantir visualização 1:1.
   ℹ️  Dica: use --debug-map-matching para ver tentativas detalhadas de re-snap.
   🔢 Pontos unicos original/offset: 324/64 (Δ -260, -80.2% )
   📍 Trajeto original: 3.163 km (linha reta entre pontos GPS)
   🔒 Trajeto com offset: 3.739 km (linha reta entre pontos COM snap)
   📊 Diferença: +0.576 km (+18.2%)

======================================================================
📊 ESTATÍSTICAS FINAIS
======================================================================
Viagens processadas: 1
Distância total: 3.17 km
Combustível total: 49.53 l
CO2 real total: 114414.1 g
CO2 meta total: 609.4 g
Delta CO2: -113804.6 g
Valor E1 total: R$ -5.69

💰 Créditos: R$ 0.00
💸 Débitos: R$ 5.69
📈 Saldo líquido: R$ -5.69

🗺️  MAP MATCHING:
   Pontos processados: 324
   Snaps tentados: 324 (100.0%)
   Snaps bem-sucedidos: 324 (100.0%)
   Snaps forçados (>100m): 324 (100.0%)
   ✅ TODOS os pontos estão em ruas (FORCE_SNAP=True)
======================================================================

💾 Dados agregados salvos em: ../data/offset_batch/vehicles_step_sim_2/run_039.csv
[csv-worker_2] [vehicles_step_sim_2] ===== LOG RUN 039 FIM =====

[csv-worker_2] [vehicles_step_sim_2] ===== LOG RUN 040 INICIO =====
======================================================================
🚗 PROCESSAMENTO SUMO → E1 REGISTRY (OFFSET ALEATÓRIO - veh0)
======================================================================
📄 Entrada: ../data/vehicles_step_sim_2.csv
🏭 Consumo fabricante: 12.0 km/l
💰 Preço carbono: R$ 50.0/ton
⭕ Raio máximo do offset aleatório: 2.0 km
🎲 Offset gerado aleatoriamente:
   Ângulo: 82.4°
   Distância: 0.5892 km
   offset_x (lat): 0.000697°  |  offset_y (lon): 0.005246°
📊 Row stepping: Processando todas as linhas
🗺️  Map matching: ATIVADO (raio 1500m) - pontos snapped para ruas
📐 Cálculo de distância: HAVERSINE PURO dos pontos COM snap (consistência)
======================================================================

📊 Carregando dados SUMO...
   Total de registros no arquivo: 222
   Veículos únicos: 1
   🚙 Vehicle selecionado: carro_1000

🔄 Agregando viagens por vehicle_id...
  📐 SUMO_carro_1000: Calculando distâncias com Haversine direto (SEM routing API)
      Original: 337 pontos → 3.3706 km (Haversine)
      Offset:   337 pontos → 3.5971 km (Haversine)

🚙 Veículo: SUMO_carro_1000
   Modelo: HBEFA4/PC_petrol_Euro-6ab
   Segmentos: 337
   📏 Distância: 3.379 km (city: 3.069, highway: 0.310)
   ⛽ Combustível: 58.616 l
   🏭 CO2 real: 135402.3 g
   🎯 CO2 meta: 650.5 g
   📊 Delta: -134751.8 g
   💰 Valor E1: R$ -6.7376
   🧭 Tentativas map matching: 339

   🔑 OFFSET DETERMINÍSTICO (x=-0.0022126566856984766°, y=-0.01326288014186047°, max=2.0km):
   📍 Start Original:  (40.775644, -73.960687)
   🔒 Start Protegido: (40.774662, -73.977108) ✓ 1.14 km | ✓ MAP MATCHED
   📏 Deslocamento final: 1388.6 metros
   📍 End Original:    (40.774801, -73.960637)
   🔒 End Protegido:   (40.770684, -73.975952) ✓ 1.14 km | ✓ MAP MATCHED
   📏 Deslocamento final: 1370.0 metros

   📐 ANÁLISE DE DISTÂNCIA DO TRAJETO (HAVERSINE DOS PONTOS ARMAZENADOS):
   ✨ 312 pontos privados duplicados foram separados para garantir visualização 1:1.
   ℹ️  Dica: use --debug-map-matching para ver tentativas detalhadas de re-snap.
   🔢 Pontos unicos original/offset: 337/25 (Δ -312, -92.6% )
   📍 Trajeto original: 3.371 km (linha reta entre pontos GPS)
   🔒 Trajeto com offset: 3.597 km (linha reta entre pontos COM snap)
   📊 Diferença: +0.226 km (+6.7%)

======================================================================
📊 ESTATÍSTICAS FINAIS
======================================================================
Viagens processadas: 1
Distância total: 3.38 km
Combustível total: 58.62 l
CO2 real total: 135402.3 g
CO2 meta total: 650.5 g
Delta CO2: -134751.8 g
Valor E1 total: R$ -6.74

💰 Créditos: R$ 0.00
💸 Débitos: R$ 6.74
📈 Saldo líquido: R$ -6.74

🗺️  MAP MATCHING:
   Pontos processados: 337
   Snaps tentados: 337 (100.0%)
   Snaps bem-sucedidos: 337 (100.0%)
   Snaps forçados (>100m): 337 (100.0%)
   ✅ TODOS os pontos estão em ruas (FORCE_SNAP=True)
======================================================================

💾 Dados agregados salvos em: ../data/offset_batch/vehicles_step_sim_2/run_040.csv
[csv-worker_2] [vehicles_step_sim_2] ===== LOG RUN 040 FIM =====

[csv-worker_2] [vehicles_step_sim_2] ===== LOG RUN 041 INICIO =====
======================================================================
🚗 PROCESSAMENTO SUMO → E1 REGISTRY (OFFSET ALEATÓRIO - veh0)
======================================================================
📄 Entrada: ../data/vehicles_step_sim_2.csv
🏭 Consumo fabricante: 12.0 km/l
💰 Preço carbono: R$ 50.0/ton
⭕ Raio máximo do offset aleatório: 2.0 km
🎲 Offset gerado aleatoriamente:
   Ângulo: 232.7°
   Distância: 1.3245 km
   offset_x (lat): -0.007205°  |  offset_y (lon): -0.009469°
📊 Row stepping: Processando todas as linhas
🗺️  Map matching: ATIVADO (raio 1500m) - pontos snapped para ruas
📐 Cálculo de distância: HAVERSINE PURO dos pontos COM snap (consistência)
======================================================================

📊 Carregando dados SUMO...
   Total de registros no arquivo: 222
   Veículos únicos: 1
   🚙 Vehicle selecionado: carro_1000

🔄 Agregando viagens por vehicle_id...
  📐 SUMO_carro_1000: Calculando distâncias com Haversine direto (SEM routing API)
      Original: 155 pontos → 1.4242 km (Haversine)
      Offset:   155 pontos → 1.5701 km (Haversine)

🚙 Veículo: SUMO_carro_1000
   Modelo: HBEFA4/PC_petrol_Euro-6ab
   Segmentos: 155
   📏 Distância: 1.424 km (city: 1.424, highway: 0.000)
   ⛽ Combustível: 10.127 l
   🏭 CO2 real: 23393.7 g
   🎯 CO2 meta: 274.2 g
   📊 Delta: -23119.5 g
   💰 Valor E1: R$ -1.1560
   🧭 Tentativas map matching: 157

   🔑 OFFSET DETERMINÍSTICO (x=0.006511353018107796°, y=0.008882005774431916°, max=2.0km):
   📍 Start Original:  (40.775644, -73.960687)
   🔒 Start Protegido: (40.782075, -73.951792) ✓ 1.04 km | ✓ MAP MATCHED
   📏 Deslocamento final: 1036.7 metros
   📍 End Original:    (40.775671, -73.960433)
   🔒 End Protegido:   (40.782071, -73.951610) ✓ 1.04 km | ✓ MAP MATCHED
   📏 Deslocamento final: 1029.9 metros

   📐 ANÁLISE DE DISTÂNCIA DO TRAJETO (HAVERSINE DOS PONTOS ARMAZENADOS):
   ✨ 121 pontos privados duplicados foram separados para garantir visualização 1:1.
   ℹ️  Dica: use --debug-map-matching para ver tentativas detalhadas de re-snap.
   🔢 Pontos unicos original/offset: 155/34 (Δ -121, -78.1% )
   📍 Trajeto original: 1.424 km (linha reta entre pontos GPS)
   🔒 Trajeto com offset: 1.570 km (linha reta entre pontos COM snap)
   📊 Diferença: +0.146 km (+10.2%)

======================================================================
📊 ESTATÍSTICAS FINAIS
======================================================================
Viagens processadas: 1
Distância total: 1.42 km
Combustível total: 10.13 l
CO2 real total: 23393.7 g
CO2 meta total: 274.2 g
Delta CO2: -23119.5 g
Valor E1 total: R$ -1.16

💰 Créditos: R$ 0.00
💸 Débitos: R$ 1.16
📈 Saldo líquido: R$ -1.16

🗺️  MAP MATCHING:
   Pontos processados: 155
   Snaps tentados: 155 (100.0%)
   Snaps bem-sucedidos: 155 (100.0%)
   Snaps forçados (>100m): 155 (100.0%)
   ✅ TODOS os pontos estão em ruas (FORCE_SNAP=True)
======================================================================

💾 Dados agregados salvos em: ../data/offset_batch/vehicles_step_sim_2/run_041.csv
[csv-worker_2] [vehicles_step_sim_2] ===== LOG RUN 041 FIM =====

[csv-worker_2] [vehicles_step_sim_2] ===== LOG RUN 042 INICIO =====
======================================================================
🚗 PROCESSAMENTO SUMO → E1 REGISTRY (OFFSET ALEATÓRIO - veh0)
======================================================================
📄 Entrada: ../data/vehicles_step_sim_2.csv
🏭 Consumo fabricante: 12.0 km/l
💰 Preço carbono: R$ 50.0/ton
⭕ Raio máximo do offset aleatório: 2.0 km
🎲 Offset gerado aleatoriamente:
   Ângulo: 219.5°
   Distância: 1.7863 km
   offset_x (lat): -0.012390°  |  offset_y (lon): -0.010196°
📊 Row stepping: Processando todas as linhas
🗺️  Map matching: ATIVADO (raio 1500m) - pontos snapped para ruas
📐 Cálculo de distância: HAVERSINE PURO dos pontos COM snap (consistência)
======================================================================

📊 Carregando dados SUMO...
   Total de registros no arquivo: 222
   Veículos únicos: 1
   🚙 Vehicle selecionado: carro_1000

🔄 Agregando viagens por vehicle_id...
  📐 SUMO_carro_1000: Calculando distâncias com Haversine direto (SEM routing API)
      Original: 312 pontos → 3.1845 km (Haversine)
      Offset:   312 pontos → 4.0941 km (Haversine)

🚙 Veículo: SUMO_carro_1000
   Modelo: HBEFA4/PC_petrol_Euro-6ab
   Segmentos: 312
   📏 Distância: 3.190 km (city: 2.602, highway: 0.587)
   ⛽ Combustível: 54.577 l
   🏭 CO2 real: 126071.8 g
   🎯 CO2 meta: 614.1 g
   📊 Delta: -125457.8 g
   💰 Valor E1: R$ -6.2729
   🧭 Tentativas map matching: 314

   🔑 OFFSET DETERMINÍSTICO (x=-0.00028974767245158284°, y=-0.01234328970697224°, max=2.0km):
   📍 Start Original:  (40.775644, -73.960687)
   🔒 Start Protegido: (40.776518, -73.975750) ✓ 1.04 km | ✓ MAP MATCHED
   📏 Deslocamento final: 1273.6 metros
   📍 End Original:    (40.771637, -73.963520)
   🔒 End Protegido:   (40.770786, -73.976129) ✓ 1.04 km | ✓ MAP MATCHED
   📏 Deslocamento final: 1067.2 metros

   📐 ANÁLISE DE DISTÂNCIA DO TRAJETO (HAVERSINE DOS PONTOS ARMAZENADOS):
   ✨ 276 pontos privados duplicados foram separados para garantir visualização 1:1.
   ℹ️  Dica: use --debug-map-matching para ver tentativas detalhadas de re-snap.
   🔢 Pontos unicos original/offset: 312/36 (Δ -276, -88.5% )
   📍 Trajeto original: 3.185 km (linha reta entre pontos GPS)
   🔒 Trajeto com offset: 4.094 km (linha reta entre pontos COM snap)
   📊 Diferença: +0.910 km (+28.6%)

======================================================================
📊 ESTATÍSTICAS FINAIS
======================================================================
Viagens processadas: 1
Distância total: 3.19 km
Combustível total: 54.58 l
CO2 real total: 126071.8 g
CO2 meta total: 614.1 g
Delta CO2: -125457.8 g
Valor E1 total: R$ -6.27

💰 Créditos: R$ 0.00
💸 Débitos: R$ 6.27
📈 Saldo líquido: R$ -6.27

🗺️  MAP MATCHING:
   Pontos processados: 312
   Snaps tentados: 312 (100.0%)
   Snaps bem-sucedidos: 312 (100.0%)
   Snaps forçados (>100m): 312 (100.0%)
   ✅ TODOS os pontos estão em ruas (FORCE_SNAP=True)
======================================================================

💾 Dados agregados salvos em: ../data/offset_batch/vehicles_step_sim_2/run_042.csv
[csv-worker_2] [vehicles_step_sim_2] ===== LOG RUN 042 FIM =====

[csv-worker_2] [vehicles_step_sim_2] ===== LOG RUN 043 INICIO =====
======================================================================
🚗 PROCESSAMENTO SUMO → E1 REGISTRY (OFFSET ALEATÓRIO - veh0)
======================================================================
📄 Entrada: ../data/vehicles_step_sim_2.csv
🏭 Consumo fabricante: 12.0 km/l
💰 Preço carbono: R$ 50.0/ton
⭕ Raio máximo do offset aleatório: 2.0 km
🎲 Offset gerado aleatoriamente:
   Ângulo: 63.4°
   Distância: 1.9205 km
   offset_x (lat): 0.007730°  |  offset_y (lon): 0.015423°
📊 Row stepping: Processando todas as linhas
🗺️  Map matching: ATIVADO (raio 1500m) - pontos snapped para ruas
📐 Cálculo de distância: HAVERSINE PURO dos pontos COM snap (consistência)
======================================================================

📊 Carregando dados SUMO...
   Total de registros no arquivo: 222
   Veículos únicos: 1
   🚙 Vehicle selecionado: carro_1000

🔄 Agregando viagens por vehicle_id...
  📐 SUMO_carro_1000: Calculando distâncias com Haversine direto (SEM routing API)
      Original: 131 pontos → 1.4055 km (Haversine)
      Offset:   131 pontos → 1.4942 km (Haversine)

🚙 Veículo: SUMO_carro_1000
   Modelo: HBEFA4/PC_petrol_Euro-6ab
   Segmentos: 131
   📏 Distância: 1.410 km (city: 1.410, highway: 0.000)
   ⛽ Combustível: 12.456 l
   🏭 CO2 real: 28774.3 g
   🎯 CO2 meta: 271.4 g
   📊 Delta: -28502.9 g
   💰 Valor E1: R$ -1.4251
   🧭 Tentativas map matching: 133

   🔑 OFFSET DETERMINÍSTICO (x=0.008522860209344764°, y=0.007020670157078152°, max=2.0km):
   📍 Start Original:  (40.775644, -73.960687)
   🔒 Start Protegido: (40.784541, -73.953762) ✓ 1.12 km | ✓ MAP MATCHED
   📏 Deslocamento final: 1149.7 metros
   📍 End Original:    (40.772974, -73.962198)
   🔒 End Protegido:   (40.782030, -73.955591) ✓ 1.12 km | ✓ MAP MATCHED
   📏 Deslocamento final: 1151.8 metros

   📐 ANÁLISE DE DISTÂNCIA DO TRAJETO (HAVERSINE DOS PONTOS ARMAZENADOS):
   ✨ 111 pontos privados duplicados foram separados para garantir visualização 1:1.
   ℹ️  Dica: use --debug-map-matching para ver tentativas detalhadas de re-snap.
   🔢 Pontos unicos original/offset: 130/20 (Δ -110, -84.6% )
   📍 Trajeto original: 1.405 km (linha reta entre pontos GPS)
   🔒 Trajeto com offset: 1.494 km (linha reta entre pontos COM snap)
   📊 Diferença: +0.089 km (+6.3%)

======================================================================
📊 ESTATÍSTICAS FINAIS
======================================================================
Viagens processadas: 1
Distância total: 1.41 km
Combustível total: 12.46 l
CO2 real total: 28774.3 g
CO2 meta total: 271.4 g
Delta CO2: -28502.9 g
Valor E1 total: R$ -1.43

💰 Créditos: R$ 0.00
💸 Débitos: R$ 1.43
📈 Saldo líquido: R$ -1.43

🗺️  MAP MATCHING:
   Pontos processados: 131
   Snaps tentados: 131 (100.0%)
   Snaps bem-sucedidos: 131 (100.0%)
   Snaps forçados (>100m): 131 (100.0%)
   ✅ TODOS os pontos estão em ruas (FORCE_SNAP=True)
======================================================================

💾 Dados agregados salvos em: ../data/offset_batch/vehicles_step_sim_2/run_043.csv
[csv-worker_2] [vehicles_step_sim_2] ===== LOG RUN 043 FIM =====

[csv-worker_2] [vehicles_step_sim_2] ===== LOG RUN 044 INICIO =====
======================================================================
🚗 PROCESSAMENTO SUMO → E1 REGISTRY (OFFSET ALEATÓRIO - veh0)
======================================================================
📄 Entrada: ../data/vehicles_step_sim_2.csv
🏭 Consumo fabricante: 12.0 km/l
💰 Preço carbono: R$ 50.0/ton
⭕ Raio máximo do offset aleatório: 2.0 km
🎲 Offset gerado aleatoriamente:
   Ângulo: 316.5°
   Distância: 1.4069 km
   offset_x (lat): 0.009167°  |  offset_y (lon): -0.008701°
📊 Row stepping: Processando todas as linhas
🗺️  Map matching: ATIVADO (raio 1500m) - pontos snapped para ruas
📐 Cálculo de distância: HAVERSINE PURO dos pontos COM snap (consistência)
======================================================================

📊 Carregando dados SUMO...
   Total de registros no arquivo: 222
   Veículos únicos: 1
   🚙 Vehicle selecionado: carro_1000

🔄 Agregando viagens por vehicle_id...
  📐 SUMO_carro_1000: Calculando distâncias com Haversine direto (SEM routing API)
      Original: 155 pontos → 1.4242 km (Haversine)
      Offset:   155 pontos → 1.8568 km (Haversine)

🚙 Veículo: SUMO_carro_1000
   Modelo: HBEFA4/PC_petrol_Euro-6ab
   Segmentos: 155
   📏 Distância: 1.424 km (city: 1.424, highway: 0.000)
   ⛽ Combustível: 10.127 l
   🏭 CO2 real: 23393.7 g
   🎯 CO2 meta: 274.2 g
   📊 Delta: -23119.5 g
   💰 Valor E1: R$ -1.1560
   🧭 Tentativas map matching: 157

   🔑 OFFSET DETERMINÍSTICO (x=-0.009903771644997145°, y=0.00843433978606192°, max=2.0km):
   📍 Start Original:  (40.775644, -73.960687)
   🔒 Start Protegido: (40.765581, -73.951851) ✓ 1.31 km | ✓ MAP MATCHED
   📏 Deslocamento final: 1345.2 metros
   📍 End Original:    (40.775671, -73.960433)
   🔒 End Protegido:   (40.765608, -73.951827) ✓ 1.31 km | ✓ MAP MATCHED
   📏 Deslocamento final: 1334.6 metros

   📐 ANÁLISE DE DISTÂNCIA DO TRAJETO (HAVERSINE DOS PONTOS ARMAZENADOS):
   ✨ 111 pontos privados duplicados foram separados para garantir visualização 1:1.
   ℹ️  Dica: use --debug-map-matching para ver tentativas detalhadas de re-snap.
   🔢 Pontos unicos original/offset: 155/44 (Δ -111, -71.6% )
   📍 Trajeto original: 1.424 km (linha reta entre pontos GPS)
   🔒 Trajeto com offset: 1.857 km (linha reta entre pontos COM snap)
   📊 Diferença: +0.433 km (+30.4%)

======================================================================
📊 ESTATÍSTICAS FINAIS
======================================================================
Viagens processadas: 1
Distância total: 1.42 km
Combustível total: 10.13 l
CO2 real total: 23393.7 g
CO2 meta total: 274.2 g
Delta CO2: -23119.5 g
Valor E1 total: R$ -1.16

💰 Créditos: R$ 0.00
💸 Débitos: R$ 1.16
📈 Saldo líquido: R$ -1.16

🗺️  MAP MATCHING:
   Pontos processados: 155
   Snaps tentados: 155 (100.0%)
   Snaps bem-sucedidos: 155 (100.0%)
   Snaps forçados (>100m): 155 (100.0%)
   ✅ TODOS os pontos estão em ruas (FORCE_SNAP=True)
======================================================================

💾 Dados agregados salvos em: ../data/offset_batch/vehicles_step_sim_2/run_044.csv
[csv-worker_2] [vehicles_step_sim_2] ===== LOG RUN 044 FIM =====

[csv-worker_2] [vehicles_step_sim_2] ===== LOG RUN 045 INICIO =====
======================================================================
🚗 PROCESSAMENTO SUMO → E1 REGISTRY (OFFSET ALEATÓRIO - veh0)
======================================================================
📄 Entrada: ../data/vehicles_step_sim_2.csv
🏭 Consumo fabricante: 12.0 km/l
💰 Preço carbono: R$ 50.0/ton
⭕ Raio máximo do offset aleatório: 2.0 km
🎲 Offset gerado aleatoriamente:
   Ângulo: 227.3°
   Distância: 1.2711 km
   offset_x (lat): -0.007738°  |  offset_y (lon): -0.008397°
📊 Row stepping: Processando todas as linhas
🗺️  Map matching: ATIVADO (raio 1500m) - pontos snapped para ruas
📐 Cálculo de distância: HAVERSINE PURO dos pontos COM snap (consistência)
======================================================================

📊 Carregando dados SUMO...
   Total de registros no arquivo: 222
   Veículos únicos: 1
   🚙 Vehicle selecionado: carro_1000

🔄 Agregando viagens por vehicle_id...
  📐 SUMO_carro_1000: Calculando distâncias com Haversine direto (SEM routing API)
      Original: 312 pontos → 3.1845 km (Haversine)
      Offset:   312 pontos → 3.1812 km (Haversine)

🚙 Veículo: SUMO_carro_1000
   Modelo: HBEFA4/PC_petrol_Euro-6ab
   Segmentos: 312
   📏 Distância: 3.190 km (city: 2.602, highway: 0.587)
   ⛽ Combustível: 54.577 l
   🏭 CO2 real: 126071.8 g
   🎯 CO2 meta: 614.1 g
   📊 Delta: -125457.8 g
   💰 Valor E1: R$ -6.2729
   🧭 Tentativas map matching: 314

   🔑 OFFSET DETERMINÍSTICO (x=-0.011813670502882746°, y=-0.011408632136598314°, max=2.0km):
   📍 Start Original:  (40.775644, -73.960687)
   🔒 Start Protegido: (40.763888, -73.972116) ✓ 1.63 km | ✓ MAP MATCHED
   📏 Deslocamento final: 1625.1 metros
   📍 End Original:    (40.771637, -73.963520)
   🔒 End Protegido:   (40.759778, -73.974341) ✓ 1.63 km | ✓ MAP MATCHED
   📏 Deslocamento final: 1604.6 metros

   📐 ANÁLISE DE DISTÂNCIA DO TRAJETO (HAVERSINE DOS PONTOS ARMAZENADOS):
   ✨ 261 pontos privados duplicados foram separados para garantir visualização 1:1.
   ℹ️  Dica: use --debug-map-matching para ver tentativas detalhadas de re-snap.
   🔢 Pontos unicos original/offset: 312/51 (Δ -261, -83.7% )
   📍 Trajeto original: 3.185 km (linha reta entre pontos GPS)
   🔒 Trajeto com offset: 3.181 km (linha reta entre pontos COM snap)
   📊 Diferença: -0.003 km (-0.1%)

======================================================================
📊 ESTATÍSTICAS FINAIS
======================================================================
Viagens processadas: 1
Distância total: 3.19 km
Combustível total: 54.58 l
CO2 real total: 126071.8 g
CO2 meta total: 614.1 g
Delta CO2: -125457.8 g
Valor E1 total: R$ -6.27

💰 Créditos: R$ 0.00
💸 Débitos: R$ 6.27
📈 Saldo líquido: R$ -6.27

🗺️  MAP MATCHING:
   Pontos processados: 312
   Snaps tentados: 312 (100.0%)
   Snaps bem-sucedidos: 312 (100.0%)
   Snaps forçados (>100m): 312 (100.0%)
   ✅ TODOS os pontos estão em ruas (FORCE_SNAP=True)
======================================================================

💾 Dados agregados salvos em: ../data/offset_batch/vehicles_step_sim_2/run_045.csv
[csv-worker_2] [vehicles_step_sim_2] ===== LOG RUN 045 FIM =====

[csv-worker_2] [vehicles_step_sim_2] ===== LOG RUN 046 INICIO =====
======================================================================
🚗 PROCESSAMENTO SUMO → E1 REGISTRY (OFFSET ALEATÓRIO - veh0)
======================================================================
📄 Entrada: ../data/vehicles_step_sim_2.csv
🏭 Consumo fabricante: 12.0 km/l
💰 Preço carbono: R$ 50.0/ton
⭕ Raio máximo do offset aleatório: 2.0 km
🎲 Offset gerado aleatoriamente:
   Ângulo: 321.6°
   Distância: 1.5623 km
   offset_x (lat): 0.010993°  |  offset_y (lon): -0.008724°
📊 Row stepping: Processando todas as linhas
🗺️  Map matching: ATIVADO (raio 1500m) - pontos snapped para ruas
📐 Cálculo de distância: HAVERSINE PURO dos pontos COM snap (consistência)
======================================================================

📊 Carregando dados SUMO...
   Total de registros no arquivo: 222
   Veículos únicos: 1
   🚙 Vehicle selecionado: carro_1000

🔄 Agregando viagens por vehicle_id...
  📐 SUMO_carro_1000: Calculando distâncias com Haversine direto (SEM routing API)
      Original: 155 pontos → 1.4242 km (Haversine)
      Offset:   155 pontos → 1.5920 km (Haversine)

🚙 Veículo: SUMO_carro_1000
   Modelo: HBEFA4/PC_petrol_Euro-6ab
   Segmentos: 155
   📏 Distância: 1.424 km (city: 1.424, highway: 0.000)
   ⛽ Combustível: 10.127 l
   🏭 CO2 real: 23393.7 g
   🎯 CO2 meta: 274.2 g
   📊 Delta: -23119.5 g
   💰 Valor E1: R$ -1.1560
   🧭 Tentativas map matching: 157

   🔑 OFFSET DETERMINÍSTICO (x=0.004298338650964208°, y=0.005731912070079456°, max=2.0km):
   📍 Start Original:  (40.775644, -73.960687)
   🔒 Start Protegido: (40.780132, -73.954993) ✓ 0.68 km | ✓ MAP MATCHED
   📏 Deslocamento final: 692.9 metros
   📍 End Original:    (40.775671, -73.960433)
   🔒 End Protegido:   (40.780132, -73.954993) ✓ 0.68 km | ✓ MAP MATCHED
   📏 Deslocamento final: 676.0 metros

   📐 ANÁLISE DE DISTÂNCIA DO TRAJETO (HAVERSINE DOS PONTOS ARMAZENADOS):
   ✨ 123 pontos privados duplicados foram separados para garantir visualização 1:1.
   ℹ️  Dica: use --debug-map-matching para ver tentativas detalhadas de re-snap.
   🔢 Pontos unicos original/offset: 155/32 (Δ -123, -79.4% )
   📍 Trajeto original: 1.424 km (linha reta entre pontos GPS)
   🔒 Trajeto com offset: 1.592 km (linha reta entre pontos COM snap)
   📊 Diferença: +0.168 km (+11.8%)

======================================================================
📊 ESTATÍSTICAS FINAIS
======================================================================
Viagens processadas: 1
Distância total: 1.42 km
Combustível total: 10.13 l
CO2 real total: 23393.7 g
CO2 meta total: 274.2 g
Delta CO2: -23119.5 g
Valor E1 total: R$ -1.16

💰 Créditos: R$ 0.00
💸 Débitos: R$ 1.16
📈 Saldo líquido: R$ -1.16

🗺️  MAP MATCHING:
   Pontos processados: 155
   Snaps tentados: 155 (100.0%)
   Snaps bem-sucedidos: 155 (100.0%)
   Snaps forçados (>100m): 155 (100.0%)
   ✅ TODOS os pontos estão em ruas (FORCE_SNAP=True)
======================================================================

💾 Dados agregados salvos em: ../data/offset_batch/vehicles_step_sim_2/run_046.csv
[csv-worker_2] [vehicles_step_sim_2] ===== LOG RUN 046 FIM =====

[csv-worker_2] [vehicles_step_sim_2] ===== LOG RUN 047 INICIO =====
======================================================================
🚗 PROCESSAMENTO SUMO → E1 REGISTRY (OFFSET ALEATÓRIO - veh0)
======================================================================
📄 Entrada: ../data/vehicles_step_sim_2.csv
🏭 Consumo fabricante: 12.0 km/l
💰 Preço carbono: R$ 50.0/ton
⭕ Raio máximo do offset aleatório: 2.0 km
🎲 Offset gerado aleatoriamente:
   Ângulo: 55.7°
   Distância: 0.8974 km
   offset_x (lat): 0.004546°  |  offset_y (lon): 0.006657°
📊 Row stepping: Processando todas as linhas
🗺️  Map matching: ATIVADO (raio 1500m) - pontos snapped para ruas
📐 Cálculo de distância: HAVERSINE PURO dos pontos COM snap (consistência)
======================================================================

📊 Carregando dados SUMO...
   Total de registros no arquivo: 222
   Veículos únicos: 1
   🚙 Vehicle selecionado: carro_1000

🔄 Agregando viagens por vehicle_id...
  📐 SUMO_carro_1000: Calculando distâncias com Haversine direto (SEM routing API)
      Original: 337 pontos → 3.3706 km (Haversine)
      Offset:   337 pontos → 3.4689 km (Haversine)

🚙 Veículo: SUMO_carro_1000
   Modelo: HBEFA4/PC_petrol_Euro-6ab
   Segmentos: 337
   📏 Distância: 3.379 km (city: 3.069, highway: 0.310)
   ⛽ Combustível: 58.616 l
   🏭 CO2 real: 135402.3 g
   🎯 CO2 meta: 650.5 g
   📊 Delta: -134751.8 g
   💰 Valor E1: R$ -6.7376
   🧭 Tentativas map matching: 339

   🔑 OFFSET DETERMINÍSTICO (x=-9.462318549903725e-06°, y=0.013806758786308363°, max=2.0km):
   📍 Start Original:  (40.775644, -73.960687)
   🔒 Start Protegido: (40.775878, -73.946995) ✓ 1.16 km | ✓ MAP MATCHED
   📏 Deslocamento final: 1154.6 metros
   📍 End Original:    (40.774801, -73.960637)
   🔒 End Protegido:   (40.775192, -73.947496) ✓ 1.16 km | ✓ MAP MATCHED
   📏 Deslocamento final: 1108.6 metros

   📐 ANÁLISE DE DISTÂNCIA DO TRAJETO (HAVERSINE DOS PONTOS ARMAZENADOS):
   ✨ 277 pontos privados duplicados foram separados para garantir visualização 1:1.
   ℹ️  Dica: use --debug-map-matching para ver tentativas detalhadas de re-snap.
   🔢 Pontos unicos original/offset: 337/60 (Δ -277, -82.2% )
   📍 Trajeto original: 3.371 km (linha reta entre pontos GPS)
   🔒 Trajeto com offset: 3.469 km (linha reta entre pontos COM snap)
   📊 Diferença: +0.098 km (+2.9%)

======================================================================
📊 ESTATÍSTICAS FINAIS
======================================================================
Viagens processadas: 1
Distância total: 3.38 km
Combustível total: 58.62 l
CO2 real total: 135402.3 g
CO2 meta total: 650.5 g
Delta CO2: -134751.8 g
Valor E1 total: R$ -6.74

💰 Créditos: R$ 0.00
💸 Débitos: R$ 6.74
📈 Saldo líquido: R$ -6.74

🗺️  MAP MATCHING:
   Pontos processados: 337
   Snaps tentados: 337 (100.0%)
   Snaps bem-sucedidos: 337 (100.0%)
   Snaps forçados (>100m): 337 (100.0%)
   ✅ TODOS os pontos estão em ruas (FORCE_SNAP=True)
======================================================================

💾 Dados agregados salvos em: ../data/offset_batch/vehicles_step_sim_2/run_047.csv
[csv-worker_2] [vehicles_step_sim_2] ===== LOG RUN 047 FIM =====

[csv-worker_2] [vehicles_step_sim_2] ===== LOG RUN 048 INICIO =====
======================================================================
🚗 PROCESSAMENTO SUMO → E1 REGISTRY (OFFSET ALEATÓRIO - veh0)
======================================================================
📄 Entrada: ../data/vehicles_step_sim_2.csv
🏭 Consumo fabricante: 12.0 km/l
💰 Preço carbono: R$ 50.0/ton
⭕ Raio máximo do offset aleatório: 2.0 km
🎲 Offset gerado aleatoriamente:
   Ângulo: 156.7°
   Distância: 1.0812 km
   offset_x (lat): -0.008924°  |  offset_y (lon): 0.003834°
📊 Row stepping: Processando todas as linhas
🗺️  Map matching: ATIVADO (raio 1500m) - pontos snapped para ruas
📐 Cálculo de distância: HAVERSINE PURO dos pontos COM snap (consistência)
======================================================================

📊 Carregando dados SUMO...
   Total de registros no arquivo: 222
   Veículos únicos: 1
   🚙 Vehicle selecionado: carro_1000

🔄 Agregando viagens por vehicle_id...
  📐 SUMO_carro_1000: Calculando distâncias com Haversine direto (SEM routing API)
      Original: 155 pontos → 1.4242 km (Haversine)
      Offset:   155 pontos → 1.8252 km (Haversine)

🚙 Veículo: SUMO_carro_1000
   Modelo: HBEFA4/PC_petrol_Euro-6ab
   Segmentos: 155
   📏 Distância: 1.424 km (city: 1.424, highway: 0.000)
   ⛽ Combustível: 10.127 l
   🏭 CO2 real: 23393.7 g
   🎯 CO2 meta: 274.2 g
   📊 Delta: -23119.5 g
   💰 Valor E1: R$ -1.1560
   🧭 Tentativas map matching: 157

   🔑 OFFSET DETERMINÍSTICO (x=0.0037282972377058877°, y=0.008625550636008684°, max=2.0km):
   📍 Start Original:  (40.775644, -73.960687)
   🔒 Start Protegido: (40.779910, -73.952514) ✓ 0.84 km | ✓ MAP MATCHED
   📏 Deslocamento final: 836.8 metros
   📍 End Original:    (40.775671, -73.960433)
   🔒 End Protegido:   (40.778730, -73.951671) ✓ 0.84 km | ✓ MAP MATCHED
   📏 Deslocamento final: 813.3 metros

   📐 ANÁLISE DE DISTÂNCIA DO TRAJETO (HAVERSINE DOS PONTOS ARMAZENADOS):
   ✨ 119 pontos privados duplicados foram separados para garantir visualização 1:1.
   ℹ️  Dica: use --debug-map-matching para ver tentativas detalhadas de re-snap.
   🔢 Pontos unicos original/offset: 155/36 (Δ -119, -76.8% )
   📍 Trajeto original: 1.424 km (linha reta entre pontos GPS)
   🔒 Trajeto com offset: 1.825 km (linha reta entre pontos COM snap)
   📊 Diferença: +0.401 km (+28.2%)

======================================================================
📊 ESTATÍSTICAS FINAIS
======================================================================
Viagens processadas: 1
Distância total: 1.42 km
Combustível total: 10.13 l
CO2 real total: 23393.7 g
CO2 meta total: 274.2 g
Delta CO2: -23119.5 g
Valor E1 total: R$ -1.16

💰 Créditos: R$ 0.00
💸 Débitos: R$ 1.16
📈 Saldo líquido: R$ -1.16

🗺️  MAP MATCHING:
   Pontos processados: 155
   Snaps tentados: 155 (100.0%)
   Snaps bem-sucedidos: 155 (100.0%)
   Snaps forçados (>100m): 155 (100.0%)
   ✅ TODOS os pontos estão em ruas (FORCE_SNAP=True)
======================================================================

💾 Dados agregados salvos em: ../data/offset_batch/vehicles_step_sim_2/run_048.csv
[csv-worker_2] [vehicles_step_sim_2] ===== LOG RUN 048 FIM =====

[csv-worker_2] [vehicles_step_sim_2] ===== LOG RUN 049 INICIO =====
======================================================================
🚗 PROCESSAMENTO SUMO → E1 REGISTRY (OFFSET ALEATÓRIO - veh0)
======================================================================
📄 Entrada: ../data/vehicles_step_sim_2.csv
🏭 Consumo fabricante: 12.0 km/l
💰 Preço carbono: R$ 50.0/ton
⭕ Raio máximo do offset aleatório: 2.0 km
🎲 Offset gerado aleatoriamente:
   Ângulo: 308.4°
   Distância: 1.8830 km
   offset_x (lat): 0.010502°  |  offset_y (lon): -0.013260°
📊 Row stepping: Processando todas as linhas
🗺️  Map matching: ATIVADO (raio 1500m) - pontos snapped para ruas
📐 Cálculo de distância: HAVERSINE PURO dos pontos COM snap (consistência)
======================================================================

📊 Carregando dados SUMO...
   Total de registros no arquivo: 222
   Veículos únicos: 1
   🚙 Vehicle selecionado: carro_1000

🔄 Agregando viagens por vehicle_id...
  📐 SUMO_carro_1000: Calculando distâncias com Haversine direto (SEM routing API)
      Original: 312 pontos → 3.1845 km (Haversine)
      Offset:   312 pontos → 3.5083 km (Haversine)

🚙 Veículo: SUMO_carro_1000
   Modelo: HBEFA4/PC_petrol_Euro-6ab
   Segmentos: 312
   📏 Distância: 3.190 km (city: 2.602, highway: 0.587)
   ⛽ Combustível: 54.577 l
   🏭 CO2 real: 126071.8 g
   🎯 CO2 meta: 614.1 g
   📊 Delta: -125457.8 g
   💰 Valor E1: R$ -6.2729
   🧭 Tentativas map matching: 314

   🔑 OFFSET DETERMINÍSTICO (x=0.007172284409965258°, y=0.005796690540221157°, max=2.0km):
   📍 Start Original:  (40.775644, -73.960687)
   🔒 Start Protegido: (40.782765, -73.955207) ✓ 0.94 km | ✓ MAP MATCHED
   📏 Deslocamento final: 917.5 metros
   📍 End Original:    (40.771637, -73.963520)
   🔒 End Protegido:   (40.778782, -73.957967) ✓ 0.94 km | ✓ MAP MATCHED
   📏 Deslocamento final: 923.0 metros

   📐 ANÁLISE DE DISTÂNCIA DO TRAJETO (HAVERSINE DOS PONTOS ARMAZENADOS):
   ✨ 265 pontos privados duplicados foram separados para garantir visualização 1:1.
   ℹ️  Dica: use --debug-map-matching para ver tentativas detalhadas de re-snap.
   🔢 Pontos unicos original/offset: 312/47 (Δ -265, -84.9% )
   📍 Trajeto original: 3.185 km (linha reta entre pontos GPS)
   🔒 Trajeto com offset: 3.508 km (linha reta entre pontos COM snap)
   📊 Diferença: +0.324 km (+10.2%)

======================================================================
📊 ESTATÍSTICAS FINAIS
======================================================================
Viagens processadas: 1
Distância total: 3.19 km
Combustível total: 54.58 l
CO2 real total: 126071.8 g
CO2 meta total: 614.1 g
Delta CO2: -125457.8 g
Valor E1 total: R$ -6.27

💰 Créditos: R$ 0.00
💸 Débitos: R$ 6.27
📈 Saldo líquido: R$ -6.27

🗺️  MAP MATCHING:
   Pontos processados: 312
   Snaps tentados: 312 (100.0%)
   Snaps bem-sucedidos: 312 (100.0%)
   Snaps forçados (>100m): 312 (100.0%)
   ✅ TODOS os pontos estão em ruas (FORCE_SNAP=True)
======================================================================

💾 Dados agregados salvos em: ../data/offset_batch/vehicles_step_sim_2/run_049.csv
[csv-worker_2] [vehicles_step_sim_2] ===== LOG RUN 049 FIM =====

[csv-worker_2] [vehicles_step_sim_2] ===== LOG RUN 050 INICIO =====
======================================================================
🚗 PROCESSAMENTO SUMO → E1 REGISTRY (OFFSET ALEATÓRIO - veh0)
======================================================================
📄 Entrada: ../data/vehicles_step_sim_2.csv
🏭 Consumo fabricante: 12.0 km/l
💰 Preço carbono: R$ 50.0/ton
⭕ Raio máximo do offset aleatório: 2.0 km
🎲 Offset gerado aleatoriamente:
   Ângulo: 31.7°
   Distância: 1.1842 km
   offset_x (lat): 0.009054°  |  offset_y (lon): 0.005586°
📊 Row stepping: Processando todas as linhas
🗺️  Map matching: ATIVADO (raio 1500m) - pontos snapped para ruas
📐 Cálculo de distância: HAVERSINE PURO dos pontos COM snap (consistência)
======================================================================

📊 Carregando dados SUMO...
   Total de registros no arquivo: 222
   Veículos únicos: 1
   🚙 Vehicle selecionado: carro_1000

🔄 Agregando viagens por vehicle_id...
  📐 SUMO_carro_1000: Calculando distâncias com Haversine direto (SEM routing API)
      Original: 323 pontos → 2.9161 km (Haversine)
      Offset:   323 pontos → 2.8766 km (Haversine)

🚙 Veículo: SUMO_carro_1000
   Modelo: HBEFA4/PC_petrol_Euro-6ab
   Segmentos: 323
   📏 Distância: 2.926 km (city: 2.764, highway: 0.161)
   ⛽ Combustível: 54.094 l
   🏭 CO2 real: 124958.0 g
   🎯 CO2 meta: 563.2 g
   📊 Delta: -124394.9 g
   💰 Valor E1: R$ -6.2197
   🧭 Tentativas map matching: 325

   🔑 OFFSET DETERMINÍSTICO (x=0.00343684939805118°, y=0.005414791279621318°, max=2.0km):
   📍 Start Original:  (40.775644, -73.960687)
   🔒 Start Protegido: (40.779396, -73.955319) ✓ 0.60 km | ✓ MAP MATCHED
   📏 Deslocamento final: 615.8 metros
   📍 End Original:    (40.774046, -73.961617)
   🔒 End Protegido:   (40.777507, -73.956903) ✓ 0.60 km | ✓ MAP MATCHED
   📏 Deslocamento final: 553.5 metros

   📐 ANÁLISE DE DISTÂNCIA DO TRAJETO (HAVERSINE DOS PONTOS ARMAZENADOS):
   ✨ 291 pontos privados duplicados foram separados para garantir visualização 1:1.
   ℹ️  Dica: use --debug-map-matching para ver tentativas detalhadas de re-snap.
   🔢 Pontos unicos original/offset: 320/32 (Δ -288, -90.0% )
   📍 Trajeto original: 2.916 km (linha reta entre pontos GPS)
   🔒 Trajeto com offset: 2.877 km (linha reta entre pontos COM snap)
   📊 Diferença: -0.039 km (-1.4%)

======================================================================
📊 ESTATÍSTICAS FINAIS
======================================================================
Viagens processadas: 1
Distância total: 2.93 km
Combustível total: 54.09 l
CO2 real total: 124958.0 g
CO2 meta total: 563.2 g
Delta CO2: -124394.9 g
Valor E1 total: R$ -6.22

💰 Créditos: R$ 0.00
💸 Débitos: R$ 6.22
📈 Saldo líquido: R$ -6.22

🗺️  MAP MATCHING:
   Pontos processados: 323
   Snaps tentados: 323 (100.0%)
   Snaps bem-sucedidos: 323 (100.0%)
   Snaps forçados (>100m): 323 (100.0%)
   ✅ TODOS os pontos estão em ruas (FORCE_SNAP=True)
======================================================================

💾 Dados agregados salvos em: ../data/offset_batch/vehicles_step_sim_2/run_050.csv
[csv-worker_2] [vehicles_step_sim_2] ===== LOG RUN 050 FIM =====

[csv-worker_2] [vehicles_step_sim_2] ===== LOG RUN 051 INICIO =====
======================================================================
🚗 PROCESSAMENTO SUMO → E1 REGISTRY (OFFSET ALEATÓRIO - veh0)
======================================================================
📄 Entrada: ../data/vehicles_step_sim_2.csv
🏭 Consumo fabricante: 12.0 km/l
💰 Preço carbono: R$ 50.0/ton
⭕ Raio máximo do offset aleatório: 2.0 km
🎲 Offset gerado aleatoriamente:
   Ângulo: 14.2°
   Distância: 1.7369 km
   offset_x (lat): 0.015126°  |  offset_y (lon): 0.003827°
📊 Row stepping: Processando todas as linhas
🗺️  Map matching: ATIVADO (raio 1500m) - pontos snapped para ruas
📐 Cálculo de distância: HAVERSINE PURO dos pontos COM snap (consistência)
======================================================================

📊 Carregando dados SUMO...
   Total de registros no arquivo: 222
   Veículos únicos: 1
   🚙 Vehicle selecionado: carro_1000

🔄 Agregando viagens por vehicle_id...
  📐 SUMO_carro_1000: Calculando distâncias com Haversine direto (SEM routing API)
      Original: 300 pontos → 3.1542 km (Haversine)
      Offset:   300 pontos → 3.5985 km (Haversine)

🚙 Veículo: SUMO_carro_1000
   Modelo: HBEFA4/PC_petrol_Euro-6ab
   Segmentos: 300
   📏 Distância: 3.158 km (city: 2.541, highway: 0.617)
   ⛽ Combustível: 49.984 l
   🏭 CO2 real: 115462.6 g
   🎯 CO2 meta: 608.0 g
   📊 Delta: -114854.6 g
   💰 Valor E1: R$ -5.7427
   🧭 Tentativas map matching: 302

   🔑 OFFSET DETERMINÍSTICO (x=-0.013853057654966886°, y=-0.003136921083102617°, max=2.0km):
   📍 Start Original:  (40.775644, -73.960687)
   🔒 Start Protegido: (40.761919, -73.963562) ✓ 1.56 km | ✓ MAP MATCHED
   📏 Deslocamento final: 1546.9 metros
   📍 End Original:    (40.773912, -73.961904)
   🔒 End Protegido:   (40.760047, -73.964935) ✓ 1.56 km | ✓ MAP MATCHED
   📏 Deslocamento final: 1564.5 metros

   📐 ANÁLISE DE DISTÂNCIA DO TRAJETO (HAVERSINE DOS PONTOS ARMAZENADOS):
   ✨ 249 pontos privados duplicados foram separados para garantir visualização 1:1.
   ℹ️  Dica: use --debug-map-matching para ver tentativas detalhadas de re-snap.
   🔢 Pontos unicos original/offset: 299/51 (Δ -248, -82.9% )
   📍 Trajeto original: 3.154 km (linha reta entre pontos GPS)
   🔒 Trajeto com offset: 3.599 km (linha reta entre pontos COM snap)
   📊 Diferença: +0.444 km (+14.1%)

======================================================================
📊 ESTATÍSTICAS FINAIS
======================================================================
Viagens processadas: 1
Distância total: 3.16 km
Combustível total: 49.98 l
CO2 real total: 115462.6 g
CO2 meta total: 608.0 g
Delta CO2: -114854.6 g
Valor E1 total: R$ -5.74

💰 Créditos: R$ 0.00
💸 Débitos: R$ 5.74
📈 Saldo líquido: R$ -5.74

🗺️  MAP MATCHING:
   Pontos processados: 300
   Snaps tentados: 300 (100.0%)
   Snaps bem-sucedidos: 300 (100.0%)
   Snaps forçados (>100m): 300 (100.0%)
   ✅ TODOS os pontos estão em ruas (FORCE_SNAP=True)
======================================================================

💾 Dados agregados salvos em: ../data/offset_batch/vehicles_step_sim_2/run_051.csv
[csv-worker_2] [vehicles_step_sim_2] ===== LOG RUN 051 FIM =====

[csv-worker_2] [vehicles_step_sim_2] ===== LOG RUN 052 INICIO =====
======================================================================
🚗 PROCESSAMENTO SUMO → E1 REGISTRY (OFFSET ALEATÓRIO - veh0)
======================================================================
📄 Entrada: ../data/vehicles_step_sim_2.csv
🏭 Consumo fabricante: 12.0 km/l
💰 Preço carbono: R$ 50.0/ton
⭕ Raio máximo do offset aleatório: 2.0 km
🎲 Offset gerado aleatoriamente:
   Ângulo: 342.9°
   Distância: 0.7603 km
   offset_x (lat): 0.006526°  |  offset_y (lon): -0.002013°
📊 Row stepping: Processando todas as linhas
🗺️  Map matching: ATIVADO (raio 1500m) - pontos snapped para ruas
📐 Cálculo de distância: HAVERSINE PURO dos pontos COM snap (consistência)
======================================================================

📊 Carregando dados SUMO...
   Total de registros no arquivo: 222
   Veículos únicos: 1
   🚙 Vehicle selecionado: carro_1000

🔄 Agregando viagens por vehicle_id...
  📐 SUMO_carro_1000: Calculando distâncias com Haversine direto (SEM routing API)
      Original: 324 pontos → 3.1629 km (Haversine)
      Offset:   324 pontos → 3.0982 km (Haversine)

🚙 Veículo: SUMO_carro_1000
   Modelo: HBEFA4/PC_petrol_Euro-6ab
   Segmentos: 324
   📏 Distância: 3.166 km (city: 3.024, highway: 0.142)
   ⛽ Combustível: 49.530 l
   🏭 CO2 real: 114414.1 g
   🎯 CO2 meta: 609.4 g
   📊 Delta: -113804.6 g
   💰 Valor E1: R$ -5.6902
   🧭 Tentativas map matching: 326

   🔑 OFFSET DETERMINÍSTICO (x=-0.011738942471959984°, y=-0.005154110899601504°, max=2.0km):
   📍 Start Original:  (40.775644, -73.960687)
   🔒 Start Protegido: (40.763493, -73.965358) ✓ 1.38 km | ✓ MAP MATCHED
   📏 Deslocamento final: 1408.8 metros
   📍 End Original:    (40.772251, -73.963071)
   🔒 End Protegido:   (40.760593, -73.968330) ✓ 1.38 km | ✓ MAP MATCHED
   📏 Deslocamento final: 1371.4 metros

   📐 ANÁLISE DE DISTÂNCIA DO TRAJETO (HAVERSINE DOS PONTOS ARMAZENADOS):
   ✨ 283 pontos privados duplicados foram separados para garantir visualização 1:1.
   ℹ️  Dica: use --debug-map-matching para ver tentativas detalhadas de re-snap.
   🔢 Pontos unicos original/offset: 324/41 (Δ -283, -87.3% )
   📍 Trajeto original: 3.163 km (linha reta entre pontos GPS)
   🔒 Trajeto com offset: 3.098 km (linha reta entre pontos COM snap)
   📊 Diferença: -0.065 km (-2.0%)

======================================================================
📊 ESTATÍSTICAS FINAIS
======================================================================
Viagens processadas: 1
Distância total: 3.17 km
Combustível total: 49.53 l
CO2 real total: 114414.1 g
CO2 meta total: 609.4 g
Delta CO2: -113804.6 g
Valor E1 total: R$ -5.69

💰 Créditos: R$ 0.00
💸 Débitos: R$ 5.69
📈 Saldo líquido: R$ -5.69

🗺️  MAP MATCHING:
   Pontos processados: 324
   Snaps tentados: 324 (100.0%)
   Snaps bem-sucedidos: 324 (100.0%)
   Snaps forçados (>100m): 324 (100.0%)
   ✅ TODOS os pontos estão em ruas (FORCE_SNAP=True)
======================================================================

💾 Dados agregados salvos em: ../data/offset_batch/vehicles_step_sim_2/run_052.csv
[csv-worker_2] [vehicles_step_sim_2] ===== LOG RUN 052 FIM =====

[csv-worker_2] [vehicles_step_sim_2] ===== LOG RUN 053 INICIO =====
======================================================================
🚗 PROCESSAMENTO SUMO → E1 REGISTRY (OFFSET ALEATÓRIO - veh0)
======================================================================
📄 Entrada: ../data/vehicles_step_sim_2.csv
🏭 Consumo fabricante: 12.0 km/l
💰 Preço carbono: R$ 50.0/ton
⭕ Raio máximo do offset aleatório: 2.0 km
🎲 Offset gerado aleatoriamente:
   Ângulo: 153.3°
   Distância: 1.2298 km
   offset_x (lat): -0.009870°  |  offset_y (lon): 0.004961°
📊 Row stepping: Processando todas as linhas
🗺️  Map matching: ATIVADO (raio 1500m) - pontos snapped para ruas
📐 Cálculo de distância: HAVERSINE PURO dos pontos COM snap (consistência)
======================================================================

📊 Carregando dados SUMO...
   Total de registros no arquivo: 222
   Veículos únicos: 1
   🚙 Vehicle selecionado: carro_1000

🔄 Agregando viagens por vehicle_id...
  📐 SUMO_carro_1000: Calculando distâncias com Haversine direto (SEM routing API)
      Original: 131 pontos → 1.4055 km (Haversine)
      Offset:   131 pontos → 2.3248 km (Haversine)

🚙 Veículo: SUMO_carro_1000
   Modelo: HBEFA4/PC_petrol_Euro-6ab
   Segmentos: 131
   📏 Distância: 1.410 km (city: 1.410, highway: 0.000)
   ⛽ Combustível: 12.456 l
   🏭 CO2 real: 28774.3 g
   🎯 CO2 meta: 271.4 g
   📊 Delta: -28502.9 g
   💰 Valor E1: R$ -1.4251
   🧭 Tentativas map matching: 133

   🔑 OFFSET DETERMINÍSTICO (x=-0.010326544827046764°, y=0.012810501934956893°, max=2.0km):
   📍 Start Original:  (40.775644, -73.960687)
   🔒 Start Protegido: (40.766533, -73.950742) ✓ 1.58 km | ✓ MAP MATCHED
   📏 Deslocamento final: 1315.8 metros
   📍 End Original:    (40.772974, -73.962198)
   🔒 End Protegido:   (40.762729, -73.949285) ✓ 1.58 km | ✓ MAP MATCHED
   📏 Deslocamento final: 1576.6 metros

   📐 ANÁLISE DE DISTÂNCIA DO TRAJETO (HAVERSINE DOS PONTOS ARMAZENADOS):
   ✨ 100 pontos privados duplicados foram separados para garantir visualização 1:1.
   ℹ️  Dica: use --debug-map-matching para ver tentativas detalhadas de re-snap.
   🔢 Pontos unicos original/offset: 130/31 (Δ -99, -76.2% )
   📍 Trajeto original: 1.405 km (linha reta entre pontos GPS)
   🔒 Trajeto com offset: 2.325 km (linha reta entre pontos COM snap)
   📊 Diferença: +0.919 km (+65.4%)

======================================================================
📊 ESTATÍSTICAS FINAIS
======================================================================
Viagens processadas: 1
Distância total: 1.41 km
Combustível total: 12.46 l
CO2 real total: 28774.3 g
CO2 meta total: 271.4 g
Delta CO2: -28502.9 g
Valor E1 total: R$ -1.43

💰 Créditos: R$ 0.00
💸 Débitos: R$ 1.43
📈 Saldo líquido: R$ -1.43

🗺️  MAP MATCHING:
   Pontos processados: 131
   Snaps tentados: 131 (100.0%)
   Snaps bem-sucedidos: 131 (100.0%)
   Snaps forçados (>100m): 131 (100.0%)
   ✅ TODOS os pontos estão em ruas (FORCE_SNAP=True)
======================================================================

💾 Dados agregados salvos em: ../data/offset_batch/vehicles_step_sim_2/run_053.csv
[csv-worker_2] [vehicles_step_sim_2] ===== LOG RUN 053 FIM =====

[csv-worker_2] [vehicles_step_sim_2] ===== LOG RUN 054 INICIO =====
======================================================================
🚗 PROCESSAMENTO SUMO → E1 REGISTRY (OFFSET ALEATÓRIO - veh0)
======================================================================
📄 Entrada: ../data/vehicles_step_sim_2.csv
🏭 Consumo fabricante: 12.0 km/l
💰 Preço carbono: R$ 50.0/ton
⭕ Raio máximo do offset aleatório: 2.0 km
🎲 Offset gerado aleatoriamente:
   Ângulo: 271.6°
   Distância: 1.9755 km
   offset_x (lat): 0.000506°  |  offset_y (lon): -0.017739°
📊 Row stepping: Processando todas as linhas
🗺️  Map matching: ATIVADO (raio 1500m) - pontos snapped para ruas
📐 Cálculo de distância: HAVERSINE PURO dos pontos COM snap (consistência)
======================================================================

📊 Carregando dados SUMO...
   Total de registros no arquivo: 222
   Veículos únicos: 1
   🚙 Vehicle selecionado: carro_1000

🔄 Agregando viagens por vehicle_id...
  📐 SUMO_carro_1000: Calculando distâncias com Haversine direto (SEM routing API)
      Original: 131 pontos → 1.4055 km (Haversine)
      Offset:   131 pontos → 2.0089 km (Haversine)

🚙 Veículo: SUMO_carro_1000
   Modelo: HBEFA4/PC_petrol_Euro-6ab
   Segmentos: 131
   📏 Distância: 1.410 km (city: 1.410, highway: 0.000)
   ⛽ Combustível: 12.456 l
   🏭 CO2 real: 28774.3 g
   🎯 CO2 meta: 271.4 g
   📊 Delta: -28502.9 g
   💰 Valor E1: R$ -1.4251
   🧭 Tentativas map matching: 133

   🔑 OFFSET DETERMINÍSTICO (x=-0.011446810624931915°, y=0.009437872871631985°, max=2.0km):
   📍 Start Original:  (40.775644, -73.960687)
   🔒 Start Protegido: (40.765106, -73.951999) ✓ 1.50 km | ✓ MAP MATCHED
   📏 Deslocamento final: 1382.9 metros
   📍 End Original:    (40.772974, -73.962198)
   🔒 End Protegido:   (40.760297, -73.952211) ✓ 1.50 km | ✓ MAP MATCHED
   📏 Deslocamento final: 1643.3 metros

   📐 ANÁLISE DE DISTÂNCIA DO TRAJETO (HAVERSINE DOS PONTOS ARMAZENADOS):
   ✨ 107 pontos privados duplicados foram separados para garantir visualização 1:1.
   ℹ️  Dica: use --debug-map-matching para ver tentativas detalhadas de re-snap.
   🔢 Pontos unicos original/offset: 130/24 (Δ -106, -81.5% )
   📍 Trajeto original: 1.405 km (linha reta entre pontos GPS)
   🔒 Trajeto com offset: 2.009 km (linha reta entre pontos COM snap)
   📊 Diferença: +0.603 km (+42.9%)

======================================================================
📊 ESTATÍSTICAS FINAIS
======================================================================
Viagens processadas: 1
Distância total: 1.41 km
Combustível total: 12.46 l
CO2 real total: 28774.3 g
CO2 meta total: 271.4 g
Delta CO2: -28502.9 g
Valor E1 total: R$ -1.43

💰 Créditos: R$ 0.00
💸 Débitos: R$ 1.43
📈 Saldo líquido: R$ -1.43

🗺️  MAP MATCHING:
   Pontos processados: 131
   Snaps tentados: 131 (100.0%)
   Snaps bem-sucedidos: 131 (100.0%)
   Snaps forçados (>100m): 131 (100.0%)
   ✅ TODOS os pontos estão em ruas (FORCE_SNAP=True)
======================================================================

💾 Dados agregados salvos em: ../data/offset_batch/vehicles_step_sim_2/run_054.csv
[csv-worker_2] [vehicles_step_sim_2] ===== LOG RUN 054 FIM =====

[csv-worker_2] [vehicles_step_sim_2] ===== LOG RUN 055 INICIO =====
======================================================================
🚗 PROCESSAMENTO SUMO → E1 REGISTRY (OFFSET ALEATÓRIO - veh0)
======================================================================
📄 Entrada: ../data/vehicles_step_sim_2.csv
🏭 Consumo fabricante: 12.0 km/l
💰 Preço carbono: R$ 50.0/ton
⭕ Raio máximo do offset aleatório: 2.0 km
🎲 Offset gerado aleatoriamente:
   Ângulo: 52.6°
   Distância: 1.1050 km
   offset_x (lat): 0.006024°  |  offset_y (lon): 0.007890°
📊 Row stepping: Processando todas as linhas
🗺️  Map matching: ATIVADO (raio 1500m) - pontos snapped para ruas
📐 Cálculo de distância: HAVERSINE PURO dos pontos COM snap (consistência)
======================================================================

📊 Carregando dados SUMO...
   Total de registros no arquivo: 222
   Veículos únicos: 1
   🚙 Vehicle selecionado: carro_1000

🔄 Agregando viagens por vehicle_id...
  📐 SUMO_carro_1000: Calculando distâncias com Haversine direto (SEM routing API)
      Original: 300 pontos → 3.1542 km (Haversine)
      Offset:   300 pontos → 4.2491 km (Haversine)

🚙 Veículo: SUMO_carro_1000
   Modelo: HBEFA4/PC_petrol_Euro-6ab
   Segmentos: 300
   📏 Distância: 3.158 km (city: 2.541, highway: 0.617)
   ⛽ Combustível: 49.984 l
   🏭 CO2 real: 115462.6 g
   🎯 CO2 meta: 608.0 g
   📊 Delta: -114854.6 g
   💰 Valor E1: R$ -5.7427
   🧭 Tentativas map matching: 302

   🔑 OFFSET DETERMINÍSTICO (x=-0.002407218791669767°, y=-0.008682593124076704°, max=2.0km):
   📍 Start Original:  (40.775644, -73.960687)
   🔒 Start Protegido: (40.772369, -73.967091) ✓ 0.78 km | ✓ MAP MATCHED
   📏 Deslocamento final: 651.5 metros
   📍 End Original:    (40.773912, -73.961904)
   🔒 End Protegido:   (40.770525, -73.968451) ✓ 0.78 km | ✓ MAP MATCHED
   📏 Deslocamento final: 668.4 metros

   📐 ANÁLISE DE DISTÂNCIA DO TRAJETO (HAVERSINE DOS PONTOS ARMAZENADOS):
   ✨ 246 pontos privados duplicados foram separados para garantir visualização 1:1.
   ℹ️  Dica: use --debug-map-matching para ver tentativas detalhadas de re-snap.
   🔢 Pontos unicos original/offset: 299/54 (Δ -245, -81.9% )
   📍 Trajeto original: 3.154 km (linha reta entre pontos GPS)
   🔒 Trajeto com offset: 4.249 km (linha reta entre pontos COM snap)
   📊 Diferença: +1.095 km (+34.7%)

======================================================================
📊 ESTATÍSTICAS FINAIS
======================================================================
Viagens processadas: 1
Distância total: 3.16 km
Combustível total: 49.98 l
CO2 real total: 115462.6 g
CO2 meta total: 608.0 g
Delta CO2: -114854.6 g
Valor E1 total: R$ -5.74

💰 Créditos: R$ 0.00
💸 Débitos: R$ 5.74
📈 Saldo líquido: R$ -5.74

🗺️  MAP MATCHING:
   Pontos processados: 300
   Snaps tentados: 300 (100.0%)
   Snaps bem-sucedidos: 300 (100.0%)
   Snaps forçados (>100m): 300 (100.0%)
   ✅ TODOS os pontos estão em ruas (FORCE_SNAP=True)
======================================================================

💾 Dados agregados salvos em: ../data/offset_batch/vehicles_step_sim_2/run_055.csv
[csv-worker_2] [vehicles_step_sim_2] ===== LOG RUN 055 FIM =====

[csv-worker_2] [vehicles_step_sim_2] ===== LOG RUN 056 INICIO =====
======================================================================
🚗 PROCESSAMENTO SUMO → E1 REGISTRY (OFFSET ALEATÓRIO - veh0)
======================================================================
📄 Entrada: ../data/vehicles_step_sim_2.csv
🏭 Consumo fabricante: 12.0 km/l
💰 Preço carbono: R$ 50.0/ton
⭕ Raio máximo do offset aleatório: 2.0 km
🎲 Offset gerado aleatoriamente:
   Ângulo: 172.6°
   Distância: 0.8500 km
   offset_x (lat): -0.007572°  |  offset_y (lon): 0.000983°
📊 Row stepping: Processando todas as linhas
🗺️  Map matching: ATIVADO (raio 1500m) - pontos snapped para ruas
📐 Cálculo de distância: HAVERSINE PURO dos pontos COM snap (consistência)
======================================================================

📊 Carregando dados SUMO...
   Total de registros no arquivo: 222
   Veículos únicos: 1
   🚙 Vehicle selecionado: carro_1000

🔄 Agregando viagens por vehicle_id...
  📐 SUMO_carro_1000: Calculando distâncias com Haversine direto (SEM routing API)
      Original: 155 pontos → 1.4242 km (Haversine)
      Offset:   155 pontos → 1.9124 km (Haversine)

🚙 Veículo: SUMO_carro_1000
   Modelo: HBEFA4/PC_petrol_Euro-6ab
   Segmentos: 155
   📏 Distância: 1.424 km (city: 1.424, highway: 0.000)
   ⛽ Combustível: 10.127 l
   🏭 CO2 real: 23393.7 g
   🎯 CO2 meta: 274.2 g
   📊 Delta: -23119.5 g
   💰 Valor E1: R$ -1.1560
   🧭 Tentativas map matching: 157

   🔑 OFFSET DETERMINÍSTICO (x=0.0009648390287773432°, y=0.002706484309702089°, max=2.0km):
   📍 Start Original:  (40.775644, -73.960687)
   🔒 Start Protegido: (40.776342, -73.957894) ✓ 0.25 km | ✓ MAP MATCHED
   📏 Deslocamento final: 247.9 metros
   📍 End Original:    (40.775671, -73.960433)
   🔒 End Protegido:   (40.776863, -73.957513) ✓ 0.25 km | ✓ MAP MATCHED
   📏 Deslocamento final: 279.6 metros

   📐 ANÁLISE DE DISTÂNCIA DO TRAJETO (HAVERSINE DOS PONTOS ARMAZENADOS):
   ✨ 122 pontos privados duplicados foram separados para garantir visualização 1:1.
   ℹ️  Dica: use --debug-map-matching para ver tentativas detalhadas de re-snap.
   🔢 Pontos unicos original/offset: 155/33 (Δ -122, -78.7% )
   📍 Trajeto original: 1.424 km (linha reta entre pontos GPS)
   🔒 Trajeto com offset: 1.912 km (linha reta entre pontos COM snap)
   📊 Diferença: +0.488 km (+34.3%)

======================================================================
📊 ESTATÍSTICAS FINAIS
======================================================================
Viagens processadas: 1
Distância total: 1.42 km
Combustível total: 10.13 l
CO2 real total: 23393.7 g
CO2 meta total: 274.2 g
Delta CO2: -23119.5 g
Valor E1 total: R$ -1.16

💰 Créditos: R$ 0.00
💸 Débitos: R$ 1.16
📈 Saldo líquido: R$ -1.16

🗺️  MAP MATCHING:
   Pontos processados: 155
   Snaps tentados: 155 (100.0%)
   Snaps bem-sucedidos: 155 (100.0%)
   Snaps forçados (>100m): 155 (100.0%)
   ✅ TODOS os pontos estão em ruas (FORCE_SNAP=True)
======================================================================

💾 Dados agregados salvos em: ../data/offset_batch/vehicles_step_sim_2/run_056.csv
[csv-worker_2] [vehicles_step_sim_2] ===== LOG RUN 056 FIM =====

[csv-worker_2] [vehicles_step_sim_2] ===== LOG RUN 057 INICIO =====
======================================================================
🚗 PROCESSAMENTO SUMO → E1 REGISTRY (OFFSET ALEATÓRIO - veh0)
======================================================================
📄 Entrada: ../data/vehicles_step_sim_2.csv
🏭 Consumo fabricante: 12.0 km/l
💰 Preço carbono: R$ 50.0/ton
⭕ Raio máximo do offset aleatório: 2.0 km
🎲 Offset gerado aleatoriamente:
   Ângulo: 15.0°
   Distância: 1.5573 km
   offset_x (lat): 0.013515°  |  offset_y (lon): 0.003610°
📊 Row stepping: Processando todas as linhas
🗺️  Map matching: ATIVADO (raio 1500m) - pontos snapped para ruas
📐 Cálculo de distância: HAVERSINE PURO dos pontos COM snap (consistência)
======================================================================

📊 Carregando dados SUMO...
   Total de registros no arquivo: 222
   Veículos únicos: 1
   🚙 Vehicle selecionado: carro_1000

🔄 Agregando viagens por vehicle_id...
  📐 SUMO_carro_1000: Calculando distâncias com Haversine direto (SEM routing API)
      Original: 299 pontos → 3.0526 km (Haversine)
      Offset:   299 pontos → 3.7203 km (Haversine)

🚙 Veículo: SUMO_carro_1000
   Modelo: HBEFA4/PC_petrol_Euro-6ab
   Segmentos: 299
   📏 Distância: 3.060 km (city: 3.060, highway: 0.000)
   ⛽ Combustível: 48.384 l
   🏭 CO2 real: 111766.0 g
   🎯 CO2 meta: 589.0 g
   📊 Delta: -111177.0 g
   💰 Valor E1: R$ -5.5588
   🧭 Tentativas map matching: 301

   🔑 OFFSET DETERMINÍSTICO (x=-0.006652044452234226°, y=0.0059726775234930736°, max=2.0km):
   📍 Start Original:  (40.775644, -73.960687)
   🔒 Start Protegido: (40.769062, -73.954901) ✓ 0.90 km | ✓ MAP MATCHED
   📏 Deslocamento final: 880.2 metros
   📍 End Original:    (40.774198, -73.961141)
   🔒 End Protegido:   (40.767747, -73.955862) ✓ 0.90 km | ✓ MAP MATCHED
   📏 Deslocamento final: 844.9 metros

   📐 ANÁLISE DE DISTÂNCIA DO TRAJETO (HAVERSINE DOS PONTOS ARMAZENADOS):
   ✨ 262 pontos privados duplicados foram separados para garantir visualização 1:1.
   ℹ️  Dica: use --debug-map-matching para ver tentativas detalhadas de re-snap.
   🔢 Pontos unicos original/offset: 299/37 (Δ -262, -87.6% )
   📍 Trajeto original: 3.053 km (linha reta entre pontos GPS)
   🔒 Trajeto com offset: 3.720 km (linha reta entre pontos COM snap)
   📊 Diferença: +0.668 km (+21.9%)

======================================================================
📊 ESTATÍSTICAS FINAIS
======================================================================
Viagens processadas: 1
Distância total: 3.06 km
Combustível total: 48.38 l
CO2 real total: 111766.0 g
CO2 meta total: 589.0 g
Delta CO2: -111177.0 g
Valor E1 total: R$ -5.56

💰 Créditos: R$ 0.00
💸 Débitos: R$ 5.56
📈 Saldo líquido: R$ -5.56

🗺️  MAP MATCHING:
   Pontos processados: 299
   Snaps tentados: 299 (100.0%)
   Snaps bem-sucedidos: 299 (100.0%)
   Snaps forçados (>100m): 299 (100.0%)
   ✅ TODOS os pontos estão em ruas (FORCE_SNAP=True)
======================================================================

💾 Dados agregados salvos em: ../data/offset_batch/vehicles_step_sim_2/run_057.csv
[csv-worker_2] [vehicles_step_sim_2] ===== LOG RUN 057 FIM =====

[csv-worker_2] [vehicles_step_sim_2] ===== LOG RUN 058 INICIO =====
======================================================================
🚗 PROCESSAMENTO SUMO → E1 REGISTRY (OFFSET ALEATÓRIO - veh0)
======================================================================
📄 Entrada: ../data/vehicles_step_sim_2.csv
🏭 Consumo fabricante: 12.0 km/l
💰 Preço carbono: R$ 50.0/ton
⭕ Raio máximo do offset aleatório: 2.0 km
🎲 Offset gerado aleatoriamente:
   Ângulo: 196.7°
   Distância: 1.7304 km
   offset_x (lat): -0.014886°  |  offset_y (lon): -0.004477°
📊 Row stepping: Processando todas as linhas
🗺️  Map matching: ATIVADO (raio 1500m) - pontos snapped para ruas
📐 Cálculo de distância: HAVERSINE PURO dos pontos COM snap (consistência)
======================================================================

📊 Carregando dados SUMO...
   Total de registros no arquivo: 222
   Veículos únicos: 1
   🚙 Vehicle selecionado: carro_1000

🔄 Agregando viagens por vehicle_id...
  📐 SUMO_carro_1000: Calculando distâncias com Haversine direto (SEM routing API)
      Original: 299 pontos → 3.0526 km (Haversine)
      Offset:   299 pontos → 3.8906 km (Haversine)

🚙 Veículo: SUMO_carro_1000
   Modelo: HBEFA4/PC_petrol_Euro-6ab
   Segmentos: 299
   📏 Distância: 3.060 km (city: 3.060, highway: 0.000)
   ⛽ Combustível: 48.384 l
   🏭 CO2 real: 111766.0 g
   🎯 CO2 meta: 589.0 g
   📊 Delta: -111177.0 g
   💰 Valor E1: R$ -5.5588
   🧭 Tentativas map matching: 301

   🔑 OFFSET DETERMINÍSTICO (x=-0.014516487755842754°, y=-0.005147805036939436°, max=2.0km):
   📍 Start Original:  (40.775644, -73.960687)
   🔒 Start Protegido: (40.761412, -73.966229) ✓ 1.67 km | ✓ MAP MATCHED
   📏 Deslocamento final: 1651.8 metros
   📍 End Original:    (40.774198, -73.961141)
   🔒 End Protegido:   (40.759770, -73.966379) ✓ 1.67 km | ✓ MAP MATCHED
   📏 Deslocamento final: 1665.7 metros

   📐 ANÁLISE DE DISTÂNCIA DO TRAJETO (HAVERSINE DOS PONTOS ARMAZENADOS):
   ✨ 261 pontos privados duplicados foram separados para garantir visualização 1:1.
   ℹ️  Dica: use --debug-map-matching para ver tentativas detalhadas de re-snap.
   🔢 Pontos unicos original/offset: 299/38 (Δ -261, -87.3% )
   📍 Trajeto original: 3.053 km (linha reta entre pontos GPS)
   🔒 Trajeto com offset: 3.891 km (linha reta entre pontos COM snap)
   📊 Diferença: +0.838 km (+27.5%)

======================================================================
📊 ESTATÍSTICAS FINAIS
======================================================================
Viagens processadas: 1
Distância total: 3.06 km
Combustível total: 48.38 l
CO2 real total: 111766.0 g
CO2 meta total: 589.0 g
Delta CO2: -111177.0 g
Valor E1 total: R$ -5.56

💰 Créditos: R$ 0.00
💸 Débitos: R$ 5.56
📈 Saldo líquido: R$ -5.56

🗺️  MAP MATCHING:
   Pontos processados: 299
   Snaps tentados: 299 (100.0%)
   Snaps bem-sucedidos: 299 (100.0%)
   Snaps forçados (>100m): 299 (100.0%)
   ✅ TODOS os pontos estão em ruas (FORCE_SNAP=True)
======================================================================

💾 Dados agregados salvos em: ../data/offset_batch/vehicles_step_sim_2/run_058.csv
[csv-worker_2] [vehicles_step_sim_2] ===== LOG RUN 058 FIM =====

[csv-worker_2] [vehicles_step_sim_2] ===== LOG RUN 059 INICIO =====
======================================================================
🚗 PROCESSAMENTO SUMO → E1 REGISTRY (OFFSET ALEATÓRIO - veh0)
======================================================================
📄 Entrada: ../data/vehicles_step_sim_2.csv
🏭 Consumo fabricante: 12.0 km/l
💰 Preço carbono: R$ 50.0/ton
⭕ Raio máximo do offset aleatório: 2.0 km
🎲 Offset gerado aleatoriamente:
   Ângulo: 357.3°
   Distância: 1.2461 km
   offset_x (lat): 0.011181°  |  offset_y (lon): -0.000535°
📊 Row stepping: Processando todas as linhas
🗺️  Map matching: ATIVADO (raio 1500m) - pontos snapped para ruas
📐 Cálculo de distância: HAVERSINE PURO dos pontos COM snap (consistência)
======================================================================

📊 Carregando dados SUMO...
   Total de registros no arquivo: 222
   Veículos únicos: 1
   🚙 Vehicle selecionado: carro_1000

🔄 Agregando viagens por vehicle_id...
  📐 SUMO_carro_1000: Calculando distâncias com Haversine direto (SEM routing API)
      Original: 300 pontos → 3.1542 km (Haversine)
      Offset:   300 pontos → 3.4943 km (Haversine)

🚙 Veículo: SUMO_carro_1000
   Modelo: HBEFA4/PC_petrol_Euro-6ab
   Segmentos: 300
   📏 Distância: 3.158 km (city: 2.541, highway: 0.617)
   ⛽ Combustível: 49.984 l
   🏭 CO2 real: 115462.6 g
   🎯 CO2 meta: 608.0 g
   📊 Delta: -114854.6 g
   💰 Valor E1: R$ -5.7427
   🧭 Tentativas map matching: 302

   🔑 OFFSET DETERMINÍSTICO (x=-0.008013041670588085°, y=0.012099362265509023°, max=2.0km):
   📍 Start Original:  (40.775644, -73.960687)
   🔒 Start Protegido: (40.767939, -73.949569) ✓ 1.36 km | ✓ MAP MATCHED
   📏 Deslocamento final: 1270.5 metros
   📍 End Original:    (40.773912, -73.961904)
   🔒 End Protegido:   (40.766348, -73.950890) ✓ 1.36 km | ✓ MAP MATCHED
   📏 Deslocamento final: 1253.5 metros

   📐 ANÁLISE DE DISTÂNCIA DO TRAJETO (HAVERSINE DOS PONTOS ARMAZENADOS):
   ✨ 259 pontos privados duplicados foram separados para garantir visualização 1:1.
   ℹ️  Dica: use --debug-map-matching para ver tentativas detalhadas de re-snap.
   🔢 Pontos unicos original/offset: 299/41 (Δ -258, -86.3% )
   📍 Trajeto original: 3.154 km (linha reta entre pontos GPS)
   🔒 Trajeto com offset: 3.494 km (linha reta entre pontos COM snap)
   📊 Diferença: +0.340 km (+10.8%)

======================================================================
📊 ESTATÍSTICAS FINAIS
======================================================================
Viagens processadas: 1
Distância total: 3.16 km
Combustível total: 49.98 l
CO2 real total: 115462.6 g
CO2 meta total: 608.0 g
Delta CO2: -114854.6 g
Valor E1 total: R$ -5.74

💰 Créditos: R$ 0.00
💸 Débitos: R$ 5.74
📈 Saldo líquido: R$ -5.74

🗺️  MAP MATCHING:
   Pontos processados: 300
   Snaps tentados: 300 (100.0%)
   Snaps bem-sucedidos: 300 (100.0%)
   Snaps forçados (>100m): 300 (100.0%)
   ✅ TODOS os pontos estão em ruas (FORCE_SNAP=True)
======================================================================

💾 Dados agregados salvos em: ../data/offset_batch/vehicles_step_sim_2/run_059.csv
[csv-worker_2] [vehicles_step_sim_2] ===== LOG RUN 059 FIM =====

[csv-worker_2] [vehicles_step_sim_2] ===== LOG RUN 060 INICIO =====
======================================================================
🚗 PROCESSAMENTO SUMO → E1 REGISTRY (OFFSET ALEATÓRIO - veh0)
======================================================================
📄 Entrada: ../data/vehicles_step_sim_2.csv
🏭 Consumo fabricante: 12.0 km/l
💰 Preço carbono: R$ 50.0/ton
⭕ Raio máximo do offset aleatório: 2.0 km
🎲 Offset gerado aleatoriamente:
   Ângulo: 319.8°
   Distância: 0.9794 km
   offset_x (lat): 0.006716°  |  offset_y (lon): -0.005683°
📊 Row stepping: Processando todas as linhas
🗺️  Map matching: ATIVADO (raio 1500m) - pontos snapped para ruas
📐 Cálculo de distância: HAVERSINE PURO dos pontos COM snap (consistência)
======================================================================

📊 Carregando dados SUMO...
   Total de registros no arquivo: 222
   Veículos únicos: 1
   🚙 Vehicle selecionado: carro_1000

🔄 Agregando viagens por vehicle_id...
  📐 SUMO_carro_1000: Calculando distâncias com Haversine direto (SEM routing API)
      Original: 312 pontos → 3.1845 km (Haversine)
      Offset:   312 pontos → 4.2960 km (Haversine)

🚙 Veículo: SUMO_carro_1000
   Modelo: HBEFA4/PC_petrol_Euro-6ab
   Segmentos: 312
   📏 Distância: 3.190 km (city: 2.602, highway: 0.587)
   ⛽ Combustível: 54.577 l
   🏭 CO2 real: 126071.8 g
   🎯 CO2 meta: 614.1 g
   📊 Delta: -125457.8 g
   💰 Valor E1: R$ -6.2729
   🧭 Tentativas map matching: 314

   🔑 OFFSET DETERMINÍSTICO (x=0.002083076585018735°, y=-0.013272267722686151°, max=2.0km):
   📍 Start Original:  (40.775644, -73.960687)
   🔒 Start Protegido: (40.778118, -73.974582) ✓ 1.14 km | ✓ MAP MATCHED
   📏 Deslocamento final: 1203.3 metros
   📍 End Original:    (40.771637, -73.963520)
   🔒 End Protegido:   (40.774236, -73.977413) ✓ 1.14 km | ✓ MAP MATCHED
   📏 Deslocamento final: 1206.5 metros

   📐 ANÁLISE DE DISTÂNCIA DO TRAJETO (HAVERSINE DOS PONTOS ARMAZENADOS):
   ✨ 277 pontos privados duplicados foram separados para garantir visualização 1:1.
   ℹ️  Dica: use --debug-map-matching para ver tentativas detalhadas de re-snap.
   🔢 Pontos unicos original/offset: 312/35 (Δ -277, -88.8% )
   📍 Trajeto original: 3.185 km (linha reta entre pontos GPS)
   🔒 Trajeto com offset: 4.296 km (linha reta entre pontos COM snap)
   📊 Diferença: +1.111 km (+34.9%)

======================================================================
📊 ESTATÍSTICAS FINAIS
======================================================================
Viagens processadas: 1
Distância total: 3.19 km
Combustível total: 54.58 l
CO2 real total: 126071.8 g
CO2 meta total: 614.1 g
Delta CO2: -125457.8 g
Valor E1 total: R$ -6.27

💰 Créditos: R$ 0.00
💸 Débitos: R$ 6.27
📈 Saldo líquido: R$ -6.27

🗺️  MAP MATCHING:
   Pontos processados: 312
   Snaps tentados: 312 (100.0%)
   Snaps bem-sucedidos: 312 (100.0%)
   Snaps forçados (>100m): 312 (100.0%)
   ✅ TODOS os pontos estão em ruas (FORCE_SNAP=True)
======================================================================

💾 Dados agregados salvos em: ../data/offset_batch/vehicles_step_sim_2/run_060.csv
[csv-worker_2] [vehicles_step_sim_2] ===== LOG RUN 060 FIM =====

[csv-worker_2] [vehicles_step_sim_2] ===== LOG RUN 061 INICIO =====
======================================================================
🚗 PROCESSAMENTO SUMO → E1 REGISTRY (OFFSET ALEATÓRIO - veh0)
======================================================================
📄 Entrada: ../data/vehicles_step_sim_2.csv
🏭 Consumo fabricante: 12.0 km/l
💰 Preço carbono: R$ 50.0/ton
⭕ Raio máximo do offset aleatório: 2.0 km
🎲 Offset gerado aleatoriamente:
   Ângulo: 171.6°
   Distância: 1.1246 km
   offset_x (lat): -0.009995°  |  offset_y (lon): 0.001470°
📊 Row stepping: Processando todas as linhas
🗺️  Map matching: ATIVADO (raio 1500m) - pontos snapped para ruas
📐 Cálculo de distância: HAVERSINE PURO dos pontos COM snap (consistência)
======================================================================

📊 Carregando dados SUMO...
   Total de registros no arquivo: 222
   Veículos únicos: 1
   🚙 Vehicle selecionado: carro_1000

🔄 Agregando viagens por vehicle_id...
  📐 SUMO_carro_1000: Calculando distâncias com Haversine direto (SEM routing API)
      Original: 299 pontos → 3.0526 km (Haversine)
      Offset:   299 pontos → 4.4326 km (Haversine)

🚙 Veículo: SUMO_carro_1000
   Modelo: HBEFA4/PC_petrol_Euro-6ab
   Segmentos: 299
   📏 Distância: 3.060 km (city: 3.060, highway: 0.000)
   ⛽ Combustível: 48.384 l
   🏭 CO2 real: 111766.0 g
   🎯 CO2 meta: 589.0 g
   📊 Delta: -111177.0 g
   💰 Valor E1: R$ -5.5588
   🧭 Tentativas map matching: 301

   🔑 OFFSET DETERMINÍSTICO (x=-0.005201929305146198°, y=-0.012813395325861725°, max=2.0km):
   📍 Start Original:  (40.775644, -73.960687)
   🔒 Start Protegido: (40.769654, -73.974366) ✓ 1.23 km | ✓ MAP MATCHED
   📏 Deslocamento final: 1332.0 metros
   📍 End Original:    (40.774198, -73.961141)
   🔒 End Protegido:   (40.769282, -73.973675) ✓ 1.23 km | ✓ MAP MATCHED
   📏 Deslocamento final: 1189.9 metros

   📐 ANÁLISE DE DISTÂNCIA DO TRAJETO (HAVERSINE DOS PONTOS ARMAZENADOS):
   ✨ 259 pontos privados duplicados foram separados para garantir visualização 1:1.
   ℹ️  Dica: use --debug-map-matching para ver tentativas detalhadas de re-snap.
   🔢 Pontos unicos original/offset: 299/40 (Δ -259, -86.6% )
   📍 Trajeto original: 3.053 km (linha reta entre pontos GPS)
   🔒 Trajeto com offset: 4.433 km (linha reta entre pontos COM snap)
   📊 Diferença: +1.380 km (+45.2%)

======================================================================
📊 ESTATÍSTICAS FINAIS
======================================================================
Viagens processadas: 1
Distância total: 3.06 km
Combustível total: 48.38 l
CO2 real total: 111766.0 g
CO2 meta total: 589.0 g
Delta CO2: -111177.0 g
Valor E1 total: R$ -5.56

💰 Créditos: R$ 0.00
💸 Débitos: R$ 5.56
📈 Saldo líquido: R$ -5.56

🗺️  MAP MATCHING:
   Pontos processados: 299
   Snaps tentados: 299 (100.0%)
   Snaps bem-sucedidos: 299 (100.0%)
   Snaps forçados (>100m): 299 (100.0%)
   ✅ TODOS os pontos estão em ruas (FORCE_SNAP=True)
======================================================================

💾 Dados agregados salvos em: ../data/offset_batch/vehicles_step_sim_2/run_061.csv
[csv-worker_2] [vehicles_step_sim_2] ===== LOG RUN 061 FIM =====

[csv-worker_2] [vehicles_step_sim_2] ===== LOG RUN 062 INICIO =====
======================================================================
🚗 PROCESSAMENTO SUMO → E1 REGISTRY (OFFSET ALEATÓRIO - veh0)
======================================================================
📄 Entrada: ../data/vehicles_step_sim_2.csv
🏭 Consumo fabricante: 12.0 km/l
💰 Preço carbono: R$ 50.0/ton
⭕ Raio máximo do offset aleatório: 2.0 km
🎲 Offset gerado aleatoriamente:
   Ângulo: 194.9°
   Distância: 1.7347 km
   offset_x (lat): -0.015060°  |  offset_y (lon): -0.004003°
📊 Row stepping: Processando todas as linhas
🗺️  Map matching: ATIVADO (raio 1500m) - pontos snapped para ruas
📐 Cálculo de distância: HAVERSINE PURO dos pontos COM snap (consistência)
======================================================================

📊 Carregando dados SUMO...
   Total de registros no arquivo: 222
   Veículos únicos: 1
   🚙 Vehicle selecionado: carro_1000

🔄 Agregando viagens por vehicle_id...
  📐 SUMO_carro_1000: Calculando distâncias com Haversine direto (SEM routing API)
      Original: 337 pontos → 3.3706 km (Haversine)
      Offset:   337 pontos → 3.4803 km (Haversine)

🚙 Veículo: SUMO_carro_1000
   Modelo: HBEFA4/PC_petrol_Euro-6ab
   Segmentos: 337
   📏 Distância: 3.379 km (city: 3.069, highway: 0.310)
   ⛽ Combustível: 58.616 l
   🏭 CO2 real: 135402.3 g
   🎯 CO2 meta: 650.5 g
   📊 Delta: -134751.8 g
   💰 Valor E1: R$ -6.7376
   🧭 Tentativas map matching: 339

   🔑 OFFSET DETERMINÍSTICO (x=-0.005721760632681811°, y=-0.006131928080559915°, max=2.0km):
   📍 Start Original:  (40.775644, -73.960687)
   🔒 Start Protegido: (40.769906, -73.966812) ✓ 0.82 km | ✓ MAP MATCHED
   📏 Deslocamento final: 821.3 metros
   📍 End Original:    (40.774801, -73.960637)
   🔒 End Protegido:   (40.769182, -73.967200) ✓ 0.82 km | ✓ MAP MATCHED
   📏 Deslocamento final: 835.1 metros

   📐 ANÁLISE DE DISTÂNCIA DO TRAJETO (HAVERSINE DOS PONTOS ARMAZENADOS):
   ✨ 247 pontos privados duplicados foram separados para garantir visualização 1:1.
   ℹ️  Dica: use --debug-map-matching para ver tentativas detalhadas de re-snap.
   🔢 Pontos unicos original/offset: 337/90 (Δ -247, -73.3% )
   📍 Trajeto original: 3.371 km (linha reta entre pontos GPS)
   🔒 Trajeto com offset: 3.480 km (linha reta entre pontos COM snap)
   📊 Diferença: +0.110 km (+3.3%)

======================================================================
📊 ESTATÍSTICAS FINAIS
======================================================================
Viagens processadas: 1
Distância total: 3.38 km
Combustível total: 58.62 l
CO2 real total: 135402.3 g
CO2 meta total: 650.5 g
Delta CO2: -134751.8 g
Valor E1 total: R$ -6.74

💰 Créditos: R$ 0.00
💸 Débitos: R$ 6.74
📈 Saldo líquido: R$ -6.74

🗺️  MAP MATCHING:
   Pontos processados: 337
   Snaps tentados: 337 (100.0%)
   Snaps bem-sucedidos: 337 (100.0%)
   Snaps forçados (>100m): 337 (100.0%)
   ✅ TODOS os pontos estão em ruas (FORCE_SNAP=True)
======================================================================

💾 Dados agregados salvos em: ../data/offset_batch/vehicles_step_sim_2/run_062.csv
[csv-worker_2] [vehicles_step_sim_2] ===== LOG RUN 062 FIM =====

[csv-worker_2] [vehicles_step_sim_2] ===== LOG RUN 063 INICIO =====
======================================================================
🚗 PROCESSAMENTO SUMO → E1 REGISTRY (OFFSET ALEATÓRIO - veh0)
======================================================================
📄 Entrada: ../data/vehicles_step_sim_2.csv
🏭 Consumo fabricante: 12.0 km/l
💰 Preço carbono: R$ 50.0/ton
⭕ Raio máximo do offset aleatório: 2.0 km
🎲 Offset gerado aleatoriamente:
   Ângulo: 339.9°
   Distância: 1.4967 km
   offset_x (lat): 0.012623°  |  offset_y (lon): -0.004627°
📊 Row stepping: Processando todas as linhas
🗺️  Map matching: ATIVADO (raio 1500m) - pontos snapped para ruas
📐 Cálculo de distância: HAVERSINE PURO dos pontos COM snap (consistência)
======================================================================

📊 Carregando dados SUMO...
   Total de registros no arquivo: 222
   Veículos únicos: 1
   🚙 Vehicle selecionado: carro_1000

🔄 Agregando viagens por vehicle_id...
  📐 SUMO_carro_1000: Calculando distâncias com Haversine direto (SEM routing API)
      Original: 155 pontos → 1.4242 km (Haversine)
      Offset:   155 pontos → 1.5852 km (Haversine)

🚙 Veículo: SUMO_carro_1000
   Modelo: HBEFA4/PC_petrol_Euro-6ab
   Segmentos: 155
   📏 Distância: 1.424 km (city: 1.424, highway: 0.000)
   ⛽ Combustível: 10.127 l
   🏭 CO2 real: 23393.7 g
   🎯 CO2 meta: 274.2 g
   📊 Delta: -23119.5 g
   💰 Valor E1: R$ -1.1560
   🧭 Tentativas map matching: 157

   🔑 OFFSET DETERMINÍSTICO (x=0.014751146192808729°, y=-0.005793607102182541°, max=2.0km):
   📍 Start Original:  (40.775644, -73.960687)
   🔒 Start Protegido: (40.790451, -73.965840) ✓ 1.71 km | ✓ MAP MATCHED
   📏 Deslocamento final: 1704.7 metros
   📍 End Original:    (40.775671, -73.960433)
   🔒 End Protegido:   (40.790451, -73.965840) ✓ 1.71 km | ✓ MAP MATCHED
   📏 Deslocamento final: 1707.3 metros

   📐 ANÁLISE DE DISTÂNCIA DO TRAJETO (HAVERSINE DOS PONTOS ARMAZENADOS):
   ✨ 125 pontos privados duplicados foram separados para garantir visualização 1:1.
   ℹ️  Dica: use --debug-map-matching para ver tentativas detalhadas de re-snap.
   🔢 Pontos unicos original/offset: 155/30 (Δ -125, -80.6% )
   📍 Trajeto original: 1.424 km (linha reta entre pontos GPS)
   🔒 Trajeto com offset: 1.585 km (linha reta entre pontos COM snap)
   📊 Diferença: +0.161 km (+11.3%)

======================================================================
📊 ESTATÍSTICAS FINAIS
======================================================================
Viagens processadas: 1
Distância total: 1.42 km
Combustível total: 10.13 l
CO2 real total: 23393.7 g
CO2 meta total: 274.2 g
Delta CO2: -23119.5 g
Valor E1 total: R$ -1.16

💰 Créditos: R$ 0.00
💸 Débitos: R$ 1.16
📈 Saldo líquido: R$ -1.16

🗺️  MAP MATCHING:
   Pontos processados: 155
   Snaps tentados: 155 (100.0%)
   Snaps bem-sucedidos: 155 (100.0%)
   Snaps forçados (>100m): 155 (100.0%)
   ✅ TODOS os pontos estão em ruas (FORCE_SNAP=True)
======================================================================

💾 Dados agregados salvos em: ../data/offset_batch/vehicles_step_sim_2/run_063.csv
[csv-worker_2] [vehicles_step_sim_2] ===== LOG RUN 063 FIM =====

[csv-worker_2] [vehicles_step_sim_2] ===== LOG RUN 064 INICIO =====
======================================================================
🚗 PROCESSAMENTO SUMO → E1 REGISTRY (OFFSET ALEATÓRIO - veh0)
======================================================================
📄 Entrada: ../data/vehicles_step_sim_2.csv
🏭 Consumo fabricante: 12.0 km/l
💰 Preço carbono: R$ 50.0/ton
⭕ Raio máximo do offset aleatório: 2.0 km
🎲 Offset gerado aleatoriamente:
   Ângulo: 162.0°
   Distância: 1.2592 km
   offset_x (lat): -0.010758°  |  offset_y (lon): 0.003496°
📊 Row stepping: Processando todas as linhas
🗺️  Map matching: ATIVADO (raio 1500m) - pontos snapped para ruas
📐 Cálculo de distância: HAVERSINE PURO dos pontos COM snap (consistência)
======================================================================

📊 Carregando dados SUMO...
   Total de registros no arquivo: 222
   Veículos únicos: 1
   🚙 Vehicle selecionado: carro_1000

🔄 Agregando viagens por vehicle_id...
  📐 SUMO_carro_1000: Calculando distâncias com Haversine direto (SEM routing API)
      Original: 155 pontos → 1.4242 km (Haversine)
      Offset:   155 pontos → 1.7827 km (Haversine)

🚙 Veículo: SUMO_carro_1000
   Modelo: HBEFA4/PC_petrol_Euro-6ab
   Segmentos: 155
   📏 Distância: 1.424 km (city: 1.424, highway: 0.000)
   ⛽ Combustível: 10.127 l
   🏭 CO2 real: 23393.7 g
   🎯 CO2 meta: 274.2 g
   📊 Delta: -23119.5 g
   💰 Valor E1: R$ -1.1560
   🧭 Tentativas map matching: 157

   🔑 OFFSET DETERMINÍSTICO (x=0.00823230027736646°, y=-0.0005898735022876672°, max=2.0km):
   📍 Start Original:  (40.775644, -73.960687)
   🔒 Start Protegido: (40.782897, -73.959413) ✓ 0.92 km | ✓ MAP MATCHED
   📏 Deslocamento final: 814.6 metros
   📍 End Original:    (40.775671, -73.960433)
   🔒 End Protegido:   (40.782897, -73.959413) ✓ 0.92 km | ✓ MAP MATCHED
   📏 Deslocamento final: 809.0 metros

   📐 ANÁLISE DE DISTÂNCIA DO TRAJETO (HAVERSINE DOS PONTOS ARMAZENADOS):
   ✨ 110 pontos privados duplicados foram separados para garantir visualização 1:1.
   ℹ️  Dica: use --debug-map-matching para ver tentativas detalhadas de re-snap.
   🔢 Pontos unicos original/offset: 155/45 (Δ -110, -71.0% )
   📍 Trajeto original: 1.424 km (linha reta entre pontos GPS)
   🔒 Trajeto com offset: 1.783 km (linha reta entre pontos COM snap)
   📊 Diferença: +0.358 km (+25.2%)

======================================================================
📊 ESTATÍSTICAS FINAIS
======================================================================
Viagens processadas: 1
Distância total: 1.42 km
Combustível total: 10.13 l
CO2 real total: 23393.7 g
CO2 meta total: 274.2 g
Delta CO2: -23119.5 g
Valor E1 total: R$ -1.16

💰 Créditos: R$ 0.00
💸 Débitos: R$ 1.16
📈 Saldo líquido: R$ -1.16

🗺️  MAP MATCHING:
   Pontos processados: 155
   Snaps tentados: 155 (100.0%)
   Snaps bem-sucedidos: 155 (100.0%)
   Snaps forçados (>100m): 155 (100.0%)
   ✅ TODOS os pontos estão em ruas (FORCE_SNAP=True)
======================================================================

💾 Dados agregados salvos em: ../data/offset_batch/vehicles_step_sim_2/run_064.csv
[csv-worker_2] [vehicles_step_sim_2] ===== LOG RUN 064 FIM =====

[csv-worker_2] [vehicles_step_sim_2] ===== LOG RUN 065 INICIO =====
======================================================================
🚗 PROCESSAMENTO SUMO → E1 REGISTRY (OFFSET ALEATÓRIO - veh0)
======================================================================
📄 Entrada: ../data/vehicles_step_sim_2.csv
🏭 Consumo fabricante: 12.0 km/l
💰 Preço carbono: R$ 50.0/ton
⭕ Raio máximo do offset aleatório: 2.0 km
🎲 Offset gerado aleatoriamente:
   Ângulo: 123.6°
   Distância: 1.3764 km
   offset_x (lat): -0.006841°  |  offset_y (lon): 0.010300°
📊 Row stepping: Processando todas as linhas
🗺️  Map matching: ATIVADO (raio 1500m) - pontos snapped para ruas
📐 Cálculo de distância: HAVERSINE PURO dos pontos COM snap (consistência)
======================================================================

📊 Carregando dados SUMO...
   Total de registros no arquivo: 222
   Veículos únicos: 1
   🚙 Vehicle selecionado: carro_1000

🔄 Agregando viagens por vehicle_id...
  📐 SUMO_carro_1000: Calculando distâncias com Haversine direto (SEM routing API)
      Original: 337 pontos → 3.3706 km (Haversine)
      Offset:   337 pontos → 5.1157 km (Haversine)

🚙 Veículo: SUMO_carro_1000
   Modelo: HBEFA4/PC_petrol_Euro-6ab
   Segmentos: 337
   📏 Distância: 3.379 km (city: 3.069, highway: 0.310)
   ⛽ Combustível: 58.616 l
   🏭 CO2 real: 135402.3 g
   🎯 CO2 meta: 650.5 g
   📊 Delta: -134751.8 g
   💰 Valor E1: R$ -6.7376
   🧭 Tentativas map matching: 339

   🔑 OFFSET DETERMINÍSTICO (x=0.011192111218767047°, y=-0.005323574279893152°, max=2.0km):
   📍 Start Original:  (40.775644, -73.960687)
   🔒 Start Protegido: (40.787808, -73.967514) ✓ 1.32 km | ✓ MAP MATCHED
   📏 Deslocamento final: 1471.4 metros
   📍 End Original:    (40.774801, -73.960637)
   🔒 End Protegido:   (40.784559, -73.967349) ✓ 1.32 km | ✓ MAP MATCHED
   📏 Deslocamento final: 1224.8 metros

   📐 ANÁLISE DE DISTÂNCIA DO TRAJETO (HAVERSINE DOS PONTOS ARMAZENADOS):
   ✨ 293 pontos privados duplicados foram separados para garantir visualização 1:1.
   ℹ️  Dica: use --debug-map-matching para ver tentativas detalhadas de re-snap.
   🔢 Pontos unicos original/offset: 337/44 (Δ -293, -86.9% )
   📍 Trajeto original: 3.371 km (linha reta entre pontos GPS)
   🔒 Trajeto com offset: 5.116 km (linha reta entre pontos COM snap)
   📊 Diferença: +1.745 km (+51.8%)

======================================================================
📊 ESTATÍSTICAS FINAIS
======================================================================
Viagens processadas: 1
Distância total: 3.38 km
Combustível total: 58.62 l
CO2 real total: 135402.3 g
CO2 meta total: 650.5 g
Delta CO2: -134751.8 g
Valor E1 total: R$ -6.74

💰 Créditos: R$ 0.00
💸 Débitos: R$ 6.74
📈 Saldo líquido: R$ -6.74

🗺️  MAP MATCHING:
   Pontos processados: 337
   Snaps tentados: 337 (100.0%)
   Snaps bem-sucedidos: 337 (100.0%)
   Snaps forçados (>100m): 337 (100.0%)
   ✅ TODOS os pontos estão em ruas (FORCE_SNAP=True)
======================================================================

💾 Dados agregados salvos em: ../data/offset_batch/vehicles_step_sim_2/run_065.csv
[csv-worker_2] [vehicles_step_sim_2] ===== LOG RUN 065 FIM =====

[csv-worker_2] [vehicles_step_sim_2] ===== LOG RUN 066 INICIO =====
======================================================================
🚗 PROCESSAMENTO SUMO → E1 REGISTRY (OFFSET ALEATÓRIO - veh0)
======================================================================
📄 Entrada: ../data/vehicles_step_sim_2.csv
🏭 Consumo fabricante: 12.0 km/l
💰 Preço carbono: R$ 50.0/ton
⭕ Raio máximo do offset aleatório: 2.0 km
🎲 Offset gerado aleatoriamente:
   Ângulo: 344.5°
   Distância: 1.9040 km
   offset_x (lat): 0.016480°  |  offset_y (lon): -0.004577°
📊 Row stepping: Processando todas as linhas
🗺️  Map matching: ATIVADO (raio 1500m) - pontos snapped para ruas
📐 Cálculo de distância: HAVERSINE PURO dos pontos COM snap (consistência)
======================================================================

📊 Carregando dados SUMO...
   Total de registros no arquivo: 222
   Veículos únicos: 1
   🚙 Vehicle selecionado: carro_1000

🔄 Agregando viagens por vehicle_id...
  📐 SUMO_carro_1000: Calculando distâncias com Haversine direto (SEM routing API)
      Original: 299 pontos → 3.0526 km (Haversine)
      Offset:   299 pontos → 3.4462 km (Haversine)

🚙 Veículo: SUMO_carro_1000
   Modelo: HBEFA4/PC_petrol_Euro-6ab
   Segmentos: 299
   📏 Distância: 3.060 km (city: 3.060, highway: 0.000)
   ⛽ Combustível: 48.384 l
   🏭 CO2 real: 111766.0 g
   🎯 CO2 meta: 589.0 g
   📊 Delta: -111177.0 g
   💰 Valor E1: R$ -5.5588
   🧭 Tentativas map matching: 301

   🔑 OFFSET DETERMINÍSTICO (x=-0.006860697859249921°, y=-0.004635822026351571°, max=2.0km):
   📍 Start Original:  (40.775644, -73.960687)
   🔒 Start Protegido: (40.768569, -73.965568) ✓ 0.86 km | ✓ MAP MATCHED
   📏 Deslocamento final: 888.6 metros
   📍 End Original:    (40.774198, -73.961141)
   🔒 End Protegido:   (40.767190, -73.966351) ✓ 0.86 km | ✓ MAP MATCHED
   📏 Deslocamento final: 895.3 metros

   📐 ANÁLISE DE DISTÂNCIA DO TRAJETO (HAVERSINE DOS PONTOS ARMAZENADOS):
   ✨ 256 pontos privados duplicados foram separados para garantir visualização 1:1.
   ℹ️  Dica: use --debug-map-matching para ver tentativas detalhadas de re-snap.
   🔢 Pontos unicos original/offset: 299/43 (Δ -256, -85.6% )
   📍 Trajeto original: 3.053 km (linha reta entre pontos GPS)
   🔒 Trajeto com offset: 3.446 km (linha reta entre pontos COM snap)
   📊 Diferença: +0.394 km (+12.9%)

======================================================================
📊 ESTATÍSTICAS FINAIS
======================================================================
Viagens processadas: 1
Distância total: 3.06 km
Combustível total: 48.38 l
CO2 real total: 111766.0 g
CO2 meta total: 589.0 g
Delta CO2: -111177.0 g
Valor E1 total: R$ -5.56

💰 Créditos: R$ 0.00
💸 Débitos: R$ 5.56
📈 Saldo líquido: R$ -5.56

🗺️  MAP MATCHING:
   Pontos processados: 299
   Snaps tentados: 299 (100.0%)
   Snaps bem-sucedidos: 299 (100.0%)
   Snaps forçados (>100m): 299 (100.0%)
   ✅ TODOS os pontos estão em ruas (FORCE_SNAP=True)
======================================================================

💾 Dados agregados salvos em: ../data/offset_batch/vehicles_step_sim_2/run_066.csv
[csv-worker_2] [vehicles_step_sim_2] ===== LOG RUN 066 FIM =====

[csv-worker_2] [vehicles_step_sim_2] ===== LOG RUN 067 INICIO =====
======================================================================
🚗 PROCESSAMENTO SUMO → E1 REGISTRY (OFFSET ALEATÓRIO - veh0)
======================================================================
📄 Entrada: ../data/vehicles_step_sim_2.csv
🏭 Consumo fabricante: 12.0 km/l
💰 Preço carbono: R$ 50.0/ton
⭕ Raio máximo do offset aleatório: 2.0 km
🎲 Offset gerado aleatoriamente:
   Ângulo: 160.9°
   Distância: 0.9725 km
   offset_x (lat): -0.008255°  |  offset_y (lon): 0.002861°
📊 Row stepping: Processando todas as linhas
🗺️  Map matching: ATIVADO (raio 1500m) - pontos snapped para ruas
📐 Cálculo de distância: HAVERSINE PURO dos pontos COM snap (consistência)
======================================================================

📊 Carregando dados SUMO...
   Total de registros no arquivo: 222
   Veículos únicos: 1
   🚙 Vehicle selecionado: carro_1000

🔄 Agregando viagens por vehicle_id...
  📐 SUMO_carro_1000: Calculando distâncias com Haversine direto (SEM routing API)
      Original: 155 pontos → 1.4242 km (Haversine)
      Offset:   155 pontos → 2.2960 km (Haversine)

🚙 Veículo: SUMO_carro_1000
   Modelo: HBEFA4/PC_petrol_Euro-6ab
   Segmentos: 155
   📏 Distância: 1.424 km (city: 1.424, highway: 0.000)
   ⛽ Combustível: 10.127 l
   🏭 CO2 real: 23393.7 g
   🎯 CO2 meta: 274.2 g
   📊 Delta: -23119.5 g
   💰 Valor E1: R$ -1.1560
   🧭 Tentativas map matching: 157

   🔑 OFFSET DETERMINÍSTICO (x=0.012111954490791731°, y=-0.0011181789070191404°, max=2.0km):
   📍 Start Original:  (40.775644, -73.960687)
   🔒 Start Protegido: (40.790339, -73.960016) ✓ 1.35 km | ✓ MAP MATCHED
   📏 Deslocamento final: 1636.8 metros
   📍 End Original:    (40.775671, -73.960433)
   🔒 End Protegido:   (40.790339, -73.960016) ✓ 1.35 km | ✓ MAP MATCHED
   📏 Deslocamento final: 1633.2 metros

   📐 ANÁLISE DE DISTÂNCIA DO TRAJETO (HAVERSINE DOS PONTOS ARMAZENADOS):
   ✨ 119 pontos privados duplicados foram separados para garantir visualização 1:1.
   ℹ️  Dica: use --debug-map-matching para ver tentativas detalhadas de re-snap.
   🔢 Pontos unicos original/offset: 155/36 (Δ -119, -76.8% )
   📍 Trajeto original: 1.424 km (linha reta entre pontos GPS)
   🔒 Trajeto com offset: 2.296 km (linha reta entre pontos COM snap)
   📊 Diferença: +0.872 km (+61.2%)

======================================================================
📊 ESTATÍSTICAS FINAIS
======================================================================
Viagens processadas: 1
Distância total: 1.42 km
Combustível total: 10.13 l
CO2 real total: 23393.7 g
CO2 meta total: 274.2 g
Delta CO2: -23119.5 g
Valor E1 total: R$ -1.16

💰 Créditos: R$ 0.00
💸 Débitos: R$ 1.16
📈 Saldo líquido: R$ -1.16

🗺️  MAP MATCHING:
   Pontos processados: 155
   Snaps tentados: 155 (100.0%)
   Snaps bem-sucedidos: 155 (100.0%)
   Snaps forçados (>100m): 155 (100.0%)
   ✅ TODOS os pontos estão em ruas (FORCE_SNAP=True)
======================================================================

💾 Dados agregados salvos em: ../data/offset_batch/vehicles_step_sim_2/run_067.csv
[csv-worker_2] [vehicles_step_sim_2] ===== LOG RUN 067 FIM =====

[csv-worker_2] [vehicles_step_sim_2] ===== LOG RUN 068 INICIO =====
======================================================================
🚗 PROCESSAMENTO SUMO → E1 REGISTRY (OFFSET ALEATÓRIO - veh0)
======================================================================
📄 Entrada: ../data/vehicles_step_sim_2.csv
🏭 Consumo fabricante: 12.0 km/l
💰 Preço carbono: R$ 50.0/ton
⭕ Raio máximo do offset aleatório: 2.0 km
🎲 Offset gerado aleatoriamente:
   Ângulo: 320.9°
   Distância: 1.8588 km
   offset_x (lat): 0.012951°  |  offset_y (lon): -0.010541°
📊 Row stepping: Processando todas as linhas
🗺️  Map matching: ATIVADO (raio 1500m) - pontos snapped para ruas
📐 Cálculo de distância: HAVERSINE PURO dos pontos COM snap (consistência)
======================================================================

📊 Carregando dados SUMO...
   Total de registros no arquivo: 222
   Veículos únicos: 1
   🚙 Vehicle selecionado: carro_1000

🔄 Agregando viagens por vehicle_id...
  📐 SUMO_carro_1000: Calculando distâncias com Haversine direto (SEM routing API)
      Original: 312 pontos → 3.1845 km (Haversine)
      Offset:   312 pontos → 4.9080 km (Haversine)

🚙 Veículo: SUMO_carro_1000
   Modelo: HBEFA4/PC_petrol_Euro-6ab
   Segmentos: 312
   📏 Distância: 3.190 km (city: 2.602, highway: 0.587)
   ⛽ Combustível: 54.577 l
   🏭 CO2 real: 126071.8 g
   🎯 CO2 meta: 614.1 g
   📊 Delta: -125457.8 g
   💰 Valor E1: R$ -6.2729
   🧭 Tentativas map matching: 314

   🔑 OFFSET DETERMINÍSTICO (x=0.011951684678911643°, y=-0.0025846664996489526°, max=2.0km):
   📍 Start Original:  (40.775644, -73.960687)
   🔒 Start Protegido: (40.789067, -73.966601) ✓ 1.35 km | ✓ MAP MATCHED
   📏 Deslocamento final: 1575.3 metros
   📍 End Original:    (40.771637, -73.963520)
   🔒 End Protegido:   (40.784031, -73.966185) ✓ 1.35 km | ✓ MAP MATCHED
   📏 Deslocamento final: 1397.8 metros

   📐 ANÁLISE DE DISTÂNCIA DO TRAJETO (HAVERSINE DOS PONTOS ARMAZENADOS):
   ✨ 264 pontos privados duplicados foram separados para garantir visualização 1:1.
   ℹ️  Dica: use --debug-map-matching para ver tentativas detalhadas de re-snap.
   🔢 Pontos unicos original/offset: 312/48 (Δ -264, -84.6% )
   📍 Trajeto original: 3.185 km (linha reta entre pontos GPS)
   🔒 Trajeto com offset: 4.908 km (linha reta entre pontos COM snap)
   📊 Diferença: +1.723 km (+54.1%)

======================================================================
📊 ESTATÍSTICAS FINAIS
======================================================================
Viagens processadas: 1
Distância total: 3.19 km
Combustível total: 54.58 l
CO2 real total: 126071.8 g
CO2 meta total: 614.1 g
Delta CO2: -125457.8 g
Valor E1 total: R$ -6.27

💰 Créditos: R$ 0.00
💸 Débitos: R$ 6.27
📈 Saldo líquido: R$ -6.27

🗺️  MAP MATCHING:
   Pontos processados: 312
   Snaps tentados: 312 (100.0%)
   Snaps bem-sucedidos: 312 (100.0%)
   Snaps forçados (>100m): 312 (100.0%)
   ✅ TODOS os pontos estão em ruas (FORCE_SNAP=True)
======================================================================

💾 Dados agregados salvos em: ../data/offset_batch/vehicles_step_sim_2/run_068.csv
[csv-worker_2] [vehicles_step_sim_2] ===== LOG RUN 068 FIM =====

[csv-worker_2] [vehicles_step_sim_2] ===== LOG RUN 069 INICIO =====
======================================================================
🚗 PROCESSAMENTO SUMO → E1 REGISTRY (OFFSET ALEATÓRIO - veh0)
======================================================================
📄 Entrada: ../data/vehicles_step_sim_2.csv
🏭 Consumo fabricante: 12.0 km/l
💰 Preço carbono: R$ 50.0/ton
⭕ Raio máximo do offset aleatório: 2.0 km
🎲 Offset gerado aleatoriamente:
   Ângulo: 127.2°
   Distância: 1.1892 km
   offset_x (lat): -0.006462°  |  offset_y (lon): 0.008507°
📊 Row stepping: Processando todas as linhas
🗺️  Map matching: ATIVADO (raio 1500m) - pontos snapped para ruas
📐 Cálculo de distância: HAVERSINE PURO dos pontos COM snap (consistência)
======================================================================

📊 Carregando dados SUMO...
  📐 SUMO_carro_1000: Calculando distâncias com Haversine direto (SEM routing API)
      Original: 299 pontos → 3.0526 km (Haversine)
      Offset:   299 pontos → 5.0524 km (Haversine)

🚙 Veículo: SUMO_carro_1000
   Modelo: HBEFA4/PC_petrol_Euro-6ab
   Segmentos: 299
   📏 Distância: 3.060 km (city: 3.060, highway: 0.000)
   ⛽ Combustível: 48.384 l
   🏭 CO2 real: 111766.0 g
   🎯 CO2 meta: 589.0 g
   📊 Delta: -111177.0 g
   💰 Valor E1: R$ -5.5588
   🧭 Tentativas map matching: 301

   🔑 OFFSET DETERMINÍSTICO (x=-0.011260231876974395°, y=0.011974743700410719°, max=2.0km):
   📍 Start Original:  (40.775644, -73.960687)
   🔒 Start Protegido: (40.763897, -73.947902) ✓ 1.61 km | ✓ MAP MATCHED
   📏 Deslocamento final: 1694.5 metros
   📍 End Original:    (40.774198, -73.961141)
   🔒 End Protegido:   (40.762938, -73.949134) ✓ 1.61 km | ✓ MAP MATCHED
   📏 Deslocamento final: 1611.2 metros

   📐 ANÁLISE DE DISTÂNCIA DO TRAJETO (HAVERSINE DOS PONTOS ARMAZENADOS):
   ✨ 261 pontos privados duplicados foram separados para garantir visualização 1:1.
   ℹ️  Dica: use --debug-map-matching para ver tentativas detalhadas de re-snap.
   🔢 Pontos unicos original/offset: 299/38 (Δ -261, -87.3% )
   📍 Trajeto original: 3.053 km (linha reta entre pontos GPS)
   🔒 Trajeto com offset: 5.052 km (linha reta entre pontos COM snap)
   📊 Diferença: +2.000 km (+65.5%)

======================================================================
📊 ESTATÍSTICAS FINAIS
======================================================================
Viagens processadas: 1
Distância total: 3.06 km
Combustível total: 48.38 l
CO2 real total: 111766.0 g
CO2 meta total: 589.0 g
Delta CO2: -111177.0 g
Valor E1 total: R$ -5.56

💰 Créditos: R$ 0.00
💸 Débitos: R$ 5.56
📈 Saldo líquido: R$ -5.56

🗺️  MAP MATCHING:
   Pontos processados: 299
   Snaps tentados: 299 (100.0%)
   Snaps bem-sucedidos: 299 (100.0%)
   Snaps forçados (>100m): 299 (100.0%)
   ✅ TODOS os pontos estão em ruas (FORCE_SNAP=True)
======================================================================

💾 Dados agregados salvos em: ../data/offset_batch/vehicles_step_sim_2/run_069.csv
[csv-worker_2] [vehicles_step_sim_2] ===== LOG RUN 069 FIM =====

[csv-worker_2] [vehicles_step_sim_2] ===== LOG RUN 070 INICIO =====
======================================================================
🚗 PROCESSAMENTO SUMO → E1 REGISTRY (OFFSET ALEATÓRIO - veh0)
======================================================================
📄 Entrada: ../data/vehicles_step_sim_2.csv
🏭 Consumo fabricante: 12.0 km/l
💰 Preço carbono: R$ 50.0/ton
⭕ Raio máximo do offset aleatório: 2.0 km
🎲 Offset gerado aleatoriamente:
   Ângulo: 9.3°
   Distância: 1.1014 km
   offset_x (lat): 0.009765°  |  offset_y (lon): 0.001591°
📊 Row stepping: Processando todas as linhas
🗺️  Map matching: ATIVADO (raio 1500m) - pontos snapped para ruas
📐 Cálculo de distância: HAVERSINE PURO dos pontos COM snap (consistência)
======================================================================

📊 Carregando dados SUMO...
   Total de registros no arquivo: 222
   Veículos únicos: 1
   🚙 Vehicle selecionado: carro_1000

🔄 Agregando viagens por vehicle_id...
  📐 SUMO_carro_1000: Calculando distâncias com Haversine direto (SEM routing API)
      Original: 323 pontos → 2.9161 km (Haversine)
      Offset:   323 pontos → 2.5822 km (Haversine)

🚙 Veículo: SUMO_carro_1000
   Modelo: HBEFA4/PC_petrol_Euro-6ab
   Segmentos: 323
   📏 Distância: 2.926 km (city: 2.764, highway: 0.161)
   ⛽ Combustível: 54.094 l
   🏭 CO2 real: 124958.0 g
   🎯 CO2 meta: 563.2 g
   📊 Delta: -124394.9 g
   💰 Valor E1: R$ -6.2197
   🧭 Tentativas map matching: 325

   🔑 OFFSET DETERMINÍSTICO (x=0.006679831142566869°, y=0.003906393730721361°, max=2.0km):
   📍 Start Original:  (40.775644, -73.960687)
   🔒 Start Protegido: (40.782620, -73.956997) ✓ 0.81 km | ✓ MAP MATCHED
   📏 Deslocamento final: 836.6 metros
   📍 End Original:    (40.774046, -73.961617)
   🔒 End Protegido:   (40.780270, -73.957404) ✓ 0.81 km | ✓ MAP MATCHED
   📏 Deslocamento final: 778.6 metros

   📐 ANÁLISE DE DISTÂNCIA DO TRAJETO (HAVERSINE DOS PONTOS ARMAZENADOS):
   ✨ 293 pontos privados duplicados foram separados para garantir visualização 1:1.
   ℹ️  Dica: use --debug-map-matching para ver tentativas detalhadas de re-snap.
   🔢 Pontos unicos original/offset: 320/30 (Δ -290, -90.6% )
   📍 Trajeto original: 2.916 km (linha reta entre pontos GPS)
   🔒 Trajeto com offset: 2.582 km (linha reta entre pontos COM snap)
   📊 Diferença: -0.334 km (-11.4%)

======================================================================
📊 ESTATÍSTICAS FINAIS
======================================================================
Viagens processadas: 1
Distância total: 2.93 km
Combustível total: 54.09 l
CO2 real total: 124958.0 g
CO2 meta total: 563.2 g
Delta CO2: -124394.9 g
Valor E1 total: R$ -6.22

💰 Créditos: R$ 0.00
💸 Débitos: R$ 6.22
📈 Saldo líquido: R$ -6.22

🗺️  MAP MATCHING:
   Pontos processados: 323
   Snaps tentados: 323 (100.0%)
   Snaps bem-sucedidos: 323 (100.0%)
   Snaps forçados (>100m): 323 (100.0%)
   ✅ TODOS os pontos estão em ruas (FORCE_SNAP=True)
======================================================================

💾 Dados agregados salvos em: ../data/offset_batch/vehicles_step_sim_2/run_070.csv
[csv-worker_2] [vehicles_step_sim_2] ===== LOG RUN 070 FIM =====

[csv-worker_2] [vehicles_step_sim_2] ===== LOG RUN 071 INICIO =====
======================================================================
🚗 PROCESSAMENTO SUMO → E1 REGISTRY (OFFSET ALEATÓRIO - veh0)
======================================================================
📄 Entrada: ../data/vehicles_step_sim_2.csv
🏭 Consumo fabricante: 12.0 km/l
💰 Preço carbono: R$ 50.0/ton
⭕ Raio máximo do offset aleatório: 2.0 km
🎲 Offset gerado aleatoriamente:
   Ângulo: 78.5°
   Distância: 1.9775 km
   offset_x (lat): 0.003540°  |  offset_y (lon): 0.017408°
📊 Row stepping: Processando todas as linhas
🗺️  Map matching: ATIVADO (raio 1500m) - pontos snapped para ruas
📐 Cálculo de distância: HAVERSINE PURO dos pontos COM snap (consistência)
======================================================================

📊 Carregando dados SUMO...
   Total de registros no arquivo: 222
   Veículos únicos: 1
   🚙 Vehicle selecionado: carro_1000

🔄 Agregando viagens por vehicle_id...
  📐 SUMO_carro_1000: Calculando distâncias com Haversine direto (SEM routing API)
      Original: 155 pontos → 1.4242 km (Haversine)
      Offset:   155 pontos → 1.5113 km (Haversine)

🚙 Veículo: SUMO_carro_1000
   Modelo: HBEFA4/PC_petrol_Euro-6ab
   Segmentos: 155
   📏 Distância: 1.424 km (city: 1.424, highway: 0.000)
   ⛽ Combustível: 10.127 l
   🏭 CO2 real: 23393.7 g
   🎯 CO2 meta: 274.2 g
   📊 Delta: -23119.5 g
   💰 Valor E1: R$ -1.1560
   🧭 Tentativas map matching: 157

   🔑 OFFSET DETERMINÍSTICO (x=0.011792027738384005°, y=-0.010085467899189605°, max=2.0km):
   📍 Start Original:  (40.775644, -73.960687)
   🔒 Start Protegido: (40.787740, -73.971096) ✓ 1.56 km | ✓ MAP MATCHED
   📏 Deslocamento final: 1607.3 metros
   📍 End Original:    (40.775671, -73.960433)
   🔒 End Protegido:   (40.787740, -73.971096) ✓ 1.56 km | ✓ MAP MATCHED
   📏 Deslocamento final: 1616.5 metros

   📐 ANÁLISE DE DISTÂNCIA DO TRAJETO (HAVERSINE DOS PONTOS ARMAZENADOS):
   ✨ 133 pontos privados duplicados foram separados para garantir visualização 1:1.
   ℹ️  Dica: use --debug-map-matching para ver tentativas detalhadas de re-snap.
   🔢 Pontos unicos original/offset: 155/22 (Δ -133, -85.8% )
   📍 Trajeto original: 1.424 km (linha reta entre pontos GPS)
   🔒 Trajeto com offset: 1.511 km (linha reta entre pontos COM snap)
   📊 Diferença: +0.087 km (+6.1%)

======================================================================
📊 ESTATÍSTICAS FINAIS
======================================================================
Viagens processadas: 1
Distância total: 1.42 km
Combustível total: 10.13 l
CO2 real total: 23393.7 g
CO2 meta total: 274.2 g
Delta CO2: -23119.5 g
Valor E1 total: R$ -1.16

💰 Créditos: R$ 0.00
💸 Débitos: R$ 1.16
📈 Saldo líquido: R$ -1.16

🗺️  MAP MATCHING:
   Pontos processados: 155
   Snaps tentados: 155 (100.0%)
   Snaps bem-sucedidos: 155 (100.0%)
   Snaps forçados (>100m): 155 (100.0%)
   ✅ TODOS os pontos estão em ruas (FORCE_SNAP=True)
======================================================================

💾 Dados agregados salvos em: ../data/offset_batch/vehicles_step_sim_2/run_071.csv
[csv-worker_2] [vehicles_step_sim_2] ===== LOG RUN 071 FIM =====

[csv-worker_2] [vehicles_step_sim_2] ===== LOG RUN 072 INICIO =====
======================================================================
🚗 PROCESSAMENTO SUMO → E1 REGISTRY (OFFSET ALEATÓRIO - veh0)
======================================================================
📄 Entrada: ../data/vehicles_step_sim_2.csv
🏭 Consumo fabricante: 12.0 km/l
💰 Preço carbono: R$ 50.0/ton
⭕ Raio máximo do offset aleatório: 2.0 km
🎲 Offset gerado aleatoriamente:
   Ângulo: 127.4°
   Distância: 1.4126 km
   offset_x (lat): -0.007713°  |  offset_y (lon): 0.010076°
📊 Row stepping: Processando todas as linhas
🗺️  Map matching: ATIVADO (raio 1500m) - pontos snapped para ruas
📐 Cálculo de distância: HAVERSINE PURO dos pontos COM snap (consistência)
======================================================================

📊 Carregando dados SUMO...
   Total de registros no arquivo: 222
   Veículos únicos: 1
   🚙 Vehicle selecionado: carro_1000

🔄 Agregando viagens por vehicle_id...
  📐 SUMO_carro_1000: Calculando distâncias com Haversine direto (SEM routing API)
      Original: 299 pontos → 3.0526 km (Haversine)
      Offset:   299 pontos → 2.7301 km (Haversine)

🚙 Veículo: SUMO_carro_1000
   Modelo: HBEFA4/PC_petrol_Euro-6ab
   Segmentos: 299
   📏 Distância: 3.060 km (city: 3.060, highway: 0.000)
   ⛽ Combustível: 48.384 l
   🏭 CO2 real: 111766.0 g
   🎯 CO2 meta: 589.0 g
   📊 Delta: -111177.0 g
   💰 Valor E1: R$ -5.5588
   🧭 Tentativas map matching: 301

   🔑 OFFSET DETERMINÍSTICO (x=0.013345525397282313°, y=0.0034296556475209897°, max=2.0km):
   📍 Start Original:  (40.775644, -73.960687)
   🔒 Start Protegido: (40.789353, -73.957089) ✓ 1.51 km | ✓ MAP MATCHED
   📏 Deslocamento final: 1556.0 metros
   📍 End Original:    (40.774198, -73.961141)
   🔒 End Protegido:   (40.787172, -73.956300) ✓ 1.51 km | ✓ MAP MATCHED
   📏 Deslocamento final: 1500.8 metros

   📐 ANÁLISE DE DISTÂNCIA DO TRAJETO (HAVERSINE DOS PONTOS ARMAZENADOS):
   ✨ 266 pontos privados duplicados foram separados para garantir visualização 1:1.
   ℹ️  Dica: use --debug-map-matching para ver tentativas detalhadas de re-snap.
   🔢 Pontos unicos original/offset: 299/33 (Δ -266, -89.0% )
   📍 Trajeto original: 3.053 km (linha reta entre pontos GPS)
   🔒 Trajeto com offset: 2.730 km (linha reta entre pontos COM snap)
   📊 Diferença: -0.323 km (-10.6%)

======================================================================
📊 ESTATÍSTICAS FINAIS
======================================================================
Viagens processadas: 1
Distância total: 3.06 km
Combustível total: 48.38 l
CO2 real total: 111766.0 g
CO2 meta total: 589.0 g
Delta CO2: -111177.0 g
Valor E1 total: R$ -5.56

💰 Créditos: R$ 0.00
💸 Débitos: R$ 5.56
📈 Saldo líquido: R$ -5.56

🗺️  MAP MATCHING:
   Pontos processados: 299
   Snaps tentados: 299 (100.0%)
   Snaps bem-sucedidos: 299 (100.0%)
   Snaps forçados (>100m): 299 (100.0%)
   ✅ TODOS os pontos estão em ruas (FORCE_SNAP=True)
======================================================================

💾 Dados agregados salvos em: ../data/offset_batch/vehicles_step_sim_2/run_072.csv
[csv-worker_2] [vehicles_step_sim_2] ===== LOG RUN 072 FIM =====

[csv-worker_2] [vehicles_step_sim_2] ===== LOG RUN 073 INICIO =====
======================================================================
🚗 PROCESSAMENTO SUMO → E1 REGISTRY (OFFSET ALEATÓRIO - veh0)
======================================================================
📄 Entrada: ../data/vehicles_step_sim_2.csv
🏭 Consumo fabricante: 12.0 km/l
💰 Preço carbono: R$ 50.0/ton
⭕ Raio máximo do offset aleatório: 2.0 km
🎲 Offset gerado aleatoriamente:
   Ângulo: 308.0°
   Distância: 1.9752 km
   offset_x (lat): 0.010919°  |  offset_y (lon): -0.013985°
📊 Row stepping: Processando todas as linhas
🗺️  Map matching: ATIVADO (raio 1500m) - pontos snapped para ruas
📐 Cálculo de distância: HAVERSINE PURO dos pontos COM snap (consistência)
======================================================================

📊 Carregando dados SUMO...
   Total de registros no arquivo: 222
   Veículos únicos: 1
   🚙 Vehicle selecionado: carro_1000

🔄 Agregando viagens por vehicle_id...
  📐 SUMO_carro_1000: Calculando distâncias com Haversine direto (SEM routing API)
      Original: 155 pontos → 1.4242 km (Haversine)
      Offset:   155 pontos → 1.0139 km (Haversine)

🚙 Veículo: SUMO_carro_1000
   Modelo: HBEFA4/PC_petrol_Euro-6ab
   Segmentos: 155
   📏 Distância: 1.424 km (city: 1.424, highway: 0.000)
   ⛽ Combustível: 10.127 l
   🏭 CO2 real: 23393.7 g
   🎯 CO2 meta: 274.2 g
   📊 Delta: -23119.5 g
   💰 Valor E1: R$ -1.1560
   🧭 Tentativas map matching: 157

   🔑 OFFSET DETERMINÍSTICO (x=-0.004959407461335178°, y=0.016199877812732796°, max=2.0km):
   📍 Start Original:  (40.775644, -73.960687)
   🔒 Start Protegido: (40.771682, -73.946072) ✓ 1.47 km | ✓ MAP MATCHED
   📏 Deslocamento final: 1308.6 metros
   📍 End Original:    (40.775671, -73.960433)
   🔒 End Protegido:   (40.771828, -73.945897) ✓ 1.47 km | ✓ MAP MATCHED
   📏 Deslocamento final: 1298.0 metros

   📐 ANÁLISE DE DISTÂNCIA DO TRAJETO (HAVERSINE DOS PONTOS ARMAZENADOS):
   ✨ 138 pontos privados duplicados foram separados para garantir visualização 1:1.
   ℹ️  Dica: use --debug-map-matching para ver tentativas detalhadas de re-snap.
   🔢 Pontos unicos original/offset: 155/17 (Δ -138, -89.0% )
   📍 Trajeto original: 1.424 km (linha reta entre pontos GPS)
   🔒 Trajeto com offset: 1.014 km (linha reta entre pontos COM snap)
   📊 Diferença: -0.410 km (-28.8%)

======================================================================
📊 ESTATÍSTICAS FINAIS
======================================================================
Viagens processadas: 1
Distância total: 1.42 km
Combustível total: 10.13 l
CO2 real total: 23393.7 g
CO2 meta total: 274.2 g
Delta CO2: -23119.5 g
Valor E1 total: R$ -1.16

💰 Créditos: R$ 0.00
💸 Débitos: R$ 1.16
📈 Saldo líquido: R$ -1.16

🗺️  MAP MATCHING:
   Pontos processados: 155
   Snaps tentados: 155 (100.0%)
   Snaps bem-sucedidos: 155 (100.0%)
   Snaps forçados (>100m): 155 (100.0%)
   ✅ TODOS os pontos estão em ruas (FORCE_SNAP=True)
======================================================================

💾 Dados agregados salvos em: ../data/offset_batch/vehicles_step_sim_2/run_073.csv
[csv-worker_2] [vehicles_step_sim_2] ===== LOG RUN 073 FIM =====

[csv-worker_2] [vehicles_step_sim_2] ===== LOG RUN 074 INICIO =====
======================================================================
🚗 PROCESSAMENTO SUMO → E1 REGISTRY (OFFSET ALEATÓRIO - veh0)
======================================================================
📄 Entrada: ../data/vehicles_step_sim_2.csv
🏭 Consumo fabricante: 12.0 km/l
💰 Preço carbono: R$ 50.0/ton
⭕ Raio máximo do offset aleatório: 2.0 km
🎲 Offset gerado aleatoriamente:
   Ângulo: 184.8°
   Distância: 1.6241 km
   offset_x (lat): -0.014539°  |  offset_y (lon): -0.001218°
📊 Row stepping: Processando todas as linhas
🗺️  Map matching: ATIVADO (raio 1500m) - pontos snapped para ruas
📐 Cálculo de distância: HAVERSINE PURO dos pontos COM snap (consistência)
======================================================================

📊 Carregando dados SUMO...
   Total de registros no arquivo: 222
   Veículos únicos: 1
   🚙 Vehicle selecionado: carro_1000

🔄 Agregando viagens por vehicle_id...
  📐 SUMO_carro_1000: Calculando distâncias com Haversine direto (SEM routing API)
      Original: 312 pontos → 3.1845 km (Haversine)
      Offset:   312 pontos → 3.5721 km (Haversine)

🚙 Veículo: SUMO_carro_1000
   Modelo: HBEFA4/PC_petrol_Euro-6ab
   Segmentos: 312
   📏 Distância: 3.190 km (city: 2.602, highway: 0.587)
   ⛽ Combustível: 54.577 l
   🏭 CO2 real: 126071.8 g
   🎯 CO2 meta: 614.1 g
   📊 Delta: -125457.8 g
   💰 Valor E1: R$ -6.2729
   🧭 Tentativas map matching: 314

   🔑 OFFSET DETERMINÍSTICO (x=-0.006443785953775215°, y=-0.0026589205537183806°, max=2.0km):
   📍 Start Original:  (40.775644, -73.960687)
   🔒 Start Protegido: (40.769158, -73.963274) ✓ 0.75 km | ✓ MAP MATCHED
   📏 Deslocamento final: 754.2 metros
   📍 End Original:    (40.771637, -73.963520)
   🔒 End Protegido:   (40.765303, -73.965945) ✓ 0.75 km | ✓ MAP MATCHED
   📏 Deslocamento final: 734.1 metros

   📐 ANÁLISE DE DISTÂNCIA DO TRAJETO (HAVERSINE DOS PONTOS ARMAZENADOS):
   ✨ 254 pontos privados duplicados foram separados para garantir visualização 1:1.
   ℹ️  Dica: use --debug-map-matching para ver tentativas detalhadas de re-snap.
   🔢 Pontos unicos original/offset: 312/58 (Δ -254, -81.4% )
   📍 Trajeto original: 3.185 km (linha reta entre pontos GPS)
   🔒 Trajeto com offset: 3.572 km (linha reta entre pontos COM snap)
   📊 Diferença: +0.388 km (+12.2%)

======================================================================
📊 ESTATÍSTICAS FINAIS
======================================================================
Viagens processadas: 1
Distância total: 3.19 km
Combustível total: 54.58 l
CO2 real total: 126071.8 g
CO2 meta total: 614.1 g
Delta CO2: -125457.8 g
Valor E1 total: R$ -6.27

💰 Créditos: R$ 0.00
💸 Débitos: R$ 6.27
📈 Saldo líquido: R$ -6.27

🗺️  MAP MATCHING:
   Pontos processados: 312
   Snaps tentados: 312 (100.0%)
   Snaps bem-sucedidos: 312 (100.0%)
   Snaps forçados (>100m): 312 (100.0%)
   ✅ TODOS os pontos estão em ruas (FORCE_SNAP=True)
======================================================================

💾 Dados agregados salvos em: ../data/offset_batch/vehicles_step_sim_2/run_074.csv
[csv-worker_2] [vehicles_step_sim_2] ===== LOG RUN 074 FIM =====

[csv-worker_2] [vehicles_step_sim_2] ===== LOG RUN 075 INICIO =====
======================================================================
🚗 PROCESSAMENTO SUMO → E1 REGISTRY (OFFSET ALEATÓRIO - veh0)
======================================================================
📄 Entrada: ../data/vehicles_step_sim_2.csv
🏭 Consumo fabricante: 12.0 km/l
💰 Preço carbono: R$ 50.0/ton
⭕ Raio máximo do offset aleatório: 2.0 km
🎲 Offset gerado aleatoriamente:
   Ângulo: 240.5°
   Distância: 1.7213 km
   offset_x (lat): -0.007604°  |  offset_y (lon): -0.013464°
📊 Row stepping: Processando todas as linhas
🗺️  Map matching: ATIVADO (raio 1500m) - pontos snapped para ruas
📐 Cálculo de distância: HAVERSINE PURO dos pontos COM snap (consistência)
======================================================================

📊 Carregando dados SUMO...
   Total de registros no arquivo: 222
   Veículos únicos: 1
   🚙 Vehicle selecionado: carro_1000

🔄 Agregando viagens por vehicle_id...
  📐 SUMO_carro_1000: Calculando distâncias com Haversine direto (SEM routing API)
      Original: 324 pontos → 3.1629 km (Haversine)
      Offset:   324 pontos → 2.9470 km (Haversine)

🚙 Veículo: SUMO_carro_1000
   Modelo: HBEFA4/PC_petrol_Euro-6ab
   Segmentos: 324
   📏 Distância: 3.166 km (city: 3.024, highway: 0.142)
   ⛽ Combustível: 49.530 l
   🏭 CO2 real: 114414.1 g
   🎯 CO2 meta: 609.4 g
   📊 Delta: -113804.6 g
   💰 Valor E1: R$ -5.6902
   🧭 Tentativas map matching: 326

   🔑 OFFSET DETERMINÍSTICO (x=-0.0034211331116938896°, y=-0.013102393653407186°, max=2.0km):
   📍 Start Original:  (40.775644, -73.960687)
   🔒 Start Protegido: (40.770477, -73.975610) ✓ 1.17 km | ✓ MAP MATCHED
   📏 Deslocamento final: 1383.2 metros
   📍 End Original:    (40.772251, -73.963071)
   🔒 End Protegido:   (40.769902, -73.974741) ✓ 1.17 km | ✓ MAP MATCHED
   📏 Deslocamento final: 1018.0 metros

   📐 ANÁLISE DE DISTÂNCIA DO TRAJETO (HAVERSINE DOS PONTOS ARMAZENADOS):
   ✨ 293 pontos privados duplicados foram separados para garantir visualização 1:1.
   ℹ️  Dica: use --debug-map-matching para ver tentativas detalhadas de re-snap.
   🔢 Pontos unicos original/offset: 324/31 (Δ -293, -90.4% )
   📍 Trajeto original: 3.163 km (linha reta entre pontos GPS)
   🔒 Trajeto com offset: 2.947 km (linha reta entre pontos COM snap)
   📊 Diferença: -0.216 km (-6.8%)

======================================================================
📊 ESTATÍSTICAS FINAIS
======================================================================
Viagens processadas: 1
Distância total: 3.17 km
Combustível total: 49.53 l
CO2 real total: 114414.1 g
CO2 meta total: 609.4 g
Delta CO2: -113804.6 g
Valor E1 total: R$ -5.69

💰 Créditos: R$ 0.00
💸 Débitos: R$ 5.69
📈 Saldo líquido: R$ -5.69

🗺️  MAP MATCHING:
   Pontos processados: 324
   Snaps tentados: 324 (100.0%)
   Snaps bem-sucedidos: 324 (100.0%)
   Snaps forçados (>100m): 324 (100.0%)
   ✅ TODOS os pontos estão em ruas (FORCE_SNAP=True)
======================================================================

💾 Dados agregados salvos em: ../data/offset_batch/vehicles_step_sim_2/run_075.csv
[csv-worker_2] [vehicles_step_sim_2] ===== LOG RUN 075 FIM =====

[csv-worker_2] [vehicles_step_sim_2] ===== LOG RUN 076 INICIO =====
======================================================================
🚗 PROCESSAMENTO SUMO → E1 REGISTRY (OFFSET ALEATÓRIO - veh0)
======================================================================
📄 Entrada: ../data/vehicles_step_sim_2.csv
🏭 Consumo fabricante: 12.0 km/l
💰 Preço carbono: R$ 50.0/ton
⭕ Raio máximo do offset aleatório: 2.0 km
🎲 Offset gerado aleatoriamente:
   Ângulo: 103.4°
   Distância: 1.4464 km
   offset_x (lat): -0.003017°  |  offset_y (lon): 0.012638°
📊 Row stepping: Processando todas as linhas
🗺️  Map matching: ATIVADO (raio 1500m) - pontos snapped para ruas
📐 Cálculo de distância: HAVERSINE PURO dos pontos COM snap (consistência)
======================================================================

📊 Carregando dados SUMO...
   Total de registros no arquivo: 222
   Veículos únicos: 1
   🚙 Vehicle selecionado: carro_1000

🔄 Agregando viagens por vehicle_id...
  📐 SUMO_carro_1000: Calculando distâncias com Haversine direto (SEM routing API)
      Original: 299 pontos → 3.0526 km (Haversine)
      Offset:   299 pontos → 3.5863 km (Haversine)

🚙 Veículo: SUMO_carro_1000
   Modelo: HBEFA4/PC_petrol_Euro-6ab
   Segmentos: 299
   📏 Distância: 3.060 km (city: 3.060, highway: 0.000)
   ⛽ Combustível: 48.384 l
   🏭 CO2 real: 111766.0 g
   🎯 CO2 meta: 589.0 g
   📊 Delta: -111177.0 g
   💰 Valor E1: R$ -5.5588
   🧭 Tentativas map matching: 301

   🔑 OFFSET DETERMINÍSTICO (x=0.006210376236476601°, y=0.0016446781721123234°, max=2.0km):
   📍 Start Original:  (40.775644, -73.960687)
   🔒 Start Protegido: (40.781585, -73.958429) ✓ 0.71 km | ✓ MAP MATCHED
   📏 Deslocamento final: 688.2 metros
   📍 End Original:    (40.774198, -73.961141)
   🔒 End Protegido:   (40.780221, -73.959422) ✓ 0.71 km | ✓ MAP MATCHED
   📏 Deslocamento final: 685.9 metros

   📐 ANÁLISE DE DISTÂNCIA DO TRAJETO (HAVERSINE DOS PONTOS ARMAZENADOS):
   ✨ 265 pontos privados duplicados foram separados para garantir visualização 1:1.
   ℹ️  Dica: use --debug-map-matching para ver tentativas detalhadas de re-snap.
   🔢 Pontos unicos original/offset: 299/34 (Δ -265, -88.6% )
   📍 Trajeto original: 3.053 km (linha reta entre pontos GPS)
   🔒 Trajeto com offset: 3.586 km (linha reta entre pontos COM snap)
   📊 Diferença: +0.534 km (+17.5%)

======================================================================
📊 ESTATÍSTICAS FINAIS
======================================================================
Viagens processadas: 1
Distância total: 3.06 km
Combustível total: 48.38 l
CO2 real total: 111766.0 g
CO2 meta total: 589.0 g
Delta CO2: -111177.0 g
Valor E1 total: R$ -5.56

💰 Créditos: R$ 0.00
💸 Débitos: R$ 5.56
📈 Saldo líquido: R$ -5.56

🗺️  MAP MATCHING:
   Pontos processados: 299
   Snaps tentados: 299 (100.0%)
   Snaps bem-sucedidos: 299 (100.0%)
   Snaps forçados (>100m): 299 (100.0%)
   ✅ TODOS os pontos estão em ruas (FORCE_SNAP=True)
======================================================================

💾 Dados agregados salvos em: ../data/offset_batch/vehicles_step_sim_2/run_076.csv
[csv-worker_2] [vehicles_step_sim_2] ===== LOG RUN 076 FIM =====

[csv-worker_2] [vehicles_step_sim_2] ===== LOG RUN 077 INICIO =====
======================================================================
🚗 PROCESSAMENTO SUMO → E1 REGISTRY (OFFSET ALEATÓRIO - veh0)
======================================================================
📄 Entrada: ../data/vehicles_step_sim_2.csv
🏭 Consumo fabricante: 12.0 km/l
💰 Preço carbono: R$ 50.0/ton
⭕ Raio máximo do offset aleatório: 2.0 km
🎲 Offset gerado aleatoriamente:
   Ângulo: 29.7°
   Distância: 1.4388 km
   offset_x (lat): 0.011231°  |  offset_y (lon): 0.006397°
📊 Row stepping: Processando todas as linhas
🗺️  Map matching: ATIVADO (raio 1500m) - pontos snapped para ruas
📐 Cálculo de distância: HAVERSINE PURO dos pontos COM snap (consistência)
======================================================================

📊 Carregando dados SUMO...
   Total de registros no arquivo: 222
   Veículos únicos: 1
   🚙 Vehicle selecionado: carro_1000

🔄 Agregando viagens por vehicle_id...
  📐 SUMO_carro_1000: Calculando distâncias com Haversine direto (SEM routing API)
      Original: 337 pontos → 3.3706 km (Haversine)
      Offset:   337 pontos → 4.2717 km (Haversine)

🚙 Veículo: SUMO_carro_1000
   Modelo: HBEFA4/PC_petrol_Euro-6ab
   Segmentos: 337
   📏 Distância: 3.379 km (city: 3.069, highway: 0.310)
   ⛽ Combustível: 58.616 l
   🏭 CO2 real: 135402.3 g
   🎯 CO2 meta: 650.5 g
   📊 Delta: -134751.8 g
   💰 Valor E1: R$ -6.7376
   🧭 Tentativas map matching: 339

   🔑 OFFSET DETERMINÍSTICO (x=0.007435673647084321°, y=0.011225305482992009°, max=2.0km):
   📍 Start Original:  (40.775644, -73.960687)
   🔒 Start Protegido: (40.783495, -73.949344) ✓ 1.26 km | ✓ MAP MATCHED
   📏 Deslocamento final: 1295.4 metros
   📍 End Original:    (40.774801, -73.960637)
   🔒 End Protegido:   (40.781965, -73.949618) ✓ 1.26 km | ✓ MAP MATCHED
   📏 Deslocamento final: 1224.2 metros

   📐 ANÁLISE DE DISTÂNCIA DO TRAJETO (HAVERSINE DOS PONTOS ARMAZENADOS):
   ✨ 287 pontos privados duplicados foram separados para garantir visualização 1:1.
   ℹ️  Dica: use --debug-map-matching para ver tentativas detalhadas de re-snap.
   🔢 Pontos unicos original/offset: 337/50 (Δ -287, -85.2% )
   📍 Trajeto original: 3.371 km (linha reta entre pontos GPS)
   🔒 Trajeto com offset: 4.272 km (linha reta entre pontos COM snap)
   📊 Diferença: +0.901 km (+26.7%)

======================================================================
📊 ESTATÍSTICAS FINAIS
======================================================================
Viagens processadas: 1
Distância total: 3.38 km
Combustível total: 58.62 l
CO2 real total: 135402.3 g
CO2 meta total: 650.5 g
Delta CO2: -134751.8 g
Valor E1 total: R$ -6.74

💰 Créditos: R$ 0.00
💸 Débitos: R$ 6.74
📈 Saldo líquido: R$ -6.74

🗺️  MAP MATCHING:
   Pontos processados: 337
   Snaps tentados: 337 (100.0%)
   Snaps bem-sucedidos: 337 (100.0%)
   Snaps forçados (>100m): 337 (100.0%)
   ✅ TODOS os pontos estão em ruas (FORCE_SNAP=True)
======================================================================

💾 Dados agregados salvos em: ../data/offset_batch/vehicles_step_sim_2/run_077.csv
[csv-worker_2] [vehicles_step_sim_2] ===== LOG RUN 077 FIM =====

[csv-worker_2] [vehicles_step_sim_2] ===== LOG RUN 078 INICIO =====
======================================================================
🚗 PROCESSAMENTO SUMO → E1 REGISTRY (OFFSET ALEATÓRIO - veh0)
======================================================================
📄 Entrada: ../data/vehicles_step_sim_2.csv
🏭 Consumo fabricante: 12.0 km/l
💰 Preço carbono: R$ 50.0/ton
⭕ Raio máximo do offset aleatório: 2.0 km
🎲 Offset gerado aleatoriamente:
   Ângulo: 202.3°
   Distância: 1.8717 km
   offset_x (lat): -0.015557°  |  offset_y (lon): -0.006378°
📊 Row stepping: Processando todas as linhas
🗺️  Map matching: ATIVADO (raio 1500m) - pontos snapped para ruas
📐 Cálculo de distância: HAVERSINE PURO dos pontos COM snap (consistência)
======================================================================

📊 Carregando dados SUMO...
   Total de registros no arquivo: 222
   Veículos únicos: 1
   🚙 Vehicle selecionado: carro_1000

🔄 Agregando viagens por vehicle_id...
  📐 SUMO_carro_1000: Calculando distâncias com Haversine direto (SEM routing API)
      Original: 312 pontos → 3.1845 km (Haversine)
      Offset:   312 pontos → 3.3111 km (Haversine)

🚙 Veículo: SUMO_carro_1000
   Modelo: HBEFA4/PC_petrol_Euro-6ab
   Segmentos: 312
   📏 Distância: 3.190 km (city: 2.602, highway: 0.587)
   ⛽ Combustível: 54.577 l
   🏭 CO2 real: 126071.8 g
   🎯 CO2 meta: 614.1 g
   📊 Delta: -125457.8 g
   💰 Valor E1: R$ -6.2729
   🧭 Tentativas map matching: 314

   🔑 OFFSET DETERMINÍSTICO (x=0.013528971628018195°, y=0.009967180075430588°, max=2.0km):
   📍 Start Original:  (40.775644, -73.960687)
   🔒 Start Protegido: (40.789164, -73.950812) ✓ 1.72 km | ✓ MAP MATCHED
   📏 Deslocamento final: 1719.9 metros
   📍 End Original:    (40.771637, -73.963520)
   🔒 End Protegido:   (40.785161, -73.953461) ✓ 1.72 km | ✓ MAP MATCHED
   📏 Deslocamento final: 1728.0 metros

   📐 ANÁLISE DE DISTÂNCIA DO TRAJETO (HAVERSINE DOS PONTOS ARMAZENADOS):
   ✨ 248 pontos privados duplicados foram separados para garantir visualização 1:1.
   ℹ️  Dica: use --debug-map-matching para ver tentativas detalhadas de re-snap.
   🔢 Pontos unicos original/offset: 312/64 (Δ -248, -79.5% )
   📍 Trajeto original: 3.185 km (linha reta entre pontos GPS)
   🔒 Trajeto com offset: 3.311 km (linha reta entre pontos COM snap)
   📊 Diferença: +0.127 km (+4.0%)

======================================================================
📊 ESTATÍSTICAS FINAIS
======================================================================
Viagens processadas: 1
Distância total: 3.19 km
Combustível total: 54.58 l
CO2 real total: 126071.8 g
CO2 meta total: 614.1 g
Delta CO2: -125457.8 g
Valor E1 total: R$ -6.27

💰 Créditos: R$ 0.00
💸 Débitos: R$ 6.27
📈 Saldo líquido: R$ -6.27

🗺️  MAP MATCHING:
   Pontos processados: 312
   Snaps tentados: 312 (100.0%)
   Snaps bem-sucedidos: 312 (100.0%)
   Snaps forçados (>100m): 312 (100.0%)
   ✅ TODOS os pontos estão em ruas (FORCE_SNAP=True)
======================================================================

💾 Dados agregados salvos em: ../data/offset_batch/vehicles_step_sim_2/run_078.csv
[csv-worker_2] [vehicles_step_sim_2] ===== LOG RUN 078 FIM =====

[csv-worker_2] [vehicles_step_sim_2] ===== LOG RUN 079 INICIO =====
======================================================================
🚗 PROCESSAMENTO SUMO → E1 REGISTRY (OFFSET ALEATÓRIO - veh0)
======================================================================
📄 Entrada: ../data/vehicles_step_sim_2.csv
🏭 Consumo fabricante: 12.0 km/l
💰 Preço carbono: R$ 50.0/ton
⭕ Raio máximo do offset aleatório: 2.0 km
🎲 Offset gerado aleatoriamente:
   Ângulo: 170.2°
   Distância: 1.2081 km
   offset_x (lat): -0.010696°  |  offset_y (lon): 0.001838°
📊 Row stepping: Processando todas as linhas
🗺️  Map matching: ATIVADO (raio 1500m) - pontos snapped para ruas
📐 Cálculo de distância: HAVERSINE PURO dos pontos COM snap (consistência)
======================================================================

📊 Carregando dados SUMO...
   Total de registros no arquivo: 222
   Veículos únicos: 1
   🚙 Vehicle selecionado: carro_1000

🔄 Agregando viagens por vehicle_id...
  📐 SUMO_carro_1000: Calculando distâncias com Haversine direto (SEM routing API)
      Original: 299 pontos → 3.0526 km (Haversine)
      Offset:   299 pontos → 3.5006 km (Haversine)

🚙 Veículo: SUMO_carro_1000
   Modelo: HBEFA4/PC_petrol_Euro-6ab
   Segmentos: 299
   📏 Distância: 3.060 km (city: 3.060, highway: 0.000)
   ⛽ Combustível: 48.384 l
   🏭 CO2 real: 111766.0 g
   🎯 CO2 meta: 589.0 g
   📊 Delta: -111177.0 g
   💰 Valor E1: R$ -5.5588
   🧭 Tentativas map matching: 301

   🔑 OFFSET DETERMINÍSTICO (x=0.005254080361712141°, y=0.00017342483533675746°, max=2.0km):
   📍 Start Original:  (40.775644, -73.960687)
   🔒 Start Protegido: (40.780811, -73.960813) ✓ 0.59 km | ✓ MAP MATCHED
   📏 Deslocamento final: 575.3 metros
   📍 End Original:    (40.774198, -73.961141)
   🔒 End Protegido:   (40.779847, -73.960510) ✓ 0.59 km | ✓ MAP MATCHED
   📏 Deslocamento final: 631.0 metros

   📐 ANÁLISE DE DISTÂNCIA DO TRAJETO (HAVERSINE DOS PONTOS ARMAZENADOS):
   ✨ 266 pontos privados duplicados foram separados para garantir visualização 1:1.
   ℹ️  Dica: use --debug-map-matching para ver tentativas detalhadas de re-snap.
   🔢 Pontos unicos original/offset: 299/33 (Δ -266, -89.0% )
   📍 Trajeto original: 3.053 km (linha reta entre pontos GPS)
   🔒 Trajeto com offset: 3.501 km (linha reta entre pontos COM snap)
   📊 Diferença: +0.448 km (+14.7%)

======================================================================
📊 ESTATÍSTICAS FINAIS
======================================================================
Viagens processadas: 1
Distância total: 3.06 km
Combustível total: 48.38 l
CO2 real total: 111766.0 g
CO2 meta total: 589.0 g
Delta CO2: -111177.0 g
Valor E1 total: R$ -5.56

💰 Créditos: R$ 0.00
💸 Débitos: R$ 5.56
📈 Saldo líquido: R$ -5.56

🗺️  MAP MATCHING:
   Pontos processados: 299
   Snaps tentados: 299 (100.0%)
   Snaps bem-sucedidos: 299 (100.0%)
   Snaps forçados (>100m): 299 (100.0%)
   ✅ TODOS os pontos estão em ruas (FORCE_SNAP=True)
======================================================================

💾 Dados agregados salvos em: ../data/offset_batch/vehicles_step_sim_2/run_079.csv
[csv-worker_2] [vehicles_step_sim_2] ===== LOG RUN 079 FIM =====

[csv-worker_2] [vehicles_step_sim_2] ===== LOG RUN 080 INICIO =====
======================================================================
🚗 PROCESSAMENTO SUMO → E1 REGISTRY (OFFSET ALEATÓRIO - veh0)
======================================================================
📄 Entrada: ../data/vehicles_step_sim_2.csv
🏭 Consumo fabricante: 12.0 km/l
💰 Preço carbono: R$ 50.0/ton
⭕ Raio máximo do offset aleatório: 2.0 km
🎲 Offset gerado aleatoriamente:
   Ângulo: 174.8°
   Distância: 1.5230 km
   offset_x (lat): -0.013625°  |  offset_y (lon): 0.001236°
📊 Row stepping: Processando todas as linhas
🗺️  Map matching: ATIVADO (raio 1500m) - pontos snapped para ruas
📐 Cálculo de distância: HAVERSINE PURO dos pontos COM snap (consistência)
======================================================================

📊 Carregando dados SUMO...
   Total de registros no arquivo: 222
   Veículos únicos: 1
   🚙 Vehicle selecionado: carro_1000

🔄 Agregando viagens por vehicle_id...
  📐 SUMO_carro_1000: Calculando distâncias com Haversine direto (SEM routing API)
      Original: 337 pontos → 3.3706 km (Haversine)
      Offset:   337 pontos → 4.1852 km (Haversine)

🚙 Veículo: SUMO_carro_1000
   Modelo: HBEFA4/PC_petrol_Euro-6ab
   Segmentos: 337
   📏 Distância: 3.379 km (city: 3.069, highway: 0.310)
   ⛽ Combustível: 58.616 l
   🏭 CO2 real: 135402.3 g
   🎯 CO2 meta: 650.5 g
   📊 Delta: -134751.8 g
   💰 Valor E1: R$ -6.7376
   🧭 Tentativas map matching: 339

   🔑 OFFSET DETERMINÍSTICO (x=0.009853563282594579°, y=-0.014767994290255817°, max=2.0km):
   📍 Start Original:  (40.775644, -73.960687)
   🔒 Start Protegido: (40.785862, -73.974777) ✓ 1.66 km | ✓ MAP MATCHED
   📏 Deslocamento final: 1644.6 metros
   📍 End Original:    (40.774801, -73.960637)
   🔒 End Protegido:   (40.784192, -73.974730) ✓ 1.66 km | ✓ MAP MATCHED
   📏 Deslocamento final: 1582.5 metros

   📐 ANÁLISE DE DISTÂNCIA DO TRAJETO (HAVERSINE DOS PONTOS ARMAZENADOS):
   ✨ 299 pontos privados duplicados foram separados para garantir visualização 1:1.
   ℹ️  Dica: use --debug-map-matching para ver tentativas detalhadas de re-snap.
   🔢 Pontos unicos original/offset: 337/38 (Δ -299, -88.7% )
   📍 Trajeto original: 3.371 km (linha reta entre pontos GPS)
   🔒 Trajeto com offset: 4.185 km (linha reta entre pontos COM snap)
   📊 Diferença: +0.815 km (+24.2%)

======================================================================
📊 ESTATÍSTICAS FINAIS
======================================================================
Viagens processadas: 1
Distância total: 3.38 km
Combustível total: 58.62 l
CO2 real total: 135402.3 g
CO2 meta total: 650.5 g
Delta CO2: -134751.8 g
Valor E1 total: R$ -6.74

💰 Créditos: R$ 0.00
💸 Débitos: R$ 6.74
📈 Saldo líquido: R$ -6.74

🗺️  MAP MATCHING:
   Pontos processados: 337
   Snaps tentados: 337 (100.0%)
   Snaps bem-sucedidos: 337 (100.0%)
   Snaps forçados (>100m): 337 (100.0%)
   ✅ TODOS os pontos estão em ruas (FORCE_SNAP=True)
======================================================================

💾 Dados agregados salvos em: ../data/offset_batch/vehicles_step_sim_2/run_080.csv
[csv-worker_2] [vehicles_step_sim_2] ===== LOG RUN 080 FIM =====

[csv-worker_2] [vehicles_step_sim_2] ===== LOG RUN 081 INICIO =====
======================================================================
🚗 PROCESSAMENTO SUMO → E1 REGISTRY (OFFSET ALEATÓRIO - veh0)
======================================================================
📄 Entrada: ../data/vehicles_step_sim_2.csv
🏭 Consumo fabricante: 12.0 km/l
💰 Preço carbono: R$ 50.0/ton
⭕ Raio máximo do offset aleatório: 2.0 km
🎲 Offset gerado aleatoriamente:
   Ângulo: 84.6°
   Distância: 1.7475 km
   offset_x (lat): 0.001464°  |  offset_y (lon): 0.015630°
📊 Row stepping: Processando todas as linhas
🗺️  Map matching: ATIVADO (raio 1500m) - pontos snapped para ruas
📐 Cálculo de distância: HAVERSINE PURO dos pontos COM snap (consistência)
======================================================================

📊 Carregando dados SUMO...
   Total de registros no arquivo: 222
   Veículos únicos: 1
   🚙 Vehicle selecionado: carro_1000

🔄 Agregando viagens por vehicle_id...
  📐 SUMO_carro_1000: Calculando distâncias com Haversine direto (SEM routing API)
      Original: 300 pontos → 3.1542 km (Haversine)
      Offset:   300 pontos → 3.3349 km (Haversine)

🚙 Veículo: SUMO_carro_1000
   Modelo: HBEFA4/PC_petrol_Euro-6ab
   Segmentos: 300
   📏 Distância: 3.158 km (city: 2.541, highway: 0.617)
   ⛽ Combustível: 49.984 l
   🏭 CO2 real: 115462.6 g
   🎯 CO2 meta: 608.0 g
   📊 Delta: -114854.6 g
   💰 Valor E1: R$ -5.7427
   🧭 Tentativas map matching: 302

   🔑 OFFSET DETERMINÍSTICO (x=0.00926090628447396°, y=0.002688158298380258°, max=2.0km):
   📍 Start Original:  (40.775644, -73.960687)
   🔒 Start Protegido: (40.784779, -73.958049) ✓ 1.06 km | ✓ MAP MATCHED
   📏 Deslocamento final: 1041.0 metros
   📍 End Original:    (40.773912, -73.961904)
   🔒 End Protegido:   (40.783410, -73.959035) ✓ 1.06 km | ✓ MAP MATCHED
   📏 Deslocamento final: 1084.6 metros

   📐 ANÁLISE DE DISTÂNCIA DO TRAJETO (HAVERSINE DOS PONTOS ARMAZENADOS):
   ✨ 237 pontos privados duplicados foram separados para garantir visualização 1:1.
   ℹ️  Dica: use --debug-map-matching para ver tentativas detalhadas de re-snap.
   🔢 Pontos unicos original/offset: 299/63 (Δ -236, -78.9% )
   📍 Trajeto original: 3.154 km (linha reta entre pontos GPS)
   🔒 Trajeto com offset: 3.335 km (linha reta entre pontos COM snap)
   📊 Diferença: +0.181 km (+5.7%)

======================================================================
📊 ESTATÍSTICAS FINAIS
======================================================================
Viagens processadas: 1
Distância total: 3.16 km
Combustível total: 49.98 l
CO2 real total: 115462.6 g
CO2 meta total: 608.0 g
Delta CO2: -114854.6 g
Valor E1 total: R$ -5.74

💰 Créditos: R$ 0.00
💸 Débitos: R$ 5.74
📈 Saldo líquido: R$ -5.74

🗺️  MAP MATCHING:
   Pontos processados: 300
   Snaps tentados: 300 (100.0%)
   Snaps bem-sucedidos: 300 (100.0%)
   Snaps forçados (>100m): 300 (100.0%)
   ✅ TODOS os pontos estão em ruas (FORCE_SNAP=True)
======================================================================

💾 Dados agregados salvos em: ../data/offset_batch/vehicles_step_sim_2/run_081.csv
[csv-worker_2] [vehicles_step_sim_2] ===== LOG RUN 081 FIM =====

[csv-worker_2] [vehicles_step_sim_2] ===== LOG RUN 082 INICIO =====
======================================================================
🚗 PROCESSAMENTO SUMO → E1 REGISTRY (OFFSET ALEATÓRIO - veh0)
======================================================================
📄 Entrada: ../data/vehicles_step_sim_2.csv
🏭 Consumo fabricante: 12.0 km/l
💰 Preço carbono: R$ 50.0/ton
⭕ Raio máximo do offset aleatório: 2.0 km
🎲 Offset gerado aleatoriamente:
   Ângulo: 64.7°
   Distância: 0.4586 km
   offset_x (lat): 0.001762°  |  offset_y (lon): 0.003723°
📊 Row stepping: Processando todas as linhas
🗺️  Map matching: ATIVADO (raio 1500m) - pontos snapped para ruas
📐 Cálculo de distância: HAVERSINE PURO dos pontos COM snap (consistência)
======================================================================

📊 Carregando dados SUMO...
   Total de registros no arquivo: 222
   Veículos únicos: 1
   🚙 Vehicle selecionado: carro_1000

🔄 Agregando viagens por vehicle_id...
  📐 SUMO_carro_1000: Calculando distâncias com Haversine direto (SEM routing API)
      Original: 312 pontos → 3.1845 km (Haversine)
      Offset:   312 pontos → 3.1717 km (Haversine)

🚙 Veículo: SUMO_carro_1000
   Modelo: HBEFA4/PC_petrol_Euro-6ab
   Segmentos: 312
   📏 Distância: 3.190 km (city: 2.602, highway: 0.587)
   ⛽ Combustível: 54.577 l
   🏭 CO2 real: 126071.8 g
   🎯 CO2 meta: 614.1 g
   📊 Delta: -125457.8 g
   💰 Valor E1: R$ -6.2729
   🧭 Tentativas map matching: 314

   🔑 OFFSET DETERMINÍSTICO (x=0.014732993673419665°, y=-0.008831566071796394°, max=2.0km):
   📍 Start Original:  (40.775644, -73.960687)
   🔒 Start Protegido: (40.790365, -73.969521) ✓ 1.80 km | ✓ MAP MATCHED
   📏 Deslocamento final: 1800.1 metros
   📍 End Original:    (40.771637, -73.963520)
   🔒 End Protegido:   (40.786403, -73.972252) ✓ 1.80 km | ✓ MAP MATCHED
   📏 Deslocamento final: 1801.1 metros

   📐 ANÁLISE DE DISTÂNCIA DO TRAJETO (HAVERSINE DOS PONTOS ARMAZENADOS):
   ✨ 253 pontos privados duplicados foram separados para garantir visualização 1:1.
   ℹ️  Dica: use --debug-map-matching para ver tentativas detalhadas de re-snap.
   🔢 Pontos unicos original/offset: 312/59 (Δ -253, -81.1% )
   📍 Trajeto original: 3.185 km (linha reta entre pontos GPS)
   🔒 Trajeto com offset: 3.172 km (linha reta entre pontos COM snap)
   📊 Diferença: -0.013 km (-0.4%)

======================================================================
📊 ESTATÍSTICAS FINAIS
======================================================================
Viagens processadas: 1
Distância total: 3.19 km
Combustível total: 54.58 l
CO2 real total: 126071.8 g
CO2 meta total: 614.1 g
Delta CO2: -125457.8 g
Valor E1 total: R$ -6.27

💰 Créditos: R$ 0.00
💸 Débitos: R$ 6.27
📈 Saldo líquido: R$ -6.27

🗺️  MAP MATCHING:
   Pontos processados: 312
   Snaps tentados: 312 (100.0%)
   Snaps bem-sucedidos: 312 (100.0%)
   Snaps forçados (>100m): 312 (100.0%)
   ✅ TODOS os pontos estão em ruas (FORCE_SNAP=True)
======================================================================

💾 Dados agregados salvos em: ../data/offset_batch/vehicles_step_sim_2/run_082.csv
[csv-worker_2] [vehicles_step_sim_2] ===== LOG RUN 082 FIM =====

[csv-worker_2] [vehicles_step_sim_2] ===== LOG RUN 083 INICIO =====
======================================================================
🚗 PROCESSAMENTO SUMO → E1 REGISTRY (OFFSET ALEATÓRIO - veh0)
======================================================================
📄 Entrada: ../data/vehicles_step_sim_2.csv
🏭 Consumo fabricante: 12.0 km/l
💰 Preço carbono: R$ 50.0/ton
⭕ Raio máximo do offset aleatório: 2.0 km
🎲 Offset gerado aleatoriamente:
   Ângulo: 33.6°
   Distância: 0.6146 km
   offset_x (lat): 0.004597°  |  offset_y (lon): 0.003058°
📊 Row stepping: Processando todas as linhas
🗺️  Map matching: ATIVADO (raio 1500m) - pontos snapped para ruas
📐 Cálculo de distância: HAVERSINE PURO dos pontos COM snap (consistência)
======================================================================

📊 Carregando dados SUMO...
   Total de registros no arquivo: 222
   Veículos únicos: 1
   🚙 Vehicle selecionado: carro_1000

🔄 Agregando viagens por vehicle_id...
  📐 SUMO_carro_1000: Calculando distâncias com Haversine direto (SEM routing API)
      Original: 299 pontos → 3.0526 km (Haversine)
      Offset:   299 pontos → 3.5026 km (Haversine)

🚙 Veículo: SUMO_carro_1000
   Modelo: HBEFA4/PC_petrol_Euro-6ab
   Segmentos: 299
   📏 Distância: 3.060 km (city: 3.060, highway: 0.000)
   ⛽ Combustível: 48.384 l
   🏭 CO2 real: 111766.0 g
   🎯 CO2 meta: 589.0 g
   📊 Delta: -111177.0 g
   💰 Valor E1: R$ -5.5588
   🧭 Tentativas map matching: 301

   🔑 OFFSET DETERMINÍSTICO (x=-0.009935266652728258°, y=-0.013678691031281604°, max=2.0km):
   📍 Start Original:  (40.775644, -73.960687)
   🔒 Start Protegido: (40.765024, -73.973288) ✓ 1.60 km | ✓ MAP MATCHED
   📏 Deslocamento final: 1589.4 metros
   📍 End Original:    (40.774198, -73.961141)
   🔒 End Protegido:   (40.763969, -73.974239) ✓ 1.60 km | ✓ MAP MATCHED
   📏 Deslocamento final: 1586.1 metros

   📐 ANÁLISE DE DISTÂNCIA DO TRAJETO (HAVERSINE DOS PONTOS ARMAZENADOS):
   ✨ 264 pontos privados duplicados foram separados para garantir visualização 1:1.
   ℹ️  Dica: use --debug-map-matching para ver tentativas detalhadas de re-snap.
   🔢 Pontos unicos original/offset: 299/35 (Δ -264, -88.3% )
   📍 Trajeto original: 3.053 km (linha reta entre pontos GPS)
   🔒 Trajeto com offset: 3.503 km (linha reta entre pontos COM snap)
   📊 Diferença: +0.450 km (+14.7%)

======================================================================
📊 ESTATÍSTICAS FINAIS
======================================================================
Viagens processadas: 1
Distância total: 3.06 km
Combustível total: 48.38 l
CO2 real total: 111766.0 g
CO2 meta total: 589.0 g
Delta CO2: -111177.0 g
Valor E1 total: R$ -5.56

💰 Créditos: R$ 0.00
💸 Débitos: R$ 5.56
📈 Saldo líquido: R$ -5.56

🗺️  MAP MATCHING:
   Pontos processados: 299
   Snaps tentados: 299 (100.0%)
   Snaps bem-sucedidos: 299 (100.0%)
   Snaps forçados (>100m): 299 (100.0%)
   ✅ TODOS os pontos estão em ruas (FORCE_SNAP=True)
======================================================================

💾 Dados agregados salvos em: ../data/offset_batch/vehicles_step_sim_2/run_083.csv
[csv-worker_2] [vehicles_step_sim_2] ===== LOG RUN 083 FIM =====

[csv-worker_2] [vehicles_step_sim_2] ===== LOG RUN 084 INICIO =====
======================================================================
🚗 PROCESSAMENTO SUMO → E1 REGISTRY (OFFSET ALEATÓRIO - veh0)
======================================================================
📄 Entrada: ../data/vehicles_step_sim_2.csv
🏭 Consumo fabricante: 12.0 km/l
💰 Preço carbono: R$ 50.0/ton
⭕ Raio máximo do offset aleatório: 2.0 km
🎲 Offset gerado aleatoriamente:
   Ângulo: 125.8°
   Distância: 0.8763 km
   offset_x (lat): -0.004608°  |  offset_y (lon): 0.006382°
📊 Row stepping: Processando todas as linhas
🗺️  Map matching: ATIVADO (raio 1500m) - pontos snapped para ruas
📐 Cálculo de distância: HAVERSINE PURO dos pontos COM snap (consistência)
======================================================================

📊 Carregando dados SUMO...
   Total de registros no arquivo: 222
   Veículos únicos: 1
   🚙 Vehicle selecionado: carro_1000

🔄 Agregando viagens por vehicle_id...
  📐 SUMO_carro_1000: Calculando distâncias com Haversine direto (SEM routing API)
      Original: 300 pontos → 3.1542 km (Haversine)
      Offset:   300 pontos → 3.4401 km (Haversine)

🚙 Veículo: SUMO_carro_1000
   Modelo: HBEFA4/PC_petrol_Euro-6ab
   Segmentos: 300
   📏 Distância: 3.158 km (city: 2.541, highway: 0.617)
   ⛽ Combustível: 49.984 l
   🏭 CO2 real: 115462.6 g
   🎯 CO2 meta: 608.0 g
   📊 Delta: -114854.6 g
   💰 Valor E1: R$ -5.7427
   🧭 Tentativas map matching: 302

   🔑 OFFSET DETERMINÍSTICO (x=0.0011148250797745024°, y=0.0037567853132009846°, max=2.0km):
   📍 Start Original:  (40.775644, -73.960687)
   🔒 Start Protegido: (40.776870, -73.957366) ✓ 0.34 km | ✓ MAP MATCHED
   📏 Deslocamento final: 311.4 metros
   📍 End Original:    (40.773912, -73.961904)
   🔒 End Protegido:   (40.774699, -73.958261) ✓ 0.34 km | ✓ MAP MATCHED
   📏 Deslocamento final: 319.4 metros

   📐 ANÁLISE DE DISTÂNCIA DO TRAJETO (HAVERSINE DOS PONTOS ARMAZENADOS):
   ✨ 258 pontos privados duplicados foram separados para garantir visualização 1:1.
   ℹ️  Dica: use --debug-map-matching para ver tentativas detalhadas de re-snap.
   🔢 Pontos unicos original/offset: 299/42 (Δ -257, -86.0% )
   📍 Trajeto original: 3.154 km (linha reta entre pontos GPS)
   🔒 Trajeto com offset: 3.440 km (linha reta entre pontos COM snap)
   📊 Diferença: +0.286 km (+9.1%)

======================================================================
📊 ESTATÍSTICAS FINAIS
======================================================================
Viagens processadas: 1
Distância total: 3.16 km
Combustível total: 49.98 l
CO2 real total: 115462.6 g
CO2 meta total: 608.0 g
Delta CO2: -114854.6 g
Valor E1 total: R$ -5.74

💰 Créditos: R$ 0.00
💸 Débitos: R$ 5.74
📈 Saldo líquido: R$ -5.74

🗺️  MAP MATCHING:
   Pontos processados: 300
   Snaps tentados: 300 (100.0%)
   Snaps bem-sucedidos: 300 (100.0%)
   Snaps forçados (>100m): 300 (100.0%)
   ✅ TODOS os pontos estão em ruas (FORCE_SNAP=True)
======================================================================

💾 Dados agregados salvos em: ../data/offset_batch/vehicles_step_sim_2/run_084.csv
[csv-worker_2] [vehicles_step_sim_2] ===== LOG RUN 084 FIM =====

[csv-worker_2] [vehicles_step_sim_2] ===== LOG RUN 085 INICIO =====
======================================================================
🚗 PROCESSAMENTO SUMO → E1 REGISTRY (OFFSET ALEATÓRIO - veh0)
======================================================================
📄 Entrada: ../data/vehicles_step_sim_2.csv
🏭 Consumo fabricante: 12.0 km/l
💰 Preço carbono: R$ 50.0/ton
⭕ Raio máximo do offset aleatório: 2.0 km
🎲 Offset gerado aleatoriamente:
   Ângulo: 43.8°
   Distância: 1.9607 km
   offset_x (lat): 0.012714°  |  offset_y (lon): 0.012189°
📊 Row stepping: Processando todas as linhas
🗺️  Map matching: ATIVADO (raio 1500m) - pontos snapped para ruas
📐 Cálculo de distância: HAVERSINE PURO dos pontos COM snap (consistência)
======================================================================

📊 Carregando dados SUMO...
   Total de registros no arquivo: 222
   Veículos únicos: 1
   🚙 Vehicle selecionado: carro_1000

🔄 Agregando viagens por vehicle_id...
  📐 SUMO_carro_1000: Calculando distâncias com Haversine direto (SEM routing API)
      Original: 312 pontos → 3.1845 km (Haversine)
      Offset:   312 pontos → 2.2448 km (Haversine)

🚙 Veículo: SUMO_carro_1000
   Modelo: HBEFA4/PC_petrol_Euro-6ab
   Segmentos: 312
   📏 Distância: 3.190 km (city: 2.602, highway: 0.587)
   ⛽ Combustível: 54.577 l
   🏭 CO2 real: 126071.8 g
   🎯 CO2 meta: 614.1 g
   📊 Delta: -125457.8 g
   💰 Valor E1: R$ -6.2729
   🧭 Tentativas map matching: 314

   🔑 OFFSET DETERMINÍSTICO (x=-0.009027202472892487°, y=0.00539962476637691°, max=2.0km):
   📍 Start Original:  (40.775644, -73.960687)
   🔒 Start Protegido: (40.765908, -73.955572) ✓ 1.10 km | ✓ MAP MATCHED
   📏 Deslocamento final: 1166.4 metros
   📍 End Original:    (40.771637, -73.963520)
   🔒 End Protegido:   (40.762476, -73.957115) ✓ 1.10 km | ✓ MAP MATCHED
   📏 Deslocamento final: 1153.9 metros

   📐 ANÁLISE DE DISTÂNCIA DO TRAJETO (HAVERSINE DOS PONTOS ARMAZENADOS):
   ✨ 265 pontos privados duplicados foram separados para garantir visualização 1:1.
   ℹ️  Dica: use --debug-map-matching para ver tentativas detalhadas de re-snap.
   🔢 Pontos unicos original/offset: 312/47 (Δ -265, -84.9% )
   📍 Trajeto original: 3.185 km (linha reta entre pontos GPS)
   🔒 Trajeto com offset: 2.245 km (linha reta entre pontos COM snap)
   📊 Diferença: -0.940 km (-29.5%)

======================================================================
📊 ESTATÍSTICAS FINAIS
======================================================================
Viagens processadas: 1
Distância total: 3.19 km
Combustível total: 54.58 l
CO2 real total: 126071.8 g
CO2 meta total: 614.1 g
Delta CO2: -125457.8 g
Valor E1 total: R$ -6.27

💰 Créditos: R$ 0.00
💸 Débitos: R$ 6.27
📈 Saldo líquido: R$ -6.27

🗺️  MAP MATCHING:
   Pontos processados: 312
   Snaps tentados: 312 (100.0%)
   Snaps bem-sucedidos: 312 (100.0%)
   Snaps forçados (>100m): 312 (100.0%)
   ✅ TODOS os pontos estão em ruas (FORCE_SNAP=True)
======================================================================

💾 Dados agregados salvos em: ../data/offset_batch/vehicles_step_sim_2/run_085.csv
[csv-worker_2] [vehicles_step_sim_2] ===== LOG RUN 085 FIM =====

[csv-worker_2] [vehicles_step_sim_2] ===== LOG RUN 086 INICIO =====
======================================================================
🚗 PROCESSAMENTO SUMO → E1 REGISTRY (OFFSET ALEATÓRIO - veh0)
======================================================================
📄 Entrada: ../data/vehicles_step_sim_2.csv
🏭 Consumo fabricante: 12.0 km/l
💰 Preço carbono: R$ 50.0/ton
⭕ Raio máximo do offset aleatório: 2.0 km
🎲 Offset gerado aleatoriamente:
   Ângulo: 131.3°
   Distância: 1.2919 km
   offset_x (lat): -0.007664°  |  offset_y (lon): 0.008715°
📊 Row stepping: Processando todas as linhas
🗺️  Map matching: ATIVADO (raio 1500m) - pontos snapped para ruas
📐 Cálculo de distância: HAVERSINE PURO dos pontos COM snap (consistência)
======================================================================

📊 Carregando dados SUMO...
   Total de registros no arquivo: 222
   Veículos únicos: 1
   🚙 Vehicle selecionado: carro_1000

🔄 Agregando viagens por vehicle_id...
  📐 SUMO_carro_1000: Calculando distâncias com Haversine direto (SEM routing API)
      Original: 299 pontos → 3.0526 km (Haversine)
      Offset:   299 pontos → 2.5227 km (Haversine)

🚙 Veículo: SUMO_carro_1000
   Modelo: HBEFA4/PC_petrol_Euro-6ab
   Segmentos: 299
   📏 Distância: 3.060 km (city: 3.060, highway: 0.000)
   ⛽ Combustível: 48.384 l
   🏭 CO2 real: 111766.0 g
   🎯 CO2 meta: 589.0 g
   📊 Delta: -111177.0 g
   💰 Valor E1: R$ -5.5588
   🧭 Tentativas map matching: 301

   🔑 OFFSET DETERMINÍSTICO (x=0.0018814006303624106°, y=-0.013908893790397326°, max=2.0km):
   📍 Start Original:  (40.775644, -73.960687)
   🔒 Start Protegido: (40.777592, -73.974963) ✓ 1.19 km | ✓ MAP MATCHED
   📏 Deslocamento final: 1222.8 metros
   📍 End Original:    (40.774198, -73.961141)
   🔒 End Protegido:   (40.776312, -73.975900) ✓ 1.19 km | ✓ MAP MATCHED
   📏 Deslocamento final: 1266.2 metros

   📐 ANÁLISE DE DISTÂNCIA DO TRAJETO (HAVERSINE DOS PONTOS ARMAZENADOS):
   ✨ 279 pontos privados duplicados foram separados para garantir visualização 1:1.
   ℹ️  Dica: use --debug-map-matching para ver tentativas detalhadas de re-snap.
   🔢 Pontos unicos original/offset: 299/20 (Δ -279, -93.3% )
   📍 Trajeto original: 3.053 km (linha reta entre pontos GPS)
   🔒 Trajeto com offset: 2.523 km (linha reta entre pontos COM snap)
   📊 Diferença: -0.530 km (-17.4%)

======================================================================
📊 ESTATÍSTICAS FINAIS
======================================================================
Viagens processadas: 1
Distância total: 3.06 km
Combustível total: 48.38 l
CO2 real total: 111766.0 g
CO2 meta total: 589.0 g
Delta CO2: -111177.0 g
Valor E1 total: R$ -5.56

💰 Créditos: R$ 0.00
💸 Débitos: R$ 5.56
📈 Saldo líquido: R$ -5.56

🗺️  MAP MATCHING:
   Pontos processados: 299
   Snaps tentados: 299 (100.0%)
   Snaps bem-sucedidos: 299 (100.0%)
   Snaps forçados (>100m): 299 (100.0%)
   ✅ TODOS os pontos estão em ruas (FORCE_SNAP=True)
======================================================================

💾 Dados agregados salvos em: ../data/offset_batch/vehicles_step_sim_2/run_086.csv
[csv-worker_2] [vehicles_step_sim_2] ===== LOG RUN 086 FIM =====

[csv-worker_2] [vehicles_step_sim_2] ===== LOG RUN 087 INICIO =====
======================================================================
🚗 PROCESSAMENTO SUMO → E1 REGISTRY (OFFSET ALEATÓRIO - veh0)
======================================================================
📄 Entrada: ../data/vehicles_step_sim_2.csv
🏭 Consumo fabricante: 12.0 km/l
💰 Preço carbono: R$ 50.0/ton
⭕ Raio máximo do offset aleatório: 2.0 km
🎲 Offset gerado aleatoriamente:
   Ângulo: 332.4°
   Distância: 0.8396 km
   offset_x (lat): 0.006684°  |  offset_y (lon): -0.003495°
📊 Row stepping: Processando todas as linhas
🗺️  Map matching: ATIVADO (raio 1500m) - pontos snapped para ruas
📐 Cálculo de distância: HAVERSINE PURO dos pontos COM snap (consistência)
======================================================================

📊 Carregando dados SUMO...
   Total de registros no arquivo: 222
   Veículos únicos: 1
   🚙 Vehicle selecionado: carro_1000

🔄 Agregando viagens por vehicle_id...
  📐 SUMO_carro_1000: Calculando distâncias com Haversine direto (SEM routing API)
      Original: 312 pontos → 3.1845 km (Haversine)
      Offset:   312 pontos → 5.4760 km (Haversine)

🚙 Veículo: SUMO_carro_1000
   Modelo: HBEFA4/PC_petrol_Euro-6ab
   Segmentos: 312
   📏 Distância: 3.190 km (city: 2.602, highway: 0.587)
   ⛽ Combustível: 54.577 l
   🏭 CO2 real: 126071.8 g
   🎯 CO2 meta: 614.1 g
   📊 Delta: -125457.8 g
   💰 Valor E1: R$ -6.2729
   🧭 Tentativas map matching: 314

   🔑 OFFSET DETERMINÍSTICO (x=-0.016022855876809°, y=0.005587542498441827°, max=2.0km):
   📍 Start Original:  (40.775644, -73.960687)
   🔒 Start Protegido: (40.760728, -73.956358) ✓ 1.84 km | ✓ MAP MATCHED
   📏 Deslocamento final: 1700.1 metros
   📍 End Original:    (40.771637, -73.963520)
   🔒 End Protegido:   (40.756640, -73.960197) ✓ 1.84 km | ✓ MAP MATCHED
   📏 Deslocamento final: 1692.8 metros

   📐 ANÁLISE DE DISTÂNCIA DO TRAJETO (HAVERSINE DOS PONTOS ARMAZENADOS):
   ✨ 273 pontos privados duplicados foram separados para garantir visualização 1:1.
   ℹ️  Dica: use --debug-map-matching para ver tentativas detalhadas de re-snap.
   🔢 Pontos unicos original/offset: 312/39 (Δ -273, -87.5% )
   📍 Trajeto original: 3.185 km (linha reta entre pontos GPS)
   🔒 Trajeto com offset: 5.476 km (linha reta entre pontos COM snap)
   📊 Diferença: +2.291 km (+72.0%)

======================================================================
📊 ESTATÍSTICAS FINAIS
======================================================================
Viagens processadas: 1
Distância total: 3.19 km
Combustível total: 54.58 l
CO2 real total: 126071.8 g
CO2 meta total: 614.1 g
Delta CO2: -125457.8 g
Valor E1 total: R$ -6.27

💰 Créditos: R$ 0.00
💸 Débitos: R$ 6.27
📈 Saldo líquido: R$ -6.27

🗺️  MAP MATCHING:
   Pontos processados: 312
   Snaps tentados: 312 (100.0%)
   Snaps bem-sucedidos: 312 (100.0%)
   Snaps forçados (>100m): 312 (100.0%)
   ✅ TODOS os pontos estão em ruas (FORCE_SNAP=True)
======================================================================

💾 Dados agregados salvos em: ../data/offset_batch/vehicles_step_sim_2/run_087.csv
[csv-worker_2] [vehicles_step_sim_2] ===== LOG RUN 087 FIM =====

[csv-worker_2] [vehicles_step_sim_2] ===== LOG RUN 088 INICIO =====
======================================================================
🚗 PROCESSAMENTO SUMO → E1 REGISTRY (OFFSET ALEATÓRIO - veh0)
======================================================================
📄 Entrada: ../data/vehicles_step_sim_2.csv
🏭 Consumo fabricante: 12.0 km/l
💰 Preço carbono: R$ 50.0/ton
⭕ Raio máximo do offset aleatório: 2.0 km
🎲 Offset gerado aleatoriamente:
   Ângulo: 32.6°
   Distância: 0.5519 km
   offset_x (lat): 0.004177°  |  offset_y (lon): 0.002671°
📊 Row stepping: Processando todas as linhas
🗺️  Map matching: ATIVADO (raio 1500m) - pontos snapped para ruas
📐 Cálculo de distância: HAVERSINE PURO dos pontos COM snap (consistência)
======================================================================

📊 Carregando dados SUMO...
   Total de registros no arquivo: 222
   Veículos únicos: 1
   🚙 Vehicle selecionado: carro_1000

🔄 Agregando viagens por vehicle_id...
  📐 SUMO_carro_1000: Calculando distâncias com Haversine direto (SEM routing API)
      Original: 312 pontos → 3.1845 km (Haversine)
      Offset:   312 pontos → 3.1427 km (Haversine)

🚙 Veículo: SUMO_carro_1000
   Modelo: HBEFA4/PC_petrol_Euro-6ab
   Segmentos: 312
   📏 Distância: 3.190 km (city: 2.602, highway: 0.587)
   ⛽ Combustível: 54.577 l
   🏭 CO2 real: 126071.8 g
   🎯 CO2 meta: 614.1 g
   📊 Delta: -125457.8 g
   💰 Valor E1: R$ -6.2729
   🧭 Tentativas map matching: 314

   🔑 OFFSET DETERMINÍSTICO (x=-0.004639182392575126°, y=0.009446870625658382°, max=2.0km):
   📍 Start Original:  (40.775644, -73.960687)
   🔒 Start Protegido: (40.770784, -73.951112) ✓ 0.95 km | ✓ MAP MATCHED
   📏 Deslocamento final: 971.7 metros
   📍 End Original:    (40.771637, -73.963520)
   🔒 End Protegido:   (40.766914, -73.953877) ✓ 0.95 km | ✓ MAP MATCHED
   📏 Deslocamento final: 968.2 metros

   📐 ANÁLISE DE DISTÂNCIA DO TRAJETO (HAVERSINE DOS PONTOS ARMAZENADOS):
   ✨ 261 pontos privados duplicados foram separados para garantir visualização 1:1.
   ℹ️  Dica: use --debug-map-matching para ver tentativas detalhadas de re-snap.
   🔢 Pontos unicos original/offset: 312/51 (Δ -261, -83.7% )
   📍 Trajeto original: 3.185 km (linha reta entre pontos GPS)
   🔒 Trajeto com offset: 3.143 km (linha reta entre pontos COM snap)
   📊 Diferença: -0.042 km (-1.3%)

======================================================================
📊 ESTATÍSTICAS FINAIS
======================================================================
Viagens processadas: 1
Distância total: 3.19 km
Combustível total: 54.58 l
CO2 real total: 126071.8 g
CO2 meta total: 614.1 g
Delta CO2: -125457.8 g
Valor E1 total: R$ -6.27

💰 Créditos: R$ 0.00
💸 Débitos: R$ 6.27
📈 Saldo líquido: R$ -6.27

🗺️  MAP MATCHING:
   Pontos processados: 312
   Snaps tentados: 312 (100.0%)
   Snaps bem-sucedidos: 312 (100.0%)
   Snaps forçados (>100m): 312 (100.0%)
   ✅ TODOS os pontos estão em ruas (FORCE_SNAP=True)
======================================================================

💾 Dados agregados salvos em: ../data/offset_batch/vehicles_step_sim_2/run_088.csv
[csv-worker_2] [vehicles_step_sim_2] ===== LOG RUN 088 FIM =====

[csv-worker_2] [vehicles_step_sim_2] ===== LOG RUN 089 INICIO =====
======================================================================
🚗 PROCESSAMENTO SUMO → E1 REGISTRY (OFFSET ALEATÓRIO - veh0)
======================================================================
📄 Entrada: ../data/vehicles_step_sim_2.csv
🏭 Consumo fabricante: 12.0 km/l
💰 Preço carbono: R$ 50.0/ton
⭕ Raio máximo do offset aleatório: 2.0 km
🎲 Offset gerado aleatoriamente:
   Ângulo: 267.0°
   Distância: 1.9146 km
   offset_x (lat): -0.000911°  |  offset_y (lon): -0.017175°
📊 Row stepping: Processando todas as linhas
🗺️  Map matching: ATIVADO (raio 1500m) - pontos snapped para ruas
📐 Cálculo de distância: HAVERSINE PURO dos pontos COM snap (consistência)
======================================================================

📊 Carregando dados SUMO...
   Total de registros no arquivo: 222
   Veículos únicos: 1
   🚙 Vehicle selecionado: carro_1000

🔄 Agregando viagens por vehicle_id...
  📐 SUMO_carro_1000: Calculando distâncias com Haversine direto (SEM routing API)
      Original: 301 pontos → 3.1480 km (Haversine)
      Offset:   301 pontos → 3.7936 km (Haversine)

🚙 Veículo: SUMO_carro_1000
   Modelo: HBEFA4/PC_petrol_Euro-6ab
   Segmentos: 301
   📏 Distância: 3.159 km (city: 3.020, highway: 0.139)
   ⛽ Combustível: 51.224 l
   🏭 CO2 real: 118326.7 g
   🎯 CO2 meta: 608.1 g
   📊 Delta: -117718.6 g
   💰 Valor E1: R$ -5.8859
   🧭 Tentativas map matching: 303

   🔑 OFFSET DETERMINÍSTICO (x=-0.009434168155895659°, y=0.012779914303139437°, max=2.0km):
   📍 Start Original:  (40.775644, -73.960687)
   🔒 Start Protegido: (40.767405, -73.950042) ✓ 1.50 km | ✓ MAP MATCHED
   📏 Deslocamento final: 1283.1 metros
   📍 End Original:    (40.771236, -73.963813)
   🔒 End Protegido:   (40.761200, -73.950454) ✓ 1.50 km | ✓ MAP MATCHED
   📏 Deslocamento final: 1586.3 metros

   📐 ANÁLISE DE DISTÂNCIA DO TRAJETO (HAVERSINE DOS PONTOS ARMAZENADOS):
   ✨ 235 pontos privados duplicados foram separados para garantir visualização 1:1.
   ℹ️  Dica: use --debug-map-matching para ver tentativas detalhadas de re-snap.
   🔢 Pontos unicos original/offset: 301/66 (Δ -235, -78.1% )
   📍 Trajeto original: 3.148 km (linha reta entre pontos GPS)
   🔒 Trajeto com offset: 3.794 km (linha reta entre pontos COM snap)
   📊 Diferença: +0.646 km (+20.5%)

======================================================================
📊 ESTATÍSTICAS FINAIS
======================================================================
Viagens processadas: 1
Distância total: 3.16 km
Combustível total: 51.22 l
CO2 real total: 118326.7 g
CO2 meta total: 608.1 g
Delta CO2: -117718.6 g
Valor E1 total: R$ -5.89

💰 Créditos: R$ 0.00
💸 Débitos: R$ 5.89
📈 Saldo líquido: R$ -5.89

🗺️  MAP MATCHING:
   Pontos processados: 301
   Snaps tentados: 301 (100.0%)
   Snaps bem-sucedidos: 301 (100.0%)
   Snaps forçados (>100m): 301 (100.0%)
   ✅ TODOS os pontos estão em ruas (FORCE_SNAP=True)
======================================================================

💾 Dados agregados salvos em: ../data/offset_batch/vehicles_step_sim_2/run_089.csv
[csv-worker_2] [vehicles_step_sim_2] ===== LOG RUN 089 FIM =====

[csv-worker_2] [vehicles_step_sim_2] ===== LOG RUN 090 INICIO =====
======================================================================
🚗 PROCESSAMENTO SUMO → E1 REGISTRY (OFFSET ALEATÓRIO - veh0)
======================================================================
📄 Entrada: ../data/vehicles_step_sim_2.csv
🏭 Consumo fabricante: 12.0 km/l
💰 Preço carbono: R$ 50.0/ton
⭕ Raio máximo do offset aleatório: 2.0 km
🎲 Offset gerado aleatoriamente:
   Ângulo: 280.2°
   Distância: 1.7731 km
   offset_x (lat): 0.002809°  |  offset_y (lon): -0.015678°
📊 Row stepping: Processando todas as linhas
🗺️  Map matching: ATIVADO (raio 1500m) - pontos snapped para ruas
📐 Cálculo de distância: HAVERSINE PURO dos pontos COM snap (consistência)
======================================================================

📊 Carregando dados SUMO...
   Total de registros no arquivo: 222
   Veículos únicos: 1
   🚙 Vehicle selecionado: carro_1000

🔄 Agregando viagens por vehicle_id...
  📐 SUMO_carro_1000: Calculando distâncias com Haversine direto (SEM routing API)
      Original: 299 pontos → 3.0526 km (Haversine)
      Offset:   299 pontos → 3.1477 km (Haversine)

🚙 Veículo: SUMO_carro_1000
   Modelo: HBEFA4/PC_petrol_Euro-6ab
   Segmentos: 299
   📏 Distância: 3.060 km (city: 3.060, highway: 0.000)
   ⛽ Combustível: 48.384 l
   🏭 CO2 real: 111766.0 g
   🎯 CO2 meta: 589.0 g
   📊 Delta: -111177.0 g
   💰 Valor E1: R$ -5.5588
   🧭 Tentativas map matching: 301

   🔑 OFFSET DETERMINÍSTICO (x=0.009637081960563556°, y=0.0059238166743446835°, max=2.0km):
   📍 Start Original:  (40.775644, -73.960687)
   🔒 Start Protegido: (40.785255, -73.955468) ✓ 1.18 km | ✓ MAP MATCHED
   📏 Deslocamento final: 1156.9 metros
   📍 End Original:    (40.774198, -73.961141)
   🔒 End Protegido:   (40.783461, -73.955077) ✓ 1.18 km | ✓ MAP MATCHED
   📏 Deslocamento final: 1150.9 metros

   📐 ANÁLISE DE DISTÂNCIA DO TRAJETO (HAVERSINE DOS PONTOS ARMAZENADOS):
   ✨ 270 pontos privados duplicados foram separados para garantir visualização 1:1.
   ℹ️  Dica: use --debug-map-matching para ver tentativas detalhadas de re-snap.
   🔢 Pontos unicos original/offset: 299/29 (Δ -270, -90.3% )
   📍 Trajeto original: 3.053 km (linha reta entre pontos GPS)
   🔒 Trajeto com offset: 3.148 km (linha reta entre pontos COM snap)
   📊 Diferença: +0.095 km (+3.1%)

======================================================================
📊 ESTATÍSTICAS FINAIS
======================================================================
Viagens processadas: 1
Distância total: 3.06 km
Combustível total: 48.38 l
CO2 real total: 111766.0 g
CO2 meta total: 589.0 g
Delta CO2: -111177.0 g
Valor E1 total: R$ -5.56

💰 Créditos: R$ 0.00
💸 Débitos: R$ 5.56
📈 Saldo líquido: R$ -5.56

🗺️  MAP MATCHING:
   Pontos processados: 299
   Snaps tentados: 299 (100.0%)
   Snaps bem-sucedidos: 299 (100.0%)
   Snaps forçados (>100m): 299 (100.0%)
   ✅ TODOS os pontos estão em ruas (FORCE_SNAP=True)
======================================================================

💾 Dados agregados salvos em: ../data/offset_batch/vehicles_step_sim_2/run_090.csv
[csv-worker_2] [vehicles_step_sim_2] ===== LOG RUN 090 FIM =====

[csv-worker_2] [vehicles_step_sim_2] ===== LOG RUN 091 INICIO =====
======================================================================
🚗 PROCESSAMENTO SUMO → E1 REGISTRY (OFFSET ALEATÓRIO - veh0)
======================================================================
📄 Entrada: ../data/vehicles_step_sim_2.csv
🏭 Consumo fabricante: 12.0 km/l
💰 Preço carbono: R$ 50.0/ton
⭕ Raio máximo do offset aleatório: 2.0 km
🎲 Offset gerado aleatoriamente:
   Ângulo: 141.1°
   Distância: 1.9623 km
   offset_x (lat): -0.013727°  |  offset_y (lon): 0.011058°
📊 Row stepping: Processando todas as linhas
🗺️  Map matching: ATIVADO (raio 1500m) - pontos snapped para ruas
📐 Cálculo de distância: HAVERSINE PURO dos pontos COM snap (consistência)
======================================================================

📊 Carregando dados SUMO...
   Total de registros no arquivo: 222
   Veículos únicos: 1
   🚙 Vehicle selecionado: carro_1000

🔄 Agregando viagens por vehicle_id...
  📐 SUMO_carro_1000: Calculando distâncias com Haversine direto (SEM routing API)
      Original: 323 pontos → 2.9161 km (Haversine)
      Offset:   323 pontos → 2.6076 km (Haversine)

🚙 Veículo: SUMO_carro_1000
   Modelo: HBEFA4/PC_petrol_Euro-6ab
   Segmentos: 323
   📏 Distância: 2.926 km (city: 2.764, highway: 0.161)
   ⛽ Combustível: 54.094 l
   🏭 CO2 real: 124958.0 g
   🎯 CO2 meta: 563.2 g
   📊 Delta: -124394.9 g
   💰 Valor E1: R$ -6.2197
   🧭 Tentativas map matching: 325

   🔑 OFFSET DETERMINÍSTICO (x=-0.000664506889751119°, y=-0.014389673352834228°, max=2.0km):
   📍 Start Original:  (40.775644, -73.960687)
   🔒 Start Protegido: (40.775543, -73.976463) ✓ 1.22 km | ✓ MAP MATCHED
   📏 Deslocamento final: 1329.9 metros
   📍 End Original:    (40.774046, -73.961617)
   🔒 End Protegido:   (40.774236, -73.977413) ✓ 1.22 km | ✓ MAP MATCHED
   📏 Deslocamento final: 1331.8 metros

   📐 ANÁLISE DE DISTÂNCIA DO TRAJETO (HAVERSINE DOS PONTOS ARMAZENADOS):
   ✨ 302 pontos privados duplicados foram separados para garantir visualização 1:1.
   ℹ️  Dica: use --debug-map-matching para ver tentativas detalhadas de re-snap.
   🔢 Pontos unicos original/offset: 320/21 (Δ -299, -93.4% )
   📍 Trajeto original: 2.916 km (linha reta entre pontos GPS)
   🔒 Trajeto com offset: 2.608 km (linha reta entre pontos COM snap)
   📊 Diferença: -0.308 km (-10.6%)

======================================================================
📊 ESTATÍSTICAS FINAIS
======================================================================
Viagens processadas: 1
Distância total: 2.93 km
Combustível total: 54.09 l
CO2 real total: 124958.0 g
CO2 meta total: 563.2 g
Delta CO2: -124394.9 g
Valor E1 total: R$ -6.22

💰 Créditos: R$ 0.00
💸 Débitos: R$ 6.22
📈 Saldo líquido: R$ -6.22

🗺️  MAP MATCHING:
   Pontos processados: 323
   Snaps tentados: 323 (100.0%)
   Snaps bem-sucedidos: 323 (100.0%)
   Snaps forçados (>100m): 323 (100.0%)
   ✅ TODOS os pontos estão em ruas (FORCE_SNAP=True)
======================================================================

💾 Dados agregados salvos em: ../data/offset_batch/vehicles_step_sim_2/run_091.csv
[csv-worker_2] [vehicles_step_sim_2] ===== LOG RUN 091 FIM =====

[csv-worker_2] [vehicles_step_sim_2] ===== LOG RUN 092 INICIO =====
======================================================================
🚗 PROCESSAMENTO SUMO → E1 REGISTRY (OFFSET ALEATÓRIO - veh0)
======================================================================
📄 Entrada: ../data/vehicles_step_sim_2.csv
🏭 Consumo fabricante: 12.0 km/l
💰 Preço carbono: R$ 50.0/ton
⭕ Raio máximo do offset aleatório: 2.0 km
🎲 Offset gerado aleatoriamente:
   Ângulo: 192.0°
   Distância: 1.7913 km
   offset_x (lat): -0.015740°  |  offset_y (lon): -0.003343°
📊 Row stepping: Processando todas as linhas
🗺️  Map matching: ATIVADO (raio 1500m) - pontos snapped para ruas
📐 Cálculo de distância: HAVERSINE PURO dos pontos COM snap (consistência)
======================================================================

📊 Carregando dados SUMO...
   Total de registros no arquivo: 222
   Veículos únicos: 1
   🚙 Vehicle selecionado: carro_1000

🔄 Agregando viagens por vehicle_id...
  📐 SUMO_carro_1000: Calculando distâncias com Haversine direto (SEM routing API)
      Original: 324 pontos → 3.1629 km (Haversine)
      Offset:   324 pontos → 3.4101 km (Haversine)

🚙 Veículo: SUMO_carro_1000
   Modelo: HBEFA4/PC_petrol_Euro-6ab
   Segmentos: 324
   📏 Distância: 3.166 km (city: 3.024, highway: 0.142)
   ⛽ Combustível: 49.530 l
   🏭 CO2 real: 114414.1 g
   🎯 CO2 meta: 609.4 g
   📊 Delta: -113804.6 g
   💰 Valor E1: R$ -5.6902
   🧭 Tentativas map matching: 326

   🔑 OFFSET DETERMINÍSTICO (x=-0.013390790329966524°, y=-0.008987222997118802°, max=2.0km):
   📍 Start Original:  (40.775644, -73.960687)
   🔒 Start Protegido: (40.762202, -73.970053) ✓ 1.67 km | ✓ MAP MATCHED
   📏 Deslocamento final: 1691.9 metros
   📍 End Original:    (40.772251, -73.963071)
   🔒 End Protegido:   (40.758867, -73.972156) ✓ 1.67 km | ✓ MAP MATCHED
   📏 Deslocamento final: 1675.3 metros

   📐 ANÁLISE DE DISTÂNCIA DO TRAJETO (HAVERSINE DOS PONTOS ARMAZENADOS):
   ✨ 284 pontos privados duplicados foram separados para garantir visualização 1:1.
   ℹ️  Dica: use --debug-map-matching para ver tentativas detalhadas de re-snap.
   🔢 Pontos unicos original/offset: 324/40 (Δ -284, -87.7% )
   📍 Trajeto original: 3.163 km (linha reta entre pontos GPS)
   🔒 Trajeto com offset: 3.410 km (linha reta entre pontos COM snap)
   📊 Diferença: +0.247 km (+7.8%)

======================================================================
📊 ESTATÍSTICAS FINAIS
======================================================================
Viagens processadas: 1
Distância total: 3.17 km
Combustível total: 49.53 l
CO2 real total: 114414.1 g
CO2 meta total: 609.4 g
Delta CO2: -113804.6 g
Valor E1 total: R$ -5.69

💰 Créditos: R$ 0.00
💸 Débitos: R$ 5.69
📈 Saldo líquido: R$ -5.69

🗺️  MAP MATCHING:
   Pontos processados: 324
   Snaps tentados: 324 (100.0%)
   Snaps bem-sucedidos: 324 (100.0%)
   Snaps forçados (>100m): 324 (100.0%)
   ✅ TODOS os pontos estão em ruas (FORCE_SNAP=True)
======================================================================

💾 Dados agregados salvos em: ../data/offset_batch/vehicles_step_sim_2/run_092.csv
[csv-worker_2] [vehicles_step_sim_2] ===== LOG RUN 092 FIM =====

[csv-worker_2] [vehicles_step_sim_2] ===== LOG RUN 093 INICIO =====
======================================================================
🚗 PROCESSAMENTO SUMO → E1 REGISTRY (OFFSET ALEATÓRIO - veh0)
======================================================================
📄 Entrada: ../data/vehicles_step_sim_2.csv
🏭 Consumo fabricante: 12.0 km/l
💰 Preço carbono: R$ 50.0/ton
⭕ Raio máximo do offset aleatório: 2.0 km
🎲 Offset gerado aleatoriamente:
   Ângulo: 29.3°
   Distância: 1.4240 km
   offset_x (lat): 0.011158°  |  offset_y (lon): 0.006255°
📊 Row stepping: Processando todas as linhas
🗺️  Map matching: ATIVADO (raio 1500m) - pontos snapped para ruas
📐 Cálculo de distância: HAVERSINE PURO dos pontos COM snap (consistência)
======================================================================

📊 Carregando dados SUMO...
   Total de registros no arquivo: 222
   Veículos únicos: 1
   🚙 Vehicle selecionado: carro_1000

🔄 Agregando viagens por vehicle_id...
  📐 SUMO_carro_1000: Calculando distâncias com Haversine direto (SEM routing API)
      Original: 324 pontos → 3.1629 km (Haversine)
      Offset:   324 pontos → 3.7127 km (Haversine)

🚙 Veículo: SUMO_carro_1000
   Modelo: HBEFA4/PC_petrol_Euro-6ab
   Segmentos: 324
   📏 Distância: 3.166 km (city: 3.024, highway: 0.142)
   ⛽ Combustível: 49.530 l
   🏭 CO2 real: 114414.1 g
   🎯 CO2 meta: 609.4 g
   📊 Delta: -113804.6 g
   💰 Valor E1: R$ -5.6902
   🧭 Tentativas map matching: 326

   🔑 OFFSET DETERMINÍSTICO (x=-0.013298149678106672°, y=-0.008404720404381436°, max=2.0km):
   📍 Start Original:  (40.775644, -73.960687)
   🔒 Start Protegido: (40.762747, -73.969428) ✓ 1.64 km | ✓ MAP MATCHED
   📏 Deslocamento final: 1613.7 metros
   📍 End Original:    (40.772251, -73.963071)
   🔒 End Protegido:   (40.758685, -73.971726) ✓ 1.64 km | ✓ MAP MATCHED
   📏 Deslocamento final: 1677.2 metros

   📐 ANÁLISE DE DISTÂNCIA DO TRAJETO (HAVERSINE DOS PONTOS ARMAZENADOS):
   ✨ 283 pontos privados duplicados foram separados para garantir visualização 1:1.
   ℹ️  Dica: use --debug-map-matching para ver tentativas detalhadas de re-snap.
   🔢 Pontos unicos original/offset: 324/41 (Δ -283, -87.3% )
   📍 Trajeto original: 3.163 km (linha reta entre pontos GPS)
   🔒 Trajeto com offset: 3.713 km (linha reta entre pontos COM snap)
   📊 Diferença: +0.550 km (+17.4%)

======================================================================
📊 ESTATÍSTICAS FINAIS
======================================================================
Viagens processadas: 1
Distância total: 3.17 km
Combustível total: 49.53 l
CO2 real total: 114414.1 g
CO2 meta total: 609.4 g
Delta CO2: -113804.6 g
Valor E1 total: R$ -5.69

💰 Créditos: R$ 0.00
💸 Débitos: R$ 5.69
📈 Saldo líquido: R$ -5.69

🗺️  MAP MATCHING:
   Pontos processados: 324
   Snaps tentados: 324 (100.0%)
   Snaps bem-sucedidos: 324 (100.0%)
   Snaps forçados (>100m): 324 (100.0%)
   ✅ TODOS os pontos estão em ruas (FORCE_SNAP=True)
======================================================================

💾 Dados agregados salvos em: ../data/offset_batch/vehicles_step_sim_2/run_093.csv
[csv-worker_2] [vehicles_step_sim_2] ===== LOG RUN 093 FIM =====

[csv-worker_2] [vehicles_step_sim_2] ===== LOG RUN 094 INICIO =====
======================================================================
🚗 PROCESSAMENTO SUMO → E1 REGISTRY (OFFSET ALEATÓRIO - veh0)
======================================================================
📄 Entrada: ../data/vehicles_step_sim_2.csv
🏭 Consumo fabricante: 12.0 km/l
💰 Preço carbono: R$ 50.0/ton
⭕ Raio máximo do offset aleatório: 2.0 km
🎲 Offset gerado aleatoriamente:
   Ângulo: 231.4°
   Distância: 1.2889 km
   offset_x (lat): -0.007218°  |  offset_y (lon): -0.009052°
📊 Row stepping: Processando todas as linhas
🗺️  Map matching: ATIVADO (raio 1500m) - pontos snapped para ruas
📐 Cálculo de distância: HAVERSINE PURO dos pontos COM snap (consistência)
======================================================================

📊 Carregando dados SUMO...
   Total de registros no arquivo: 222
   Veículos únicos: 1
   🚙 Vehicle selecionado: carro_1000

🔄 Agregando viagens por vehicle_id...
  📐 SUMO_carro_1000: Calculando distâncias com Haversine direto (SEM routing API)
      Original: 299 pontos → 3.0526 km (Haversine)
      Offset:   299 pontos → 2.5754 km (Haversine)

🚙 Veículo: SUMO_carro_1000
   Modelo: HBEFA4/PC_petrol_Euro-6ab
   Segmentos: 299
   📏 Distância: 3.060 km (city: 3.060, highway: 0.000)
   ⛽ Combustível: 48.384 l
   🏭 CO2 real: 111766.0 g
   🎯 CO2 meta: 589.0 g
   📊 Delta: -111177.0 g
   💰 Valor E1: R$ -5.5588
   🧭 Tentativas map matching: 301

   🔑 OFFSET DETERMINÍSTICO (x=0.011680717265223517°, y=0.0007376357781321136°, max=2.0km):
   📍 Start Original:  (40.775644, -73.960687)
   🔒 Start Protegido: (40.786035, -73.957131) ✓ 1.30 km | ✓ MAP MATCHED
   📏 Deslocamento final: 1194.9 metros
   📍 End Original:    (40.774198, -73.961141)
   🔒 End Protegido:   (40.784779, -73.958049) ✓ 1.30 km | ✓ MAP MATCHED
   📏 Deslocamento final: 1206.4 metros

   📐 ANÁLISE DE DISTÂNCIA DO TRAJETO (HAVERSINE DOS PONTOS ARMAZENADOS):
   ✨ 275 pontos privados duplicados foram separados para garantir visualização 1:1.
   ℹ️  Dica: use --debug-map-matching para ver tentativas detalhadas de re-snap.
   🔢 Pontos unicos original/offset: 299/24 (Δ -275, -92.0% )
   📍 Trajeto original: 3.053 km (linha reta entre pontos GPS)
   🔒 Trajeto com offset: 2.575 km (linha reta entre pontos COM snap)
   📊 Diferença: -0.477 km (-15.6%)

======================================================================
📊 ESTATÍSTICAS FINAIS
======================================================================
Viagens processadas: 1
Distância total: 3.06 km
Combustível total: 48.38 l
CO2 real total: 111766.0 g
CO2 meta total: 589.0 g
Delta CO2: -111177.0 g
Valor E1 total: R$ -5.56

💰 Créditos: R$ 0.00
💸 Débitos: R$ 5.56
📈 Saldo líquido: R$ -5.56

🗺️  MAP MATCHING:
   Pontos processados: 299
   Snaps tentados: 299 (100.0%)
   Snaps bem-sucedidos: 299 (100.0%)
   Snaps forçados (>100m): 299 (100.0%)
   ✅ TODOS os pontos estão em ruas (FORCE_SNAP=True)
======================================================================

💾 Dados agregados salvos em: ../data/offset_batch/vehicles_step_sim_2/run_094.csv
[csv-worker_2] [vehicles_step_sim_2] ===== LOG RUN 094 FIM =====

[csv-worker_2] [vehicles_step_sim_2] ===== LOG RUN 095 INICIO =====
======================================================================
🚗 PROCESSAMENTO SUMO → E1 REGISTRY (OFFSET ALEATÓRIO - veh0)
======================================================================
📄 Entrada: ../data/vehicles_step_sim_2.csv
🏭 Consumo fabricante: 12.0 km/l
💰 Preço carbono: R$ 50.0/ton
⭕ Raio máximo do offset aleatório: 2.0 km
🎲 Offset gerado aleatoriamente:
   Ângulo: 299.0°
   Distância: 1.7278 km
   offset_x (lat): 0.007516°  |  offset_y (lon): -0.013580°
📊 Row stepping: Processando todas as linhas
🗺️  Map matching: ATIVADO (raio 1500m) - pontos snapped para ruas
📐 Cálculo de distância: HAVERSINE PURO dos pontos COM snap (consistência)
======================================================================

📊 Carregando dados SUMO...
   Total de registros no arquivo: 222
   Veículos únicos: 1
   🚙 Vehicle selecionado: carro_1000

🔄 Agregando viagens por vehicle_id...
  📐 SUMO_carro_1000: Calculando distâncias com Haversine direto (SEM routing API)
      Original: 323 pontos → 2.9161 km (Haversine)
      Offset:   323 pontos → 3.5327 km (Haversine)

🚙 Veículo: SUMO_carro_1000
   Modelo: HBEFA4/PC_petrol_Euro-6ab
   Segmentos: 323
   📏 Distância: 2.926 km (city: 2.764, highway: 0.161)
   ⛽ Combustível: 54.094 l
   🏭 CO2 real: 124958.0 g
   🎯 CO2 meta: 563.2 g
   📊 Delta: -124394.9 g
   💰 Valor E1: R$ -6.2197
   🧭 Tentativas map matching: 325

   🔑 OFFSET DETERMINÍSTICO (x=-0.0043838846022278425°, y=0.007445904439990991°, max=2.0km):
   📍 Start Original:  (40.775644, -73.960687)
   🔒 Start Protegido: (40.771479, -73.953310) ✓ 0.80 km | ✓ MAP MATCHED
   📏 Deslocamento final: 775.7 metros
   📍 End Original:    (40.774046, -73.961617)
   🔒 End Protegido:   (40.769709, -73.954428) ✓ 0.80 km | ✓ MAP MATCHED
   📏 Deslocamento final: 774.8 metros

   📐 ANÁLISE DE DISTÂNCIA DO TRAJETO (HAVERSINE DOS PONTOS ARMAZENADOS):
   ✨ 287 pontos privados duplicados foram separados para garantir visualização 1:1.
   ℹ️  Dica: use --debug-map-matching para ver tentativas detalhadas de re-snap.
   🔢 Pontos unicos original/offset: 320/36 (Δ -284, -88.8% )
   📍 Trajeto original: 2.916 km (linha reta entre pontos GPS)
   🔒 Trajeto com offset: 3.533 km (linha reta entre pontos COM snap)
   📊 Diferença: +0.617 km (+21.1%)

======================================================================
📊 ESTATÍSTICAS FINAIS
======================================================================
Viagens processadas: 1
Distância total: 2.93 km
Combustível total: 54.09 l
CO2 real total: 124958.0 g
CO2 meta total: 563.2 g
Delta CO2: -124394.9 g
Valor E1 total: R$ -6.22

💰 Créditos: R$ 0.00
💸 Débitos: R$ 6.22
📈 Saldo líquido: R$ -6.22

🗺️  MAP MATCHING:
   Pontos processados: 323
   Snaps tentados: 323 (100.0%)
   Snaps bem-sucedidos: 323 (100.0%)
   Snaps forçados (>100m): 323 (100.0%)
   ✅ TODOS os pontos estão em ruas (FORCE_SNAP=True)
======================================================================

💾 Dados agregados salvos em: ../data/offset_batch/vehicles_step_sim_2/run_095.csv
[csv-worker_2] [vehicles_step_sim_2] ===== LOG RUN 095 FIM =====

[csv-worker_2] [vehicles_step_sim_2] ===== LOG RUN 096 INICIO =====
======================================================================
🚗 PROCESSAMENTO SUMO → E1 REGISTRY (OFFSET ALEATÓRIO - veh0)
======================================================================
📄 Entrada: ../data/vehicles_step_sim_2.csv
🏭 Consumo fabricante: 12.0 km/l
💰 Preço carbono: R$ 50.0/ton
⭕ Raio máximo do offset aleatório: 2.0 km
🎲 Offset gerado aleatoriamente:
   Ângulo: 116.0°
   Distância: 1.5580 km
   offset_x (lat): -0.006138°  |  offset_y (lon): 0.012578°
📊 Row stepping: Processando todas as linhas
🗺️  Map matching: ATIVADO (raio 1500m) - pontos snapped para ruas
📐 Cálculo de distância: HAVERSINE PURO dos pontos COM snap (consistência)
======================================================================

📊 Carregando dados SUMO...
   Total de registros no arquivo: 222
   Veículos únicos: 1
   🚙 Vehicle selecionado: carro_1000

🔄 Agregando viagens por vehicle_id...
  📐 SUMO_carro_1000: Calculando distâncias com Haversine direto (SEM routing API)
      Original: 301 pontos → 3.1480 km (Haversine)
      Offset:   301 pontos → 3.4291 km (Haversine)

🚙 Veículo: SUMO_carro_1000
   Modelo: HBEFA4/PC_petrol_Euro-6ab
   Segmentos: 301
   📏 Distância: 3.159 km (city: 3.020, highway: 0.139)
   ⛽ Combustível: 51.224 l
   🏭 CO2 real: 118326.7 g
   🎯 CO2 meta: 608.1 g
   📊 Delta: -117718.6 g
   💰 Valor E1: R$ -5.8859
   🧭 Tentativas map matching: 303

   🔑 OFFSET DETERMINÍSTICO (x=-0.0110758458992125°, y=0.001659863316648201°, max=2.0km):
   📍 Start Original:  (40.775644, -73.960687)
   🔒 Start Protegido: (40.764682, -73.958458) ✓ 1.24 km | ✓ MAP MATCHED
   📏 Deslocamento final: 1234.7 metros
   📍 End Original:    (40.771236, -73.963813)
   🔒 End Protegido:   (40.760037, -73.961886) ✓ 1.24 km | ✓ MAP MATCHED
   📏 Deslocamento final: 1257.2 metros

   📐 ANÁLISE DE DISTÂNCIA DO TRAJETO (HAVERSINE DOS PONTOS ARMAZENADOS):
   ✨ 260 pontos privados duplicados foram separados para garantir visualização 1:1.
   ℹ️  Dica: use --debug-map-matching para ver tentativas detalhadas de re-snap.
   🔢 Pontos unicos original/offset: 301/41 (Δ -260, -86.4% )
   📍 Trajeto original: 3.148 km (linha reta entre pontos GPS)
   🔒 Trajeto com offset: 3.429 km (linha reta entre pontos COM snap)
   📊 Diferença: +0.281 km (+8.9%)

======================================================================
📊 ESTATÍSTICAS FINAIS
======================================================================
Viagens processadas: 1
Distância total: 3.16 km
Combustível total: 51.22 l
CO2 real total: 118326.7 g
CO2 meta total: 608.1 g
Delta CO2: -117718.6 g
Valor E1 total: R$ -5.89

💰 Créditos: R$ 0.00
💸 Débitos: R$ 5.89
📈 Saldo líquido: R$ -5.89

🗺️  MAP MATCHING:
   Pontos processados: 301
   Snaps tentados: 301 (100.0%)
   Snaps bem-sucedidos: 301 (100.0%)
   Snaps forçados (>100m): 301 (100.0%)
   ✅ TODOS os pontos estão em ruas (FORCE_SNAP=True)
======================================================================

💾 Dados agregados salvos em: ../data/offset_batch/vehicles_step_sim_2/run_096.csv
[csv-worker_2] [vehicles_step_sim_2] ===== LOG RUN 096 FIM =====

[csv-worker_2] [vehicles_step_sim_2] ===== LOG RUN 097 INICIO =====
======================================================================
🚗 PROCESSAMENTO SUMO → E1 REGISTRY (OFFSET ALEATÓRIO - veh0)
======================================================================
📄 Entrada: ../data/vehicles_step_sim_2.csv
🏭 Consumo fabricante: 12.0 km/l
💰 Preço carbono: R$ 50.0/ton
⭕ Raio máximo do offset aleatório: 2.0 km
🎲 Offset gerado aleatoriamente:
   Ângulo: 55.8°
   Distância: 1.6122 km
   offset_x (lat): 0.008149°  |  offset_y (lon): 0.011972°
📊 Row stepping: Processando todas as linhas
🗺️  Map matching: ATIVADO (raio 1500m) - pontos snapped para ruas
📐 Cálculo de distância: HAVERSINE PURO dos pontos COM snap (consistência)
======================================================================

📊 Carregando dados SUMO...
   Total de registros no arquivo: 222
   Veículos únicos: 1
   🚙 Vehicle selecionado: carro_1000

🔄 Agregando viagens por vehicle_id...
  📐 SUMO_carro_1000: Calculando distâncias com Haversine direto (SEM routing API)
      Original: 301 pontos → 3.1480 km (Haversine)
      Offset:   301 pontos → 3.4781 km (Haversine)

🚙 Veículo: SUMO_carro_1000
   Modelo: HBEFA4/PC_petrol_Euro-6ab
   Segmentos: 301
   📏 Distância: 3.159 km (city: 3.020, highway: 0.139)
   ⛽ Combustível: 51.224 l
   🏭 CO2 real: 118326.7 g
   🎯 CO2 meta: 608.1 g
   📊 Delta: -117718.6 g
   💰 Valor E1: R$ -5.8859
   🧭 Tentativas map matching: 303

   🔑 OFFSET DETERMINÍSTICO (x=0.002790667453028351°, y=0.0014204862037170177°, max=2.0km):
   📍 Start Original:  (40.775644, -73.960687)
   🔒 Start Protegido: (40.778317, -73.958834) ✓ 0.33 km | ✓ MAP MATCHED
   📏 Deslocamento final: 336.2 metros
   📍 End Original:    (40.771236, -73.963813)
   🔒 End Protegido:   (40.773782, -73.962145) ✓ 0.33 km | ✓ MAP MATCHED
   📏 Deslocamento final: 316.4 metros

   📐 ANÁLISE DE DISTÂNCIA DO TRAJETO (HAVERSINE DOS PONTOS ARMAZENADOS):
   ✨ 261 pontos privados duplicados foram separados para garantir visualização 1:1.
   ℹ️  Dica: use --debug-map-matching para ver tentativas detalhadas de re-snap.
   🔢 Pontos unicos original/offset: 301/40 (Δ -261, -86.7% )
   📍 Trajeto original: 3.148 km (linha reta entre pontos GPS)
   🔒 Trajeto com offset: 3.478 km (linha reta entre pontos COM snap)
   📊 Diferença: +0.330 km (+10.5%)

======================================================================
📊 ESTATÍSTICAS FINAIS
======================================================================
Viagens processadas: 1
Distância total: 3.16 km
Combustível total: 51.22 l
CO2 real total: 118326.7 g
CO2 meta total: 608.1 g
Delta CO2: -117718.6 g
Valor E1 total: R$ -5.89

💰 Créditos: R$ 0.00
💸 Débitos: R$ 5.89
📈 Saldo líquido: R$ -5.89

🗺️  MAP MATCHING:
   Pontos processados: 301
   Snaps tentados: 301 (100.0%)
   Snaps bem-sucedidos: 301 (100.0%)
   Snaps forçados (>100m): 301 (100.0%)
   ✅ TODOS os pontos estão em ruas (FORCE_SNAP=True)
======================================================================

💾 Dados agregados salvos em: ../data/offset_batch/vehicles_step_sim_2/run_097.csv
[csv-worker_2] [vehicles_step_sim_2] ===== LOG RUN 097 FIM =====

[csv-worker_2] [vehicles_step_sim_2] ===== LOG RUN 098 INICIO =====
======================================================================
🚗 PROCESSAMENTO SUMO → E1 REGISTRY (OFFSET ALEATÓRIO - veh0)
======================================================================
📄 Entrada: ../data/vehicles_step_sim_2.csv
🏭 Consumo fabricante: 12.0 km/l
💰 Preço carbono: R$ 50.0/ton
⭕ Raio máximo do offset aleatório: 2.0 km
🎲 Offset gerado aleatoriamente:
   Ângulo: 20.9°
   Distância: 1.4505 km
   offset_x (lat): 0.012169°  |  offset_y (lon): 0.004656°
📊 Row stepping: Processando todas as linhas
🗺️  Map matching: ATIVADO (raio 1500m) - pontos snapped para ruas
📐 Cálculo de distância: HAVERSINE PURO dos pontos COM snap (consistência)
======================================================================

📊 Carregando dados SUMO...
   Total de registros no arquivo: 222
   Veículos únicos: 1
   🚙 Vehicle selecionado: carro_1000

🔄 Agregando viagens por vehicle_id...
  📐 SUMO_carro_1000: Calculando distâncias com Haversine direto (SEM routing API)
      Original: 300 pontos → 3.1542 km (Haversine)
      Offset:   300 pontos → 3.5716 km (Haversine)

🚙 Veículo: SUMO_carro_1000
   Modelo: HBEFA4/PC_petrol_Euro-6ab
   Segmentos: 300
   📏 Distância: 3.158 km (city: 2.541, highway: 0.617)
   ⛽ Combustível: 49.984 l
   🏭 CO2 real: 115462.6 g
   🎯 CO2 meta: 608.0 g
   📊 Delta: -114854.6 g
   💰 Valor E1: R$ -5.7427
   🧭 Tentativas map matching: 302

   🔑 OFFSET DETERMINÍSTICO (x=-0.014373986861219611°, y=-0.006220161282920616°, max=2.0km):
   📍 Start Original:  (40.775644, -73.960687)
   🔒 Start Protegido: (40.761303, -73.966774) ✓ 1.68 km | ✓ MAP MATCHED
   📏 Deslocamento final: 1676.8 metros
   📍 End Original:    (40.773912, -73.961904)
   🔒 End Protegido:   (40.759540, -73.968107) ✓ 1.68 km | ✓ MAP MATCHED
   📏 Deslocamento final: 1683.2 metros

   📐 ANÁLISE DE DISTÂNCIA DO TRAJETO (HAVERSINE DOS PONTOS ARMAZENADOS):
   ✨ 246 pontos privados duplicados foram separados para garantir visualização 1:1.
   ℹ️  Dica: use --debug-map-matching para ver tentativas detalhadas de re-snap.
   🔢 Pontos unicos original/offset: 299/54 (Δ -245, -81.9% )
   📍 Trajeto original: 3.154 km (linha reta entre pontos GPS)
   🔒 Trajeto com offset: 3.572 km (linha reta entre pontos COM snap)
   📊 Diferença: +0.417 km (+13.2%)

======================================================================
📊 ESTATÍSTICAS FINAIS
======================================================================
Viagens processadas: 1
Distância total: 3.16 km
Combustível total: 49.98 l
CO2 real total: 115462.6 g
CO2 meta total: 608.0 g
Delta CO2: -114854.6 g
Valor E1 total: R$ -5.74

💰 Créditos: R$ 0.00
💸 Débitos: R$ 5.74
📈 Saldo líquido: R$ -5.74

🗺️  MAP MATCHING:
   Pontos processados: 300
   Snaps tentados: 300 (100.0%)
   Snaps bem-sucedidos: 300 (100.0%)
   Snaps forçados (>100m): 300 (100.0%)
   ✅ TODOS os pontos estão em ruas (FORCE_SNAP=True)
======================================================================

💾 Dados agregados salvos em: ../data/offset_batch/vehicles_step_sim_2/run_098.csv
[csv-worker_2] [vehicles_step_sim_2] ===== LOG RUN 098 FIM =====

[csv-worker_2] [vehicles_step_sim_2] ===== LOG RUN 099 INICIO =====
======================================================================
🚗 PROCESSAMENTO SUMO → E1 REGISTRY (OFFSET ALEATÓRIO - veh0)
======================================================================
📄 Entrada: ../data/vehicles_step_sim_2.csv
🏭 Consumo fabricante: 12.0 km/l
💰 Preço carbono: R$ 50.0/ton
⭕ Raio máximo do offset aleatório: 2.0 km
🎲 Offset gerado aleatoriamente:
   Ângulo: 11.3°
   Distância: 1.2646 km
   offset_x (lat): 0.011141°  |  offset_y (lon): 0.002221°
📊 Row stepping: Processando todas as linhas
🗺️  Map matching: ATIVADO (raio 1500m) - pontos snapped para ruas
📐 Cálculo de distância: HAVERSINE PURO dos pontos COM snap (consistência)
======================================================================

📊 Carregando dados SUMO...
   Total de registros no arquivo: 222
   Veículos únicos: 1
   🚙 Vehicle selecionado: carro_1000

🔄 Agregando viagens por vehicle_id...
  📐 SUMO_carro_1000: Calculando distâncias com Haversine direto (SEM routing API)
      Original: 312 pontos → 3.1845 km (Haversine)
      Offset:   312 pontos → 4.5899 km (Haversine)

🚙 Veículo: SUMO_carro_1000
   Modelo: HBEFA4/PC_petrol_Euro-6ab
   Segmentos: 312
   📏 Distância: 3.190 km (city: 2.602, highway: 0.587)
   ⛽ Combustível: 54.577 l
   🏭 CO2 real: 126071.8 g
   🎯 CO2 meta: 614.1 g
   📊 Delta: -125457.8 g
   💰 Valor E1: R$ -6.2729
   🧭 Tentativas map matching: 314

   🔑 OFFSET DETERMINÍSTICO (x=-0.0008937247348470118°, y=0.011217574433734591°, max=2.0km):
   📍 Start Original:  (40.775644, -73.960687)
   🔒 Start Protegido: (40.774870, -73.950668) ✓ 0.95 km | ✓ MAP MATCHED
   📏 Deslocamento final: 849.0 metros
   📍 End Original:    (40.771637, -73.963520)
   🔒 End Protegido:   (40.770138, -73.951520) ✓ 0.95 km | ✓ MAP MATCHED
   📏 Deslocamento final: 1025.4 metros

   📐 ANÁLISE DE DISTÂNCIA DO TRAJETO (HAVERSINE DOS PONTOS ARMAZENADOS):
   ✨ 267 pontos privados duplicados foram separados para garantir visualização 1:1.
   ℹ️  Dica: use --debug-map-matching para ver tentativas detalhadas de re-snap.
   🔢 Pontos unicos original/offset: 312/45 (Δ -267, -85.6% )
   📍 Trajeto original: 3.185 km (linha reta entre pontos GPS)
   🔒 Trajeto com offset: 4.590 km (linha reta entre pontos COM snap)
   📊 Diferença: +1.405 km (+44.1%)

======================================================================
📊 ESTATÍSTICAS FINAIS
======================================================================
Viagens processadas: 1
Distância total: 3.19 km
Combustível total: 54.58 l
CO2 real total: 126071.8 g
CO2 meta total: 614.1 g
Delta CO2: -125457.8 g
Valor E1 total: R$ -6.27

💰 Créditos: R$ 0.00
💸 Débitos: R$ 6.27
📈 Saldo líquido: R$ -6.27

🗺️  MAP MATCHING:
   Pontos processados: 312
   Snaps tentados: 312 (100.0%)
   Snaps bem-sucedidos: 312 (100.0%)
   Snaps forçados (>100m): 312 (100.0%)
   ✅ TODOS os pontos estão em ruas (FORCE_SNAP=True)
======================================================================

💾 Dados agregados salvos em: ../data/offset_batch/vehicles_step_sim_2/run_099.csv
[csv-worker_2] [vehicles_step_sim_2] ===== LOG RUN 099 FIM =====

[csv-worker_2] [vehicles_step_sim_2] ===== LOG RUN 100 INICIO =====
======================================================================
🚗 PROCESSAMENTO SUMO → E1 REGISTRY (OFFSET ALEATÓRIO - veh0)
======================================================================
📄 Entrada: ../data/vehicles_step_sim_2.csv
🏭 Consumo fabricante: 12.0 km/l
💰 Preço carbono: R$ 50.0/ton
⭕ Raio máximo do offset aleatório: 2.0 km
🎲 Offset gerado aleatoriamente:
   Ângulo: 188.7°
   Distância: 1.0051 km
   offset_x (lat): -0.008925°  |  offset_y (lon): -0.001364°
📊 Row stepping: Processando todas as linhas
🗺️  Map matching: ATIVADO (raio 1500m) - pontos snapped para ruas
📐 Cálculo de distância: HAVERSINE PURO dos pontos COM snap (consistência)
======================================================================

📊 Carregando dados SUMO...
   Total de registros no arquivo: 222
   Veículos únicos: 1
   🚙 Vehicle selecionado: carro_1000

🔄 Agregando viagens por vehicle_id...
  📐 SUMO_carro_1000: Calculando distâncias com Haversine direto (SEM routing API)
      Original: 312 pontos → 3.1845 km (Haversine)
      Offset:   312 pontos → 3.3817 km (Haversine)

🚙 Veículo: SUMO_carro_1000
   Modelo: HBEFA4/PC_petrol_Euro-6ab
   Segmentos: 312
   📏 Distância: 3.190 km (city: 2.602, highway: 0.587)
   ⛽ Combustível: 54.577 l
   🏭 CO2 real: 126071.8 g
   🎯 CO2 meta: 614.1 g
   📊 Delta: -125457.8 g
   💰 Valor E1: R$ -6.2729
   🧭 Tentativas map matching: 314

   🔑 OFFSET DETERMINÍSTICO (x=0.013919894259327435°, y=0.005530318136049894°, max=2.0km):
   📍 Start Original:  (40.775644, -73.960687)
   🔒 Start Protegido: (40.789263, -73.954771) ✓ 1.62 km | ✓ MAP MATCHED
   📏 Deslocamento final: 1596.0 metros
   📍 End Original:    (40.771637, -73.963520)
   🔒 End Protegido:   (40.785401, -73.957595) ✓ 1.62 km | ✓ MAP MATCHED
   📏 Deslocamento final: 1611.6 metros

   📐 ANÁLISE DE DISTÂNCIA DO TRAJETO (HAVERSINE DOS PONTOS ARMAZENADOS):
   ✨ 254 pontos privados duplicados foram separados para garantir visualização 1:1.
   ℹ️  Dica: use --debug-map-matching para ver tentativas detalhadas de re-snap.
   🔢 Pontos unicos original/offset: 312/58 (Δ -254, -81.4% )
   📍 Trajeto original: 3.185 km (linha reta entre pontos GPS)
   🔒 Trajeto com offset: 3.382 km (linha reta entre pontos COM snap)
   📊 Diferença: +0.197 km (+6.2%)

======================================================================
📊 ESTATÍSTICAS FINAIS
======================================================================
Viagens processadas: 1
Distância total: 3.19 km
Combustível total: 54.58 l
CO2 real total: 126071.8 g
CO2 meta total: 614.1 g
Delta CO2: -125457.8 g
Valor E1 total: R$ -6.27

💰 Créditos: R$ 0.00
💸 Débitos: R$ 6.27
📈 Saldo líquido: R$ -6.27

🗺️  MAP MATCHING:
   Pontos processados: 312
   Snaps tentados: 312 (100.0%)
   Snaps bem-sucedidos: 312 (100.0%)
   Snaps forçados (>100m): 312 (100.0%)
   ✅ TODOS os pontos estão em ruas (FORCE_SNAP=True)
======================================================================

💾 Dados agregados salvos em: ../data/offset_batch/vehicles_step_sim_2/run_100.csv
[csv-worker_2] [vehicles_step_sim_2] ===== LOG RUN 100 FIM =====

FIM CSV: vehicles_step_sim_2
