
==========================================================================================
INICIO CSV: vehicles_step_sim_5 | runs=100 | source=vehicles_step_sim_5.csv
==========================================================================================

[csv-worker_5] [vehicles_step_sim_5] ===== LOG RUN 001 INICIO =====
======================================================================
🚗 PROCESSAMENTO SUMO → E1 REGISTRY (OFFSET ALEATÓRIO - veh0)
======================================================================
📄 Entrada: ../data/vehicles_step_sim_5.csv
🏭 Consumo fabricante: 12.0 km/l
💰 Preço carbono: R$ 50.0/ton
⭕ Raio máximo do offset aleatório: 2.0 km
🎲 Offset gerado aleatoriamente:
   Ângulo: 322.6°
   Distância: 0.5964 km
   offset_x (lat): 0.004254°  |  offset_y (lon): -0.003256°
📊 Row stepping: Processando todas as linhas
🗺️  Map matching: ATIVADO (raio 1500m) - pontos snapped para ruas
📐 Cálculo de distância: HAVERSINE PURO dos pontos COM snap (consistência)
======================================================================

📊 Carregando dados SUMO...

💾 Dados agregados salvos em: ../data/offset_batch/vehicles_step_sim_5/run_001.csv
[csv-worker_5] [vehicles_step_sim_5] ===== LOG RUN 001 FIM =====

[csv-worker_5] [vehicles_step_sim_5] ===== LOG RUN 002 INICIO =====
======================================================================
🚗 PROCESSAMENTO SUMO → E1 REGISTRY (OFFSET ALEATÓRIO - veh0)
======================================================================
📄 Entrada: ../data/vehicles_step_sim_5.csv
🏭 Consumo fabricante: 12.0 km/l
💰 Preço carbono: R$ 50.0/ton
⭕ Raio máximo do offset aleatório: 2.0 km
🎲 Offset gerado aleatoriamente:
   Ângulo: 52.9°
   Distância: 1.9267 km
   offset_x (lat): 0.010438°  |  offset_y (lon): 0.013806°
📊 Row stepping: Processando todas as linhas
🗺️  Map matching: ATIVADO (raio 1500m) - pontos snapped para ruas
📐 Cálculo de distância: HAVERSINE PURO dos pontos COM snap (consistência)
======================================================================

📊 Carregando dados SUMO...
   Total de registros no arquivo: 337
   Veículos únicos: 1
   🚙 Vehicle selecionado: carro_1000

🔄 Agregando viagens por vehicle_id...
  📐 SUMO_carro_1000: Calculando distâncias com Haversine direto (SEM routing API)
      Original: 155 pontos → 1.4242 km (Haversine)
      Offset:   155 pontos → 1.6013 km (Haversine)

🚙 Veículo: SUMO_carro_1000
   Modelo: HBEFA4/PC_petrol_Euro-6ab
   Segmentos: 155
   📏 Distância: 1.424 km (city: 1.424, highway: 0.000)
   ⛽ Combustível: 10.127 l
   🏭 CO2 real: 23393.7 g
   🎯 CO2 meta: 274.2 g
   📊 Delta: -23119.5 g
   💰 Valor E1: R$ -1.1560
   🧭 Tentativas map matching: 157

   🔑 OFFSET DETERMINÍSTICO (x=0.004916042238050593°, y=0.006360476928181822°, max=2.0km):
   📍 Start Original:  (40.775644, -73.960687)
   🔒 Start Protegido: (40.780762, -73.954528) ✓ 0.77 km | ✓ MAP MATCHED
   📏 Deslocamento final: 770.9 metros
   📍 End Original:    (40.775671, -73.960433)
   🔒 End Protegido:   (40.780762, -73.954528) ✓ 0.77 km | ✓ MAP MATCHED
   📏 Deslocamento final: 754.3 metros

   📐 ANÁLISE DE DISTÂNCIA DO TRAJETO (HAVERSINE DOS PONTOS ARMAZENADOS):
   ✨ 122 pontos privados duplicados foram separados para garantir visualização 1:1.
   ℹ️  Dica: use --debug-map-matching para ver tentativas detalhadas de re-snap.
   🔢 Pontos unicos original/offset: 155/33 (Δ -122, -78.7% )
   📍 Trajeto original: 1.424 km (linha reta entre pontos GPS)
   🔒 Trajeto com offset: 1.601 km (linha reta entre pontos COM snap)
   📊 Diferença: +0.177 km (+12.4%)

======================================================================
📊 ESTATÍSTICAS FINAIS
======================================================================
Viagens processadas: 1
Distância total: 1.42 km
Combustível total: 10.13 l
CO2 real total: 23393.7 g
CO2 meta total: 274.2 g
Delta CO2: -23119.5 g
Valor E1 total: R$ -1.16

💰 Créditos: R$ 0.00
💸 Débitos: R$ 1.16
📈 Saldo líquido: R$ -1.16

🗺️  MAP MATCHING:
   Pontos processados: 155
   Snaps tentados: 155 (100.0%)
   Snaps bem-sucedidos: 155 (100.0%)
   Snaps forçados (>100m): 155 (100.0%)
   ✅ TODOS os pontos estão em ruas (FORCE_SNAP=True)
======================================================================

💾 Dados agregados salvos em: ../data/offset_batch/vehicles_step_sim_5/run_002.csv
[csv-worker_5] [vehicles_step_sim_5] ===== LOG RUN 002 FIM =====

[csv-worker_5] [vehicles_step_sim_5] ===== LOG RUN 003 INICIO =====
======================================================================
🚗 PROCESSAMENTO SUMO → E1 REGISTRY (OFFSET ALEATÓRIO - veh0)
======================================================================
📄 Entrada: ../data/vehicles_step_sim_5.csv
🏭 Consumo fabricante: 12.0 km/l
💰 Preço carbono: R$ 50.0/ton
⭕ Raio máximo do offset aleatório: 2.0 km
🎲 Offset gerado aleatoriamente:
   Ângulo: 171.2°
   Distância: 1.3481 km
   offset_x (lat): -0.011968°  |  offset_y (lon): 0.001854°
📊 Row stepping: Processando todas as linhas
🗺️  Map matching: ATIVADO (raio 1500m) - pontos snapped para ruas
📐 Cálculo de distância: HAVERSINE PURO dos pontos COM snap (consistência)
======================================================================

📊 Carregando dados SUMO...
   Total de registros no arquivo: 337
   Veículos únicos: 1
   🚙 Vehicle selecionado: carro_1000

🔄 Agregando viagens por vehicle_id...
  📐 SUMO_carro_1000: Calculando distâncias com Haversine direto (SEM routing API)
      Original: 299 pontos → 3.0526 km (Haversine)
      Offset:   299 pontos → 8.9861 km (Haversine)

🚙 Veículo: SUMO_carro_1000
   Modelo: HBEFA4/PC_petrol_Euro-6ab
   Segmentos: 299
   📏 Distância: 3.060 km (city: 3.060, highway: 0.000)
   ⛽ Combustível: 48.384 l
   🏭 CO2 real: 111766.0 g
   🎯 CO2 meta: 589.0 g
   📊 Delta: -111177.0 g
   💰 Valor E1: R$ -5.5588
   🧭 Tentativas map matching: 301

   🔑 OFFSET DETERMINÍSTICO (x=-0.0003758396849357196°, y=-0.01364822997780766°, max=2.0km):
   📍 Start Original:  (40.775644, -73.960687)
   🔒 Start Protegido: (40.776096, -73.976060) ✓ 1.15 km | ✓ MAP MATCHED
   📏 Deslocamento final: 1296.9 metros
   📍 End Original:    (40.774198, -73.961141)
   🔒 End Protegido:   (40.774662, -73.977108) ✓ 1.15 km | ✓ MAP MATCHED
   📏 Deslocamento final: 1347.0 metros

   📐 ANÁLISE DE DISTÂNCIA DO TRAJETO (HAVERSINE DOS PONTOS ARMAZENADOS):
   ✨ 275 pontos privados duplicados foram separados para garantir visualização 1:1.
   ℹ️  Dica: use --debug-map-matching para ver tentativas detalhadas de re-snap.
   🔢 Pontos unicos original/offset: 299/24 (Δ -275, -92.0% )
   📍 Trajeto original: 3.053 km (linha reta entre pontos GPS)
   🔒 Trajeto com offset: 8.986 km (linha reta entre pontos COM snap)
   📊 Diferença: +5.933 km (+194.4%)

======================================================================
📊 ESTATÍSTICAS FINAIS
======================================================================
Viagens processadas: 1
Distância total: 3.06 km
Combustível total: 48.38 l
CO2 real total: 111766.0 g
CO2 meta total: 589.0 g
Delta CO2: -111177.0 g
Valor E1 total: R$ -5.56

💰 Créditos: R$ 0.00
💸 Débitos: R$ 5.56
📈 Saldo líquido: R$ -5.56

🗺️  MAP MATCHING:
   Pontos processados: 299
   Snaps tentados: 299 (100.0%)
   Snaps bem-sucedidos: 299 (100.0%)
   Snaps forçados (>100m): 299 (100.0%)
   ✅ TODOS os pontos estão em ruas (FORCE_SNAP=True)
======================================================================

💾 Dados agregados salvos em: ../data/offset_batch/vehicles_step_sim_5/run_003.csv
[csv-worker_5] [vehicles_step_sim_5] ===== LOG RUN 003 FIM =====

[csv-worker_5] [vehicles_step_sim_5] ===== LOG RUN 004 INICIO =====
======================================================================
🚗 PROCESSAMENTO SUMO → E1 REGISTRY (OFFSET ALEATÓRIO - veh0)
======================================================================
📄 Entrada: ../data/vehicles_step_sim_5.csv
🏭 Consumo fabricante: 12.0 km/l
💰 Preço carbono: R$ 50.0/ton
⭕ Raio máximo do offset aleatório: 2.0 km
🎲 Offset gerado aleatoriamente:
   Ângulo: 68.5°
   Distância: 1.8656 km
   offset_x (lat): 0.006135°  |  offset_y (lon): 0.015595°
📊 Row stepping: Processando todas as linhas
🗺️  Map matching: ATIVADO (raio 1500m) - pontos snapped para ruas
📐 Cálculo de distância: HAVERSINE PURO dos pontos COM snap (consistência)
======================================================================

📊 Carregando dados SUMO...
   Total de registros no arquivo: 337
   Veículos únicos: 1
   🚙 Vehicle selecionado: carro_1000

🔄 Agregando viagens por vehicle_id...
  📐 SUMO_carro_1000: Calculando distâncias com Haversine direto (SEM routing API)
      Original: 131 pontos → 1.4055 km (Haversine)
      Offset:   131 pontos → 1.4789 km (Haversine)

🚙 Veículo: SUMO_carro_1000
   Modelo: HBEFA4/PC_petrol_Euro-6ab
   Segmentos: 131
   📏 Distância: 1.410 km (city: 1.410, highway: 0.000)
   ⛽ Combustível: 12.456 l
   🏭 CO2 real: 28774.3 g
   🎯 CO2 meta: 271.4 g
   📊 Delta: -28502.9 g
   💰 Valor E1: R$ -1.4251
   🧭 Tentativas map matching: 133

   🔑 OFFSET DETERMINÍSTICO (x=0.004894084566489419°, y=-0.00112595380309675°, max=2.0km):
   📍 Start Original:  (40.775644, -73.960687)
   🔒 Start Protegido: (40.780567, -73.961756) ✓ 0.55 km | ✓ MAP MATCHED
   📏 Deslocamento final: 555.4 metros
   📍 End Original:    (40.772974, -73.962198)
   🔒 End Protegido:   (40.777740, -73.963176) ✓ 0.55 km | ✓ MAP MATCHED
   📏 Deslocamento final: 536.9 metros

   📐 ANÁLISE DE DISTÂNCIA DO TRAJETO (HAVERSINE DOS PONTOS ARMAZENADOS):
   ✨ 108 pontos privados duplicados foram separados para garantir visualização 1:1.
   ℹ️  Dica: use --debug-map-matching para ver tentativas detalhadas de re-snap.
   🔢 Pontos unicos original/offset: 130/23 (Δ -107, -82.3% )
   📍 Trajeto original: 1.405 km (linha reta entre pontos GPS)
   🔒 Trajeto com offset: 1.479 km (linha reta entre pontos COM snap)
   📊 Diferença: +0.073 km (+5.2%)

======================================================================
📊 ESTATÍSTICAS FINAIS
======================================================================
Viagens processadas: 1
Distância total: 1.41 km
Combustível total: 12.46 l
CO2 real total: 28774.3 g
CO2 meta total: 271.4 g
Delta CO2: -28502.9 g
Valor E1 total: R$ -1.43

💰 Créditos: R$ 0.00
💸 Débitos: R$ 1.43
📈 Saldo líquido: R$ -1.43

🗺️  MAP MATCHING:
   Pontos processados: 131
   Snaps tentados: 131 (100.0%)
   Snaps bem-sucedidos: 131 (100.0%)
   Snaps forçados (>100m): 131 (100.0%)
   ✅ TODOS os pontos estão em ruas (FORCE_SNAP=True)
======================================================================

💾 Dados agregados salvos em: ../data/offset_batch/vehicles_step_sim_5/run_004.csv
[csv-worker_5] [vehicles_step_sim_5] ===== LOG RUN 004 FIM =====

[csv-worker_5] [vehicles_step_sim_5] ===== LOG RUN 005 INICIO =====
======================================================================
🚗 PROCESSAMENTO SUMO → E1 REGISTRY (OFFSET ALEATÓRIO - veh0)
======================================================================
📄 Entrada: ../data/vehicles_step_sim_5.csv
🏭 Consumo fabricante: 12.0 km/l
💰 Preço carbono: R$ 50.0/ton
⭕ Raio máximo do offset aleatório: 2.0 km
🎲 Offset gerado aleatoriamente:
   Ângulo: 334.2°
   Distância: 1.5484 km
   offset_x (lat): 0.012524°  |  offset_y (lon): -0.006051°
📊 Row stepping: Processando todas as linhas
🗺️  Map matching: ATIVADO (raio 1500m) - pontos snapped para ruas
📐 Cálculo de distância: HAVERSINE PURO dos pontos COM snap (consistência)
======================================================================

📊 Carregando dados SUMO...
   Total de registros no arquivo: 337
   Veículos únicos: 1
   🚙 Vehicle selecionado: carro_1000

🔄 Agregando viagens por vehicle_id...
  📐 SUMO_carro_1000: Calculando distâncias com Haversine direto (SEM routing API)
      Original: 131 pontos → 1.4055 km (Haversine)
      Offset:   131 pontos → 1.3752 km (Haversine)

🚙 Veículo: SUMO_carro_1000
   Modelo: HBEFA4/PC_petrol_Euro-6ab
   Segmentos: 131
   📏 Distância: 1.410 km (city: 1.410, highway: 0.000)
   ⛽ Combustível: 12.456 l
   🏭 CO2 real: 28774.3 g
   🎯 CO2 meta: 271.4 g
   📊 Delta: -28502.9 g
   💰 Valor E1: R$ -1.4251
   🧭 Tentativas map matching: 133

   🔑 OFFSET DETERMINÍSTICO (x=-0.010948497494031064°, y=-0.01108165440643623°, max=2.0km):
   📍 Start Original:  (40.775644, -73.960687)
   🔒 Start Protegido: (40.764703, -73.972067) ✓ 1.54 km | ✓ MAP MATCHED
   📏 Deslocamento final: 1550.4 metros
   📍 End Original:    (40.772974, -73.962198)
   🔒 End Protegido:   (40.761678, -73.972813) ✓ 1.54 km | ✓ MAP MATCHED
   📏 Deslocamento final: 1543.4 metros

   📐 ANÁLISE DE DISTÂNCIA DO TRAJETO (HAVERSINE DOS PONTOS ARMAZENADOS):
   ✨ 106 pontos privados duplicados foram separados para garantir visualização 1:1.
   ℹ️  Dica: use --debug-map-matching para ver tentativas detalhadas de re-snap.
   🔢 Pontos unicos original/offset: 130/25 (Δ -105, -80.8% )
   📍 Trajeto original: 1.405 km (linha reta entre pontos GPS)
   🔒 Trajeto com offset: 1.375 km (linha reta entre pontos COM snap)
   📊 Diferença: -0.030 km (-2.2%)

======================================================================
📊 ESTATÍSTICAS FINAIS
======================================================================
Viagens processadas: 1
Distância total: 1.41 km
Combustível total: 12.46 l
CO2 real total: 28774.3 g
CO2 meta total: 271.4 g
Delta CO2: -28502.9 g
Valor E1 total: R$ -1.43

💰 Créditos: R$ 0.00
💸 Débitos: R$ 1.43
📈 Saldo líquido: R$ -1.43

🗺️  MAP MATCHING:
   Pontos processados: 131
   Snaps tentados: 131 (100.0%)
   Snaps bem-sucedidos: 131 (100.0%)
   Snaps forçados (>100m): 131 (100.0%)
   ✅ TODOS os pontos estão em ruas (FORCE_SNAP=True)
======================================================================

💾 Dados agregados salvos em: ../data/offset_batch/vehicles_step_sim_5/run_005.csv
[csv-worker_5] [vehicles_step_sim_5] ===== LOG RUN 005 FIM =====

[csv-worker_5] [vehicles_step_sim_5] ===== LOG RUN 006 INICIO =====
======================================================================
🚗 PROCESSAMENTO SUMO → E1 REGISTRY (OFFSET ALEATÓRIO - veh0)
======================================================================
📄 Entrada: ../data/vehicles_step_sim_5.csv
🏭 Consumo fabricante: 12.0 km/l
💰 Preço carbono: R$ 50.0/ton
⭕ Raio máximo do offset aleatório: 2.0 km
🎲 Offset gerado aleatoriamente:
   Ângulo: 126.5°
   Distância: 1.2941 km
   offset_x (lat): -0.006920°  |  offset_y (lon): 0.009341°
📊 Row stepping: Processando todas as linhas
🗺️  Map matching: ATIVADO (raio 1500m) - pontos snapped para ruas
📐 Cálculo de distância: HAVERSINE PURO dos pontos COM snap (consistência)
======================================================================

📊 Carregando dados SUMO...
   Total de registros no arquivo: 337
   Veículos únicos: 1
   🚙 Vehicle selecionado: carro_1000

🔄 Agregando viagens por vehicle_id...
  📐 SUMO_carro_1000: Calculando distâncias com Haversine direto (SEM routing API)
      Original: 131 pontos → 1.4055 km (Haversine)
      Offset:   131 pontos → 0.5324 km (Haversine)

🚙 Veículo: SUMO_carro_1000
   Modelo: HBEFA4/PC_petrol_Euro-6ab
   Segmentos: 131
   📏 Distância: 1.410 km (city: 1.410, highway: 0.000)
   ⛽ Combustível: 12.456 l
   🏭 CO2 real: 28774.3 g
   🎯 CO2 meta: 271.4 g
   📊 Delta: -28502.9 g
   💰 Valor E1: R$ -1.4251
   🧭 Tentativas map matching: 133

   🔑 OFFSET DETERMINÍSTICO (x=0.013699122103224132°, y=-0.006837173923903465°, max=2.0km):
   📍 Start Original:  (40.775644, -73.960687)
   🔒 Start Protegido: (40.789171, -73.966680) ✓ 1.63 km | ✓ MAP MATCHED
   📏 Deslocamento final: 1588.3 metros
   📍 End Original:    (40.772974, -73.962198)
   🔒 End Protegido:   (40.786658, -73.968520) ✓ 1.63 km | ✓ MAP MATCHED
   📏 Deslocamento final: 1613.8 metros

   📐 ANÁLISE DE DISTÂNCIA DO TRAJETO (HAVERSINE DOS PONTOS ARMAZENADOS):
   ✨ 115 pontos privados duplicados foram separados para garantir visualização 1:1.
   ℹ️  Dica: use --debug-map-matching para ver tentativas detalhadas de re-snap.
   🔢 Pontos unicos original/offset: 130/16 (Δ -114, -87.7% )
   📍 Trajeto original: 1.405 km (linha reta entre pontos GPS)
   🔒 Trajeto com offset: 0.532 km (linha reta entre pontos COM snap)
   📊 Diferença: -0.873 km (-62.1%)

======================================================================
📊 ESTATÍSTICAS FINAIS
======================================================================
Viagens processadas: 1
Distância total: 1.41 km
Combustível total: 12.46 l
CO2 real total: 28774.3 g
CO2 meta total: 271.4 g
Delta CO2: -28502.9 g
Valor E1 total: R$ -1.43

💰 Créditos: R$ 0.00
💸 Débitos: R$ 1.43
📈 Saldo líquido: R$ -1.43

🗺️  MAP MATCHING:
   Pontos processados: 131
   Snaps tentados: 131 (100.0%)
   Snaps bem-sucedidos: 131 (100.0%)
   Snaps forçados (>100m): 131 (100.0%)
   ✅ TODOS os pontos estão em ruas (FORCE_SNAP=True)
======================================================================

💾 Dados agregados salvos em: ../data/offset_batch/vehicles_step_sim_5/run_006.csv
[csv-worker_5] [vehicles_step_sim_5] ===== LOG RUN 006 FIM =====

[csv-worker_5] [vehicles_step_sim_5] ===== LOG RUN 007 INICIO =====
======================================================================
🚗 PROCESSAMENTO SUMO → E1 REGISTRY (OFFSET ALEATÓRIO - veh0)
======================================================================
📄 Entrada: ../data/vehicles_step_sim_5.csv
🏭 Consumo fabricante: 12.0 km/l
💰 Preço carbono: R$ 50.0/ton
⭕ Raio máximo do offset aleatório: 2.0 km
🎲 Offset gerado aleatoriamente:
   Ângulo: 227.4°
   Distância: 1.9508 km
   offset_x (lat): -0.011873°  |  offset_y (lon): -0.012889°
📊 Row stepping: Processando todas as linhas
🗺️  Map matching: ATIVADO (raio 1500m) - pontos snapped para ruas
📐 Cálculo de distância: HAVERSINE PURO dos pontos COM snap (consistência)
======================================================================

📊 Carregando dados SUMO...
   Total de registros no arquivo: 337
   Veículos únicos: 1
   🚙 Vehicle selecionado: carro_1000

🔄 Agregando viagens por vehicle_id...
  📐 SUMO_carro_1000: Calculando distâncias com Haversine direto (SEM routing API)
      Original: 324 pontos → 3.1629 km (Haversine)
      Offset:   324 pontos → 3.6084 km (Haversine)

🚙 Veículo: SUMO_carro_1000
   Modelo: HBEFA4/PC_petrol_Euro-6ab
   Segmentos: 324
   📏 Distância: 3.166 km (city: 3.024, highway: 0.142)
   ⛽ Combustível: 49.530 l
   🏭 CO2 real: 114414.1 g
   🎯 CO2 meta: 609.4 g
   📊 Delta: -113804.6 g
   💰 Valor E1: R$ -5.6902
   🧭 Tentativas map matching: 326

   🔑 OFFSET DETERMINÍSTICO (x=0.0022296623035938374°, y=0.005640190407056629°, max=2.0km):
   📍 Start Original:  (40.775644, -73.960687)
   🔒 Start Protegido: (40.777567, -73.955087) ✓ 0.54 km | ✓ MAP MATCHED
   📏 Deslocamento final: 518.4 metros
   📍 End Original:    (40.772251, -73.963071)
   🔒 End Protegido:   (40.774351, -73.957438) ✓ 0.54 km | ✓ MAP MATCHED
   📏 Deslocamento final: 529.3 metros

   📐 ANÁLISE DE DISTÂNCIA DO TRAJETO (HAVERSINE DOS PONTOS ARMAZENADOS):
   ✨ 283 pontos privados duplicados foram separados para garantir visualização 1:1.
   ℹ️  Dica: use --debug-map-matching para ver tentativas detalhadas de re-snap.
   🔢 Pontos unicos original/offset: 324/41 (Δ -283, -87.3% )
   📍 Trajeto original: 3.163 km (linha reta entre pontos GPS)
   🔒 Trajeto com offset: 3.608 km (linha reta entre pontos COM snap)
   📊 Diferença: +0.445 km (+14.1%)

======================================================================
📊 ESTATÍSTICAS FINAIS
======================================================================
Viagens processadas: 1
Distância total: 3.17 km
Combustível total: 49.53 l
CO2 real total: 114414.1 g
CO2 meta total: 609.4 g
Delta CO2: -113804.6 g
Valor E1 total: R$ -5.69

💰 Créditos: R$ 0.00
💸 Débitos: R$ 5.69
📈 Saldo líquido: R$ -5.69

🗺️  MAP MATCHING:
   Pontos processados: 324
   Snaps tentados: 324 (100.0%)
   Snaps bem-sucedidos: 324 (100.0%)
   Snaps forçados (>100m): 324 (100.0%)
   ✅ TODOS os pontos estão em ruas (FORCE_SNAP=True)
======================================================================

💾 Dados agregados salvos em: ../data/offset_batch/vehicles_step_sim_5/run_007.csv
[csv-worker_5] [vehicles_step_sim_5] ===== LOG RUN 007 FIM =====

[csv-worker_5] [vehicles_step_sim_5] ===== LOG RUN 008 INICIO =====
======================================================================
🚗 PROCESSAMENTO SUMO → E1 REGISTRY (OFFSET ALEATÓRIO - veh0)
======================================================================
📄 Entrada: ../data/vehicles_step_sim_5.csv
🏭 Consumo fabricante: 12.0 km/l
💰 Preço carbono: R$ 50.0/ton
⭕ Raio máximo do offset aleatório: 2.0 km
🎲 Offset gerado aleatoriamente:
   Ângulo: 244.3°
   Distância: 1.2783 km
   offset_x (lat): -0.004980°  |  offset_y (lon): -0.010347°
📊 Row stepping: Processando todas as linhas
🗺️  Map matching: ATIVADO (raio 1500m) - pontos snapped para ruas
📐 Cálculo de distância: HAVERSINE PURO dos pontos COM snap (consistência)
======================================================================

📊 Carregando dados SUMO...
   Total de registros no arquivo: 337
   Veículos únicos: 1
   🚙 Vehicle selecionado: carro_1000

🔄 Agregando viagens por vehicle_id...
  📐 SUMO_carro_1000: Calculando distâncias com Haversine direto (SEM routing API)
      Original: 131 pontos → 1.4055 km (Haversine)
      Offset:   131 pontos → 0.8261 km (Haversine)

🚙 Veículo: SUMO_carro_1000
   Modelo: HBEFA4/PC_petrol_Euro-6ab
   Segmentos: 131
   📏 Distância: 1.410 km (city: 1.410, highway: 0.000)
   ⛽ Combustível: 12.456 l
   🏭 CO2 real: 28774.3 g
   🎯 CO2 meta: 271.4 g
   📊 Delta: -28502.9 g
   💰 Valor E1: R$ -1.4251
   🧭 Tentativas map matching: 133

   🔑 OFFSET DETERMINÍSTICO (x=-0.0023821681802244634°, y=-0.008715139232890273°, max=2.0km):
   📍 Start Original:  (40.775644, -73.960687)
   🔒 Start Protegido: (40.772369, -73.967091) ✓ 0.78 km | ✓ MAP MATCHED
   📏 Deslocamento final: 651.5 metros
   📍 End Original:    (40.772974, -73.962198)
   🔒 End Protegido:   (40.769845, -73.968945) ✓ 0.78 km | ✓ MAP MATCHED
   📏 Deslocamento final: 667.0 metros

   📐 ANÁLISE DE DISTÂNCIA DO TRAJETO (HAVERSINE DOS PONTOS ARMAZENADOS):
   ✨ 113 pontos privados duplicados foram separados para garantir visualização 1:1.
   ℹ️  Dica: use --debug-map-matching para ver tentativas detalhadas de re-snap.
   🔢 Pontos unicos original/offset: 130/18 (Δ -112, -86.2% )
   📍 Trajeto original: 1.405 km (linha reta entre pontos GPS)
   🔒 Trajeto com offset: 0.826 km (linha reta entre pontos COM snap)
   📊 Diferença: -0.579 km (-41.2%)

======================================================================
📊 ESTATÍSTICAS FINAIS
======================================================================
Viagens processadas: 1
Distância total: 1.41 km
Combustível total: 12.46 l
CO2 real total: 28774.3 g
CO2 meta total: 271.4 g
Delta CO2: -28502.9 g
Valor E1 total: R$ -1.43

💰 Créditos: R$ 0.00
💸 Débitos: R$ 1.43
📈 Saldo líquido: R$ -1.43

🗺️  MAP MATCHING:
   Pontos processados: 131
   Snaps tentados: 131 (100.0%)
   Snaps bem-sucedidos: 131 (100.0%)
   Snaps forçados (>100m): 131 (100.0%)
   ✅ TODOS os pontos estão em ruas (FORCE_SNAP=True)
======================================================================

💾 Dados agregados salvos em: ../data/offset_batch/vehicles_step_sim_5/run_008.csv
[csv-worker_5] [vehicles_step_sim_5] ===== LOG RUN 008 FIM =====

[csv-worker_5] [vehicles_step_sim_5] ===== LOG RUN 009 INICIO =====
======================================================================
🚗 PROCESSAMENTO SUMO → E1 REGISTRY (OFFSET ALEATÓRIO - veh0)
======================================================================
📄 Entrada: ../data/vehicles_step_sim_5.csv
🏭 Consumo fabricante: 12.0 km/l
💰 Preço carbono: R$ 50.0/ton
⭕ Raio máximo do offset aleatório: 2.0 km
🎲 Offset gerado aleatoriamente:
   Ângulo: 180.9°
   Distância: 1.7478 km
   offset_x (lat): -0.015699°  |  offset_y (lon): -0.000233°
📊 Row stepping: Processando todas as linhas
🗺️  Map matching: ATIVADO (raio 1500m) - pontos snapped para ruas
📐 Cálculo de distância: HAVERSINE PURO dos pontos COM snap (consistência)
======================================================================

📊 Carregando dados SUMO...
   Total de registros no arquivo: 337
   Veículos únicos: 1
   🚙 Vehicle selecionado: carro_1000

🔄 Agregando viagens por vehicle_id...
  📐 SUMO_carro_1000: Calculando distâncias com Haversine direto (SEM routing API)
      Original: 222 pontos → 1.9688 km (Haversine)
      Offset:   222 pontos → 1.7095 km (Haversine)

🚙 Veículo: SUMO_carro_1000
   Modelo: HBEFA4/PC_petrol_Euro-6ab
   Segmentos: 222
   📏 Distância: 1.973 km (city: 1.973, highway: 0.000)
   ⛽ Combustível: 24.219 l
   🏭 CO2 real: 55946.2 g
   🎯 CO2 meta: 379.8 g
   📊 Delta: -55566.4 g
   💰 Valor E1: R$ -2.7783
   🧭 Tentativas map matching: 224

   🔑 OFFSET DETERMINÍSTICO (x=0.008470981692477323°, y=-0.010761390414085838°, max=2.0km):
   📍 Start Original:  (40.775644, -73.960687)
   🔒 Start Protegido: (40.784035, -73.970428) ✓ 1.31 km | ✓ MAP MATCHED
   📏 Deslocamento final: 1243.8 metros
   📍 End Original:    (40.772651, -73.962544)
   🔒 End Protegido:   (40.780715, -73.972698) ✓ 1.31 km | ✓ MAP MATCHED
   📏 Deslocamento final: 1240.4 metros

   📐 ANÁLISE DE DISTÂNCIA DO TRAJETO (HAVERSINE DOS PONTOS ARMAZENADOS):
   ✨ 181 pontos privados duplicados foram separados para garantir visualização 1:1.
   ℹ️  Dica: use --debug-map-matching para ver tentativas detalhadas de re-snap.
   🔢 Pontos unicos original/offset: 221/41 (Δ -180, -81.4% )
   📍 Trajeto original: 1.969 km (linha reta entre pontos GPS)
   🔒 Trajeto com offset: 1.709 km (linha reta entre pontos COM snap)
   📊 Diferença: -0.259 km (-13.2%)

======================================================================
📊 ESTATÍSTICAS FINAIS
======================================================================
Viagens processadas: 1
Distância total: 1.97 km
Combustível total: 24.22 l
CO2 real total: 55946.2 g
CO2 meta total: 379.8 g
Delta CO2: -55566.4 g
Valor E1 total: R$ -2.78

💰 Créditos: R$ 0.00
💸 Débitos: R$ 2.78
📈 Saldo líquido: R$ -2.78

🗺️  MAP MATCHING:
   Pontos processados: 222
   Snaps tentados: 222 (100.0%)
   Snaps bem-sucedidos: 222 (100.0%)
   Snaps forçados (>100m): 222 (100.0%)
   ✅ TODOS os pontos estão em ruas (FORCE_SNAP=True)
======================================================================

💾 Dados agregados salvos em: ../data/offset_batch/vehicles_step_sim_5/run_009.csv
[csv-worker_5] [vehicles_step_sim_5] ===== LOG RUN 009 FIM =====

[csv-worker_5] [vehicles_step_sim_5] ===== LOG RUN 010 INICIO =====
======================================================================
🚗 PROCESSAMENTO SUMO → E1 REGISTRY (OFFSET ALEATÓRIO - veh0)
======================================================================
📄 Entrada: ../data/vehicles_step_sim_5.csv
🏭 Consumo fabricante: 12.0 km/l
💰 Preço carbono: R$ 50.0/ton
⭕ Raio máximo do offset aleatório: 2.0 km
🎲 Offset gerado aleatoriamente:
   Ângulo: 303.9°
   Distância: 1.1373 km
   offset_x (lat): 0.005698°  |  offset_y (lon): -0.008480°
📊 Row stepping: Processando todas as linhas
🗺️  Map matching: ATIVADO (raio 1500m) - pontos snapped para ruas
📐 Cálculo de distância: HAVERSINE PURO dos pontos COM snap (consistência)
======================================================================

📊 Carregando dados SUMO...
   Total de registros no arquivo: 337
   Veículos únicos: 1
   🚙 Vehicle selecionado: carro_1000

🔄 Agregando viagens por vehicle_id...
  📐 SUMO_carro_1000: Calculando distâncias com Haversine direto (SEM routing API)
      Original: 131 pontos → 1.4055 km (Haversine)
      Offset:   131 pontos → 1.3312 km (Haversine)

🚙 Veículo: SUMO_carro_1000
   Modelo: HBEFA4/PC_petrol_Euro-6ab
   Segmentos: 131
   📏 Distância: 1.410 km (city: 1.410, highway: 0.000)
   ⛽ Combustível: 12.456 l
   🏭 CO2 real: 28774.3 g
   🎯 CO2 meta: 271.4 g
   📊 Delta: -28502.9 g
   💰 Valor E1: R$ -1.4251
   🧭 Tentativas map matching: 133

   🔑 OFFSET DETERMINÍSTICO (x=0.0012980493864791403°, y=0.0134098249094556°, max=2.0km):
   📍 Start Original:  (40.775644, -73.960687)
   🔒 Start Protegido: (40.776657, -73.946763) ✓ 1.14 km | ✓ MAP MATCHED
   📏 Deslocamento final: 1179.2 metros
   📍 End Original:    (40.772974, -73.962198)
   🔒 End Protegido:   (40.774030, -73.948678) ✓ 1.14 km | ✓ MAP MATCHED
   📏 Deslocamento final: 1145.9 metros

   📐 ANÁLISE DE DISTÂNCIA DO TRAJETO (HAVERSINE DOS PONTOS ARMAZENADOS):
   ✨ 112 pontos privados duplicados foram separados para garantir visualização 1:1.
   ℹ️  Dica: use --debug-map-matching para ver tentativas detalhadas de re-snap.
   🔢 Pontos unicos original/offset: 130/19 (Δ -111, -85.4% )
   📍 Trajeto original: 1.405 km (linha reta entre pontos GPS)
   🔒 Trajeto com offset: 1.331 km (linha reta entre pontos COM snap)
   📊 Diferença: -0.074 km (-5.3%)

======================================================================
📊 ESTATÍSTICAS FINAIS
======================================================================
Viagens processadas: 1
Distância total: 1.41 km
Combustível total: 12.46 l
CO2 real total: 28774.3 g
CO2 meta total: 271.4 g
Delta CO2: -28502.9 g
Valor E1 total: R$ -1.43

💰 Créditos: R$ 0.00
💸 Débitos: R$ 1.43
📈 Saldo líquido: R$ -1.43

🗺️  MAP MATCHING:
   Pontos processados: 131
   Snaps tentados: 131 (100.0%)
   Snaps bem-sucedidos: 131 (100.0%)
   Snaps forçados (>100m): 131 (100.0%)
   ✅ TODOS os pontos estão em ruas (FORCE_SNAP=True)
======================================================================

💾 Dados agregados salvos em: ../data/offset_batch/vehicles_step_sim_5/run_010.csv
[csv-worker_5] [vehicles_step_sim_5] ===== LOG RUN 010 FIM =====

[csv-worker_5] [vehicles_step_sim_5] ===== LOG RUN 011 INICIO =====
======================================================================
🚗 PROCESSAMENTO SUMO → E1 REGISTRY (OFFSET ALEATÓRIO - veh0)
======================================================================
📄 Entrada: ../data/vehicles_step_sim_5.csv
🏭 Consumo fabricante: 12.0 km/l
💰 Preço carbono: R$ 50.0/ton
⭕ Raio máximo do offset aleatório: 2.0 km
🎲 Offset gerado aleatoriamente:
   Ângulo: 165.7°
   Distância: 0.6818 km
   offset_x (lat): -0.005935°  |  offset_y (lon): 0.001513°
📊 Row stepping: Processando todas as linhas
🗺️  Map matching: ATIVADO (raio 1500m) - pontos snapped para ruas
📐 Cálculo de distância: HAVERSINE PURO dos pontos COM snap (consistência)
======================================================================

📊 Carregando dados SUMO...
   Total de registros no arquivo: 337
   Veículos únicos: 1
   🚙 Vehicle selecionado: carro_1000

🔄 Agregando viagens por vehicle_id...
  📐 SUMO_carro_1000: Calculando distâncias com Haversine direto (SEM routing API)
      Original: 131 pontos → 1.4055 km (Haversine)
      Offset:   131 pontos → 1.4248 km (Haversine)

🚙 Veículo: SUMO_carro_1000
   Modelo: HBEFA4/PC_petrol_Euro-6ab
   Segmentos: 131
   📏 Distância: 1.410 km (city: 1.410, highway: 0.000)
   ⛽ Combustível: 12.456 l
   🏭 CO2 real: 28774.3 g
   🎯 CO2 meta: 271.4 g
   📊 Delta: -28502.9 g
   💰 Valor E1: R$ -1.4251
   🧭 Tentativas map matching: 133

   🔑 OFFSET DETERMINÍSTICO (x=-0.006650556078143461°, y=-0.004344997738872114°, max=2.0km):
   📍 Start Original:  (40.775644, -73.960687)
   🔒 Start Protegido: (40.769086, -73.965037) ✓ 0.83 km | ✓ MAP MATCHED
   📏 Deslocamento final: 816.9 metros
   📍 End Original:    (40.772974, -73.962198)
   🔒 End Protegido:   (40.766589, -73.966854) ✓ 0.83 km | ✓ MAP MATCHED
   📏 Deslocamento final: 812.0 metros

   📐 ANÁLISE DE DISTÂNCIA DO TRAJETO (HAVERSINE DOS PONTOS ARMAZENADOS):
   ✨ 105 pontos privados duplicados foram separados para garantir visualização 1:1.
   ℹ️  Dica: use --debug-map-matching para ver tentativas detalhadas de re-snap.
   🔢 Pontos unicos original/offset: 130/26 (Δ -104, -80.0% )
   📍 Trajeto original: 1.405 km (linha reta entre pontos GPS)
   🔒 Trajeto com offset: 1.425 km (linha reta entre pontos COM snap)
   📊 Diferença: +0.019 km (+1.4%)

======================================================================
📊 ESTATÍSTICAS FINAIS
======================================================================
Viagens processadas: 1
Distância total: 1.41 km
Combustível total: 12.46 l
CO2 real total: 28774.3 g
CO2 meta total: 271.4 g
Delta CO2: -28502.9 g
Valor E1 total: R$ -1.43

💰 Créditos: R$ 0.00
💸 Débitos: R$ 1.43
📈 Saldo líquido: R$ -1.43

🗺️  MAP MATCHING:
   Pontos processados: 131
   Snaps tentados: 131 (100.0%)
   Snaps bem-sucedidos: 131 (100.0%)
   Snaps forçados (>100m): 131 (100.0%)
   ✅ TODOS os pontos estão em ruas (FORCE_SNAP=True)
======================================================================

💾 Dados agregados salvos em: ../data/offset_batch/vehicles_step_sim_5/run_011.csv
[csv-worker_5] [vehicles_step_sim_5] ===== LOG RUN 011 FIM =====

[csv-worker_5] [vehicles_step_sim_5] ===== LOG RUN 012 INICIO =====
======================================================================
🚗 PROCESSAMENTO SUMO → E1 REGISTRY (OFFSET ALEATÓRIO - veh0)
======================================================================
📄 Entrada: ../data/vehicles_step_sim_5.csv
🏭 Consumo fabricante: 12.0 km/l
💰 Preço carbono: R$ 50.0/ton
⭕ Raio máximo do offset aleatório: 2.0 km
🎲 Offset gerado aleatoriamente:
   Ângulo: 122.4°
   Distância: 1.8892 km
   offset_x (lat): -0.009083°  |  offset_y (lon): 0.014335°
📊 Row stepping: Processando todas as linhas
🗺️  Map matching: ATIVADO (raio 1500m) - pontos snapped para ruas
📐 Cálculo de distância: HAVERSINE PURO dos pontos COM snap (consistência)
======================================================================

📊 Carregando dados SUMO...
   Total de registros no arquivo: 337
   Veículos únicos: 1
   🚙 Vehicle selecionado: carro_1000

🔄 Agregando viagens por vehicle_id...
  📐 SUMO_carro_1000: Calculando distâncias com Haversine direto (SEM routing API)
      Original: 155 pontos → 1.4242 km (Haversine)
      Offset:   155 pontos → 1.5159 km (Haversine)

🚙 Veículo: SUMO_carro_1000
   Modelo: HBEFA4/PC_petrol_Euro-6ab
   Segmentos: 155
   📏 Distância: 1.424 km (city: 1.424, highway: 0.000)
   ⛽ Combustível: 10.127 l
   🏭 CO2 real: 23393.7 g
   🎯 CO2 meta: 274.2 g
   📊 Delta: -23119.5 g
   💰 Valor E1: R$ -1.1560
   🧭 Tentativas map matching: 157

   🔑 OFFSET DETERMINÍSTICO (x=0.001963874356699212°, y=0.015194894014850918°, max=2.0km):
   📍 Start Original:  (40.775644, -73.960687)
   🔒 Start Protegido: (40.777822, -73.945576) ✓ 1.30 km | ✓ MAP MATCHED
   📏 Deslocamento final: 1296.7 metros
   📍 End Original:    (40.775671, -73.960433)
   🔒 End Protegido:   (40.777822, -73.945576) ✓ 1.30 km | ✓ MAP MATCHED
   📏 Deslocamento final: 1275.1 metros

   📐 ANÁLISE DE DISTÂNCIA DO TRAJETO (HAVERSINE DOS PONTOS ARMAZENADOS):
   ✨ 112 pontos privados duplicados foram separados para garantir visualização 1:1.
   ℹ️  Dica: use --debug-map-matching para ver tentativas detalhadas de re-snap.
   🔢 Pontos unicos original/offset: 155/43 (Δ -112, -72.3% )
   📍 Trajeto original: 1.424 km (linha reta entre pontos GPS)
   🔒 Trajeto com offset: 1.516 km (linha reta entre pontos COM snap)
   📊 Diferença: +0.092 km (+6.4%)

======================================================================
📊 ESTATÍSTICAS FINAIS
======================================================================
Viagens processadas: 1
Distância total: 1.42 km
Combustível total: 10.13 l
CO2 real total: 23393.7 g
CO2 meta total: 274.2 g
Delta CO2: -23119.5 g
Valor E1 total: R$ -1.16

💰 Créditos: R$ 0.00
💸 Débitos: R$ 1.16
📈 Saldo líquido: R$ -1.16

🗺️  MAP MATCHING:
   Pontos processados: 155
   Snaps tentados: 155 (100.0%)
   Snaps bem-sucedidos: 155 (100.0%)
   Snaps forçados (>100m): 155 (100.0%)
   ✅ TODOS os pontos estão em ruas (FORCE_SNAP=True)
======================================================================

💾 Dados agregados salvos em: ../data/offset_batch/vehicles_step_sim_5/run_012.csv
[csv-worker_5] [vehicles_step_sim_5] ===== LOG RUN 012 FIM =====

[csv-worker_5] [vehicles_step_sim_5] ===== LOG RUN 013 INICIO =====
======================================================================
🚗 PROCESSAMENTO SUMO → E1 REGISTRY (OFFSET ALEATÓRIO - veh0)
======================================================================
📄 Entrada: ../data/vehicles_step_sim_5.csv
🏭 Consumo fabricante: 12.0 km/l
💰 Preço carbono: R$ 50.0/ton
⭕ Raio máximo do offset aleatório: 2.0 km
🎲 Offset gerado aleatoriamente:
   Ângulo: 227.8°
   Distância: 1.3335 km
   offset_x (lat): -0.008054°  |  offset_y (lon): -0.008867°
📊 Row stepping: Processando todas as linhas
🗺️  Map matching: ATIVADO (raio 1500m) - pontos snapped para ruas
📐 Cálculo de distância: HAVERSINE PURO dos pontos COM snap (consistência)
======================================================================

📊 Carregando dados SUMO...
   Total de registros no arquivo: 337
   Veículos únicos: 1
   🚙 Vehicle selecionado: carro_1000

🔄 Agregando viagens por vehicle_id...
  📐 SUMO_carro_1000: Calculando distâncias com Haversine direto (SEM routing API)
      Original: 131 pontos → 1.4055 km (Haversine)
      Offset:   131 pontos → 1.4138 km (Haversine)

🚙 Veículo: SUMO_carro_1000
   Modelo: HBEFA4/PC_petrol_Euro-6ab
   Segmentos: 131
   📏 Distância: 1.410 km (city: 1.410, highway: 0.000)
   ⛽ Combustível: 12.456 l
   🏭 CO2 real: 28774.3 g
   🎯 CO2 meta: 271.4 g
   📊 Delta: -28502.9 g
   💰 Valor E1: R$ -1.4251
   🧭 Tentativas map matching: 133

   🔑 OFFSET DETERMINÍSTICO (x=-0.01582191911885868°, y=0.0032920395491391565°, max=2.0km):
   📍 Start Original:  (40.775644, -73.960687)
   🔒 Start Protegido: (40.759954, -73.957472) ✓ 1.78 km | ✓ MAP MATCHED
   📏 Deslocamento final: 1767.5 metros
   📍 End Original:    (40.772974, -73.962198)
   🔒 End Protegido:   (40.757214, -73.959820) ✓ 1.78 km | ✓ MAP MATCHED
   📏 Deslocamento final: 1765.9 metros

   📐 ANÁLISE DE DISTÂNCIA DO TRAJETO (HAVERSINE DOS PONTOS ARMAZENADOS):
   ✨ 111 pontos privados duplicados foram separados para garantir visualização 1:1.
   ℹ️  Dica: use --debug-map-matching para ver tentativas detalhadas de re-snap.
   🔢 Pontos unicos original/offset: 130/20 (Δ -110, -84.6% )
   📍 Trajeto original: 1.405 km (linha reta entre pontos GPS)
   🔒 Trajeto com offset: 1.414 km (linha reta entre pontos COM snap)
   📊 Diferença: +0.008 km (+0.6%)

======================================================================
📊 ESTATÍSTICAS FINAIS
======================================================================
Viagens processadas: 1
Distância total: 1.41 km
Combustível total: 12.46 l
CO2 real total: 28774.3 g
CO2 meta total: 271.4 g
Delta CO2: -28502.9 g
Valor E1 total: R$ -1.43

💰 Créditos: R$ 0.00
💸 Débitos: R$ 1.43
📈 Saldo líquido: R$ -1.43

🗺️  MAP MATCHING:
   Pontos processados: 131
   Snaps tentados: 131 (100.0%)
   Snaps bem-sucedidos: 131 (100.0%)
   Snaps forçados (>100m): 131 (100.0%)
   ✅ TODOS os pontos estão em ruas (FORCE_SNAP=True)
======================================================================

💾 Dados agregados salvos em: ../data/offset_batch/vehicles_step_sim_5/run_013.csv
[csv-worker_5] [vehicles_step_sim_5] ===== LOG RUN 013 FIM =====

[csv-worker_5] [vehicles_step_sim_5] ===== LOG RUN 014 INICIO =====
======================================================================
🚗 PROCESSAMENTO SUMO → E1 REGISTRY (OFFSET ALEATÓRIO - veh0)
======================================================================
📄 Entrada: ../data/vehicles_step_sim_5.csv
🏭 Consumo fabricante: 12.0 km/l
💰 Preço carbono: R$ 50.0/ton
⭕ Raio máximo do offset aleatório: 2.0 km
🎲 Offset gerado aleatoriamente:
   Ângulo: 140.4°
   Distância: 1.6128 km
   offset_x (lat): -0.011165°  |  offset_y (lon): 0.009232°
📊 Row stepping: Processando todas as linhas
🗺️  Map matching: ATIVADO (raio 1500m) - pontos snapped para ruas
📐 Cálculo de distância: HAVERSINE PURO dos pontos COM snap (consistência)
======================================================================

📊 Carregando dados SUMO...
   Total de registros no arquivo: 337
   Veículos únicos: 1
   🚙 Vehicle selecionado: carro_1000

🔄 Agregando viagens por vehicle_id...
  📐 SUMO_carro_1000: Calculando distâncias com Haversine direto (SEM routing API)
      Original: 131 pontos → 1.4055 km (Haversine)
      Offset:   131 pontos → 1.6282 km (Haversine)

🚙 Veículo: SUMO_carro_1000
   Modelo: HBEFA4/PC_petrol_Euro-6ab
   Segmentos: 131
   📏 Distância: 1.410 km (city: 1.410, highway: 0.000)
   ⛽ Combustível: 12.456 l
   🏭 CO2 real: 28774.3 g
   🎯 CO2 meta: 271.4 g
   📊 Delta: -28502.9 g
   💰 Valor E1: R$ -1.4251
   🧭 Tentativas map matching: 133

   🔑 OFFSET DETERMINÍSTICO (x=0.0008501930036642334°, y=-0.003091797842309125°, max=2.0km):
   📍 Start Original:  (40.775644, -73.960687)
   🔒 Start Protegido: (40.776759, -73.963889) ✓ 0.28 km | ✓ MAP MATCHED
   📏 Deslocamento final: 297.2 metros
   📍 End Original:    (40.772974, -73.962198)
   🔒 End Protegido:   (40.773739, -73.965984) ✓ 0.28 km | ✓ MAP MATCHED
   📏 Deslocamento final: 330.3 metros

   📐 ANÁLISE DE DISTÂNCIA DO TRAJETO (HAVERSINE DOS PONTOS ARMAZENADOS):
   ✨ 103 pontos privados duplicados foram separados para garantir visualização 1:1.
   ℹ️  Dica: use --debug-map-matching para ver tentativas detalhadas de re-snap.
   🔢 Pontos unicos original/offset: 130/28 (Δ -102, -78.5% )
   📍 Trajeto original: 1.405 km (linha reta entre pontos GPS)
   🔒 Trajeto com offset: 1.628 km (linha reta entre pontos COM snap)
   📊 Diferença: +0.223 km (+15.8%)

======================================================================
📊 ESTATÍSTICAS FINAIS
======================================================================
Viagens processadas: 1
Distância total: 1.41 km
Combustível total: 12.46 l
CO2 real total: 28774.3 g
CO2 meta total: 271.4 g
Delta CO2: -28502.9 g
Valor E1 total: R$ -1.43

💰 Créditos: R$ 0.00
💸 Débitos: R$ 1.43
📈 Saldo líquido: R$ -1.43

🗺️  MAP MATCHING:
   Pontos processados: 131
   Snaps tentados: 131 (100.0%)
   Snaps bem-sucedidos: 131 (100.0%)
   Snaps forçados (>100m): 131 (100.0%)
   ✅ TODOS os pontos estão em ruas (FORCE_SNAP=True)
======================================================================

💾 Dados agregados salvos em: ../data/offset_batch/vehicles_step_sim_5/run_014.csv
[csv-worker_5] [vehicles_step_sim_5] ===== LOG RUN 014 FIM =====

[csv-worker_5] [vehicles_step_sim_5] ===== LOG RUN 015 INICIO =====
======================================================================
🚗 PROCESSAMENTO SUMO → E1 REGISTRY (OFFSET ALEATÓRIO - veh0)
======================================================================
📄 Entrada: ../data/vehicles_step_sim_5.csv
🏭 Consumo fabricante: 12.0 km/l
💰 Preço carbono: R$ 50.0/ton
⭕ Raio máximo do offset aleatório: 2.0 km
🎲 Offset gerado aleatoriamente:
   Ângulo: 114.6°
   Distância: 1.2607 km
   offset_x (lat): -0.004719°  |  offset_y (lon): 0.010295°
📊 Row stepping: Processando todas as linhas
🗺️  Map matching: ATIVADO (raio 1500m) - pontos snapped para ruas
📐 Cálculo de distância: HAVERSINE PURO dos pontos COM snap (consistência)
======================================================================

📊 Carregando dados SUMO...
   Total de registros no arquivo: 337
   Veículos únicos: 1
   🚙 Vehicle selecionado: carro_1000

🔄 Agregando viagens por vehicle_id...
  📐 SUMO_carro_1000: Calculando distâncias com Haversine direto (SEM routing API)
      Original: 300 pontos → 3.1542 km (Haversine)
      Offset:   300 pontos → 3.9908 km (Haversine)

🚙 Veículo: SUMO_carro_1000
   Modelo: HBEFA4/PC_petrol_Euro-6ab
   Segmentos: 300
   📏 Distância: 3.158 km (city: 2.541, highway: 0.617)
   ⛽ Combustível: 49.984 l
   🏭 CO2 real: 115462.6 g
   🎯 CO2 meta: 608.0 g
   📊 Delta: -114854.6 g
   💰 Valor E1: R$ -5.7427
   🧭 Tentativas map matching: 302

   🔑 OFFSET DETERMINÍSTICO (x=-0.014351160379043736°, y=-0.0041609000763774984°, max=2.0km):
   📍 Start Original:  (40.775644, -73.960687)
   🔒 Start Protegido: (40.761437, -73.964363) ✓ 1.64 km | ✓ MAP MATCHED
   📏 Deslocamento final: 1611.5 metros
   📍 End Original:    (40.773912, -73.961904)
   🔒 End Protegido:   (40.759770, -73.966379) ✓ 1.64 km | ✓ MAP MATCHED
   📏 Deslocamento final: 1618.9 metros

   📐 ANÁLISE DE DISTÂNCIA DO TRAJETO (HAVERSINE DOS PONTOS ARMAZENADOS):
   ✨ 263 pontos privados duplicados foram separados para garantir visualização 1:1.
   ℹ️  Dica: use --debug-map-matching para ver tentativas detalhadas de re-snap.
   🔢 Pontos unicos original/offset: 299/37 (Δ -262, -87.6% )
   📍 Trajeto original: 3.154 km (linha reta entre pontos GPS)
   🔒 Trajeto com offset: 3.991 km (linha reta entre pontos COM snap)
   📊 Diferença: +0.837 km (+26.5%)

======================================================================
📊 ESTATÍSTICAS FINAIS
======================================================================
Viagens processadas: 1
Distância total: 3.16 km
Combustível total: 49.98 l
CO2 real total: 115462.6 g
CO2 meta total: 608.0 g
Delta CO2: -114854.6 g
Valor E1 total: R$ -5.74

💰 Créditos: R$ 0.00
💸 Débitos: R$ 5.74
📈 Saldo líquido: R$ -5.74

🗺️  MAP MATCHING:
   Pontos processados: 300
   Snaps tentados: 300 (100.0%)
   Snaps bem-sucedidos: 300 (100.0%)
   Snaps forçados (>100m): 300 (100.0%)
   ✅ TODOS os pontos estão em ruas (FORCE_SNAP=True)
======================================================================

💾 Dados agregados salvos em: ../data/offset_batch/vehicles_step_sim_5/run_015.csv
[csv-worker_5] [vehicles_step_sim_5] ===== LOG RUN 015 FIM =====

[csv-worker_5] [vehicles_step_sim_5] ===== LOG RUN 016 INICIO =====
======================================================================
🚗 PROCESSAMENTO SUMO → E1 REGISTRY (OFFSET ALEATÓRIO - veh0)
======================================================================
📄 Entrada: ../data/vehicles_step_sim_5.csv
🏭 Consumo fabricante: 12.0 km/l
💰 Preço carbono: R$ 50.0/ton
⭕ Raio máximo do offset aleatório: 2.0 km
🎲 Offset gerado aleatoriamente:
   Ângulo: 250.5°
   Distância: 1.6826 km
   offset_x (lat): -0.005044°  |  offset_y (lon): -0.014248°
📊 Row stepping: Processando todas as linhas
🗺️  Map matching: ATIVADO (raio 1500m) - pontos snapped para ruas
📐 Cálculo de distância: HAVERSINE PURO dos pontos COM snap (consistência)
======================================================================

📊 Carregando dados SUMO...
   Total de registros no arquivo: 337
   Veículos únicos: 1
   🚙 Vehicle selecionado: carro_1000

🔄 Agregando viagens por vehicle_id...
  📐 SUMO_carro_1000: Calculando distâncias com Haversine direto (SEM routing API)
      Original: 222 pontos → 1.9688 km (Haversine)
      Offset:   222 pontos → 2.2957 km (Haversine)

🚙 Veículo: SUMO_carro_1000
   Modelo: HBEFA4/PC_petrol_Euro-6ab
   Segmentos: 222
   📏 Distância: 1.973 km (city: 1.973, highway: 0.000)
   ⛽ Combustível: 24.219 l
   🏭 CO2 real: 55946.2 g
   🎯 CO2 meta: 379.8 g
   📊 Delta: -55566.4 g
   💰 Valor E1: R$ -2.7783
   🧭 Tentativas map matching: 224

   🔑 OFFSET DETERMINÍSTICO (x=0.0005314920926886652°, y=-0.013764017336171467°, max=2.0km):
   📍 Start Original:  (40.775644, -73.960687)
   🔒 Start Protegido: (40.776518, -73.975750) ✓ 1.16 km | ✓ MAP MATCHED
   📏 Deslocamento final: 1273.6 metros
   📍 End Original:    (40.772651, -73.962544)
   🔒 End Protegido:   (40.773722, -73.977790) ✓ 1.16 km | ✓ MAP MATCHED
   📏 Deslocamento final: 1290.7 metros

   📐 ANÁLISE DE DISTÂNCIA DO TRAJETO (HAVERSINE DOS PONTOS ARMAZENADOS):
   ✨ 197 pontos privados duplicados foram separados para garantir visualização 1:1.
   ℹ️  Dica: use --debug-map-matching para ver tentativas detalhadas de re-snap.
   🔢 Pontos unicos original/offset: 221/25 (Δ -196, -88.7% )
   📍 Trajeto original: 1.969 km (linha reta entre pontos GPS)
   🔒 Trajeto com offset: 2.296 km (linha reta entre pontos COM snap)
   📊 Diferença: +0.327 km (+16.6%)

======================================================================
📊 ESTATÍSTICAS FINAIS
======================================================================
Viagens processadas: 1
Distância total: 1.97 km
Combustível total: 24.22 l
CO2 real total: 55946.2 g
CO2 meta total: 379.8 g
Delta CO2: -55566.4 g
Valor E1 total: R$ -2.78

💰 Créditos: R$ 0.00
💸 Débitos: R$ 2.78
📈 Saldo líquido: R$ -2.78

🗺️  MAP MATCHING:
   Pontos processados: 222
   Snaps tentados: 222 (100.0%)
   Snaps bem-sucedidos: 222 (100.0%)
   Snaps forçados (>100m): 222 (100.0%)
   ✅ TODOS os pontos estão em ruas (FORCE_SNAP=True)
======================================================================

💾 Dados agregados salvos em: ../data/offset_batch/vehicles_step_sim_5/run_016.csv
[csv-worker_5] [vehicles_step_sim_5] ===== LOG RUN 016 FIM =====

[csv-worker_5] [vehicles_step_sim_5] ===== LOG RUN 017 INICIO =====
======================================================================
🚗 PROCESSAMENTO SUMO → E1 REGISTRY (OFFSET ALEATÓRIO - veh0)
======================================================================
📄 Entrada: ../data/vehicles_step_sim_5.csv
🏭 Consumo fabricante: 12.0 km/l
💰 Preço carbono: R$ 50.0/ton
⭕ Raio máximo do offset aleatório: 2.0 km
🎲 Offset gerado aleatoriamente:
   Ângulo: 176.7°
   Distância: 1.8357 km
   offset_x (lat): -0.016462°  |  offset_y (lon): 0.000962°
📊 Row stepping: Processando todas as linhas
🗺️  Map matching: ATIVADO (raio 1500m) - pontos snapped para ruas
📐 Cálculo de distância: HAVERSINE PURO dos pontos COM snap (consistência)
======================================================================

📊 Carregando dados SUMO...
   Total de registros no arquivo: 337
   Veículos únicos: 1
   🚙 Vehicle selecionado: carro_1000

🔄 Agregando viagens por vehicle_id...
  📐 SUMO_carro_1000: Calculando distâncias com Haversine direto (SEM routing API)
      Original: 300 pontos → 3.1542 km (Haversine)
      Offset:   300 pontos → 3.5123 km (Haversine)

🚙 Veículo: SUMO_carro_1000
   Modelo: HBEFA4/PC_petrol_Euro-6ab
   Segmentos: 300
   📏 Distância: 3.158 km (city: 2.541, highway: 0.617)
   ⛽ Combustível: 49.984 l
   🏭 CO2 real: 115462.6 g
   🎯 CO2 meta: 608.0 g
   📊 Delta: -114854.6 g
   💰 Valor E1: R$ -5.7427
   🧭 Tentativas map matching: 302

   🔑 OFFSET DETERMINÍSTICO (x=-0.011399716521955091°, y=-0.0017533814136218586°, max=2.0km):
   📍 Start Original:  (40.775644, -73.960687)
   🔒 Start Protegido: (40.764594, -73.962147) ✓ 1.28 km | ✓ MAP MATCHED
   📏 Deslocamento final: 1236.1 metros
   📍 End Original:    (40.773912, -73.961904)
   🔒 End Protegido:   (40.762546, -73.963098) ✓ 1.28 km | ✓ MAP MATCHED
   📏 Deslocamento final: 1269.3 metros

   📐 ANÁLISE DE DISTÂNCIA DO TRAJETO (HAVERSINE DOS PONTOS ARMAZENADOS):
   ✨ 256 pontos privados duplicados foram separados para garantir visualização 1:1.
   ℹ️  Dica: use --debug-map-matching para ver tentativas detalhadas de re-snap.
   🔢 Pontos unicos original/offset: 299/44 (Δ -255, -85.3% )
   📍 Trajeto original: 3.154 km (linha reta entre pontos GPS)
   🔒 Trajeto com offset: 3.512 km (linha reta entre pontos COM snap)
   📊 Diferença: +0.358 km (+11.4%)

======================================================================
📊 ESTATÍSTICAS FINAIS
======================================================================
Viagens processadas: 1
Distância total: 3.16 km
Combustível total: 49.98 l
CO2 real total: 115462.6 g
CO2 meta total: 608.0 g
Delta CO2: -114854.6 g
Valor E1 total: R$ -5.74

💰 Créditos: R$ 0.00
💸 Débitos: R$ 5.74
📈 Saldo líquido: R$ -5.74

🗺️  MAP MATCHING:
   Pontos processados: 300
   Snaps tentados: 300 (100.0%)
   Snaps bem-sucedidos: 300 (100.0%)
   Snaps forçados (>100m): 300 (100.0%)
   ✅ TODOS os pontos estão em ruas (FORCE_SNAP=True)
======================================================================

💾 Dados agregados salvos em: ../data/offset_batch/vehicles_step_sim_5/run_017.csv
[csv-worker_5] [vehicles_step_sim_5] ===== LOG RUN 017 FIM =====

[csv-worker_5] [vehicles_step_sim_5] ===== LOG RUN 018 INICIO =====
======================================================================
🚗 PROCESSAMENTO SUMO → E1 REGISTRY (OFFSET ALEATÓRIO - veh0)
======================================================================
📄 Entrada: ../data/vehicles_step_sim_5.csv
🏭 Consumo fabricante: 12.0 km/l
💰 Preço carbono: R$ 50.0/ton
⭕ Raio máximo do offset aleatório: 2.0 km
🎲 Offset gerado aleatoriamente:
   Ângulo: 133.9°
   Distância: 1.3009 km
   offset_x (lat): -0.008107°  |  offset_y (lon): 0.008416°
📊 Row stepping: Processando todas as linhas
🗺️  Map matching: ATIVADO (raio 1500m) - pontos snapped para ruas
📐 Cálculo de distância: HAVERSINE PURO dos pontos COM snap (consistência)
======================================================================

📊 Carregando dados SUMO...
   Total de registros no arquivo: 337
   Veículos únicos: 1
   🚙 Vehicle selecionado: carro_1000

🔄 Agregando viagens por vehicle_id...
  📐 SUMO_carro_1000: Calculando distâncias com Haversine direto (SEM routing API)
      Original: 324 pontos → 3.1629 km (Haversine)
      Offset:   324 pontos → 5.1990 km (Haversine)

🚙 Veículo: SUMO_carro_1000
   Modelo: HBEFA4/PC_petrol_Euro-6ab
   Segmentos: 324
   📏 Distância: 3.166 km (city: 3.024, highway: 0.142)
   ⛽ Combustível: 49.530 l
   🏭 CO2 real: 114414.1 g
   🎯 CO2 meta: 609.4 g
   📊 Delta: -113804.6 g
   💰 Valor E1: R$ -5.6902
   🧭 Tentativas map matching: 326

   🔑 OFFSET DETERMINÍSTICO (x=0.00872672422989555°, y=-0.008110544371690561°, max=2.0km):
   📍 Start Original:  (40.775644, -73.960687)
   🔒 Start Protegido: (40.784985, -73.968572) ✓ 1.19 km | ✓ MAP MATCHED
   📏 Deslocamento final: 1234.2 metros
   📍 End Original:    (40.772251, -73.963071)
   🔒 End Protegido:   (40.780999, -73.971594) ✓ 1.19 km | ✓ MAP MATCHED
   📏 Deslocamento final: 1210.3 metros

   📐 ANÁLISE DE DISTÂNCIA DO TRAJETO (HAVERSINE DOS PONTOS ARMAZENADOS):
   ✨ 283 pontos privados duplicados foram separados para garantir visualização 1:1.
   ℹ️  Dica: use --debug-map-matching para ver tentativas detalhadas de re-snap.
   🔢 Pontos unicos original/offset: 324/41 (Δ -283, -87.3% )
   📍 Trajeto original: 3.163 km (linha reta entre pontos GPS)
   🔒 Trajeto com offset: 5.199 km (linha reta entre pontos COM snap)
   📊 Diferença: +2.036 km (+64.4%)

======================================================================
📊 ESTATÍSTICAS FINAIS
======================================================================
Viagens processadas: 1
Distância total: 3.17 km
Combustível total: 49.53 l
CO2 real total: 114414.1 g
CO2 meta total: 609.4 g
Delta CO2: -113804.6 g
Valor E1 total: R$ -5.69

💰 Créditos: R$ 0.00
💸 Débitos: R$ 5.69
📈 Saldo líquido: R$ -5.69

🗺️  MAP MATCHING:
   Pontos processados: 324
   Snaps tentados: 324 (100.0%)
   Snaps bem-sucedidos: 324 (100.0%)
   Snaps forçados (>100m): 324 (100.0%)
   ✅ TODOS os pontos estão em ruas (FORCE_SNAP=True)
======================================================================

💾 Dados agregados salvos em: ../data/offset_batch/vehicles_step_sim_5/run_018.csv
[csv-worker_5] [vehicles_step_sim_5] ===== LOG RUN 018 FIM =====

[csv-worker_5] [vehicles_step_sim_5] ===== LOG RUN 019 INICIO =====
======================================================================
🚗 PROCESSAMENTO SUMO → E1 REGISTRY (OFFSET ALEATÓRIO - veh0)
======================================================================
📄 Entrada: ../data/vehicles_step_sim_5.csv
🏭 Consumo fabricante: 12.0 km/l
💰 Preço carbono: R$ 50.0/ton
⭕ Raio máximo do offset aleatório: 2.0 km
🎲 Offset gerado aleatoriamente:
   Ângulo: 17.4°
   Distância: 1.2479 km
   offset_x (lat): 0.010694°  |  offset_y (lon): 0.003359°
📊 Row stepping: Processando todas as linhas
🗺️  Map matching: ATIVADO (raio 1500m) - pontos snapped para ruas
📐 Cálculo de distância: HAVERSINE PURO dos pontos COM snap (consistência)
======================================================================

📊 Carregando dados SUMO...
   Total de registros no arquivo: 337
   Veículos únicos: 1
   🚙 Vehicle selecionado: carro_1000

🔄 Agregando viagens por vehicle_id...
  📐 SUMO_carro_1000: Calculando distâncias com Haversine direto (SEM routing API)
      Original: 222 pontos → 1.9688 km (Haversine)
      Offset:   222 pontos → 1.1596 km (Haversine)

🚙 Veículo: SUMO_carro_1000
   Modelo: HBEFA4/PC_petrol_Euro-6ab
   Segmentos: 222
   📏 Distância: 1.973 km (city: 1.973, highway: 0.000)
   ⛽ Combustível: 24.219 l
   🏭 CO2 real: 55946.2 g
   🎯 CO2 meta: 379.8 g
   📊 Delta: -55566.4 g
   💰 Valor E1: R$ -2.7783
   🧭 Tentativas map matching: 224

   🔑 OFFSET DETERMINÍSTICO (x=0.014858307429271479°, y=-0.0054521189952226115°, max=2.0km):
   📍 Start Original:  (40.775644, -73.960687)
   🔒 Start Protegido: (40.790451, -73.965840) ✓ 1.72 km | ✓ MAP MATCHED
   📏 Deslocamento final: 1704.7 metros
   📍 End Original:    (40.772651, -73.962544)
   🔒 End Protegido:   (40.787293, -73.967896) ✓ 1.72 km | ✓ MAP MATCHED
   📏 Deslocamento final: 1691.3 metros

   📐 ANÁLISE DE DISTÂNCIA DO TRAJETO (HAVERSINE DOS PONTOS ARMAZENADOS):
   ✨ 194 pontos privados duplicados foram separados para garantir visualização 1:1.
   ℹ️  Dica: use --debug-map-matching para ver tentativas detalhadas de re-snap.
   🔢 Pontos unicos original/offset: 221/28 (Δ -193, -87.3% )
   📍 Trajeto original: 1.969 km (linha reta entre pontos GPS)
   🔒 Trajeto com offset: 1.160 km (linha reta entre pontos COM snap)
   📊 Diferença: -0.809 km (-41.1%)

======================================================================
📊 ESTATÍSTICAS FINAIS
======================================================================
Viagens processadas: 1
Distância total: 1.97 km
Combustível total: 24.22 l
CO2 real total: 55946.2 g
CO2 meta total: 379.8 g
Delta CO2: -55566.4 g
Valor E1 total: R$ -2.78

💰 Créditos: R$ 0.00
💸 Débitos: R$ 2.78
📈 Saldo líquido: R$ -2.78

🗺️  MAP MATCHING:
   Pontos processados: 222
   Snaps tentados: 222 (100.0%)
   Snaps bem-sucedidos: 222 (100.0%)
   Snaps forçados (>100m): 222 (100.0%)
   ✅ TODOS os pontos estão em ruas (FORCE_SNAP=True)
======================================================================

💾 Dados agregados salvos em: ../data/offset_batch/vehicles_step_sim_5/run_019.csv
[csv-worker_5] [vehicles_step_sim_5] ===== LOG RUN 019 FIM =====

[csv-worker_5] [vehicles_step_sim_5] ===== LOG RUN 020 INICIO =====
======================================================================
🚗 PROCESSAMENTO SUMO → E1 REGISTRY (OFFSET ALEATÓRIO - veh0)
======================================================================
📄 Entrada: ../data/vehicles_step_sim_5.csv
🏭 Consumo fabricante: 12.0 km/l
💰 Preço carbono: R$ 50.0/ton
⭕ Raio máximo do offset aleatório: 2.0 km
🎲 Offset gerado aleatoriamente:
   Ângulo: 110.2°
   Distância: 0.7048 km
   offset_x (lat): -0.002185°  |  offset_y (lon): 0.005942°
📊 Row stepping: Processando todas as linhas
🗺️  Map matching: ATIVADO (raio 1500m) - pontos snapped para ruas
📐 Cálculo de distância: HAVERSINE PURO dos pontos COM snap (consistência)
======================================================================

📊 Carregando dados SUMO...
   Total de registros no arquivo: 337
   Veículos únicos: 1
   🚙 Vehicle selecionado: carro_1000

🔄 Agregando viagens por vehicle_id...
  📐 SUMO_carro_1000: Calculando distâncias com Haversine direto (SEM routing API)
      Original: 324 pontos → 3.1629 km (Haversine)
      Offset:   324 pontos → 3.7776 km (Haversine)

🚙 Veículo: SUMO_carro_1000
   Modelo: HBEFA4/PC_petrol_Euro-6ab
   Segmentos: 324
   📏 Distância: 3.166 km (city: 3.024, highway: 0.142)
   ⛽ Combustível: 49.530 l
   🏭 CO2 real: 114414.1 g
   🎯 CO2 meta: 609.4 g
   📊 Delta: -113804.6 g
   💰 Valor E1: R$ -5.6902
   🧭 Tentativas map matching: 326

   🔑 OFFSET DETERMINÍSTICO (x=-0.014200154868472868°, y=-0.0025432581523191595°, max=2.0km):
   📍 Start Original:  (40.775644, -73.960687)
   🔒 Start Protegido: (40.761519, -73.963696) ✓ 1.60 km | ✓ MAP MATCHED
   📏 Deslocamento final: 1592.7 metros
   📍 End Original:    (40.772251, -73.963071)
   🔒 End Protegido:   (40.757965, -73.966096) ✓ 1.60 km | ✓ MAP MATCHED
   📏 Deslocamento final: 1610.6 metros

   📐 ANÁLISE DE DISTÂNCIA DO TRAJETO (HAVERSINE DOS PONTOS ARMAZENADOS):
   ✨ 242 pontos privados duplicados foram separados para garantir visualização 1:1.
   ℹ️  Dica: use --debug-map-matching para ver tentativas detalhadas de re-snap.
   🔢 Pontos unicos original/offset: 324/82 (Δ -242, -74.7% )
   📍 Trajeto original: 3.163 km (linha reta entre pontos GPS)
   🔒 Trajeto com offset: 3.778 km (linha reta entre pontos COM snap)
   📊 Diferença: +0.615 km (+19.4%)

======================================================================
📊 ESTATÍSTICAS FINAIS
======================================================================
Viagens processadas: 1
Distância total: 3.17 km
Combustível total: 49.53 l
CO2 real total: 114414.1 g
CO2 meta total: 609.4 g
Delta CO2: -113804.6 g
Valor E1 total: R$ -5.69

💰 Créditos: R$ 0.00
💸 Débitos: R$ 5.69
📈 Saldo líquido: R$ -5.69

🗺️  MAP MATCHING:
   Pontos processados: 324
   Snaps tentados: 324 (100.0%)
   Snaps bem-sucedidos: 324 (100.0%)
   Snaps forçados (>100m): 324 (100.0%)
   ✅ TODOS os pontos estão em ruas (FORCE_SNAP=True)
======================================================================

💾 Dados agregados salvos em: ../data/offset_batch/vehicles_step_sim_5/run_020.csv
[csv-worker_5] [vehicles_step_sim_5] ===== LOG RUN 020 FIM =====

[csv-worker_5] [vehicles_step_sim_5] ===== LOG RUN 021 INICIO =====
======================================================================
🚗 PROCESSAMENTO SUMO → E1 REGISTRY (OFFSET ALEATÓRIO - veh0)
======================================================================
📄 Entrada: ../data/vehicles_step_sim_5.csv
🏭 Consumo fabricante: 12.0 km/l
💰 Preço carbono: R$ 50.0/ton
⭕ Raio máximo do offset aleatório: 2.0 km
🎲 Offset gerado aleatoriamente:
   Ângulo: 129.4°
   Distância: 1.1523 km
   offset_x (lat): -0.006574°  |  offset_y (lon): 0.007996°
📊 Row stepping: Processando todas as linhas
🗺️  Map matching: ATIVADO (raio 1500m) - pontos snapped para ruas
📐 Cálculo de distância: HAVERSINE PURO dos pontos COM snap (consistência)
======================================================================

📊 Carregando dados SUMO...
   Total de registros no arquivo: 337
   Veículos únicos: 1
   🚙 Vehicle selecionado: carro_1000

🔄 Agregando viagens por vehicle_id...
  📐 SUMO_carro_1000: Calculando distâncias com Haversine direto (SEM routing API)
      Original: 155 pontos → 1.4242 km (Haversine)
      Offset:   155 pontos → 1.5196 km (Haversine)

🚙 Veículo: SUMO_carro_1000
   Modelo: HBEFA4/PC_petrol_Euro-6ab
   Segmentos: 155
   📏 Distância: 1.424 km (city: 1.424, highway: 0.000)
   ⛽ Combustível: 10.127 l
   🏭 CO2 real: 23393.7 g
   🎯 CO2 meta: 274.2 g
   📊 Delta: -23119.5 g
   💰 Valor E1: R$ -1.1560
   🧭 Tentativas map matching: 157

   🔑 OFFSET DETERMINÍSTICO (x=-0.008215256940455943°, y=0.003930498088439469°, max=2.0km):
   📍 Start Original:  (40.775644, -73.960687)
   🔒 Start Protegido: (40.767191, -73.956627) ✓ 0.97 km | ✓ MAP MATCHED
   📏 Deslocamento final: 1001.3 metros
   📍 End Original:    (40.775671, -73.960433)
   🔒 End Protegido:   (40.767412, -73.956285) ✓ 0.97 km | ✓ MAP MATCHED
   📏 Deslocamento final: 983.6 metros

   📐 ANÁLISE DE DISTÂNCIA DO TRAJETO (HAVERSINE DOS PONTOS ARMAZENADOS):
   ✨ 125 pontos privados duplicados foram separados para garantir visualização 1:1.
   ℹ️  Dica: use --debug-map-matching para ver tentativas detalhadas de re-snap.
   🔢 Pontos unicos original/offset: 155/30 (Δ -125, -80.6% )
   📍 Trajeto original: 1.424 km (linha reta entre pontos GPS)
   🔒 Trajeto com offset: 1.520 km (linha reta entre pontos COM snap)
   📊 Diferença: +0.095 km (+6.7%)

======================================================================
📊 ESTATÍSTICAS FINAIS
======================================================================
Viagens processadas: 1
Distância total: 1.42 km
Combustível total: 10.13 l
CO2 real total: 23393.7 g
CO2 meta total: 274.2 g
Delta CO2: -23119.5 g
Valor E1 total: R$ -1.16

💰 Créditos: R$ 0.00
💸 Débitos: R$ 1.16
📈 Saldo líquido: R$ -1.16

🗺️  MAP MATCHING:
   Pontos processados: 155
   Snaps tentados: 155 (100.0%)
   Snaps bem-sucedidos: 155 (100.0%)
   Snaps forçados (>100m): 155 (100.0%)
   ✅ TODOS os pontos estão em ruas (FORCE_SNAP=True)
======================================================================

💾 Dados agregados salvos em: ../data/offset_batch/vehicles_step_sim_5/run_021.csv
[csv-worker_5] [vehicles_step_sim_5] ===== LOG RUN 021 FIM =====

[csv-worker_5] [vehicles_step_sim_5] ===== LOG RUN 022 INICIO =====
======================================================================
🚗 PROCESSAMENTO SUMO → E1 REGISTRY (OFFSET ALEATÓRIO - veh0)
======================================================================
📄 Entrada: ../data/vehicles_step_sim_5.csv
🏭 Consumo fabricante: 12.0 km/l
💰 Preço carbono: R$ 50.0/ton
⭕ Raio máximo do offset aleatório: 2.0 km
🎲 Offset gerado aleatoriamente:
   Ângulo: 270.0°
   Distância: 1.9108 km
   offset_x (lat): 0.000015°  |  offset_y (lon): -0.017165°
📊 Row stepping: Processando todas as linhas
🗺️  Map matching: ATIVADO (raio 1500m) - pontos snapped para ruas
📐 Cálculo de distância: HAVERSINE PURO dos pontos COM snap (consistência)
======================================================================

📊 Carregando dados SUMO...
   Total de registros no arquivo: 337
   Veículos únicos: 1
   🚙 Vehicle selecionado: carro_1000

🔄 Agregando viagens por vehicle_id...
  📐 SUMO_carro_1000: Calculando distâncias com Haversine direto (SEM routing API)
      Original: 131 pontos → 1.4055 km (Haversine)
      Offset:   131 pontos → 1.0211 km (Haversine)

🚙 Veículo: SUMO_carro_1000
   Modelo: HBEFA4/PC_petrol_Euro-6ab
   Segmentos: 131
   📏 Distância: 1.410 km (city: 1.410, highway: 0.000)
   ⛽ Combustível: 12.456 l
   🏭 CO2 real: 28774.3 g
   🎯 CO2 meta: 271.4 g
   📊 Delta: -28502.9 g
   💰 Valor E1: R$ -1.4251
   🧭 Tentativas map matching: 133

   🔑 OFFSET DETERMINÍSTICO (x=8.496656765549493e-05°, y=-0.015439481105666°, max=2.0km):
   📍 Start Original:  (40.775644, -73.960687)
   🔒 Start Protegido: (40.775599, -73.976420) ✓ 1.30 km | ✓ MAP MATCHED
   📏 Deslocamento final: 1326.3 metros
   📍 End Original:    (40.772974, -73.962198)
   🔒 End Protegido:   (40.773101, -73.978244) ✓ 1.30 km | ✓ MAP MATCHED
   📏 Deslocamento final: 1352.7 metros

   📐 ANÁLISE DE DISTÂNCIA DO TRAJETO (HAVERSINE DOS PONTOS ARMAZENADOS):
   ✨ 114 pontos privados duplicados foram separados para garantir visualização 1:1.
   ℹ️  Dica: use --debug-map-matching para ver tentativas detalhadas de re-snap.
   🔢 Pontos unicos original/offset: 130/17 (Δ -113, -86.9% )
   📍 Trajeto original: 1.405 km (linha reta entre pontos GPS)
   🔒 Trajeto com offset: 1.021 km (linha reta entre pontos COM snap)
   📊 Diferença: -0.384 km (-27.3%)

======================================================================
📊 ESTATÍSTICAS FINAIS
======================================================================
Viagens processadas: 1
Distância total: 1.41 km
Combustível total: 12.46 l
CO2 real total: 28774.3 g
CO2 meta total: 271.4 g
Delta CO2: -28502.9 g
Valor E1 total: R$ -1.43

💰 Créditos: R$ 0.00
💸 Débitos: R$ 1.43
📈 Saldo líquido: R$ -1.43

🗺️  MAP MATCHING:
   Pontos processados: 131
   Snaps tentados: 131 (100.0%)
   Snaps bem-sucedidos: 131 (100.0%)
   Snaps forçados (>100m): 131 (100.0%)
   ✅ TODOS os pontos estão em ruas (FORCE_SNAP=True)
======================================================================

💾 Dados agregados salvos em: ../data/offset_batch/vehicles_step_sim_5/run_022.csv
[csv-worker_5] [vehicles_step_sim_5] ===== LOG RUN 022 FIM =====

[csv-worker_5] [vehicles_step_sim_5] ===== LOG RUN 023 INICIO =====
======================================================================
🚗 PROCESSAMENTO SUMO → E1 REGISTRY (OFFSET ALEATÓRIO - veh0)
======================================================================
📄 Entrada: ../data/vehicles_step_sim_5.csv
🏭 Consumo fabricante: 12.0 km/l
💰 Preço carbono: R$ 50.0/ton
⭕ Raio máximo do offset aleatório: 2.0 km
🎲 Offset gerado aleatoriamente:
   Ângulo: 78.9°
   Distância: 1.2854 km
   offset_x (lat): 0.002221°  |  offset_y (lon): 0.011332°
📊 Row stepping: Processando todas as linhas
🗺️  Map matching: ATIVADO (raio 1500m) - pontos snapped para ruas
📐 Cálculo de distância: HAVERSINE PURO dos pontos COM snap (consistência)
======================================================================

📊 Carregando dados SUMO...
   Total de registros no arquivo: 337
   Veículos únicos: 1
   🚙 Vehicle selecionado: carro_1000

🔄 Agregando viagens por vehicle_id...
  📐 SUMO_carro_1000: Calculando distâncias com Haversine direto (SEM routing API)
      Original: 222 pontos → 1.9688 km (Haversine)
      Offset:   222 pontos → 3.0373 km (Haversine)

🚙 Veículo: SUMO_carro_1000
   Modelo: HBEFA4/PC_petrol_Euro-6ab
   Segmentos: 222
   📏 Distância: 1.973 km (city: 1.973, highway: 0.000)
   ⛽ Combustível: 24.219 l
   🏭 CO2 real: 55946.2 g
   🎯 CO2 meta: 379.8 g
   📊 Delta: -55566.4 g
   💰 Valor E1: R$ -2.7783
   🧭 Tentativas map matching: 224

   🔑 OFFSET DETERMINÍSTICO (x=0.008405519319508522°, y=-0.005800958542714743°, max=2.0km):
   📍 Start Original:  (40.775644, -73.960687)
   🔒 Start Protegido: (40.784115, -73.966452) ✓ 1.06 km | ✓ MAP MATCHED
   📏 Deslocamento final: 1060.9 metros
   📍 End Original:    (40.772651, -73.962544)
   🔒 End Protegido:   (40.779366, -73.969573) ✓ 1.06 km | ✓ MAP MATCHED
   📏 Deslocamento final: 953.9 metros

   📐 ANÁLISE DE DISTÂNCIA DO TRAJETO (HAVERSINE DOS PONTOS ARMAZENADOS):
   ✨ 203 pontos privados duplicados foram separados para garantir visualização 1:1.
   ℹ️  Dica: use --debug-map-matching para ver tentativas detalhadas de re-snap.
   🔢 Pontos unicos original/offset: 221/19 (Δ -202, -91.4% )
   📍 Trajeto original: 1.969 km (linha reta entre pontos GPS)
   🔒 Trajeto com offset: 3.037 km (linha reta entre pontos COM snap)
   📊 Diferença: +1.069 km (+54.3%)

======================================================================
📊 ESTATÍSTICAS FINAIS
======================================================================
Viagens processadas: 1
Distância total: 1.97 km
Combustível total: 24.22 l
CO2 real total: 55946.2 g
CO2 meta total: 379.8 g
Delta CO2: -55566.4 g
Valor E1 total: R$ -2.78

💰 Créditos: R$ 0.00
💸 Débitos: R$ 2.78
📈 Saldo líquido: R$ -2.78

🗺️  MAP MATCHING:
   Pontos processados: 222
   Snaps tentados: 222 (100.0%)
   Snaps bem-sucedidos: 222 (100.0%)
   Snaps forçados (>100m): 222 (100.0%)
   ✅ TODOS os pontos estão em ruas (FORCE_SNAP=True)
======================================================================

💾 Dados agregados salvos em: ../data/offset_batch/vehicles_step_sim_5/run_023.csv
[csv-worker_5] [vehicles_step_sim_5] ===== LOG RUN 023 FIM =====

[csv-worker_5] [vehicles_step_sim_5] ===== LOG RUN 024 INICIO =====
======================================================================
🚗 PROCESSAMENTO SUMO → E1 REGISTRY (OFFSET ALEATÓRIO - veh0)
======================================================================
📄 Entrada: ../data/vehicles_step_sim_5.csv
🏭 Consumo fabricante: 12.0 km/l
💰 Preço carbono: R$ 50.0/ton
⭕ Raio máximo do offset aleatório: 2.0 km
🎲 Offset gerado aleatoriamente:
   Ângulo: 70.3°
   Distância: 1.6517 km
   offset_x (lat): 0.005008°  |  offset_y (lon): 0.013967°
📊 Row stepping: Processando todas as linhas
🗺️  Map matching: ATIVADO (raio 1500m) - pontos snapped para ruas
📐 Cálculo de distância: HAVERSINE PURO dos pontos COM snap (consistência)
======================================================================

📊 Carregando dados SUMO...
   Total de registros no arquivo: 337
   Veículos únicos: 1
   🚙 Vehicle selecionado: carro_1000

🔄 Agregando viagens por vehicle_id...
  📐 SUMO_carro_1000: Calculando distâncias com Haversine direto (SEM routing API)
      Original: 155 pontos → 1.4242 km (Haversine)
      Offset:   155 pontos → 1.5703 km (Haversine)

🚙 Veículo: SUMO_carro_1000
   Modelo: HBEFA4/PC_petrol_Euro-6ab
   Segmentos: 155
   📏 Distância: 1.424 km (city: 1.424, highway: 0.000)
   ⛽ Combustível: 10.127 l
   🏭 CO2 real: 23393.7 g
   🎯 CO2 meta: 274.2 g
   📊 Delta: -23119.5 g
   💰 Valor E1: R$ -1.1560
   🧭 Tentativas map matching: 157

   🔑 OFFSET DETERMINÍSTICO (x=0.00039314747777649046°, y=0.0005626436207646716°, max=2.0km):
   📍 Start Original:  (40.775644, -73.960687)
   🔒 Start Protegido: (40.776239, -73.959974) ✓ 0.06 km | ✓ MAP MATCHED
   📏 Deslocamento final: 89.5 metros
   📍 End Original:    (40.775671, -73.960433)
   🔒 End Protegido:   (40.776245, -73.959828) ✓ 0.06 km | ✓ MAP MATCHED
   📏 Deslocamento final: 81.8 metros

   📐 ANÁLISE DE DISTÂNCIA DO TRAJETO (HAVERSINE DOS PONTOS ARMAZENADOS):
   ✨ 114 pontos privados duplicados foram separados para garantir visualização 1:1.
   ℹ️  Dica: use --debug-map-matching para ver tentativas detalhadas de re-snap.
   🔢 Pontos unicos original/offset: 155/41 (Δ -114, -73.5% )
   📍 Trajeto original: 1.424 km (linha reta entre pontos GPS)
   🔒 Trajeto com offset: 1.570 km (linha reta entre pontos COM snap)
   📊 Diferença: +0.146 km (+10.3%)

======================================================================
📊 ESTATÍSTICAS FINAIS
======================================================================
Viagens processadas: 1
Distância total: 1.42 km
Combustível total: 10.13 l
CO2 real total: 23393.7 g
CO2 meta total: 274.2 g
Delta CO2: -23119.5 g
Valor E1 total: R$ -1.16

💰 Créditos: R$ 0.00
💸 Débitos: R$ 1.16
📈 Saldo líquido: R$ -1.16

🗺️  MAP MATCHING:
   Pontos processados: 155
   Snaps tentados: 155 (100.0%)
   Snaps bem-sucedidos: 155 (100.0%)
   Snaps forçados (>100m): 9 (5.8%)
   ✅ TODOS os pontos estão em ruas (FORCE_SNAP=True)
======================================================================

💾 Dados agregados salvos em: ../data/offset_batch/vehicles_step_sim_5/run_024.csv
[csv-worker_5] [vehicles_step_sim_5] ===== LOG RUN 024 FIM =====

[csv-worker_5] [vehicles_step_sim_5] ===== LOG RUN 025 INICIO =====
======================================================================
🚗 PROCESSAMENTO SUMO → E1 REGISTRY (OFFSET ALEATÓRIO - veh0)
======================================================================
📄 Entrada: ../data/vehicles_step_sim_5.csv
🏭 Consumo fabricante: 12.0 km/l
💰 Preço carbono: R$ 50.0/ton
⭕ Raio máximo do offset aleatório: 2.0 km
🎲 Offset gerado aleatoriamente:
   Ângulo: 260.5°
   Distância: 1.4968 km
   offset_x (lat): -0.002213°  |  offset_y (lon): -0.013263°
📊 Row stepping: Processando todas as linhas
🗺️  Map matching: ATIVADO (raio 1500m) - pontos snapped para ruas
📐 Cálculo de distância: HAVERSINE PURO dos pontos COM snap (consistência)
======================================================================

📊 Carregando dados SUMO...
   Total de registros no arquivo: 337
   Veículos únicos: 1
   🚙 Vehicle selecionado: carro_1000

🔄 Agregando viagens por vehicle_id...
  📐 SUMO_carro_1000: Calculando distâncias com Haversine direto (SEM routing API)
      Original: 131 pontos → 1.4055 km (Haversine)
      Offset:   131 pontos → 1.5821 km (Haversine)

🚙 Veículo: SUMO_carro_1000
   Modelo: HBEFA4/PC_petrol_Euro-6ab
   Segmentos: 131
   📏 Distância: 1.410 km (city: 1.410, highway: 0.000)
   ⛽ Combustível: 12.456 l
   🏭 CO2 real: 28774.3 g
   🎯 CO2 meta: 271.4 g
   📊 Delta: -28502.9 g
   💰 Valor E1: R$ -1.4251
   🧭 Tentativas map matching: 133

   🔑 OFFSET DETERMINÍSTICO (x=0.00686205713014534°, y=-0.0014681060330828148°, max=2.0km):
   📍 Start Original:  (40.775644, -73.960687)
   🔒 Start Protegido: (40.781976, -73.963289) ✓ 0.77 km | ✓ MAP MATCHED
   📏 Deslocamento final: 738.3 metros
   📍 End Original:    (40.772974, -73.962198)
   🔒 End Protegido:   (40.779004, -73.962255) ✓ 0.77 km | ✓ MAP MATCHED
   📏 Deslocamento final: 671.3 metros

   📐 ANÁLISE DE DISTÂNCIA DO TRAJETO (HAVERSINE DOS PONTOS ARMAZENADOS):
   ✨ 96 pontos privados duplicados foram separados para garantir visualização 1:1.
   ℹ️  Dica: use --debug-map-matching para ver tentativas detalhadas de re-snap.
   🔢 Pontos unicos original/offset: 130/35 (Δ -95, -73.1% )
   📍 Trajeto original: 1.405 km (linha reta entre pontos GPS)
   🔒 Trajeto com offset: 1.582 km (linha reta entre pontos COM snap)
   📊 Diferença: +0.177 km (+12.6%)

======================================================================
📊 ESTATÍSTICAS FINAIS
======================================================================
Viagens processadas: 1
Distância total: 1.41 km
Combustível total: 12.46 l
CO2 real total: 28774.3 g
CO2 meta total: 271.4 g
Delta CO2: -28502.9 g
Valor E1 total: R$ -1.43

💰 Créditos: R$ 0.00
💸 Débitos: R$ 1.43
📈 Saldo líquido: R$ -1.43

🗺️  MAP MATCHING:
   Pontos processados: 131
   Snaps tentados: 131 (100.0%)
   Snaps bem-sucedidos: 131 (100.0%)
   Snaps forçados (>100m): 131 (100.0%)
   ✅ TODOS os pontos estão em ruas (FORCE_SNAP=True)
======================================================================

💾 Dados agregados salvos em: ../data/offset_batch/vehicles_step_sim_5/run_025.csv
[csv-worker_5] [vehicles_step_sim_5] ===== LOG RUN 025 FIM =====

[csv-worker_5] [vehicles_step_sim_5] ===== LOG RUN 026 INICIO =====
======================================================================
🚗 PROCESSAMENTO SUMO → E1 REGISTRY (OFFSET ALEATÓRIO - veh0)
======================================================================
📄 Entrada: ../data/vehicles_step_sim_5.csv
🏭 Consumo fabricante: 12.0 km/l
💰 Preço carbono: R$ 50.0/ton
⭕ Raio máximo do offset aleatório: 2.0 km
🎲 Offset gerado aleatoriamente:
   Ângulo: 57.9°
   Distância: 1.2069 km
   offset_x (lat): 0.005765°  |  offset_y (lon): 0.009182°
📊 Row stepping: Processando todas as linhas
🗺️  Map matching: ATIVADO (raio 1500m) - pontos snapped para ruas
📐 Cálculo de distância: HAVERSINE PURO dos pontos COM snap (consistência)
======================================================================

📊 Carregando dados SUMO...
   Total de registros no arquivo: 337
   Veículos únicos: 1
   🚙 Vehicle selecionado: carro_1000

🔄 Agregando viagens por vehicle_id...
  📐 SUMO_carro_1000: Calculando distâncias com Haversine direto (SEM routing API)
      Original: 131 pontos → 1.4055 km (Haversine)
      Offset:   131 pontos → 1.5879 km (Haversine)

🚙 Veículo: SUMO_carro_1000
   Modelo: HBEFA4/PC_petrol_Euro-6ab
   Segmentos: 131
   📏 Distância: 1.410 km (city: 1.410, highway: 0.000)
   ⛽ Combustível: 12.456 l
   🏭 CO2 real: 28774.3 g
   🎯 CO2 meta: 271.4 g
   📊 Delta: -28502.9 g
   💰 Valor E1: R$ -1.4251
   🧭 Tentativas map matching: 133

   🔑 OFFSET DETERMINÍSTICO (x=0.008406659185175388°, y=0.0026490007553725964°, max=2.0km):
   📍 Start Original:  (40.775644, -73.960687)
   🔒 Start Protegido: (40.784051, -73.958461) ✓ 0.96 km | ✓ MAP MATCHED
   📏 Deslocamento final: 954.5 metros
   📍 End Original:    (40.772974, -73.962198)
   🔒 End Protegido:   (40.781198, -73.959607) ✓ 0.96 km | ✓ MAP MATCHED
   📏 Deslocamento final: 941.2 metros

   📐 ANÁLISE DE DISTÂNCIA DO TRAJETO (HAVERSINE DOS PONTOS ARMAZENADOS):
   ✨ 106 pontos privados duplicados foram separados para garantir visualização 1:1.
   ℹ️  Dica: use --debug-map-matching para ver tentativas detalhadas de re-snap.
   🔢 Pontos unicos original/offset: 130/25 (Δ -105, -80.8% )
   📍 Trajeto original: 1.405 km (linha reta entre pontos GPS)
   🔒 Trajeto com offset: 1.588 km (linha reta entre pontos COM snap)
   📊 Diferença: +0.182 km (+13.0%)

======================================================================
📊 ESTATÍSTICAS FINAIS
======================================================================
Viagens processadas: 1
Distância total: 1.41 km
Combustível total: 12.46 l
CO2 real total: 28774.3 g
CO2 meta total: 271.4 g
Delta CO2: -28502.9 g
Valor E1 total: R$ -1.43

💰 Créditos: R$ 0.00
💸 Débitos: R$ 1.43
📈 Saldo líquido: R$ -1.43

🗺️  MAP MATCHING:
   Pontos processados: 131
   Snaps tentados: 131 (100.0%)
   Snaps bem-sucedidos: 131 (100.0%)
   Snaps forçados (>100m): 131 (100.0%)
   ✅ TODOS os pontos estão em ruas (FORCE_SNAP=True)
======================================================================

💾 Dados agregados salvos em: ../data/offset_batch/vehicles_step_sim_5/run_026.csv
[csv-worker_5] [vehicles_step_sim_5] ===== LOG RUN 026 FIM =====

[csv-worker_5] [vehicles_step_sim_5] ===== LOG RUN 027 INICIO =====
======================================================================
🚗 PROCESSAMENTO SUMO → E1 REGISTRY (OFFSET ALEATÓRIO - veh0)
======================================================================
📄 Entrada: ../data/vehicles_step_sim_5.csv
🏭 Consumo fabricante: 12.0 km/l
💰 Preço carbono: R$ 50.0/ton
⭕ Raio máximo do offset aleatório: 2.0 km
🎲 Offset gerado aleatoriamente:
   Ângulo: 76.8°
   Distância: 1.0727 km
   offset_x (lat): 0.002193°  |  offset_y (lon): 0.009383°
📊 Row stepping: Processando todas as linhas
🗺️  Map matching: ATIVADO (raio 1500m) - pontos snapped para ruas
📐 Cálculo de distância: HAVERSINE PURO dos pontos COM snap (consistência)
======================================================================

📊 Carregando dados SUMO...
   Total de registros no arquivo: 337
   Veículos únicos: 1
   🚙 Vehicle selecionado: carro_1000

🔄 Agregando viagens por vehicle_id...
  📐 SUMO_carro_1000: Calculando distâncias com Haversine direto (SEM routing API)
      Original: 300 pontos → 3.1542 km (Haversine)
      Offset:   300 pontos → 3.4373 km (Haversine)

🚙 Veículo: SUMO_carro_1000
   Modelo: HBEFA4/PC_petrol_Euro-6ab
   Segmentos: 300
   📏 Distância: 3.158 km (city: 2.541, highway: 0.617)
   ⛽ Combustível: 49.984 l
   🏭 CO2 real: 115462.6 g
   🎯 CO2 meta: 608.0 g
   📊 Delta: -114854.6 g
   💰 Valor E1: R$ -5.7427
   🧭 Tentativas map matching: 302

   🔑 OFFSET DETERMINÍSTICO (x=0.015088011551372087°, y=-0.004953063511820898°, max=2.0km):
   📍 Start Original:  (40.775644, -73.960687)
   🔒 Start Protegido: (40.790654, -73.965440) ✓ 1.73 km | ✓ MAP MATCHED
   📏 Deslocamento final: 1718.3 metros
   📍 End Original:    (40.773912, -73.961904)
   🔒 End Protegido:   (40.789067, -73.966601) ✓ 1.73 km | ✓ MAP MATCHED
   📏 Deslocamento final: 1732.9 metros

   📐 ANÁLISE DE DISTÂNCIA DO TRAJETO (HAVERSINE DOS PONTOS ARMAZENADOS):
   ✨ 256 pontos privados duplicados foram separados para garantir visualização 1:1.
   ℹ️  Dica: use --debug-map-matching para ver tentativas detalhadas de re-snap.
   🔢 Pontos unicos original/offset: 299/44 (Δ -255, -85.3% )
   📍 Trajeto original: 3.154 km (linha reta entre pontos GPS)
   🔒 Trajeto com offset: 3.437 km (linha reta entre pontos COM snap)
   📊 Diferença: +0.283 km (+9.0%)

======================================================================
📊 ESTATÍSTICAS FINAIS
======================================================================
Viagens processadas: 1
Distância total: 3.16 km
Combustível total: 49.98 l
CO2 real total: 115462.6 g
CO2 meta total: 608.0 g
Delta CO2: -114854.6 g
Valor E1 total: R$ -5.74

💰 Créditos: R$ 0.00
💸 Débitos: R$ 5.74
📈 Saldo líquido: R$ -5.74

🗺️  MAP MATCHING:
   Pontos processados: 300
   Snaps tentados: 300 (100.0%)
   Snaps bem-sucedidos: 300 (100.0%)
   Snaps forçados (>100m): 300 (100.0%)
   ✅ TODOS os pontos estão em ruas (FORCE_SNAP=True)
======================================================================

💾 Dados agregados salvos em: ../data/offset_batch/vehicles_step_sim_5/run_027.csv
[csv-worker_5] [vehicles_step_sim_5] ===== LOG RUN 027 FIM =====

[csv-worker_5] [vehicles_step_sim_5] ===== LOG RUN 028 INICIO =====
======================================================================
🚗 PROCESSAMENTO SUMO → E1 REGISTRY (OFFSET ALEATÓRIO - veh0)
======================================================================
📄 Entrada: ../data/vehicles_step_sim_5.csv
🏭 Consumo fabricante: 12.0 km/l
💰 Preço carbono: R$ 50.0/ton
⭕ Raio máximo do offset aleatório: 2.0 km
🎲 Offset gerado aleatoriamente:
   Ângulo: 179.2°
   Distância: 1.3573 km
   offset_x (lat): -0.012192°  |  offset_y (lon): 0.000160°
📊 Row stepping: Processando todas as linhas
🗺️  Map matching: ATIVADO (raio 1500m) - pontos snapped para ruas
📐 Cálculo de distância: HAVERSINE PURO dos pontos COM snap (consistência)
======================================================================

📊 Carregando dados SUMO...
   Total de registros no arquivo: 337
   Veículos únicos: 1
   🚙 Vehicle selecionado: carro_1000

🔄 Agregando viagens por vehicle_id...
  📐 SUMO_carro_1000: Calculando distâncias com Haversine direto (SEM routing API)
      Original: 323 pontos → 2.9161 km (Haversine)
      Offset:   323 pontos → 3.1588 km (Haversine)

🚙 Veículo: SUMO_carro_1000
   Modelo: HBEFA4/PC_petrol_Euro-6ab
   Segmentos: 323
   📏 Distância: 2.926 km (city: 2.764, highway: 0.161)
   ⛽ Combustível: 54.094 l
   🏭 CO2 real: 124958.0 g
   🎯 CO2 meta: 563.2 g
   📊 Delta: -124394.9 g
   💰 Valor E1: R$ -6.2197
   🧭 Tentativas map matching: 325

   🔑 OFFSET DETERMINÍSTICO (x=0.016564827757013803°, y=-0.002262552868243317°, max=2.0km):
   📍 Start Original:  (40.775644, -73.960687)
   🔒 Start Protegido: (40.791807, -73.963041) ✓ 1.85 km | ✓ MAP MATCHED
   📏 Deslocamento final: 1810.3 metros
   📍 End Original:    (40.774046, -73.961617)
   🔒 End Protegido:   (40.791577, -73.964079) ✓ 1.85 km | ✓ MAP MATCHED
   📏 Deslocamento final: 1962.6 metros

   📐 ANÁLISE DE DISTÂNCIA DO TRAJETO (HAVERSINE DOS PONTOS ARMAZENADOS):
   ✨ 280 pontos privados duplicados foram separados para garantir visualização 1:1.
   ℹ️  Dica: use --debug-map-matching para ver tentativas detalhadas de re-snap.
   🔢 Pontos unicos original/offset: 320/43 (Δ -277, -86.6% )
   📍 Trajeto original: 2.916 km (linha reta entre pontos GPS)
   🔒 Trajeto com offset: 3.159 km (linha reta entre pontos COM snap)
   📊 Diferença: +0.243 km (+8.3%)

======================================================================
📊 ESTATÍSTICAS FINAIS
======================================================================
Viagens processadas: 1
Distância total: 2.93 km
Combustível total: 54.09 l
CO2 real total: 124958.0 g
CO2 meta total: 563.2 g
Delta CO2: -124394.9 g
Valor E1 total: R$ -6.22

💰 Créditos: R$ 0.00
💸 Débitos: R$ 6.22
📈 Saldo líquido: R$ -6.22

🗺️  MAP MATCHING:
   Pontos processados: 323
   Snaps tentados: 323 (100.0%)
   Snaps bem-sucedidos: 323 (100.0%)
   Snaps forçados (>100m): 323 (100.0%)
   ✅ TODOS os pontos estão em ruas (FORCE_SNAP=True)
======================================================================

💾 Dados agregados salvos em: ../data/offset_batch/vehicles_step_sim_5/run_028.csv
[csv-worker_5] [vehicles_step_sim_5] ===== LOG RUN 028 FIM =====

[csv-worker_5] [vehicles_step_sim_5] ===== LOG RUN 029 INICIO =====
======================================================================
🚗 PROCESSAMENTO SUMO → E1 REGISTRY (OFFSET ALEATÓRIO - veh0)
======================================================================
📄 Entrada: ../data/vehicles_step_sim_5.csv
🏭 Consumo fabricante: 12.0 km/l
💰 Preço carbono: R$ 50.0/ton
⭕ Raio máximo do offset aleatório: 2.0 km
🎲 Offset gerado aleatoriamente:
   Ângulo: 315.0°
   Distância: 0.4932 km
   offset_x (lat): 0.003131°  |  offset_y (lon): -0.003134°
📊 Row stepping: Processando todas as linhas
🗺️  Map matching: ATIVADO (raio 1500m) - pontos snapped para ruas
📐 Cálculo de distância: HAVERSINE PURO dos pontos COM snap (consistência)
======================================================================

📊 Carregando dados SUMO...
   Total de registros no arquivo: 337
   Veículos únicos: 1
   🚙 Vehicle selecionado: carro_1000

🔄 Agregando viagens por vehicle_id...
  📐 SUMO_carro_1000: Calculando distâncias com Haversine direto (SEM routing API)
      Original: 155 pontos → 1.4242 km (Haversine)
      Offset:   155 pontos → 1.5664 km (Haversine)

🚙 Veículo: SUMO_carro_1000
   Modelo: HBEFA4/PC_petrol_Euro-6ab
   Segmentos: 155
   📏 Distância: 1.424 km (city: 1.424, highway: 0.000)
   ⛽ Combustível: 10.127 l
   🏭 CO2 real: 23393.7 g
   🎯 CO2 meta: 274.2 g
   📊 Delta: -23119.5 g
   💰 Valor E1: R$ -1.1560
   🧭 Tentativas map matching: 157

   🔑 OFFSET DETERMINÍSTICO (x=0.0022389118118159145°, y=0.004459914781585891°, max=2.0km):
   📍 Start Original:  (40.775644, -73.960687)
   🔒 Start Protegido: (40.778143, -73.956445) ✓ 0.45 km | ✓ MAP MATCHED
   📏 Deslocamento final: 453.1 metros
   📍 End Original:    (40.775671, -73.960433)
   🔒 End Protegido:   (40.778143, -73.956445) ✓ 0.45 km | ✓ MAP MATCHED
   📏 Deslocamento final: 434.5 metros

   📐 ANÁLISE DE DISTÂNCIA DO TRAJETO (HAVERSINE DOS PONTOS ARMAZENADOS):
   ✨ 119 pontos privados duplicados foram separados para garantir visualização 1:1.
   ℹ️  Dica: use --debug-map-matching para ver tentativas detalhadas de re-snap.
   🔢 Pontos unicos original/offset: 155/36 (Δ -119, -76.8% )
   📍 Trajeto original: 1.424 km (linha reta entre pontos GPS)
   🔒 Trajeto com offset: 1.566 km (linha reta entre pontos COM snap)
   📊 Diferença: +0.142 km (+10.0%)

======================================================================
📊 ESTATÍSTICAS FINAIS
======================================================================
Viagens processadas: 1
Distância total: 1.42 km
Combustível total: 10.13 l
CO2 real total: 23393.7 g
CO2 meta total: 274.2 g
Delta CO2: -23119.5 g
Valor E1 total: R$ -1.16

💰 Créditos: R$ 0.00
💸 Débitos: R$ 1.16
📈 Saldo líquido: R$ -1.16

🗺️  MAP MATCHING:
   Pontos processados: 155
   Snaps tentados: 155 (100.0%)
   Snaps bem-sucedidos: 155 (100.0%)
   Snaps forçados (>100m): 155 (100.0%)
   ✅ TODOS os pontos estão em ruas (FORCE_SNAP=True)
======================================================================

💾 Dados agregados salvos em: ../data/offset_batch/vehicles_step_sim_5/run_029.csv
[csv-worker_5] [vehicles_step_sim_5] ===== LOG RUN 029 FIM =====

[csv-worker_5] [vehicles_step_sim_5] ===== LOG RUN 030 INICIO =====
======================================================================
🚗 PROCESSAMENTO SUMO → E1 REGISTRY (OFFSET ALEATÓRIO - veh0)
======================================================================
📄 Entrada: ../data/vehicles_step_sim_5.csv
🏭 Consumo fabricante: 12.0 km/l
💰 Preço carbono: R$ 50.0/ton
⭕ Raio máximo do offset aleatório: 2.0 km
🎲 Offset gerado aleatoriamente:
   Ângulo: 90.0°
   Distância: 1.5370 km
   offset_x (lat): -0.000009°  |  offset_y (lon): 0.013807°
📊 Row stepping: Processando todas as linhas
🗺️  Map matching: ATIVADO (raio 1500m) - pontos snapped para ruas
📐 Cálculo de distância: HAVERSINE PURO dos pontos COM snap (consistência)
======================================================================

📊 Carregando dados SUMO...
   Total de registros no arquivo: 337
   Veículos únicos: 1
   🚙 Vehicle selecionado: carro_1000

🔄 Agregando viagens por vehicle_id...
  📐 SUMO_carro_1000: Calculando distâncias com Haversine direto (SEM routing API)
      Original: 131 pontos → 1.4055 km (Haversine)
      Offset:   131 pontos → 1.9375 km (Haversine)

🚙 Veículo: SUMO_carro_1000
   Modelo: HBEFA4/PC_petrol_Euro-6ab
   Segmentos: 131
   📏 Distância: 1.410 km (city: 1.410, highway: 0.000)
   ⛽ Combustível: 12.456 l
   🏭 CO2 real: 28774.3 g
   🎯 CO2 meta: 271.4 g
   📊 Delta: -28502.9 g
   💰 Valor E1: R$ -1.4251
   🧭 Tentativas map matching: 133

   🔑 OFFSET DETERMINÍSTICO (x=0.007649965456466836°, y=-0.0009500519506385982°, max=2.0km):
   📍 Start Original:  (40.775644, -73.960687)
   🔒 Start Protegido: (40.782856, -73.963633) ✓ 0.86 km | ✓ MAP MATCHED
   📏 Deslocamento final: 840.4 metros
   📍 End Original:    (40.772974, -73.962198)
   🔒 End Protegido:   (40.781045, -73.962218) ✓ 0.86 km | ✓ MAP MATCHED
   📏 Deslocamento final: 898.5 metros

   📐 ANÁLISE DE DISTÂNCIA DO TRAJETO (HAVERSINE DOS PONTOS ARMAZENADOS):
   ✨ 94 pontos privados duplicados foram separados para garantir visualização 1:1.
   ℹ️  Dica: use --debug-map-matching para ver tentativas detalhadas de re-snap.
   🔢 Pontos unicos original/offset: 130/37 (Δ -93, -71.5% )
   📍 Trajeto original: 1.405 km (linha reta entre pontos GPS)
   🔒 Trajeto com offset: 1.938 km (linha reta entre pontos COM snap)
   📊 Diferença: +0.532 km (+37.9%)

======================================================================
📊 ESTATÍSTICAS FINAIS
======================================================================
Viagens processadas: 1
Distância total: 1.41 km
Combustível total: 12.46 l
CO2 real total: 28774.3 g
CO2 meta total: 271.4 g
Delta CO2: -28502.9 g
Valor E1 total: R$ -1.43

💰 Créditos: R$ 0.00
💸 Débitos: R$ 1.43
📈 Saldo líquido: R$ -1.43

🗺️  MAP MATCHING:
   Pontos processados: 131
   Snaps tentados: 131 (100.0%)
   Snaps bem-sucedidos: 131 (100.0%)
   Snaps forçados (>100m): 131 (100.0%)
   ✅ TODOS os pontos estão em ruas (FORCE_SNAP=True)
======================================================================

💾 Dados agregados salvos em: ../data/offset_batch/vehicles_step_sim_5/run_030.csv
[csv-worker_5] [vehicles_step_sim_5] ===== LOG RUN 030 FIM =====

[csv-worker_5] [vehicles_step_sim_5] ===== LOG RUN 031 INICIO =====
======================================================================
🚗 PROCESSAMENTO SUMO → E1 REGISTRY (OFFSET ALEATÓRIO - veh0)
======================================================================
📄 Entrada: ../data/vehicles_step_sim_5.csv
🏭 Consumo fabricante: 12.0 km/l
💰 Preço carbono: R$ 50.0/ton
⭕ Raio máximo do offset aleatório: 2.0 km
🎲 Offset gerado aleatoriamente:
   Ângulo: 344.5°
   Distância: 1.3284 km
   offset_x (lat): 0.011498°  |  offset_y (lon): -0.003194°
📊 Row stepping: Processando todas as linhas
🗺️  Map matching: ATIVADO (raio 1500m) - pontos snapped para ruas
📐 Cálculo de distância: HAVERSINE PURO dos pontos COM snap (consistência)
======================================================================

📊 Carregando dados SUMO...
   Total de registros no arquivo: 337
   Veículos únicos: 1
   🚙 Vehicle selecionado: carro_1000

🔄 Agregando viagens por vehicle_id...
  📐 SUMO_carro_1000: Calculando distâncias com Haversine direto (SEM routing API)
      Original: 323 pontos → 2.9161 km (Haversine)
      Offset:   323 pontos → 3.6842 km (Haversine)

🚙 Veículo: SUMO_carro_1000
   Modelo: HBEFA4/PC_petrol_Euro-6ab
   Segmentos: 323
   📏 Distância: 2.926 km (city: 2.764, highway: 0.161)
   ⛽ Combustível: 54.094 l
   🏭 CO2 real: 124958.0 g
   🎯 CO2 meta: 563.2 g
   📊 Delta: -124394.9 g
   💰 Valor E1: R$ -6.2197
   🧭 Tentativas map matching: 325

   🔑 OFFSET DETERMINÍSTICO (x=-0.00759019848731721°, y=0.007975918921093592°, max=2.0km):
   📍 Start Original:  (40.775644, -73.960687)
   🔒 Start Protegido: (40.768117, -73.952658) ✓ 1.08 km | ✓ MAP MATCHED
   📏 Deslocamento final: 1077.0 metros
   📍 End Original:    (40.774046, -73.961617)
   🔒 End Protegido:   (40.766770, -73.953814) ✓ 1.08 km | ✓ MAP MATCHED
   📏 Deslocamento final: 1043.4 metros

   📐 ANÁLISE DE DISTÂNCIA DO TRAJETO (HAVERSINE DOS PONTOS ARMAZENADOS):
   ✨ 274 pontos privados duplicados foram separados para garantir visualização 1:1.
   ℹ️  Dica: use --debug-map-matching para ver tentativas detalhadas de re-snap.
   🔢 Pontos unicos original/offset: 320/49 (Δ -271, -84.7% )
   📍 Trajeto original: 2.916 km (linha reta entre pontos GPS)
   🔒 Trajeto com offset: 3.684 km (linha reta entre pontos COM snap)
   📊 Diferença: +0.768 km (+26.3%)

======================================================================
📊 ESTATÍSTICAS FINAIS
======================================================================
Viagens processadas: 1
Distância total: 2.93 km
Combustível total: 54.09 l
CO2 real total: 124958.0 g
CO2 meta total: 563.2 g
Delta CO2: -124394.9 g
Valor E1 total: R$ -6.22

💰 Créditos: R$ 0.00
💸 Débitos: R$ 6.22
📈 Saldo líquido: R$ -6.22

🗺️  MAP MATCHING:
   Pontos processados: 323
   Snaps tentados: 323 (100.0%)
   Snaps bem-sucedidos: 323 (100.0%)
   Snaps forçados (>100m): 323 (100.0%)
   ✅ TODOS os pontos estão em ruas (FORCE_SNAP=True)
======================================================================

💾 Dados agregados salvos em: ../data/offset_batch/vehicles_step_sim_5/run_031.csv
[csv-worker_5] [vehicles_step_sim_5] ===== LOG RUN 031 FIM =====

[csv-worker_5] [vehicles_step_sim_5] ===== LOG RUN 032 INICIO =====
======================================================================
🚗 PROCESSAMENTO SUMO → E1 REGISTRY (OFFSET ALEATÓRIO - veh0)
======================================================================
📄 Entrada: ../data/vehicles_step_sim_5.csv
🏭 Consumo fabricante: 12.0 km/l
💰 Preço carbono: R$ 50.0/ton
⭕ Raio máximo do offset aleatório: 2.0 km
🎲 Offset gerado aleatoriamente:
   Ângulo: 191.6°
   Distância: 0.9267 km
   offset_x (lat): -0.008154°  |  offset_y (lon): -0.001673°
📊 Row stepping: Processando todas as linhas
🗺️  Map matching: ATIVADO (raio 1500m) - pontos snapped para ruas
📐 Cálculo de distância: HAVERSINE PURO dos pontos COM snap (consistência)
======================================================================

📊 Carregando dados SUMO...
   Total de registros no arquivo: 337
   Veículos únicos: 1
   🚙 Vehicle selecionado: carro_1000

🔄 Agregando viagens por vehicle_id...
  📐 SUMO_carro_1000: Calculando distâncias com Haversine direto (SEM routing API)
      Original: 155 pontos → 1.4242 km (Haversine)
      Offset:   155 pontos → 1.7312 km (Haversine)

🚙 Veículo: SUMO_carro_1000
   Modelo: HBEFA4/PC_petrol_Euro-6ab
   Segmentos: 155
   📏 Distância: 1.424 km (city: 1.424, highway: 0.000)
   ⛽ Combustível: 10.127 l
   🏭 CO2 real: 23393.7 g
   🎯 CO2 meta: 274.2 g
   📊 Delta: -23119.5 g
   💰 Valor E1: R$ -1.1560
   🧭 Tentativas map matching: 157

   🔑 OFFSET DETERMINÍSTICO (x=0.004597699995610971°, y=0.00785492726875599°, max=2.0km):
   📍 Start Original:  (40.775644, -73.960687)
   🔒 Start Protegido: (40.780184, -73.952987) ✓ 0.84 km | ✓ MAP MATCHED
   📏 Deslocamento final: 822.7 metros
   📍 End Original:    (40.775671, -73.960433)
   🔒 End Protegido:   (40.780073, -73.952895) ✓ 0.84 km | ✓ MAP MATCHED
   📏 Deslocamento final: 802.4 metros

   📐 ANÁLISE DE DISTÂNCIA DO TRAJETO (HAVERSINE DOS PONTOS ARMAZENADOS):
   ✨ 124 pontos privados duplicados foram separados para garantir visualização 1:1.
   ℹ️  Dica: use --debug-map-matching para ver tentativas detalhadas de re-snap.
   🔢 Pontos unicos original/offset: 155/31 (Δ -124, -80.0% )
   📍 Trajeto original: 1.424 km (linha reta entre pontos GPS)
   🔒 Trajeto com offset: 1.731 km (linha reta entre pontos COM snap)
   📊 Diferença: +0.307 km (+21.6%)

======================================================================
📊 ESTATÍSTICAS FINAIS
======================================================================
Viagens processadas: 1
Distância total: 1.42 km
Combustível total: 10.13 l
CO2 real total: 23393.7 g
CO2 meta total: 274.2 g
Delta CO2: -23119.5 g
Valor E1 total: R$ -1.16

💰 Créditos: R$ 0.00
💸 Débitos: R$ 1.16
📈 Saldo líquido: R$ -1.16

🗺️  MAP MATCHING:
   Pontos processados: 155
   Snaps tentados: 155 (100.0%)
   Snaps bem-sucedidos: 155 (100.0%)
   Snaps forçados (>100m): 155 (100.0%)
   ✅ TODOS os pontos estão em ruas (FORCE_SNAP=True)
======================================================================

💾 Dados agregados salvos em: ../data/offset_batch/vehicles_step_sim_5/run_032.csv
[csv-worker_5] [vehicles_step_sim_5] ===== LOG RUN 032 FIM =====

[csv-worker_5] [vehicles_step_sim_5] ===== LOG RUN 033 INICIO =====
======================================================================
🚗 PROCESSAMENTO SUMO → E1 REGISTRY (OFFSET ALEATÓRIO - veh0)
======================================================================
📄 Entrada: ../data/vehicles_step_sim_5.csv
🏭 Consumo fabricante: 12.0 km/l
💰 Preço carbono: R$ 50.0/ton
⭕ Raio máximo do offset aleatório: 2.0 km
🎲 Offset gerado aleatoriamente:
   Ângulo: 312.9°
   Distância: 1.6103 km
   offset_x (lat): 0.009853°  |  offset_y (lon): -0.010591°
📊 Row stepping: Processando todas as linhas
🗺️  Map matching: ATIVADO (raio 1500m) - pontos snapped para ruas
📐 Cálculo de distância: HAVERSINE PURO dos pontos COM snap (consistência)
======================================================================

📊 Carregando dados SUMO...
   Total de registros no arquivo: 337
   Veículos únicos: 1
   🚙 Vehicle selecionado: carro_1000

🔄 Agregando viagens por vehicle_id...
  📐 SUMO_carro_1000: Calculando distâncias com Haversine direto (SEM routing API)
      Original: 131 pontos → 1.4055 km (Haversine)
      Offset:   131 pontos → 1.4070 km (Haversine)

🚙 Veículo: SUMO_carro_1000
   Modelo: HBEFA4/PC_petrol_Euro-6ab
   Segmentos: 131
   📏 Distância: 1.410 km (city: 1.410, highway: 0.000)
   ⛽ Combustível: 12.456 l
   🏭 CO2 real: 28774.3 g
   🎯 CO2 meta: 271.4 g
   📊 Delta: -28502.9 g
   💰 Valor E1: R$ -1.4251
   🧭 Tentativas map matching: 133

   🔑 OFFSET DETERMINÍSTICO (x=0.005550929777383829°, y=0.01479191728298283°, max=2.0km):
   📍 Start Original:  (40.775644, -73.960687)
   🔒 Start Protegido: (40.781269, -73.945988) ✓ 1.39 km | ✓ MAP MATCHED
   📏 Deslocamento final: 1388.4 metros
   📍 End Original:    (40.772974, -73.962198)
   🔒 End Protegido:   (40.778746, -73.947779) ✓ 1.39 km | ✓ MAP MATCHED
   📏 Deslocamento final: 1375.0 metros

   📐 ANÁLISE DE DISTÂNCIA DO TRAJETO (HAVERSINE DOS PONTOS ARMAZENADOS):
   ✨ 101 pontos privados duplicados foram separados para garantir visualização 1:1.
   ℹ️  Dica: use --debug-map-matching para ver tentativas detalhadas de re-snap.
   🔢 Pontos unicos original/offset: 130/30 (Δ -100, -76.9% )
   📍 Trajeto original: 1.405 km (linha reta entre pontos GPS)
   🔒 Trajeto com offset: 1.407 km (linha reta entre pontos COM snap)
   📊 Diferença: +0.001 km (+0.1%)

======================================================================
📊 ESTATÍSTICAS FINAIS
======================================================================
Viagens processadas: 1
Distância total: 1.41 km
Combustível total: 12.46 l
CO2 real total: 28774.3 g
CO2 meta total: 271.4 g
Delta CO2: -28502.9 g
Valor E1 total: R$ -1.43

💰 Créditos: R$ 0.00
💸 Débitos: R$ 1.43
📈 Saldo líquido: R$ -1.43

🗺️  MAP MATCHING:
   Pontos processados: 131
   Snaps tentados: 131 (100.0%)
   Snaps bem-sucedidos: 131 (100.0%)
   Snaps forçados (>100m): 131 (100.0%)
   ✅ TODOS os pontos estão em ruas (FORCE_SNAP=True)
======================================================================

💾 Dados agregados salvos em: ../data/offset_batch/vehicles_step_sim_5/run_033.csv
[csv-worker_5] [vehicles_step_sim_5] ===== LOG RUN 033 FIM =====

[csv-worker_5] [vehicles_step_sim_5] ===== LOG RUN 034 INICIO =====
======================================================================
🚗 PROCESSAMENTO SUMO → E1 REGISTRY (OFFSET ALEATÓRIO - veh0)
======================================================================
📄 Entrada: ../data/vehicles_step_sim_5.csv
🏭 Consumo fabricante: 12.0 km/l
💰 Preço carbono: R$ 50.0/ton
⭕ Raio máximo do offset aleatório: 2.0 km
🎲 Offset gerado aleatoriamente:
   Ângulo: 261.2°
   Distância: 1.7532 km
   offset_x (lat): -0.002407°  |  offset_y (lon): -0.015564°
📊 Row stepping: Processando todas as linhas
🗺️  Map matching: ATIVADO (raio 1500m) - pontos snapped para ruas
📐 Cálculo de distância: HAVERSINE PURO dos pontos COM snap (consistência)
======================================================================

📊 Carregando dados SUMO...
   Total de registros no arquivo: 337
   Veículos únicos: 1
   🚙 Vehicle selecionado: carro_1000

🔄 Agregando viagens por vehicle_id...
  📐 SUMO_carro_1000: Calculando distâncias com Haversine direto (SEM routing API)
      Original: 301 pontos → 3.1480 km (Haversine)
      Offset:   301 pontos → 2.9465 km (Haversine)

🚙 Veículo: SUMO_carro_1000
   Modelo: HBEFA4/PC_petrol_Euro-6ab
   Segmentos: 301
   📏 Distância: 3.159 km (city: 3.020, highway: 0.139)
   ⛽ Combustível: 51.224 l
   🏭 CO2 real: 118326.7 g
   🎯 CO2 meta: 608.1 g
   📊 Delta: -117718.6 g
   💰 Valor E1: R$ -5.8859
   🧭 Tentativas map matching: 303

   🔑 OFFSET DETERMINÍSTICO (x=-0.002189534740295714°, y=-0.01414192872690371°, max=2.0km):
   📍 Start Original:  (40.775644, -73.960687)
   🔒 Start Protegido: (40.774350, -73.977334) ✓ 1.22 km | ✓ MAP MATCHED
   📏 Deslocamento final: 1410.7 metros
   📍 End Original:    (40.771236, -73.963813)
   🔒 End Protegido:   (40.770196, -73.980372) ✓ 1.22 km | ✓ MAP MATCHED
   📏 Deslocamento final: 1400.8 metros

   📐 ANÁLISE DE DISTÂNCIA DO TRAJETO (HAVERSINE DOS PONTOS ARMAZENADOS):
   ✨ 282 pontos privados duplicados foram separados para garantir visualização 1:1.
   ℹ️  Dica: use --debug-map-matching para ver tentativas detalhadas de re-snap.
   🔢 Pontos unicos original/offset: 301/19 (Δ -282, -93.7% )
   📍 Trajeto original: 3.148 km (linha reta entre pontos GPS)
   🔒 Trajeto com offset: 2.946 km (linha reta entre pontos COM snap)
   📊 Diferença: -0.202 km (-6.4%)

======================================================================
📊 ESTATÍSTICAS FINAIS
======================================================================
Viagens processadas: 1
Distância total: 3.16 km
Combustível total: 51.22 l
CO2 real total: 118326.7 g
CO2 meta total: 608.1 g
Delta CO2: -117718.6 g
Valor E1 total: R$ -5.89

💰 Créditos: R$ 0.00
💸 Débitos: R$ 5.89
📈 Saldo líquido: R$ -5.89

🗺️  MAP MATCHING:
   Pontos processados: 301
   Snaps tentados: 301 (100.0%)
   Snaps bem-sucedidos: 301 (100.0%)
   Snaps forçados (>100m): 301 (100.0%)
   ✅ TODOS os pontos estão em ruas (FORCE_SNAP=True)
======================================================================

💾 Dados agregados salvos em: ../data/offset_batch/vehicles_step_sim_5/run_034.csv
[csv-worker_5] [vehicles_step_sim_5] ===== LOG RUN 034 FIM =====

[csv-worker_5] [vehicles_step_sim_5] ===== LOG RUN 035 INICIO =====
======================================================================
🚗 PROCESSAMENTO SUMO → E1 REGISTRY (OFFSET ALEATÓRIO - veh0)
======================================================================
📄 Entrada: ../data/vehicles_step_sim_5.csv
🏭 Consumo fabricante: 12.0 km/l
💰 Preço carbono: R$ 50.0/ton
⭕ Raio máximo do offset aleatório: 2.0 km
🎲 Offset gerado aleatoriamente:
   Ângulo: 277.5°
   Distância: 1.5077 km
   offset_x (lat): 0.001763°  |  offset_y (lon): -0.013429°
📊 Row stepping: Processando todas as linhas
🗺️  Map matching: ATIVADO (raio 1500m) - pontos snapped para ruas
📐 Cálculo de distância: HAVERSINE PURO dos pontos COM snap (consistência)
======================================================================

📊 Carregando dados SUMO...
   Total de registros no arquivo: 337
   Veículos únicos: 1
   🚙 Vehicle selecionado: carro_1000

🔄 Agregando viagens por vehicle_id...
  📐 SUMO_carro_1000: Calculando distâncias com Haversine direto (SEM routing API)
      Original: 301 pontos → 3.1480 km (Haversine)
      Offset:   301 pontos → 3.4829 km (Haversine)

🚙 Veículo: SUMO_carro_1000
   Modelo: HBEFA4/PC_petrol_Euro-6ab
   Segmentos: 301
   📏 Distância: 3.159 km (city: 3.020, highway: 0.139)
   ⛽ Combustível: 51.224 l
   🏭 CO2 real: 118326.7 g
   🎯 CO2 meta: 608.1 g
   📊 Delta: -117718.6 g
   💰 Valor E1: R$ -5.8859
   🧭 Tentativas map matching: 303

   🔑 OFFSET DETERMINÍSTICO (x=0.014741217397496904°, y=-0.009191123047469042°, max=2.0km):
   📍 Start Original:  (40.775644, -73.960687)
   🔒 Start Protegido: (40.790365, -73.969521) ✓ 1.81 km | ✓ MAP MATCHED
   📏 Deslocamento final: 1800.1 metros
   📍 End Original:    (40.771236, -73.963813)
   🔒 End Protegido:   (40.785863, -73.972809) ✓ 1.81 km | ✓ MAP MATCHED
   📏 Deslocamento final: 1796.2 metros

   📐 ANÁLISE DE DISTÂNCIA DO TRAJETO (HAVERSINE DOS PONTOS ARMAZENADOS):
   ✨ 267 pontos privados duplicados foram separados para garantir visualização 1:1.
   ℹ️  Dica: use --debug-map-matching para ver tentativas detalhadas de re-snap.
   🔢 Pontos unicos original/offset: 301/34 (Δ -267, -88.7% )
   📍 Trajeto original: 3.148 km (linha reta entre pontos GPS)
   🔒 Trajeto com offset: 3.483 km (linha reta entre pontos COM snap)
   📊 Diferença: +0.335 km (+10.6%)

======================================================================
📊 ESTATÍSTICAS FINAIS
======================================================================
Viagens processadas: 1
Distância total: 3.16 km
Combustível total: 51.22 l
CO2 real total: 118326.7 g
CO2 meta total: 608.1 g
Delta CO2: -117718.6 g
Valor E1 total: R$ -5.89

💰 Créditos: R$ 0.00
💸 Débitos: R$ 5.89
📈 Saldo líquido: R$ -5.89

🗺️  MAP MATCHING:
   Pontos processados: 301
   Snaps tentados: 301 (100.0%)
   Snaps bem-sucedidos: 301 (100.0%)
   Snaps forçados (>100m): 301 (100.0%)
   ✅ TODOS os pontos estão em ruas (FORCE_SNAP=True)
======================================================================

💾 Dados agregados salvos em: ../data/offset_batch/vehicles_step_sim_5/run_035.csv
[csv-worker_5] [vehicles_step_sim_5] ===== LOG RUN 035 FIM =====

[csv-worker_5] [vehicles_step_sim_5] ===== LOG RUN 036 INICIO =====
======================================================================
🚗 PROCESSAMENTO SUMO → E1 REGISTRY (OFFSET ALEATÓRIO - veh0)
======================================================================
📄 Entrada: ../data/vehicles_step_sim_5.csv
🏭 Consumo fabricante: 12.0 km/l
💰 Preço carbono: R$ 50.0/ton
⭕ Raio máximo do offset aleatório: 2.0 km
🎲 Offset gerado aleatoriamente:
   Ângulo: 175.5°
   Distância: 0.4936 km
   offset_x (lat): -0.004420°  |  offset_y (lon): 0.000346°
📊 Row stepping: Processando todas as linhas
🗺️  Map matching: ATIVADO (raio 1500m) - pontos snapped para ruas
📐 Cálculo de distância: HAVERSINE PURO dos pontos COM snap (consistência)
======================================================================

📊 Carregando dados SUMO...
   Total de registros no arquivo: 337
   Veículos únicos: 1
   🚙 Vehicle selecionado: carro_1000

🔄 Agregando viagens por vehicle_id...
  📐 SUMO_carro_1000: Calculando distâncias com Haversine direto (SEM routing API)
      Original: 324 pontos → 3.1629 km (Haversine)
      Offset:   324 pontos → 3.3532 km (Haversine)

🚙 Veículo: SUMO_carro_1000
   Modelo: HBEFA4/PC_petrol_Euro-6ab
   Segmentos: 324
   📏 Distância: 3.166 km (city: 3.024, highway: 0.142)
   ⛽ Combustível: 49.530 l
   🏭 CO2 real: 114414.1 g
   🎯 CO2 meta: 609.4 g
   📊 Delta: -113804.6 g
   💰 Valor E1: R$ -5.6902
   🧭 Tentativas map matching: 326

   🔑 OFFSET DETERMINÍSTICO (x=0.009899432666262935°, y=0.006850841133746652°, max=2.0km):
   📍 Start Original:  (40.775644, -73.960687)
   🔒 Start Protegido: (40.785333, -73.953708) ✓ 1.24 km | ✓ MAP MATCHED
   📏 Deslocamento final: 1228.7 metros
   📍 End Original:    (40.772251, -73.963071)
   🔒 End Protegido:   (40.782201, -73.955996) ✓ 1.24 km | ✓ MAP MATCHED
   📏 Deslocamento final: 1258.0 metros

   📐 ANÁLISE DE DISTÂNCIA DO TRAJETO (HAVERSINE DOS PONTOS ARMAZENADOS):
   ✨ 272 pontos privados duplicados foram separados para garantir visualização 1:1.
   ℹ️  Dica: use --debug-map-matching para ver tentativas detalhadas de re-snap.
   🔢 Pontos unicos original/offset: 324/52 (Δ -272, -84.0% )
   📍 Trajeto original: 3.163 km (linha reta entre pontos GPS)
   🔒 Trajeto com offset: 3.353 km (linha reta entre pontos COM snap)
   📊 Diferença: +0.190 km (+6.0%)

======================================================================
📊 ESTATÍSTICAS FINAIS
======================================================================
Viagens processadas: 1
Distância total: 3.17 km
Combustível total: 49.53 l
CO2 real total: 114414.1 g
CO2 meta total: 609.4 g
Delta CO2: -113804.6 g
Valor E1 total: R$ -5.69

💰 Créditos: R$ 0.00
💸 Débitos: R$ 5.69
📈 Saldo líquido: R$ -5.69

🗺️  MAP MATCHING:
   Pontos processados: 324
   Snaps tentados: 324 (100.0%)
   Snaps bem-sucedidos: 324 (100.0%)
   Snaps forçados (>100m): 324 (100.0%)
   ✅ TODOS os pontos estão em ruas (FORCE_SNAP=True)
======================================================================

💾 Dados agregados salvos em: ../data/offset_batch/vehicles_step_sim_5/run_036.csv
[csv-worker_5] [vehicles_step_sim_5] ===== LOG RUN 036 FIM =====

[csv-worker_5] [vehicles_step_sim_5] ===== LOG RUN 037 INICIO =====
======================================================================
🚗 PROCESSAMENTO SUMO → E1 REGISTRY (OFFSET ALEATÓRIO - veh0)
======================================================================
📄 Entrada: ../data/vehicles_step_sim_5.csv
🏭 Consumo fabricante: 12.0 km/l
💰 Preço carbono: R$ 50.0/ton
⭕ Raio máximo do offset aleatório: 2.0 km
🎲 Offset gerado aleatoriamente:
   Ângulo: 74.5°
   Distância: 1.3339 km
   offset_x (lat): 0.003210°  |  offset_y (lon): 0.011545°
📊 Row stepping: Processando todas as linhas
🗺️  Map matching: ATIVADO (raio 1500m) - pontos snapped para ruas
📐 Cálculo de distância: HAVERSINE PURO dos pontos COM snap (consistência)
======================================================================

📊 Carregando dados SUMO...
   Total de registros no arquivo: 337
   Veículos únicos: 1
   🚙 Vehicle selecionado: carro_1000

🔄 Agregando viagens por vehicle_id...
  📐 SUMO_carro_1000: Calculando distâncias com Haversine direto (SEM routing API)
      Original: 155 pontos → 1.4242 km (Haversine)
      Offset:   155 pontos → 1.8315 km (Haversine)

🚙 Veículo: SUMO_carro_1000
   Modelo: HBEFA4/PC_petrol_Euro-6ab
   Segmentos: 155
   📏 Distância: 1.424 km (city: 1.424, highway: 0.000)
   ⛽ Combustível: 10.127 l
   🏭 CO2 real: 23393.7 g
   🎯 CO2 meta: 274.2 g
   📊 Delta: -23119.5 g
   💰 Valor E1: R$ -1.1560
   🧭 Tentativas map matching: 157

   🔑 OFFSET DETERMINÍSTICO (x=-0.002060082680457052°, y=0.0061642401289245105°, max=2.0km):
   📍 Start Original:  (40.775644, -73.960687)
   🔒 Start Protegido: (40.773776, -73.954757) ✓ 0.57 km | ✓ MAP MATCHED
   📏 Deslocamento final: 541.4 metros
   📍 End Original:    (40.775671, -73.960433)
   🔒 End Protegido:   (40.773962, -73.954433) ✓ 0.57 km | ✓ MAP MATCHED
   📏 Deslocamento final: 540.4 metros

   📐 ANÁLISE DE DISTÂNCIA DO TRAJETO (HAVERSINE DOS PONTOS ARMAZENADOS):
   ✨ 129 pontos privados duplicados foram separados para garantir visualização 1:1.
   ℹ️  Dica: use --debug-map-matching para ver tentativas detalhadas de re-snap.
   🔢 Pontos unicos original/offset: 155/26 (Δ -129, -83.2% )
   📍 Trajeto original: 1.424 km (linha reta entre pontos GPS)
   🔒 Trajeto com offset: 1.831 km (linha reta entre pontos COM snap)
   📊 Diferença: +0.407 km (+28.6%)

======================================================================
📊 ESTATÍSTICAS FINAIS
======================================================================
Viagens processadas: 1
Distância total: 1.42 km
Combustível total: 10.13 l
CO2 real total: 23393.7 g
CO2 meta total: 274.2 g
Delta CO2: -23119.5 g
Valor E1 total: R$ -1.16

💰 Créditos: R$ 0.00
💸 Débitos: R$ 1.16
📈 Saldo líquido: R$ -1.16

🗺️  MAP MATCHING:
   Pontos processados: 155
   Snaps tentados: 155 (100.0%)
   Snaps bem-sucedidos: 155 (100.0%)
   Snaps forçados (>100m): 155 (100.0%)
   ✅ TODOS os pontos estão em ruas (FORCE_SNAP=True)
======================================================================

💾 Dados agregados salvos em: ../data/offset_batch/vehicles_step_sim_5/run_037.csv
[csv-worker_5] [vehicles_step_sim_5] ===== LOG RUN 037 FIM =====

[csv-worker_5] [vehicles_step_sim_5] ===== LOG RUN 038 INICIO =====
======================================================================
🚗 PROCESSAMENTO SUMO → E1 REGISTRY (OFFSET ALEATÓRIO - veh0)
======================================================================
📄 Entrada: ../data/vehicles_step_sim_5.csv
🏭 Consumo fabricante: 12.0 km/l
💰 Preço carbono: R$ 50.0/ton
⭕ Raio máximo do offset aleatório: 2.0 km
🎲 Offset gerado aleatoriamente:
   Ângulo: 337.3°
   Distância: 0.6857 km
   offset_x (lat): 0.005683°  |  offset_y (lon): -0.002376°
📊 Row stepping: Processando todas as linhas
🗺️  Map matching: ATIVADO (raio 1500m) - pontos snapped para ruas
📐 Cálculo de distância: HAVERSINE PURO dos pontos COM snap (consistência)
======================================================================

📊 Carregando dados SUMO...
   Total de registros no arquivo: 337
   Veículos únicos: 1
   🚙 Vehicle selecionado: carro_1000

🔄 Agregando viagens por vehicle_id...
  📐 SUMO_carro_1000: Calculando distâncias com Haversine direto (SEM routing API)
      Original: 131 pontos → 1.4055 km (Haversine)
      Offset:   131 pontos → 1.5002 km (Haversine)

🚙 Veículo: SUMO_carro_1000
   Modelo: HBEFA4/PC_petrol_Euro-6ab
   Segmentos: 131
   📏 Distância: 1.410 km (city: 1.410, highway: 0.000)
   ⛽ Combustível: 12.456 l
   🏭 CO2 real: 28774.3 g
   🎯 CO2 meta: 271.4 g
   📊 Delta: -28502.9 g
   💰 Valor E1: R$ -1.4251
   🧭 Tentativas map matching: 133

   🔑 OFFSET DETERMINÍSTICO (x=0.006075390712312636°, y=0.0041820987500503295°, max=2.0km):
   📍 Start Original:  (40.775644, -73.960687)
   🔒 Start Protegido: (40.781571, -73.956454) ✓ 0.76 km | ✓ MAP MATCHED
   📏 Deslocamento final: 750.1 metros
   📍 End Original:    (40.772974, -73.962198)
   🔒 End Protegido:   (40.778889, -73.958038) ✓ 0.76 km | ✓ MAP MATCHED
   📏 Deslocamento final: 746.0 metros

   📐 ANÁLISE DE DISTÂNCIA DO TRAJETO (HAVERSINE DOS PONTOS ARMAZENADOS):
   ✨ 103 pontos privados duplicados foram separados para garantir visualização 1:1.
   ℹ️  Dica: use --debug-map-matching para ver tentativas detalhadas de re-snap.
   🔢 Pontos unicos original/offset: 130/28 (Δ -102, -78.5% )
   📍 Trajeto original: 1.405 km (linha reta entre pontos GPS)
   🔒 Trajeto com offset: 1.500 km (linha reta entre pontos COM snap)
   📊 Diferença: +0.095 km (+6.7%)

======================================================================
📊 ESTATÍSTICAS FINAIS
======================================================================
Viagens processadas: 1
Distância total: 1.41 km
Combustível total: 12.46 l
CO2 real total: 28774.3 g
CO2 meta total: 271.4 g
Delta CO2: -28502.9 g
Valor E1 total: R$ -1.43

💰 Créditos: R$ 0.00
💸 Débitos: R$ 1.43
📈 Saldo líquido: R$ -1.43

🗺️  MAP MATCHING:
   Pontos processados: 131
   Snaps tentados: 131 (100.0%)
   Snaps bem-sucedidos: 131 (100.0%)
   Snaps forçados (>100m): 131 (100.0%)
   ✅ TODOS os pontos estão em ruas (FORCE_SNAP=True)
======================================================================

💾 Dados agregados salvos em: ../data/offset_batch/vehicles_step_sim_5/run_038.csv
[csv-worker_5] [vehicles_step_sim_5] ===== LOG RUN 038 FIM =====

[csv-worker_5] [vehicles_step_sim_5] ===== LOG RUN 039 INICIO =====
======================================================================
🚗 PROCESSAMENTO SUMO → E1 REGISTRY (OFFSET ALEATÓRIO - veh0)
======================================================================
📄 Entrada: ../data/vehicles_step_sim_5.csv
🏭 Consumo fabricante: 12.0 km/l
💰 Preço carbono: R$ 50.0/ton
⭕ Raio máximo do offset aleatório: 2.0 km
🎲 Offset gerado aleatoriamente:
   Ângulo: 297.7°
   Distância: 0.1056 km
   offset_x (lat): 0.000441°  |  offset_y (lon): -0.000840°
📊 Row stepping: Processando todas as linhas
🗺️  Map matching: ATIVADO (raio 1500m) - pontos snapped para ruas
📐 Cálculo de distância: HAVERSINE PURO dos pontos COM snap (consistência)
======================================================================

📊 Carregando dados SUMO...
   Total de registros no arquivo: 337
   Veículos únicos: 1
   🚙 Vehicle selecionado: carro_1000

🔄 Agregando viagens por vehicle_id...
  📐 SUMO_carro_1000: Calculando distâncias com Haversine direto (SEM routing API)
      Original: 324 pontos → 3.1629 km (Haversine)
      Offset:   324 pontos → 3.3394 km (Haversine)

🚙 Veículo: SUMO_carro_1000
   Modelo: HBEFA4/PC_petrol_Euro-6ab
   Segmentos: 324
   📏 Distância: 3.166 km (city: 3.024, highway: 0.142)
   ⛽ Combustível: 49.530 l
   🏭 CO2 real: 114414.1 g
   🎯 CO2 meta: 609.4 g
   📊 Delta: -113804.6 g
   💰 Valor E1: R$ -5.6902
   🧭 Tentativas map matching: 326

   🔑 OFFSET DETERMINÍSTICO (x=-0.003500634978766544°, y=0.006700039177865559°, max=2.0km):
   📍 Start Original:  (40.775644, -73.960687)
   🔒 Start Protegido: (40.771713, -73.953324) ✓ 0.69 km | ✓ MAP MATCHED
   📏 Deslocamento final: 759.4 metros
   📍 End Original:    (40.772251, -73.963071)
   🔒 End Protegido:   (40.768543, -73.955636) ✓ 0.69 km | ✓ MAP MATCHED
   📏 Deslocamento final: 750.5 metros

   📐 ANÁLISE DE DISTÂNCIA DO TRAJETO (HAVERSINE DOS PONTOS ARMAZENADOS):
   ✨ 278 pontos privados duplicados foram separados para garantir visualização 1:1.
   ℹ️  Dica: use --debug-map-matching para ver tentativas detalhadas de re-snap.
   🔢 Pontos unicos original/offset: 324/46 (Δ -278, -85.8% )
   📍 Trajeto original: 3.163 km (linha reta entre pontos GPS)
   🔒 Trajeto com offset: 3.339 km (linha reta entre pontos COM snap)
   📊 Diferença: +0.176 km (+5.6%)

======================================================================
📊 ESTATÍSTICAS FINAIS
======================================================================
Viagens processadas: 1
Distância total: 3.17 km
Combustível total: 49.53 l
CO2 real total: 114414.1 g
CO2 meta total: 609.4 g
Delta CO2: -113804.6 g
Valor E1 total: R$ -5.69

💰 Créditos: R$ 0.00
💸 Débitos: R$ 5.69
📈 Saldo líquido: R$ -5.69

🗺️  MAP MATCHING:
   Pontos processados: 324
   Snaps tentados: 324 (100.0%)
   Snaps bem-sucedidos: 324 (100.0%)
   Snaps forçados (>100m): 324 (100.0%)
   ✅ TODOS os pontos estão em ruas (FORCE_SNAP=True)
======================================================================

💾 Dados agregados salvos em: ../data/offset_batch/vehicles_step_sim_5/run_039.csv
[csv-worker_5] [vehicles_step_sim_5] ===== LOG RUN 039 FIM =====

[csv-worker_5] [vehicles_step_sim_5] ===== LOG RUN 040 INICIO =====
======================================================================
🚗 PROCESSAMENTO SUMO → E1 REGISTRY (OFFSET ALEATÓRIO - veh0)
======================================================================
📄 Entrada: ../data/vehicles_step_sim_5.csv
🏭 Consumo fabricante: 12.0 km/l
💰 Preço carbono: R$ 50.0/ton
⭕ Raio máximo do offset aleatório: 2.0 km
🎲 Offset gerado aleatoriamente:
   Ângulo: 227.0°
   Distância: 0.9336 km
   offset_x (lat): -0.005722°  |  offset_y (lon): -0.006132°
📊 Row stepping: Processando todas as linhas
🗺️  Map matching: ATIVADO (raio 1500m) - pontos snapped para ruas
📐 Cálculo de distância: HAVERSINE PURO dos pontos COM snap (consistência)
======================================================================

📊 Carregando dados SUMO...
   Total de registros no arquivo: 337
   Veículos únicos: 1
   🚙 Vehicle selecionado: carro_1000

🔄 Agregando viagens por vehicle_id...
  📐 SUMO_carro_1000: Calculando distâncias com Haversine direto (SEM routing API)
      Original: 324 pontos → 3.1629 km (Haversine)
      Offset:   324 pontos → 3.3906 km (Haversine)

🚙 Veículo: SUMO_carro_1000
   Modelo: HBEFA4/PC_petrol_Euro-6ab
   Segmentos: 324
   📏 Distância: 3.166 km (city: 3.024, highway: 0.142)
   ⛽ Combustível: 49.530 l
   🏭 CO2 real: 114414.1 g
   🎯 CO2 meta: 609.4 g
   📊 Delta: -113804.6 g
   💰 Valor E1: R$ -5.6902
   🧭 Tentativas map matching: 326

   🔑 OFFSET DETERMINÍSTICO (x=0.008081986799167773°, y=-0.012356487100553842°, max=2.0km):
   📍 Start Original:  (40.775644, -73.960687)
   🔒 Start Protegido: (40.783857, -73.973932) ✓ 1.38 km | ✓ MAP MATCHED
   📏 Deslocamento final: 1443.1 metros
   📍 End Original:    (40.772251, -73.963071)
   🔒 End Protegido:   (40.780190, -73.975245) ✓ 1.38 km | ✓ MAP MATCHED
   📏 Deslocamento final: 1354.5 metros

   📐 ANÁLISE DE DISTÂNCIA DO TRAJETO (HAVERSINE DOS PONTOS ARMAZENADOS):
   ✨ 276 pontos privados duplicados foram separados para garantir visualização 1:1.
   ℹ️  Dica: use --debug-map-matching para ver tentativas detalhadas de re-snap.
   🔢 Pontos unicos original/offset: 324/48 (Δ -276, -85.2% )
   📍 Trajeto original: 3.163 km (linha reta entre pontos GPS)
   🔒 Trajeto com offset: 3.391 km (linha reta entre pontos COM snap)
   📊 Diferença: +0.228 km (+7.2%)

======================================================================
📊 ESTATÍSTICAS FINAIS
======================================================================
Viagens processadas: 1
Distância total: 3.17 km
Combustível total: 49.53 l
CO2 real total: 114414.1 g
CO2 meta total: 609.4 g
Delta CO2: -113804.6 g
Valor E1 total: R$ -5.69

💰 Créditos: R$ 0.00
💸 Débitos: R$ 5.69
📈 Saldo líquido: R$ -5.69

🗺️  MAP MATCHING:
   Pontos processados: 324
   Snaps tentados: 324 (100.0%)
   Snaps bem-sucedidos: 324 (100.0%)
   Snaps forçados (>100m): 324 (100.0%)
   ✅ TODOS os pontos estão em ruas (FORCE_SNAP=True)
======================================================================

💾 Dados agregados salvos em: ../data/offset_batch/vehicles_step_sim_5/run_040.csv
[csv-worker_5] [vehicles_step_sim_5] ===== LOG RUN 040 FIM =====

[csv-worker_5] [vehicles_step_sim_5] ===== LOG RUN 041 INICIO =====
======================================================================
🚗 PROCESSAMENTO SUMO → E1 REGISTRY (OFFSET ALEATÓRIO - veh0)
======================================================================
📄 Entrada: ../data/vehicles_step_sim_5.csv
🏭 Consumo fabricante: 12.0 km/l
💰 Preço carbono: R$ 50.0/ton
⭕ Raio máximo do offset aleatório: 2.0 km
🎲 Offset gerado aleatoriamente:
   Ângulo: 156.1°
   Distância: 1.0541 km
   offset_x (lat): -0.008660°  |  offset_y (lon): 0.003829°
📊 Row stepping: Processando todas as linhas
🗺️  Map matching: ATIVADO (raio 1500m) - pontos snapped para ruas
📐 Cálculo de distância: HAVERSINE PURO dos pontos COM snap (consistência)
======================================================================

📊 Carregando dados SUMO...
   Total de registros no arquivo: 337
   Veículos únicos: 1
   🚙 Vehicle selecionado: carro_1000

🔄 Agregando viagens por vehicle_id...
  📐 SUMO_carro_1000: Calculando distâncias com Haversine direto (SEM routing API)
      Original: 299 pontos → 3.0526 km (Haversine)
      Offset:   299 pontos → 3.8267 km (Haversine)

🚙 Veículo: SUMO_carro_1000
   Modelo: HBEFA4/PC_petrol_Euro-6ab
   Segmentos: 299
   📏 Distância: 3.060 km (city: 3.060, highway: 0.000)
   ⛽ Combustível: 48.384 l
   🏭 CO2 real: 111766.0 g
   🎯 CO2 meta: 589.0 g
   📊 Delta: -111177.0 g
   💰 Valor E1: R$ -5.5588
   🧭 Tentativas map matching: 301

   🔑 OFFSET DETERMINÍSTICO (x=0.011445954099998676°, y=0.011496527996288116°, max=2.0km):
   📍 Start Original:  (40.775644, -73.960687)
   🔒 Start Protegido: (40.787149, -73.949898) ✓ 1.60 km | ✓ MAP MATCHED
   📏 Deslocamento final: 1570.8 metros
   📍 End Original:    (40.774198, -73.961141)
   🔒 End Protegido:   (40.785391, -73.949778) ✓ 1.60 km | ✓ MAP MATCHED
   📏 Deslocamento final: 1571.7 metros

   📐 ANÁLISE DE DISTÂNCIA DO TRAJETO (HAVERSINE DOS PONTOS ARMAZENADOS):
   ✨ 265 pontos privados duplicados foram separados para garantir visualização 1:1.
   ℹ️  Dica: use --debug-map-matching para ver tentativas detalhadas de re-snap.
   🔢 Pontos unicos original/offset: 299/34 (Δ -265, -88.6% )
   📍 Trajeto original: 3.053 km (linha reta entre pontos GPS)
   🔒 Trajeto com offset: 3.827 km (linha reta entre pontos COM snap)
   📊 Diferença: +0.774 km (+25.4%)

======================================================================
📊 ESTATÍSTICAS FINAIS
======================================================================
Viagens processadas: 1
Distância total: 3.06 km
Combustível total: 48.38 l
CO2 real total: 111766.0 g
CO2 meta total: 589.0 g
Delta CO2: -111177.0 g
Valor E1 total: R$ -5.56

💰 Créditos: R$ 0.00
💸 Débitos: R$ 5.56
📈 Saldo líquido: R$ -5.56

🗺️  MAP MATCHING:
   Pontos processados: 299
   Snaps tentados: 299 (100.0%)
   Snaps bem-sucedidos: 299 (100.0%)
   Snaps forçados (>100m): 299 (100.0%)
   ✅ TODOS os pontos estão em ruas (FORCE_SNAP=True)
======================================================================

💾 Dados agregados salvos em: ../data/offset_batch/vehicles_step_sim_5/run_041.csv
[csv-worker_5] [vehicles_step_sim_5] ===== LOG RUN 041 FIM =====

[csv-worker_5] [vehicles_step_sim_5] ===== LOG RUN 042 INICIO =====
======================================================================
🚗 PROCESSAMENTO SUMO → E1 REGISTRY (OFFSET ALEATÓRIO - veh0)
======================================================================
📄 Entrada: ../data/vehicles_step_sim_5.csv
🏭 Consumo fabricante: 12.0 km/l
💰 Preço carbono: R$ 50.0/ton
⭕ Raio máximo do offset aleatório: 2.0 km
🎲 Offset gerado aleatoriamente:
   Ângulo: 334.6°
   Distância: 1.3797 km
   offset_x (lat): 0.011192°  |  offset_y (lon): -0.005324°
📊 Row stepping: Processando todas as linhas
🗺️  Map matching: ATIVADO (raio 1500m) - pontos snapped para ruas
📐 Cálculo de distância: HAVERSINE PURO dos pontos COM snap (consistência)
======================================================================

📊 Carregando dados SUMO...
   Total de registros no arquivo: 337
   Veículos únicos: 1
   🚙 Vehicle selecionado: carro_1000

🔄 Agregando viagens por vehicle_id...
  📐 SUMO_carro_1000: Calculando distâncias com Haversine direto (SEM routing API)
      Original: 301 pontos → 3.1480 km (Haversine)
      Offset:   301 pontos → 3.5585 km (Haversine)

🚙 Veículo: SUMO_carro_1000
   Modelo: HBEFA4/PC_petrol_Euro-6ab
   Segmentos: 301
   📏 Distância: 3.159 km (city: 3.020, highway: 0.139)
   ⛽ Combustível: 51.224 l
   🏭 CO2 real: 118326.7 g
   🎯 CO2 meta: 608.1 g
   📊 Delta: -117718.6 g
   💰 Valor E1: R$ -5.8859
   🧭 Tentativas map matching: 303

   🔑 OFFSET DETERMINÍSTICO (x=-0.007679567299654723°, y=-0.015014507730848886°, max=2.0km):
   📍 Start Original:  (40.775644, -73.960687)
   🔒 Start Protegido: (40.769487, -73.974092) ✓ 1.53 km | ✓ MAP MATCHED
   📏 Deslocamento final: 1321.6 metros
   📍 End Original:    (40.771236, -73.963813)
   🔒 End Protegido:   (40.763501, -73.979231) ✓ 1.53 km | ✓ MAP MATCHED
   📏 Deslocamento final: 1559.2 metros

   📐 ANÁLISE DE DISTÂNCIA DO TRAJETO (HAVERSINE DOS PONTOS ARMAZENADOS):
   ✨ 272 pontos privados duplicados foram separados para garantir visualização 1:1.
   ℹ️  Dica: use --debug-map-matching para ver tentativas detalhadas de re-snap.
   🔢 Pontos unicos original/offset: 301/29 (Δ -272, -90.4% )
   📍 Trajeto original: 3.148 km (linha reta entre pontos GPS)
   🔒 Trajeto com offset: 3.558 km (linha reta entre pontos COM snap)
   📊 Diferença: +0.411 km (+13.0%)

======================================================================
📊 ESTATÍSTICAS FINAIS
======================================================================
Viagens processadas: 1
Distância total: 3.16 km
Combustível total: 51.22 l
CO2 real total: 118326.7 g
CO2 meta total: 608.1 g
Delta CO2: -117718.6 g
Valor E1 total: R$ -5.89

💰 Créditos: R$ 0.00
💸 Débitos: R$ 5.89
📈 Saldo líquido: R$ -5.89

🗺️  MAP MATCHING:
   Pontos processados: 301
   Snaps tentados: 301 (100.0%)
   Snaps bem-sucedidos: 301 (100.0%)
   Snaps forçados (>100m): 301 (100.0%)
   ✅ TODOS os pontos estão em ruas (FORCE_SNAP=True)
======================================================================

💾 Dados agregados salvos em: ../data/offset_batch/vehicles_step_sim_5/run_042.csv
[csv-worker_5] [vehicles_step_sim_5] ===== LOG RUN 042 FIM =====

[csv-worker_5] [vehicles_step_sim_5] ===== LOG RUN 043 INICIO =====
======================================================================
🚗 PROCESSAMENTO SUMO → E1 REGISTRY (OFFSET ALEATÓRIO - veh0)
======================================================================
📄 Entrada: ../data/vehicles_step_sim_5.csv
🏭 Consumo fabricante: 12.0 km/l
💰 Preço carbono: R$ 50.0/ton
⭕ Raio máximo do offset aleatório: 2.0 km
🎲 Offset gerado aleatoriamente:
   Ângulo: 342.5°
   Distância: 0.4276 km
   offset_x (lat): 0.003663°  |  offset_y (lon): -0.001156°
📊 Row stepping: Processando todas as linhas
🗺️  Map matching: ATIVADO (raio 1500m) - pontos snapped para ruas
📐 Cálculo de distância: HAVERSINE PURO dos pontos COM snap (consistência)
======================================================================

📊 Carregando dados SUMO...
   Total de registros no arquivo: 337
   Veículos únicos: 1
   🚙 Vehicle selecionado: carro_1000

🔄 Agregando viagens por vehicle_id...
  📐 SUMO_carro_1000: Calculando distâncias com Haversine direto (SEM routing API)
      Original: 312 pontos → 3.1845 km (Haversine)
      Offset:   312 pontos → 3.2695 km (Haversine)

🚙 Veículo: SUMO_carro_1000
   Modelo: HBEFA4/PC_petrol_Euro-6ab
   Segmentos: 312
   📏 Distância: 3.190 km (city: 2.602, highway: 0.587)
   ⛽ Combustível: 54.577 l
   🏭 CO2 real: 126071.8 g
   🎯 CO2 meta: 614.1 g
   📊 Delta: -125457.8 g
   💰 Valor E1: R$ -6.2729
   🧭 Tentativas map matching: 314

   🔑 OFFSET DETERMINÍSTICO (x=-0.005987895778338781°, y=0.010877543096296627°, max=2.0km):
   📍 Start Original:  (40.775644, -73.960687)
   🔒 Start Protegido: (40.769769, -73.949686) ✓ 1.13 km | ✓ MAP MATCHED
   📏 Deslocamento final: 1134.8 metros
   📍 End Original:    (40.771637, -73.963520)
   🔒 End Protegido:   (40.765532, -73.952727) ✓ 1.13 km | ✓ MAP MATCHED
   📏 Deslocamento final: 1135.7 metros

   📐 ANÁLISE DE DISTÂNCIA DO TRAJETO (HAVERSINE DOS PONTOS ARMAZENADOS):
   ✨ 272 pontos privados duplicados foram separados para garantir visualização 1:1.
   ℹ️  Dica: use --debug-map-matching para ver tentativas detalhadas de re-snap.
   🔢 Pontos unicos original/offset: 312/40 (Δ -272, -87.2% )
   📍 Trajeto original: 3.185 km (linha reta entre pontos GPS)
   🔒 Trajeto com offset: 3.269 km (linha reta entre pontos COM snap)
   📊 Diferença: +0.085 km (+2.7%)

======================================================================
📊 ESTATÍSTICAS FINAIS
======================================================================
Viagens processadas: 1
Distância total: 3.19 km
Combustível total: 54.58 l
CO2 real total: 126071.8 g
CO2 meta total: 614.1 g
Delta CO2: -125457.8 g
Valor E1 total: R$ -6.27

💰 Créditos: R$ 0.00
💸 Débitos: R$ 6.27
📈 Saldo líquido: R$ -6.27

🗺️  MAP MATCHING:
   Pontos processados: 312
   Snaps tentados: 312 (100.0%)
   Snaps bem-sucedidos: 312 (100.0%)
   Snaps forçados (>100m): 312 (100.0%)
   ✅ TODOS os pontos estão em ruas (FORCE_SNAP=True)
======================================================================

💾 Dados agregados salvos em: ../data/offset_batch/vehicles_step_sim_5/run_043.csv
[csv-worker_5] [vehicles_step_sim_5] ===== LOG RUN 043 FIM =====

[csv-worker_5] [vehicles_step_sim_5] ===== LOG RUN 044 INICIO =====
======================================================================
🚗 PROCESSAMENTO SUMO → E1 REGISTRY (OFFSET ALEATÓRIO - veh0)
======================================================================
📄 Entrada: ../data/vehicles_step_sim_5.csv
🏭 Consumo fabricante: 12.0 km/l
💰 Preço carbono: R$ 50.0/ton
⭕ Raio máximo do offset aleatório: 2.0 km
🎲 Offset gerado aleatoriamente:
   Ângulo: 66.3°
   Distância: 1.3814 km
   offset_x (lat): 0.004996°  |  offset_y (lon): 0.011359°
📊 Row stepping: Processando todas as linhas
🗺️  Map matching: ATIVADO (raio 1500m) - pontos snapped para ruas
📐 Cálculo de distância: HAVERSINE PURO dos pontos COM snap (consistência)
======================================================================

📊 Carregando dados SUMO...
   Total de registros no arquivo: 337
   Veículos únicos: 1
   🚙 Vehicle selecionado: carro_1000

🔄 Agregando viagens por vehicle_id...
  📐 SUMO_carro_1000: Calculando distâncias com Haversine direto (SEM routing API)
      Original: 312 pontos → 3.1845 km (Haversine)
      Offset:   312 pontos → 3.6146 km (Haversine)

🚙 Veículo: SUMO_carro_1000
   Modelo: HBEFA4/PC_petrol_Euro-6ab
   Segmentos: 312
   📏 Distância: 3.190 km (city: 2.602, highway: 0.587)
   ⛽ Combustível: 54.577 l
   🏭 CO2 real: 126071.8 g
   🎯 CO2 meta: 614.1 g
   📊 Delta: -125457.8 g
   💰 Valor E1: R$ -6.2729
   🧭 Tentativas map matching: 314

   🔑 OFFSET DETERMINÍSTICO (x=-0.013142913479372062°, y=-0.008105397942876028°, max=2.0km):
   📍 Start Original:  (40.775644, -73.960687)
   🔒 Start Protegido: (40.762271, -73.968294) ✓ 1.61 km | ✓ MAP MATCHED
   📏 Deslocamento final: 1620.9 metros
   📍 End Original:    (40.771637, -73.963520)
   🔒 End Protegido:   (40.758685, -73.971726) ✓ 1.61 km | ✓ MAP MATCHED
   📏 Deslocamento final: 1599.2 metros

   📐 ANÁLISE DE DISTÂNCIA DO TRAJETO (HAVERSINE DOS PONTOS ARMAZENADOS):
   ✨ 265 pontos privados duplicados foram separados para garantir visualização 1:1.
   ℹ️  Dica: use --debug-map-matching para ver tentativas detalhadas de re-snap.
   🔢 Pontos unicos original/offset: 312/47 (Δ -265, -84.9% )
   📍 Trajeto original: 3.185 km (linha reta entre pontos GPS)
   🔒 Trajeto com offset: 3.615 km (linha reta entre pontos COM snap)
   📊 Diferença: +0.430 km (+13.5%)

======================================================================
📊 ESTATÍSTICAS FINAIS
======================================================================
Viagens processadas: 1
Distância total: 3.19 km
Combustível total: 54.58 l
CO2 real total: 126071.8 g
CO2 meta total: 614.1 g
Delta CO2: -125457.8 g
Valor E1 total: R$ -6.27

💰 Créditos: R$ 0.00
💸 Débitos: R$ 6.27
📈 Saldo líquido: R$ -6.27

🗺️  MAP MATCHING:
   Pontos processados: 312
   Snaps tentados: 312 (100.0%)
   Snaps bem-sucedidos: 312 (100.0%)
   Snaps forçados (>100m): 312 (100.0%)
   ✅ TODOS os pontos estão em ruas (FORCE_SNAP=True)
======================================================================

💾 Dados agregados salvos em: ../data/offset_batch/vehicles_step_sim_5/run_044.csv
[csv-worker_5] [vehicles_step_sim_5] ===== LOG RUN 044 FIM =====

[csv-worker_5] [vehicles_step_sim_5] ===== LOG RUN 045 INICIO =====
======================================================================
🚗 PROCESSAMENTO SUMO → E1 REGISTRY (OFFSET ALEATÓRIO - veh0)
======================================================================
📄 Entrada: ../data/vehicles_step_sim_5.csv
🏭 Consumo fabricante: 12.0 km/l
💰 Preço carbono: R$ 50.0/ton
⭕ Raio máximo do offset aleatório: 2.0 km
🎲 Offset gerado aleatoriamente:
   Ângulo: 232.9°
   Distância: 0.3944 km
   offset_x (lat): -0.002137°  |  offset_y (lon): -0.002825°
📊 Row stepping: Processando todas as linhas
🗺️  Map matching: ATIVADO (raio 1500m) - pontos snapped para ruas
📐 Cálculo de distância: HAVERSINE PURO dos pontos COM snap (consistência)
======================================================================

📊 Carregando dados SUMO...
   Total de registros no arquivo: 337
   Veículos únicos: 1
   🚙 Vehicle selecionado: carro_1000

🔄 Agregando viagens por vehicle_id...
  📐 SUMO_carro_1000: Calculando distâncias com Haversine direto (SEM routing API)
      Original: 222 pontos → 1.9688 km (Haversine)
      Offset:   222 pontos → 1.5831 km (Haversine)

🚙 Veículo: SUMO_carro_1000
   Modelo: HBEFA4/PC_petrol_Euro-6ab
   Segmentos: 222
   📏 Distância: 1.973 km (city: 1.973, highway: 0.000)
   ⛽ Combustível: 24.219 l
   🏭 CO2 real: 55946.2 g
   🎯 CO2 meta: 379.8 g
   📊 Delta: -55566.4 g
   💰 Valor E1: R$ -2.7783
   🧭 Tentativas map matching: 224

   🔑 OFFSET DETERMINÍSTICO (x=-0.008254759246915953°, y=0.0028605176808819146°, max=2.0km):
   📍 Start Original:  (40.775644, -73.960687)
   🔒 Start Protegido: (40.767191, -73.956627) ✓ 0.95 km | ✓ MAP MATCHED
   📏 Deslocamento final: 1001.3 metros
   📍 End Original:    (40.772651, -73.962544)
   🔒 End Protegido:   (40.764580, -73.960163) ✓ 0.95 km | ✓ MAP MATCHED
   📏 Deslocamento final: 920.6 metros

   📐 ANÁLISE DE DISTÂNCIA DO TRAJETO (HAVERSINE DOS PONTOS ARMAZENADOS):
   ✨ 204 pontos privados duplicados foram separados para garantir visualização 1:1.
   ℹ️  Dica: use --debug-map-matching para ver tentativas detalhadas de re-snap.
   🔢 Pontos unicos original/offset: 221/18 (Δ -203, -91.9% )
   📍 Trajeto original: 1.969 km (linha reta entre pontos GPS)
   🔒 Trajeto com offset: 1.583 km (linha reta entre pontos COM snap)
   📊 Diferença: -0.386 km (-19.6%)

======================================================================
📊 ESTATÍSTICAS FINAIS
======================================================================
Viagens processadas: 1
Distância total: 1.97 km
Combustível total: 24.22 l
CO2 real total: 55946.2 g
CO2 meta total: 379.8 g
Delta CO2: -55566.4 g
Valor E1 total: R$ -2.78

💰 Créditos: R$ 0.00
💸 Débitos: R$ 2.78
📈 Saldo líquido: R$ -2.78

🗺️  MAP MATCHING:
   Pontos processados: 222
   Snaps tentados: 222 (100.0%)
   Snaps bem-sucedidos: 222 (100.0%)
   Snaps forçados (>100m): 222 (100.0%)
   ✅ TODOS os pontos estão em ruas (FORCE_SNAP=True)
======================================================================

💾 Dados agregados salvos em: ../data/offset_batch/vehicles_step_sim_5/run_045.csv
[csv-worker_5] [vehicles_step_sim_5] ===== LOG RUN 045 FIM =====

[csv-worker_5] [vehicles_step_sim_5] ===== LOG RUN 046 INICIO =====
======================================================================
🚗 PROCESSAMENTO SUMO → E1 REGISTRY (OFFSET ALEATÓRIO - veh0)
======================================================================
📄 Entrada: ../data/vehicles_step_sim_5.csv
🏭 Consumo fabricante: 12.0 km/l
💰 Preço carbono: R$ 50.0/ton
⭕ Raio máximo do offset aleatório: 2.0 km
🎲 Offset gerado aleatoriamente:
   Ângulo: 274.2°
   Distância: 0.5355 km
   offset_x (lat): 0.000353°  |  offset_y (lon): -0.004797°
📊 Row stepping: Processando todas as linhas
🗺️  Map matching: ATIVADO (raio 1500m) - pontos snapped para ruas
📐 Cálculo de distância: HAVERSINE PURO dos pontos COM snap (consistência)
======================================================================

📊 Carregando dados SUMO...
   Total de registros no arquivo: 337
   Veículos únicos: 1
   🚙 Vehicle selecionado: carro_1000

🔄 Agregando viagens por vehicle_id...
  📐 SUMO_carro_1000: Calculando distâncias com Haversine direto (SEM routing API)
      Original: 155 pontos → 1.4242 km (Haversine)
      Offset:   155 pontos → 1.6692 km (Haversine)

🚙 Veículo: SUMO_carro_1000
   Modelo: HBEFA4/PC_petrol_Euro-6ab
   Segmentos: 155
   📏 Distância: 1.424 km (city: 1.424, highway: 0.000)
   ⛽ Combustível: 10.127 l
   🏭 CO2 real: 23393.7 g
   🎯 CO2 meta: 274.2 g
   📊 Delta: -23119.5 g
   💰 Valor E1: R$ -1.1560
   🧭 Tentativas map matching: 157

   🔑 OFFSET DETERMINÍSTICO (x=0.0025562838684582796°, y=-0.013879108015654664°, max=2.0km):
   📍 Start Original:  (40.775644, -73.960687)
   🔒 Start Protegido: (40.778174, -73.974542) ✓ 1.20 km | ✓ MAP MATCHED
   📏 Deslocamento final: 1201.4 metros
   📍 End Original:    (40.775671, -73.960433)
   🔒 End Protegido:   (40.778230, -73.974502) ✓ 1.20 km | ✓ MAP MATCHED
   📏 Deslocamento final: 1219.7 metros

   📐 ANÁLISE DE DISTÂNCIA DO TRAJETO (HAVERSINE DOS PONTOS ARMAZENADOS):
   ✨ 135 pontos privados duplicados foram separados para garantir visualização 1:1.
   ℹ️  Dica: use --debug-map-matching para ver tentativas detalhadas de re-snap.
   🔢 Pontos unicos original/offset: 155/20 (Δ -135, -87.1% )
   📍 Trajeto original: 1.424 km (linha reta entre pontos GPS)
   🔒 Trajeto com offset: 1.669 km (linha reta entre pontos COM snap)
   📊 Diferença: +0.245 km (+17.2%)

======================================================================
📊 ESTATÍSTICAS FINAIS
======================================================================
Viagens processadas: 1
Distância total: 1.42 km
Combustível total: 10.13 l
CO2 real total: 23393.7 g
CO2 meta total: 274.2 g
Delta CO2: -23119.5 g
Valor E1 total: R$ -1.16

💰 Créditos: R$ 0.00
💸 Débitos: R$ 1.16
📈 Saldo líquido: R$ -1.16

🗺️  MAP MATCHING:
   Pontos processados: 155
   Snaps tentados: 155 (100.0%)
   Snaps bem-sucedidos: 155 (100.0%)
   Snaps forçados (>100m): 155 (100.0%)
   ✅ TODOS os pontos estão em ruas (FORCE_SNAP=True)
======================================================================

💾 Dados agregados salvos em: ../data/offset_batch/vehicles_step_sim_5/run_046.csv
[csv-worker_5] [vehicles_step_sim_5] ===== LOG RUN 046 FIM =====

[csv-worker_5] [vehicles_step_sim_5] ===== LOG RUN 047 INICIO =====
======================================================================
🚗 PROCESSAMENTO SUMO → E1 REGISTRY (OFFSET ALEATÓRIO - veh0)
======================================================================
📄 Entrada: ../data/vehicles_step_sim_5.csv
🏭 Consumo fabricante: 12.0 km/l
💰 Preço carbono: R$ 50.0/ton
⭕ Raio máximo do offset aleatório: 2.0 km
🎲 Offset gerado aleatoriamente:
   Ângulo: 110.3°
   Distância: 0.5871 km
   offset_x (lat): -0.001834°  |  offset_y (lon): 0.004945°
📊 Row stepping: Processando todas as linhas
🗺️  Map matching: ATIVADO (raio 1500m) - pontos snapped para ruas
📐 Cálculo de distância: HAVERSINE PURO dos pontos COM snap (consistência)
======================================================================

📊 Carregando dados SUMO...
   Total de registros no arquivo: 337
   Veículos únicos: 1
   🚙 Vehicle selecionado: carro_1000

🔄 Agregando viagens por vehicle_id...
  📐 SUMO_carro_1000: Calculando distâncias com Haversine direto (SEM routing API)
      Original: 300 pontos → 3.1542 km (Haversine)
      Offset:   300 pontos → 3.6511 km (Haversine)

🚙 Veículo: SUMO_carro_1000
   Modelo: HBEFA4/PC_petrol_Euro-6ab
   Segmentos: 300
   📏 Distância: 3.158 km (city: 2.541, highway: 0.617)
   ⛽ Combustível: 49.984 l
   🏭 CO2 real: 115462.6 g
   🎯 CO2 meta: 608.0 g
   📊 Delta: -114854.6 g
   💰 Valor E1: R$ -5.7427
   🧭 Tentativas map matching: 302

   🔑 OFFSET DETERMINÍSTICO (x=-0.014852493501901109°, y=-0.004378141174651974°, max=2.0km):
   📍 Start Original:  (40.775644, -73.960687)
   🔒 Start Protegido: (40.760844, -73.964867) ✓ 1.69 km | ✓ MAP MATCHED
   📏 Deslocamento final: 1684.8 metros
   📍 End Original:    (40.773912, -73.961904)
   🔒 End Protegido:   (40.758700, -73.965922) ✓ 1.69 km | ✓ MAP MATCHED
   📏 Deslocamento final: 1727.0 metros

   📐 ANÁLISE DE DISTÂNCIA DO TRAJETO (HAVERSINE DOS PONTOS ARMAZENADOS):
   ✨ 257 pontos privados duplicados foram separados para garantir visualização 1:1.
   ℹ️  Dica: use --debug-map-matching para ver tentativas detalhadas de re-snap.
   🔢 Pontos unicos original/offset: 299/43 (Δ -256, -85.6% )
   📍 Trajeto original: 3.154 km (linha reta entre pontos GPS)
   🔒 Trajeto com offset: 3.651 km (linha reta entre pontos COM snap)
   📊 Diferença: +0.497 km (+15.8%)

======================================================================
📊 ESTATÍSTICAS FINAIS
======================================================================
Viagens processadas: 1
Distância total: 3.16 km
Combustível total: 49.98 l
CO2 real total: 115462.6 g
CO2 meta total: 608.0 g
Delta CO2: -114854.6 g
Valor E1 total: R$ -5.74

💰 Créditos: R$ 0.00
💸 Débitos: R$ 5.74
📈 Saldo líquido: R$ -5.74

🗺️  MAP MATCHING:
   Pontos processados: 300
   Snaps tentados: 300 (100.0%)
   Snaps bem-sucedidos: 300 (100.0%)
   Snaps forçados (>100m): 300 (100.0%)
   ✅ TODOS os pontos estão em ruas (FORCE_SNAP=True)
======================================================================

💾 Dados agregados salvos em: ../data/offset_batch/vehicles_step_sim_5/run_047.csv
[csv-worker_5] [vehicles_step_sim_5] ===== LOG RUN 047 FIM =====

[csv-worker_5] [vehicles_step_sim_5] ===== LOG RUN 048 INICIO =====
======================================================================
🚗 PROCESSAMENTO SUMO → E1 REGISTRY (OFFSET ALEATÓRIO - veh0)
======================================================================
📄 Entrada: ../data/vehicles_step_sim_5.csv
🏭 Consumo fabricante: 12.0 km/l
💰 Preço carbono: R$ 50.0/ton
⭕ Raio máximo do offset aleatório: 2.0 km
🎲 Offset gerado aleatoriamente:
   Ângulo: 41.7°
   Distância: 0.6945 km
   offset_x (lat): 0.004656°  |  offset_y (lon): 0.004152°
📊 Row stepping: Processando todas as linhas
🗺️  Map matching: ATIVADO (raio 1500m) - pontos snapped para ruas
📐 Cálculo de distância: HAVERSINE PURO dos pontos COM snap (consistência)
======================================================================

📊 Carregando dados SUMO...
   Total de registros no arquivo: 337
   Veículos únicos: 1
   🚙 Vehicle selecionado: carro_1000

🔄 Agregando viagens por vehicle_id...
  📐 SUMO_carro_1000: Calculando distâncias com Haversine direto (SEM routing API)
      Original: 300 pontos → 3.1542 km (Haversine)
      Offset:   300 pontos → 2.9157 km (Haversine)

🚙 Veículo: SUMO_carro_1000
   Modelo: HBEFA4/PC_petrol_Euro-6ab
   Segmentos: 300
   📏 Distância: 3.158 km (city: 2.541, highway: 0.617)
   ⛽ Combustível: 49.984 l
   🏭 CO2 real: 115462.6 g
   🎯 CO2 meta: 608.0 g
   📊 Delta: -114854.6 g
   💰 Valor E1: R$ -5.7427
   🧭 Tentativas map matching: 302

   🔑 OFFSET DETERMINÍSTICO (x=0.008142068564515227°, y=-0.009926124315347283°, max=2.0km):
   📍 Start Original:  (40.775644, -73.960687)
   🔒 Start Protegido: (40.783930, -73.970354) ✓ 1.23 km | ✓ MAP MATCHED
   📏 Deslocamento final: 1230.9 metros
   📍 End Original:    (40.773912, -73.961904)
   🔒 End Protegido:   (40.782065, -73.971782) ✓ 1.23 km | ✓ MAP MATCHED
   📏 Deslocamento final: 1231.7 metros

   📐 ANÁLISE DE DISTÂNCIA DO TRAJETO (HAVERSINE DOS PONTOS ARMAZENADOS):
   ✨ 259 pontos privados duplicados foram separados para garantir visualização 1:1.
   ℹ️  Dica: use --debug-map-matching para ver tentativas detalhadas de re-snap.
   🔢 Pontos unicos original/offset: 299/41 (Δ -258, -86.3% )
   📍 Trajeto original: 3.154 km (linha reta entre pontos GPS)
   🔒 Trajeto com offset: 2.916 km (linha reta entre pontos COM snap)
   📊 Diferença: -0.238 km (-7.6%)

======================================================================
📊 ESTATÍSTICAS FINAIS
======================================================================
Viagens processadas: 1
Distância total: 3.16 km
Combustível total: 49.98 l
CO2 real total: 115462.6 g
CO2 meta total: 608.0 g
Delta CO2: -114854.6 g
Valor E1 total: R$ -5.74

💰 Créditos: R$ 0.00
💸 Débitos: R$ 5.74
📈 Saldo líquido: R$ -5.74

🗺️  MAP MATCHING:
   Pontos processados: 300
   Snaps tentados: 300 (100.0%)
   Snaps bem-sucedidos: 300 (100.0%)
   Snaps forçados (>100m): 300 (100.0%)
   ✅ TODOS os pontos estão em ruas (FORCE_SNAP=True)
======================================================================

💾 Dados agregados salvos em: ../data/offset_batch/vehicles_step_sim_5/run_048.csv
[csv-worker_5] [vehicles_step_sim_5] ===== LOG RUN 048 FIM =====

[csv-worker_5] [vehicles_step_sim_5] ===== LOG RUN 049 INICIO =====
======================================================================
🚗 PROCESSAMENTO SUMO → E1 REGISTRY (OFFSET ALEATÓRIO - veh0)
======================================================================
📄 Entrada: ../data/vehicles_step_sim_5.csv
🏭 Consumo fabricante: 12.0 km/l
💰 Preço carbono: R$ 50.0/ton
⭕ Raio máximo do offset aleatório: 2.0 km
🎲 Offset gerado aleatoriamente:
   Ângulo: 116.7°
   Distância: 0.6109 km
   offset_x (lat): -0.002467°  |  offset_y (lon): 0.004902°
📊 Row stepping: Processando todas as linhas
🗺️  Map matching: ATIVADO (raio 1500m) - pontos snapped para ruas
📐 Cálculo de distância: HAVERSINE PURO dos pontos COM snap (consistência)
======================================================================

📊 Carregando dados SUMO...
  📐 SUMO_carro_1000: Calculando distâncias com Haversine direto (SEM routing API)
      Original: 300 pontos → 3.1542 km (Haversine)
      Offset:   300 pontos → 3.7369 km (Haversine)

🚙 Veículo: SUMO_carro_1000
   Modelo: HBEFA4/PC_petrol_Euro-6ab
   Segmentos: 300
   📏 Distância: 3.158 km (city: 2.541, highway: 0.617)
   ⛽ Combustível: 49.984 l
   🏭 CO2 real: 115462.6 g
   🎯 CO2 meta: 608.0 g
   📊 Delta: -114854.6 g
   💰 Valor E1: R$ -5.7427
   🧭 Tentativas map matching: 302

   🔑 OFFSET DETERMINÍSTICO (x=-0.01352012495858409°, y=-0.006160460166683013°, max=2.0km):
   📍 Start Original:  (40.775644, -73.960687)
   🔒 Start Protegido: (40.762412, -73.966636) ✓ 1.59 km | ✓ MAP MATCHED
   📏 Deslocamento final: 1556.0 metros
   📍 End Original:    (40.773912, -73.961904)
   🔒 End Protegido:   (40.760443, -73.967976) ✓ 1.59 km | ✓ MAP MATCHED
   📏 Deslocamento final: 1584.4 metros

   📐 ANÁLISE DE DISTÂNCIA DO TRAJETO (HAVERSINE DOS PONTOS ARMAZENADOS):
   ✨ 259 pontos privados duplicados foram separados para garantir visualização 1:1.
   ℹ️  Dica: use --debug-map-matching para ver tentativas detalhadas de re-snap.
   🔢 Pontos unicos original/offset: 299/41 (Δ -258, -86.3% )
   📍 Trajeto original: 3.154 km (linha reta entre pontos GPS)
   🔒 Trajeto com offset: 3.737 km (linha reta entre pontos COM snap)
   📊 Diferença: +0.583 km (+18.5%)

======================================================================
📊 ESTATÍSTICAS FINAIS
======================================================================
Viagens processadas: 1
Distância total: 3.16 km
Combustível total: 49.98 l
CO2 real total: 115462.6 g
CO2 meta total: 608.0 g
Delta CO2: -114854.6 g
Valor E1 total: R$ -5.74

💰 Créditos: R$ 0.00
💸 Débitos: R$ 5.74
📈 Saldo líquido: R$ -5.74

🗺️  MAP MATCHING:
   Pontos processados: 300
   Snaps tentados: 300 (100.0%)
   Snaps bem-sucedidos: 300 (100.0%)
   Snaps forçados (>100m): 300 (100.0%)
   ✅ TODOS os pontos estão em ruas (FORCE_SNAP=True)
======================================================================

💾 Dados agregados salvos em: ../data/offset_batch/vehicles_step_sim_5/run_049.csv
[csv-worker_5] [vehicles_step_sim_5] ===== LOG RUN 049 FIM =====

[csv-worker_5] [vehicles_step_sim_5] ===== LOG RUN 050 INICIO =====
======================================================================
🚗 PROCESSAMENTO SUMO → E1 REGISTRY (OFFSET ALEATÓRIO - veh0)
======================================================================
📄 Entrada: ../data/vehicles_step_sim_5.csv
🏭 Consumo fabricante: 12.0 km/l
💰 Preço carbono: R$ 50.0/ton
⭕ Raio máximo do offset aleatório: 2.0 km
🎲 Offset gerado aleatoriamente:
   Ângulo: 56.5°
   Distância: 1.4989 km
   offset_x (lat): 0.007436°  |  offset_y (lon): 0.011225°
📊 Row stepping: Processando todas as linhas
🗺️  Map matching: ATIVADO (raio 1500m) - pontos snapped para ruas
📐 Cálculo de distância: HAVERSINE PURO dos pontos COM snap (consistência)
======================================================================

📊 Carregando dados SUMO...
   Total de registros no arquivo: 337
   Veículos únicos: 1
   🚙 Vehicle selecionado: carro_1000

🔄 Agregando viagens por vehicle_id...
  📐 SUMO_carro_1000: Calculando distâncias com Haversine direto (SEM routing API)
      Original: 323 pontos → 2.9161 km (Haversine)
      Offset:   323 pontos → 3.6397 km (Haversine)

🚙 Veículo: SUMO_carro_1000
   Modelo: HBEFA4/PC_petrol_Euro-6ab
   Segmentos: 323
   📏 Distância: 2.926 km (city: 2.764, highway: 0.161)
   ⛽ Combustível: 54.094 l
   🏭 CO2 real: 124958.0 g
   🎯 CO2 meta: 563.2 g
   📊 Delta: -124394.9 g
   💰 Valor E1: R$ -6.2197
   🧭 Tentativas map matching: 325

   🔑 OFFSET DETERMINÍSTICO (x=-0.005284322331616058°, y=0.010714151165786936°, max=2.0km):
   📍 Start Original:  (40.775644, -73.960687)
   🔒 Start Protegido: (40.770511, -73.950447) ✓ 1.08 km | ✓ MAP MATCHED
   📏 Deslocamento final: 1035.2 metros
   📍 End Original:    (40.774046, -73.961617)
   🔒 End Protegido:   (40.768859, -73.950480) ✓ 1.08 km | ✓ MAP MATCHED
   📏 Deslocamento final: 1102.2 metros

   📐 ANÁLISE DE DISTÂNCIA DO TRAJETO (HAVERSINE DOS PONTOS ARMAZENADOS):
   ✨ 273 pontos privados duplicados foram separados para garantir visualização 1:1.
   ℹ️  Dica: use --debug-map-matching para ver tentativas detalhadas de re-snap.
   🔢 Pontos unicos original/offset: 320/50 (Δ -270, -84.4% )
   📍 Trajeto original: 2.916 km (linha reta entre pontos GPS)
   🔒 Trajeto com offset: 3.640 km (linha reta entre pontos COM snap)
   📊 Diferença: +0.724 km (+24.8%)

======================================================================
📊 ESTATÍSTICAS FINAIS
======================================================================
Viagens processadas: 1
Distância total: 2.93 km
Combustível total: 54.09 l
CO2 real total: 124958.0 g
CO2 meta total: 563.2 g
Delta CO2: -124394.9 g
Valor E1 total: R$ -6.22

💰 Créditos: R$ 0.00
💸 Débitos: R$ 6.22
📈 Saldo líquido: R$ -6.22

🗺️  MAP MATCHING:
   Pontos processados: 323
   Snaps tentados: 323 (100.0%)
   Snaps bem-sucedidos: 323 (100.0%)
   Snaps forçados (>100m): 323 (100.0%)
   ✅ TODOS os pontos estão em ruas (FORCE_SNAP=True)
======================================================================

💾 Dados agregados salvos em: ../data/offset_batch/vehicles_step_sim_5/run_050.csv
[csv-worker_5] [vehicles_step_sim_5] ===== LOG RUN 050 FIM =====

[csv-worker_5] [vehicles_step_sim_5] ===== LOG RUN 051 INICIO =====
======================================================================
🚗 PROCESSAMENTO SUMO → E1 REGISTRY (OFFSET ALEATÓRIO - veh0)
======================================================================
📄 Entrada: ../data/vehicles_step_sim_5.csv
🏭 Consumo fabricante: 12.0 km/l
💰 Preço carbono: R$ 50.0/ton
⭕ Raio máximo do offset aleatório: 2.0 km
🎲 Offset gerado aleatoriamente:
   Ângulo: 263.1°
   Distância: 1.5286 km
   offset_x (lat): -0.001651°  |  offset_y (lon): -0.013632°
📊 Row stepping: Processando todas as linhas
🗺️  Map matching: ATIVADO (raio 1500m) - pontos snapped para ruas
📐 Cálculo de distância: HAVERSINE PURO dos pontos COM snap (consistência)
======================================================================

📊 Carregando dados SUMO...
   Total de registros no arquivo: 337
   Veículos únicos: 1
   🚙 Vehicle selecionado: carro_1000

🔄 Agregando viagens por vehicle_id...
  📐 SUMO_carro_1000: Calculando distâncias com Haversine direto (SEM routing API)
      Original: 323 pontos → 2.9161 km (Haversine)
      Offset:   323 pontos → 2.9945 km (Haversine)

🚙 Veículo: SUMO_carro_1000
   Modelo: HBEFA4/PC_petrol_Euro-6ab
   Segmentos: 323
   📏 Distância: 2.926 km (city: 2.764, highway: 0.161)
   ⛽ Combustível: 54.094 l
   🏭 CO2 real: 124958.0 g
   🎯 CO2 meta: 563.2 g
   📊 Delta: -124394.9 g
   💰 Valor E1: R$ -6.2197
   🧭 Tentativas map matching: 325

   🔑 OFFSET DETERMINÍSTICO (x=-0.0035352518121692864°, y=-0.005267756141471888°, max=2.0km):
   📍 Start Original:  (40.775644, -73.960687)
   🔒 Start Protegido: (40.771831, -73.965551) ✓ 0.59 km | ✓ MAP MATCHED
   📏 Deslocamento final: 590.1 metros
   📍 End Original:    (40.774046, -73.961617)
   🔒 End Protegido:   (40.770522, -73.966504) ✓ 0.59 km | ✓ MAP MATCHED
   📏 Deslocamento final: 568.9 metros

   📐 ANÁLISE DE DISTÂNCIA DO TRAJETO (HAVERSINE DOS PONTOS ARMAZENADOS):
   ✨ 293 pontos privados duplicados foram separados para garantir visualização 1:1.
   ℹ️  Dica: use --debug-map-matching para ver tentativas detalhadas de re-snap.
   🔢 Pontos unicos original/offset: 320/30 (Δ -290, -90.6% )
   📍 Trajeto original: 2.916 km (linha reta entre pontos GPS)
   🔒 Trajeto com offset: 2.994 km (linha reta entre pontos COM snap)
   📊 Diferença: +0.078 km (+2.7%)

======================================================================
📊 ESTATÍSTICAS FINAIS
======================================================================
Viagens processadas: 1
Distância total: 2.93 km
Combustível total: 54.09 l
CO2 real total: 124958.0 g
CO2 meta total: 563.2 g
Delta CO2: -124394.9 g
Valor E1 total: R$ -6.22

💰 Créditos: R$ 0.00
💸 Débitos: R$ 6.22
📈 Saldo líquido: R$ -6.22

🗺️  MAP MATCHING:
   Pontos processados: 323
   Snaps tentados: 323 (100.0%)
   Snaps bem-sucedidos: 323 (100.0%)
   Snaps forçados (>100m): 323 (100.0%)
   ✅ TODOS os pontos estão em ruas (FORCE_SNAP=True)
======================================================================

💾 Dados agregados salvos em: ../data/offset_batch/vehicles_step_sim_5/run_051.csv
[csv-worker_5] [vehicles_step_sim_5] ===== LOG RUN 051 FIM =====

[csv-worker_5] [vehicles_step_sim_5] ===== LOG RUN 052 INICIO =====
======================================================================
🚗 PROCESSAMENTO SUMO → E1 REGISTRY (OFFSET ALEATÓRIO - veh0)
======================================================================
📄 Entrada: ../data/vehicles_step_sim_5.csv
🏭 Consumo fabricante: 12.0 km/l
💰 Preço carbono: R$ 50.0/ton
⭕ Raio máximo do offset aleatório: 2.0 km
🎲 Offset gerado aleatoriamente:
   Ângulo: 303.7°
   Distância: 1.9763 km
   offset_x (lat): 0.009854°  |  offset_y (lon): -0.014768°
📊 Row stepping: Processando todas as linhas
🗺️  Map matching: ATIVADO (raio 1500m) - pontos snapped para ruas
📐 Cálculo de distância: HAVERSINE PURO dos pontos COM snap (consistência)
======================================================================

📊 Carregando dados SUMO...
   Total de registros no arquivo: 337
   Veículos únicos: 1
   🚙 Vehicle selecionado: carro_1000

🔄 Agregando viagens por vehicle_id...
  📐 SUMO_carro_1000: Calculando distâncias com Haversine direto (SEM routing API)
      Original: 222 pontos → 1.9688 km (Haversine)
      Offset:   222 pontos → 2.3580 km (Haversine)

🚙 Veículo: SUMO_carro_1000
   Modelo: HBEFA4/PC_petrol_Euro-6ab
   Segmentos: 222
   📏 Distância: 1.973 km (city: 1.973, highway: 0.000)
   ⛽ Combustível: 24.219 l
   🏭 CO2 real: 55946.2 g
   🎯 CO2 meta: 379.8 g
   📊 Delta: -55566.4 g
   💰 Valor E1: R$ -2.7783
   🧭 Tentativas map matching: 224

   🔑 OFFSET DETERMINÍSTICO (x=-0.015556581144088796°, y=-0.006377966969652464°, max=2.0km):
   📍 Start Original:  (40.775644, -73.960687)
   🔒 Start Protegido: (40.760062, -73.967072) ✓ 1.81 km | ✓ MAP MATCHED
   📏 Deslocamento final: 1816.1 metros
   📍 End Original:    (40.772651, -73.962544)
   🔒 End Protegido:   (40.756847, -73.969244) ✓ 1.81 km | ✓ MAP MATCHED
   📏 Deslocamento final: 1847.8 metros

   📐 ANÁLISE DE DISTÂNCIA DO TRAJETO (HAVERSINE DOS PONTOS ARMAZENADOS):
   ✨ 185 pontos privados duplicados foram separados para garantir visualização 1:1.
   ℹ️  Dica: use --debug-map-matching para ver tentativas detalhadas de re-snap.
   🔢 Pontos unicos original/offset: 221/37 (Δ -184, -83.3% )
   📍 Trajeto original: 1.969 km (linha reta entre pontos GPS)
   🔒 Trajeto com offset: 2.358 km (linha reta entre pontos COM snap)
   📊 Diferença: +0.389 km (+19.8%)

======================================================================
📊 ESTATÍSTICAS FINAIS
======================================================================
Viagens processadas: 1
Distância total: 1.97 km
Combustível total: 24.22 l
CO2 real total: 55946.2 g
CO2 meta total: 379.8 g
Delta CO2: -55566.4 g
Valor E1 total: R$ -2.78

💰 Créditos: R$ 0.00
💸 Débitos: R$ 2.78
📈 Saldo líquido: R$ -2.78

🗺️  MAP MATCHING:
   Pontos processados: 222
   Snaps tentados: 222 (100.0%)
   Snaps bem-sucedidos: 222 (100.0%)
   Snaps forçados (>100m): 222 (100.0%)
   ✅ TODOS os pontos estão em ruas (FORCE_SNAP=True)
======================================================================

💾 Dados agregados salvos em: ../data/offset_batch/vehicles_step_sim_5/run_052.csv
[csv-worker_5] [vehicles_step_sim_5] ===== LOG RUN 052 FIM =====

[csv-worker_5] [vehicles_step_sim_5] ===== LOG RUN 053 INICIO =====
======================================================================
🚗 PROCESSAMENTO SUMO → E1 REGISTRY (OFFSET ALEATÓRIO - veh0)
======================================================================
📄 Entrada: ../data/vehicles_step_sim_5.csv
🏭 Consumo fabricante: 12.0 km/l
💰 Preço carbono: R$ 50.0/ton
⭕ Raio máximo do offset aleatório: 2.0 km
🎲 Offset gerado aleatoriamente:
   Ângulo: 108.0°
   Distância: 1.2641 km
   offset_x (lat): -0.003509°  |  offset_y (lon): 0.010800°
📊 Row stepping: Processando todas as linhas
🗺️  Map matching: ATIVADO (raio 1500m) - pontos snapped para ruas
📐 Cálculo de distância: HAVERSINE PURO dos pontos COM snap (consistência)
======================================================================

📊 Carregando dados SUMO...
   Total de registros no arquivo: 337
   Veículos únicos: 1
   🚙 Vehicle selecionado: carro_1000

🔄 Agregando viagens por vehicle_id...
  📐 SUMO_carro_1000: Calculando distâncias com Haversine direto (SEM routing API)
      Original: 323 pontos → 2.9161 km (Haversine)
      Offset:   323 pontos → 3.9023 km (Haversine)

🚙 Veículo: SUMO_carro_1000
   Modelo: HBEFA4/PC_petrol_Euro-6ab
   Segmentos: 323
   📏 Distância: 2.926 km (city: 2.764, highway: 0.161)
   ⛽ Combustível: 54.094 l
   🏭 CO2 real: 124958.0 g
   🎯 CO2 meta: 563.2 g
   📊 Delta: -124394.9 g
   💰 Valor E1: R$ -6.2197
   🧭 Tentativas map matching: 325

   🔑 OFFSET DETERMINÍSTICO (x=-0.006598116625198012°, y=-0.013221836366481169°, max=2.0km):
   📍 Start Original:  (40.775644, -73.960687)
   🔒 Start Protegido: (40.769282, -73.973675) ✓ 1.33 km | ✓ MAP MATCHED
   📏 Deslocamento final: 1303.9 metros
   📍 End Original:    (40.774046, -73.961617)
   🔒 End Protegido:   (40.769235, -73.973563) ✓ 1.33 km | ✓ MAP MATCHED
   📏 Deslocamento final: 1140.6 metros

   📐 ANÁLISE DE DISTÂNCIA DO TRAJETO (HAVERSINE DOS PONTOS ARMAZENADOS):
   ✨ 292 pontos privados duplicados foram separados para garantir visualização 1:1.
   ℹ️  Dica: use --debug-map-matching para ver tentativas detalhadas de re-snap.
   🔢 Pontos unicos original/offset: 320/31 (Δ -289, -90.3% )
   📍 Trajeto original: 2.916 km (linha reta entre pontos GPS)
   🔒 Trajeto com offset: 3.902 km (linha reta entre pontos COM snap)
   📊 Diferença: +0.986 km (+33.8%)

======================================================================
📊 ESTATÍSTICAS FINAIS
======================================================================
Viagens processadas: 1
Distância total: 2.93 km
Combustível total: 54.09 l
CO2 real total: 124958.0 g
CO2 meta total: 563.2 g
Delta CO2: -124394.9 g
Valor E1 total: R$ -6.22

💰 Créditos: R$ 0.00
💸 Débitos: R$ 6.22
📈 Saldo líquido: R$ -6.22

🗺️  MAP MATCHING:
   Pontos processados: 323
   Snaps tentados: 323 (100.0%)
   Snaps bem-sucedidos: 323 (100.0%)
   Snaps forçados (>100m): 323 (100.0%)
   ✅ TODOS os pontos estão em ruas (FORCE_SNAP=True)
======================================================================

💾 Dados agregados salvos em: ../data/offset_batch/vehicles_step_sim_5/run_053.csv
[csv-worker_5] [vehicles_step_sim_5] ===== LOG RUN 053 FIM =====

[csv-worker_5] [vehicles_step_sim_5] ===== LOG RUN 054 INICIO =====
======================================================================
🚗 PROCESSAMENTO SUMO → E1 REGISTRY (OFFSET ALEATÓRIO - veh0)
======================================================================
📄 Entrada: ../data/vehicles_step_sim_5.csv
🏭 Consumo fabricante: 12.0 km/l
💰 Preço carbono: R$ 50.0/ton
⭕ Raio máximo do offset aleatório: 2.0 km
🎲 Offset gerado aleatoriamente:
   Ângulo: 70.2°
   Distância: 1.7309 km
   offset_x (lat): 0.005274°  |  offset_y (lon): 0.014627°
📊 Row stepping: Processando todas as linhas
🗺️  Map matching: ATIVADO (raio 1500m) - pontos snapped para ruas
📐 Cálculo de distância: HAVERSINE PURO dos pontos COM snap (consistência)
======================================================================

📊 Carregando dados SUMO...
   Total de registros no arquivo: 337
   Veículos únicos: 1
   🚙 Vehicle selecionado: carro_1000

🔄 Agregando viagens por vehicle_id...
  📐 SUMO_carro_1000: Calculando distâncias com Haversine direto (SEM routing API)
      Original: 299 pontos → 3.0526 km (Haversine)
      Offset:   299 pontos → 2.8115 km (Haversine)

🚙 Veículo: SUMO_carro_1000
   Modelo: HBEFA4/PC_petrol_Euro-6ab
   Segmentos: 299
   📏 Distância: 3.060 km (city: 3.060, highway: 0.000)
   ⛽ Combustível: 48.384 l
   🏭 CO2 real: 111766.0 g
   🎯 CO2 meta: 589.0 g
   📊 Delta: -111177.0 g
   💰 Valor E1: R$ -5.5588
   🧭 Tentativas map matching: 301

   🔑 OFFSET DETERMINÍSTICO (x=0.0031572120488937766°, y=0.012604246685806305°, max=2.0km):
   📍 Start Original:  (40.775644, -73.960687)
   🔒 Start Protegido: (40.778875, -73.948100) ✓ 1.12 km | ✓ MAP MATCHED
   📏 Deslocamento final: 1120.4 metros
   📍 End Original:    (40.774198, -73.961141)
   🔒 End Protegido:   (40.777495, -73.948747) ✓ 1.12 km | ✓ MAP MATCHED
   📏 Deslocamento final: 1107.4 metros

   📐 ANÁLISE DE DISTÂNCIA DO TRAJETO (HAVERSINE DOS PONTOS ARMAZENADOS):
   ✨ 261 pontos privados duplicados foram separados para garantir visualização 1:1.
   ℹ️  Dica: use --debug-map-matching para ver tentativas detalhadas de re-snap.
   🔢 Pontos unicos original/offset: 299/38 (Δ -261, -87.3% )
   📍 Trajeto original: 3.053 km (linha reta entre pontos GPS)
   🔒 Trajeto com offset: 2.811 km (linha reta entre pontos COM snap)
   📊 Diferença: -0.241 km (-7.9%)

======================================================================
📊 ESTATÍSTICAS FINAIS
======================================================================
Viagens processadas: 1
Distância total: 3.06 km
Combustível total: 48.38 l
CO2 real total: 111766.0 g
CO2 meta total: 589.0 g
Delta CO2: -111177.0 g
Valor E1 total: R$ -5.56

💰 Créditos: R$ 0.00
💸 Débitos: R$ 5.56
📈 Saldo líquido: R$ -5.56

🗺️  MAP MATCHING:
   Pontos processados: 299
   Snaps tentados: 299 (100.0%)
   Snaps bem-sucedidos: 299 (100.0%)
   Snaps forçados (>100m): 299 (100.0%)
   ✅ TODOS os pontos estão em ruas (FORCE_SNAP=True)
======================================================================

💾 Dados agregados salvos em: ../data/offset_batch/vehicles_step_sim_5/run_054.csv
[csv-worker_5] [vehicles_step_sim_5] ===== LOG RUN 054 FIM =====

[csv-worker_5] [vehicles_step_sim_5] ===== LOG RUN 055 INICIO =====
======================================================================
🚗 PROCESSAMENTO SUMO → E1 REGISTRY (OFFSET ALEATÓRIO - veh0)
======================================================================
📄 Entrada: ../data/vehicles_step_sim_5.csv
🏭 Consumo fabricante: 12.0 km/l
💰 Preço carbono: R$ 50.0/ton
⭕ Raio máximo do offset aleatório: 2.0 km
🎲 Offset gerado aleatoriamente:
   Ângulo: 72.3°
   Distância: 1.9256 km
   offset_x (lat): 0.005270°  |  offset_y (lon): 0.016475°
📊 Row stepping: Processando todas as linhas
🗺️  Map matching: ATIVADO (raio 1500m) - pontos snapped para ruas
📐 Cálculo de distância: HAVERSINE PURO dos pontos COM snap (consistência)
======================================================================

📊 Carregando dados SUMO...
   Total de registros no arquivo: 337
   Veículos únicos: 1
   🚙 Vehicle selecionado: carro_1000

🔄 Agregando viagens por vehicle_id...
  📐 SUMO_carro_1000: Calculando distâncias com Haversine direto (SEM routing API)
      Original: 324 pontos → 3.1629 km (Haversine)
      Offset:   324 pontos → 2.6737 km (Haversine)

🚙 Veículo: SUMO_carro_1000
   Modelo: HBEFA4/PC_petrol_Euro-6ab
   Segmentos: 324
   📏 Distância: 3.166 km (city: 3.024, highway: 0.142)
   ⛽ Combustível: 49.530 l
   🏭 CO2 real: 114414.1 g
   🎯 CO2 meta: 609.4 g
   📊 Delta: -113804.6 g
   💰 Valor E1: R$ -5.6902
   🧭 Tentativas map matching: 326

   🔑 OFFSET DETERMINÍSTICO (x=0.017297962242594837°, y=-0.00039009912939924895°, max=2.0km):
   📍 Start Original:  (40.775644, -73.960687)
   🔒 Start Protegido: (40.791492, -73.962145) ✓ 1.93 km | ✓ MAP MATCHED
   📏 Deslocamento final: 1768.5 metros
   📍 End Original:    (40.772251, -73.963071)
   🔒 End Protegido:   (40.790425, -73.965607) ✓ 1.93 km | ✓ MAP MATCHED
   📏 Deslocamento final: 2034.5 metros

   📐 ANÁLISE DE DISTÂNCIA DO TRAJETO (HAVERSINE DOS PONTOS ARMAZENADOS):
   ✨ 292 pontos privados duplicados foram separados para garantir visualização 1:1.
   ℹ️  Dica: use --debug-map-matching para ver tentativas detalhadas de re-snap.
   🔢 Pontos unicos original/offset: 324/32 (Δ -292, -90.1% )
   📍 Trajeto original: 3.163 km (linha reta entre pontos GPS)
   🔒 Trajeto com offset: 2.674 km (linha reta entre pontos COM snap)
   📊 Diferença: -0.489 km (-15.5%)

======================================================================
📊 ESTATÍSTICAS FINAIS
======================================================================
Viagens processadas: 1
Distância total: 3.17 km
Combustível total: 49.53 l
CO2 real total: 114414.1 g
CO2 meta total: 609.4 g
Delta CO2: -113804.6 g
Valor E1 total: R$ -5.69

💰 Créditos: R$ 0.00
💸 Débitos: R$ 5.69
📈 Saldo líquido: R$ -5.69

🗺️  MAP MATCHING:
   Pontos processados: 324
   Snaps tentados: 324 (100.0%)
   Snaps bem-sucedidos: 324 (100.0%)
   Snaps forçados (>100m): 324 (100.0%)
   ✅ TODOS os pontos estão em ruas (FORCE_SNAP=True)
======================================================================

💾 Dados agregados salvos em: ../data/offset_batch/vehicles_step_sim_5/run_055.csv
[csv-worker_5] [vehicles_step_sim_5] ===== LOG RUN 055 FIM =====

[csv-worker_5] [vehicles_step_sim_5] ===== LOG RUN 056 INICIO =====
======================================================================
🚗 PROCESSAMENTO SUMO → E1 REGISTRY (OFFSET ALEATÓRIO - veh0)
======================================================================
📄 Entrada: ../data/vehicles_step_sim_5.csv
🏭 Consumo fabricante: 12.0 km/l
💰 Preço carbono: R$ 50.0/ton
⭕ Raio máximo do offset aleatório: 2.0 km
🎲 Offset gerado aleatoriamente:
   Ângulo: 134.9°
   Distância: 0.8401 km
   offset_x (lat): -0.005322°  |  offset_y (lon): 0.005350°
📊 Row stepping: Processando todas as linhas
🗺️  Map matching: ATIVADO (raio 1500m) - pontos snapped para ruas
📐 Cálculo de distância: HAVERSINE PURO dos pontos COM snap (consistência)
======================================================================

📊 Carregando dados SUMO...
   Total de registros no arquivo: 337
   Veículos únicos: 1
   🚙 Vehicle selecionado: carro_1000

🔄 Agregando viagens por vehicle_id...
  📐 SUMO_carro_1000: Calculando distâncias com Haversine direto (SEM routing API)
      Original: 324 pontos → 3.1629 km (Haversine)
      Offset:   324 pontos → 3.2814 km (Haversine)

🚙 Veículo: SUMO_carro_1000
   Modelo: HBEFA4/PC_petrol_Euro-6ab
   Segmentos: 324
   📏 Distância: 3.166 km (city: 3.024, highway: 0.142)
   ⛽ Combustível: 49.530 l
   🏭 CO2 real: 114414.1 g
   🎯 CO2 meta: 609.4 g
   📊 Delta: -113804.6 g
   💰 Valor E1: R$ -5.6902
   🧭 Tentativas map matching: 326

   🔑 OFFSET DETERMINÍSTICO (x=0.010016459509878858°, y=-0.006711884852632232°, max=2.0km):
   📍 Start Original:  (40.775644, -73.960687)
   🔒 Start Protegido: (40.784850, -73.967925) ✓ 1.25 km | ✓ MAP MATCHED
   📏 Deslocamento final: 1192.7 metros
   📍 End Original:    (40.772251, -73.963071)
   🔒 End Protegido:   (40.782772, -73.971197) ✓ 1.25 km | ✓ MAP MATCHED
   📏 Deslocamento final: 1356.9 metros

   📐 ANÁLISE DE DISTÂNCIA DO TRAJETO (HAVERSINE DOS PONTOS ARMAZENADOS):
   ✨ 278 pontos privados duplicados foram separados para garantir visualização 1:1.
   ℹ️  Dica: use --debug-map-matching para ver tentativas detalhadas de re-snap.
   🔢 Pontos unicos original/offset: 324/46 (Δ -278, -85.8% )
   📍 Trajeto original: 3.163 km (linha reta entre pontos GPS)
   🔒 Trajeto com offset: 3.281 km (linha reta entre pontos COM snap)
   📊 Diferença: +0.118 km (+3.7%)

======================================================================
📊 ESTATÍSTICAS FINAIS
======================================================================
Viagens processadas: 1
Distância total: 3.17 km
Combustível total: 49.53 l
CO2 real total: 114414.1 g
CO2 meta total: 609.4 g
Delta CO2: -113804.6 g
Valor E1 total: R$ -5.69

💰 Créditos: R$ 0.00
💸 Débitos: R$ 5.69
📈 Saldo líquido: R$ -5.69

🗺️  MAP MATCHING:
   Pontos processados: 324
   Snaps tentados: 324 (100.0%)
   Snaps bem-sucedidos: 324 (100.0%)
   Snaps forçados (>100m): 324 (100.0%)
   ✅ TODOS os pontos estão em ruas (FORCE_SNAP=True)
======================================================================

💾 Dados agregados salvos em: ../data/offset_batch/vehicles_step_sim_5/run_056.csv
[csv-worker_5] [vehicles_step_sim_5] ===== LOG RUN 056 FIM =====

[csv-worker_5] [vehicles_step_sim_5] ===== LOG RUN 057 INICIO =====
======================================================================
🚗 PROCESSAMENTO SUMO → E1 REGISTRY (OFFSET ALEATÓRIO - veh0)
======================================================================
📄 Entrada: ../data/vehicles_step_sim_5.csv
🏭 Consumo fabricante: 12.0 km/l
💰 Preço carbono: R$ 50.0/ton
⭕ Raio máximo do offset aleatório: 2.0 km
🎲 Offset gerado aleatoriamente:
   Ângulo: 248.2°
   Distância: 1.6526 km
   offset_x (lat): -0.005514°  |  offset_y (lon): -0.013784°
📊 Row stepping: Processando todas as linhas
🗺️  Map matching: ATIVADO (raio 1500m) - pontos snapped para ruas
📐 Cálculo de distância: HAVERSINE PURO dos pontos COM snap (consistência)
======================================================================

📊 Carregando dados SUMO...
   Total de registros no arquivo: 337
   Veículos únicos: 1
   🚙 Vehicle selecionado: carro_1000

🔄 Agregando viagens por vehicle_id...
  📐 SUMO_carro_1000: Calculando distâncias com Haversine direto (SEM routing API)
      Original: 222 pontos → 1.9688 km (Haversine)
      Offset:   222 pontos → 2.2213 km (Haversine)

🚙 Veículo: SUMO_carro_1000
   Modelo: HBEFA4/PC_petrol_Euro-6ab
   Segmentos: 222
   📏 Distância: 1.973 km (city: 1.973, highway: 0.000)
   ⛽ Combustível: 24.219 l
   🏭 CO2 real: 55946.2 g
   🎯 CO2 meta: 379.8 g
   📊 Delta: -55566.4 g
   💰 Valor E1: R$ -2.7783
   🧭 Tentativas map matching: 224

   🔑 OFFSET DETERMINÍSTICO (x=0.012713664591604754°, y=0.012189410947542305°, max=2.0km):
   📍 Start Original:  (40.775644, -73.960687)
   🔒 Start Protegido: (40.788394, -73.948979) ✓ 1.75 km | ✓ MAP MATCHED
   📏 Deslocamento final: 1728.8 metros
   📍 End Original:    (40.772651, -73.962544)
   🔒 End Protegido:   (40.785391, -73.949778) ✓ 1.75 km | ✓ MAP MATCHED
   📏 Deslocamento final: 1780.4 metros

   📐 ANÁLISE DE DISTÂNCIA DO TRAJETO (HAVERSINE DOS PONTOS ARMAZENADOS):
   ✨ 192 pontos privados duplicados foram separados para garantir visualização 1:1.
   ℹ️  Dica: use --debug-map-matching para ver tentativas detalhadas de re-snap.
   🔢 Pontos unicos original/offset: 221/30 (Δ -191, -86.4% )
   📍 Trajeto original: 1.969 km (linha reta entre pontos GPS)
   🔒 Trajeto com offset: 2.221 km (linha reta entre pontos COM snap)
   📊 Diferença: +0.252 km (+12.8%)

======================================================================
📊 ESTATÍSTICAS FINAIS
======================================================================
Viagens processadas: 1
Distância total: 1.97 km
Combustível total: 24.22 l
CO2 real total: 55946.2 g
CO2 meta total: 379.8 g
Delta CO2: -55566.4 g
Valor E1 total: R$ -2.78

💰 Créditos: R$ 0.00
💸 Débitos: R$ 2.78
📈 Saldo líquido: R$ -2.78

🗺️  MAP MATCHING:
   Pontos processados: 222
   Snaps tentados: 222 (100.0%)
   Snaps bem-sucedidos: 222 (100.0%)
   Snaps forçados (>100m): 222 (100.0%)
   ✅ TODOS os pontos estão em ruas (FORCE_SNAP=True)
======================================================================

💾 Dados agregados salvos em: ../data/offset_batch/vehicles_step_sim_5/run_057.csv
[csv-worker_5] [vehicles_step_sim_5] ===== LOG RUN 057 FIM =====

[csv-worker_5] [vehicles_step_sim_5] ===== LOG RUN 058 INICIO =====
======================================================================
🚗 PROCESSAMENTO SUMO → E1 REGISTRY (OFFSET ALEATÓRIO - veh0)
======================================================================
📄 Entrada: ../data/vehicles_step_sim_5.csv
🏭 Consumo fabricante: 12.0 km/l
💰 Preço carbono: R$ 50.0/ton
⭕ Raio máximo do offset aleatório: 2.0 km
🎲 Offset gerado aleatoriamente:
   Ângulo: 355.8°
   Distância: 1.1443 km
   offset_x (lat): 0.010252°  |  offset_y (lon): -0.000747°
📊 Row stepping: Processando todas as linhas
🗺️  Map matching: ATIVADO (raio 1500m) - pontos snapped para ruas
📐 Cálculo de distância: HAVERSINE PURO dos pontos COM snap (consistência)
======================================================================

📊 Carregando dados SUMO...
   Total de registros no arquivo: 337
   Veículos únicos: 1
   🚙 Vehicle selecionado: carro_1000

🔄 Agregando viagens por vehicle_id...
  📐 SUMO_carro_1000: Calculando distâncias com Haversine direto (SEM routing API)
      Original: 299 pontos → 3.0526 km (Haversine)
      Offset:   299 pontos → 3.3663 km (Haversine)

🚙 Veículo: SUMO_carro_1000
   Modelo: HBEFA4/PC_petrol_Euro-6ab
   Segmentos: 299
   📏 Distância: 3.060 km (city: 3.060, highway: 0.000)
   ⛽ Combustível: 48.384 l
   🏭 CO2 real: 111766.0 g
   🎯 CO2 meta: 589.0 g
   📊 Delta: -111177.0 g
   💰 Valor E1: R$ -5.5588
   🧭 Tentativas map matching: 301

   🔑 OFFSET DETERMINÍSTICO (x=0.0027692584660291212°, y=0.0014286597431466227°, max=2.0km):
   📍 Start Original:  (40.775644, -73.960687)
   🔒 Start Protegido: (40.778317, -73.958834) ✓ 0.33 km | ✓ MAP MATCHED
   📏 Deslocamento final: 336.2 metros
   📍 End Original:    (40.774198, -73.961141)
   🔒 End Protegido:   (40.776952, -73.959688) ✓ 0.33 km | ✓ MAP MATCHED
   📏 Deslocamento final: 330.1 metros

   📐 ANÁLISE DE DISTÂNCIA DO TRAJETO (HAVERSINE DOS PONTOS ARMAZENADOS):
   ✨ 261 pontos privados duplicados foram separados para garantir visualização 1:1.
   ℹ️  Dica: use --debug-map-matching para ver tentativas detalhadas de re-snap.
   🔢 Pontos unicos original/offset: 299/38 (Δ -261, -87.3% )
   📍 Trajeto original: 3.053 km (linha reta entre pontos GPS)
   🔒 Trajeto com offset: 3.366 km (linha reta entre pontos COM snap)
   📊 Diferença: +0.314 km (+10.3%)

======================================================================
📊 ESTATÍSTICAS FINAIS
======================================================================
Viagens processadas: 1
Distância total: 3.06 km
Combustível total: 48.38 l
CO2 real total: 111766.0 g
CO2 meta total: 589.0 g
Delta CO2: -111177.0 g
Valor E1 total: R$ -5.56

💰 Créditos: R$ 0.00
💸 Débitos: R$ 5.56
📈 Saldo líquido: R$ -5.56

🗺️  MAP MATCHING:
   Pontos processados: 299
   Snaps tentados: 299 (100.0%)
   Snaps bem-sucedidos: 299 (100.0%)
   Snaps forçados (>100m): 299 (100.0%)
   ✅ TODOS os pontos estão em ruas (FORCE_SNAP=True)
======================================================================

💾 Dados agregados salvos em: ../data/offset_batch/vehicles_step_sim_5/run_058.csv
[csv-worker_5] [vehicles_step_sim_5] ===== LOG RUN 058 FIM =====

[csv-worker_5] [vehicles_step_sim_5] ===== LOG RUN 059 INICIO =====
======================================================================
🚗 PROCESSAMENTO SUMO → E1 REGISTRY (OFFSET ALEATÓRIO - veh0)
======================================================================
📄 Entrada: ../data/vehicles_step_sim_5.csv
🏭 Consumo fabricante: 12.0 km/l
💰 Preço carbono: R$ 50.0/ton
⭕ Raio máximo do offset aleatório: 2.0 km
🎲 Offset gerado aleatoriamente:
   Ângulo: 96.2°
   Distância: 0.7301 km
   offset_x (lat): -0.000710°  |  offset_y (lon): 0.006520°
📊 Row stepping: Processando todas as linhas
🗺️  Map matching: ATIVADO (raio 1500m) - pontos snapped para ruas
📐 Cálculo de distância: HAVERSINE PURO dos pontos COM snap (consistência)
======================================================================

📊 Carregando dados SUMO...
   Total de registros no arquivo: 337
   Veículos únicos: 1
   🚙 Vehicle selecionado: carro_1000

🔄 Agregando viagens por vehicle_id...
  📐 SUMO_carro_1000: Calculando distâncias com Haversine direto (SEM routing API)
      Original: 299 pontos → 3.0526 km (Haversine)
      Offset:   299 pontos → 2.7995 km (Haversine)

🚙 Veículo: SUMO_carro_1000
   Modelo: HBEFA4/PC_petrol_Euro-6ab
   Segmentos: 299
   📏 Distância: 3.060 km (city: 3.060, highway: 0.000)
   ⛽ Combustível: 48.384 l
   🏭 CO2 real: 111766.0 g
   🎯 CO2 meta: 589.0 g
   📊 Delta: -111177.0 g
   💰 Valor E1: R$ -5.5588
   🧭 Tentativas map matching: 301

   🔑 OFFSET DETERMINÍSTICO (x=-0.008196852406115687°, y=0.0011939214468282284°, max=2.0km):
   📍 Start Original:  (40.775644, -73.960687)
   🔒 Start Protegido: (40.767451, -73.959375) ✓ 0.92 km | ✓ MAP MATCHED
   📏 Deslocamento final: 918.7 metros
   📍 End Original:    (40.774198, -73.961141)
   🔒 End Protegido:   (40.766191, -73.960108) ✓ 0.92 km | ✓ MAP MATCHED
   📏 Deslocamento final: 895.6 metros

   📐 ANÁLISE DE DISTÂNCIA DO TRAJETO (HAVERSINE DOS PONTOS ARMAZENADOS):
   ✨ 263 pontos privados duplicados foram separados para garantir visualização 1:1.
   ℹ️  Dica: use --debug-map-matching para ver tentativas detalhadas de re-snap.
   🔢 Pontos unicos original/offset: 299/36 (Δ -263, -88.0% )
   📍 Trajeto original: 3.053 km (linha reta entre pontos GPS)
   🔒 Trajeto com offset: 2.799 km (linha reta entre pontos COM snap)
   📊 Diferença: -0.253 km (-8.3%)

======================================================================
📊 ESTATÍSTICAS FINAIS
======================================================================
Viagens processadas: 1
Distância total: 3.06 km
Combustível total: 48.38 l
CO2 real total: 111766.0 g
CO2 meta total: 589.0 g
Delta CO2: -111177.0 g
Valor E1 total: R$ -5.56

💰 Créditos: R$ 0.00
💸 Débitos: R$ 5.56
📈 Saldo líquido: R$ -5.56

🗺️  MAP MATCHING:
   Pontos processados: 299
   Snaps tentados: 299 (100.0%)
   Snaps bem-sucedidos: 299 (100.0%)
   Snaps forçados (>100m): 299 (100.0%)
   ✅ TODOS os pontos estão em ruas (FORCE_SNAP=True)
======================================================================

💾 Dados agregados salvos em: ../data/offset_batch/vehicles_step_sim_5/run_059.csv
[csv-worker_5] [vehicles_step_sim_5] ===== LOG RUN 059 FIM =====

[csv-worker_5] [vehicles_step_sim_5] ===== LOG RUN 060 INICIO =====
======================================================================
🚗 PROCESSAMENTO SUMO → E1 REGISTRY (OFFSET ALEATÓRIO - veh0)
======================================================================
📄 Entrada: ../data/vehicles_step_sim_5.csv
🏭 Consumo fabricante: 12.0 km/l
💰 Preço carbono: R$ 50.0/ton
⭕ Raio máximo do offset aleatório: 2.0 km
🎲 Offset gerado aleatoriamente:
   Ângulo: 164.1°
   Distância: 1.6586 km
   offset_x (lat): -0.014329°  |  offset_y (lon): 0.004083°
📊 Row stepping: Processando todas as linhas
🗺️  Map matching: ATIVADO (raio 1500m) - pontos snapped para ruas
📐 Cálculo de distância: HAVERSINE PURO dos pontos COM snap (consistência)
======================================================================

📊 Carregando dados SUMO...
   Total de registros no arquivo: 337
   Veículos únicos: 1
   🚙 Vehicle selecionado: carro_1000

🔄 Agregando viagens por vehicle_id...
  📐 SUMO_carro_1000: Calculando distâncias com Haversine direto (SEM routing API)
      Original: 301 pontos → 3.1480 km (Haversine)
      Offset:   301 pontos → 2.8421 km (Haversine)

🚙 Veículo: SUMO_carro_1000
   Modelo: HBEFA4/PC_petrol_Euro-6ab
   Segmentos: 301
   📏 Distância: 3.159 km (city: 3.020, highway: 0.139)
   ⛽ Combustível: 51.224 l
   🏭 CO2 real: 118326.7 g
   🎯 CO2 meta: 608.1 g
   📊 Delta: -117718.6 g
   💰 Valor E1: R$ -5.8859
   🧭 Tentativas map matching: 303

   🔑 OFFSET DETERMINÍSTICO (x=-0.011690564626677948°, y=0.003348100670090519°, max=2.0km):
   📍 Start Original:  (40.775644, -73.960687)
   🔒 Start Protegido: (40.763273, -73.957061) ✓ 1.33 km | ✓ MAP MATCHED
   📏 Deslocamento final: 1410.7 metros
   📍 End Original:    (40.771236, -73.963813)
   🔒 End Protegido:   (40.759574, -73.960551) ✓ 1.33 km | ✓ MAP MATCHED
   📏 Deslocamento final: 1327.0 metros

   📐 ANÁLISE DE DISTÂNCIA DO TRAJETO (HAVERSINE DOS PONTOS ARMAZENADOS):
   ✨ 254 pontos privados duplicados foram separados para garantir visualização 1:1.
   ℹ️  Dica: use --debug-map-matching para ver tentativas detalhadas de re-snap.
   🔢 Pontos unicos original/offset: 301/47 (Δ -254, -84.4% )
   📍 Trajeto original: 3.148 km (linha reta entre pontos GPS)
   🔒 Trajeto com offset: 2.842 km (linha reta entre pontos COM snap)
   📊 Diferença: -0.306 km (-9.7%)

======================================================================
📊 ESTATÍSTICAS FINAIS
======================================================================
Viagens processadas: 1
Distância total: 3.16 km
Combustível total: 51.22 l
CO2 real total: 118326.7 g
CO2 meta total: 608.1 g
Delta CO2: -117718.6 g
Valor E1 total: R$ -5.89

💰 Créditos: R$ 0.00
💸 Débitos: R$ 5.89
📈 Saldo líquido: R$ -5.89

🗺️  MAP MATCHING:
   Pontos processados: 301
   Snaps tentados: 301 (100.0%)
   Snaps bem-sucedidos: 301 (100.0%)
   Snaps forçados (>100m): 301 (100.0%)
   ✅ TODOS os pontos estão em ruas (FORCE_SNAP=True)
======================================================================

💾 Dados agregados salvos em: ../data/offset_batch/vehicles_step_sim_5/run_060.csv
[csv-worker_5] [vehicles_step_sim_5] ===== LOG RUN 060 FIM =====

[csv-worker_5] [vehicles_step_sim_5] ===== LOG RUN 061 INICIO =====
======================================================================
🚗 PROCESSAMENTO SUMO → E1 REGISTRY (OFFSET ALEATÓRIO - veh0)
======================================================================
📄 Entrada: ../data/vehicles_step_sim_5.csv
🏭 Consumo fabricante: 12.0 km/l
💰 Preço carbono: R$ 50.0/ton
⭕ Raio máximo do offset aleatório: 2.0 km
🎲 Offset gerado aleatoriamente:
   Ângulo: 107.2°
   Distância: 1.4230 km
   offset_x (lat): -0.003785°  |  offset_y (lon): 0.012210°
📊 Row stepping: Processando todas as linhas
🗺️  Map matching: ATIVADO (raio 1500m) - pontos snapped para ruas
📐 Cálculo de distância: HAVERSINE PURO dos pontos COM snap (consistência)
======================================================================

📊 Carregando dados SUMO...
   Total de registros no arquivo: 337
   Veículos únicos: 1
   🚙 Vehicle selecionado: carro_1000

🔄 Agregando viagens por vehicle_id...
  📐 SUMO_carro_1000: Calculando distâncias com Haversine direto (SEM routing API)
      Original: 301 pontos → 3.1480 km (Haversine)
      Offset:   301 pontos → 3.7807 km (Haversine)

🚙 Veículo: SUMO_carro_1000
   Modelo: HBEFA4/PC_petrol_Euro-6ab
   Segmentos: 301
   📏 Distância: 3.159 km (city: 3.020, highway: 0.139)
   ⛽ Combustível: 51.224 l
   🏭 CO2 real: 118326.7 g
   🎯 CO2 meta: 608.1 g
   📊 Delta: -117718.6 g
   💰 Valor E1: R$ -5.8859
   🧭 Tentativas map matching: 303

   🔑 OFFSET DETERMINÍSTICO (x=0.0025360095099132367°, y=-0.0007372245129094458°, max=2.0km):
   📍 Start Original:  (40.775644, -73.960687)
   🔒 Start Protegido: (40.778318, -73.960811) ✓ 0.29 km | ✓ MAP MATCHED
   📏 Deslocamento final: 297.9 metros
   📍 End Original:    (40.771236, -73.963813)
   🔒 End Protegido:   (40.773783, -73.964125) ✓ 0.29 km | ✓ MAP MATCHED
   📏 Deslocamento final: 284.8 metros

   📐 ANÁLISE DE DISTÂNCIA DO TRAJETO (HAVERSINE DOS PONTOS ARMAZENADOS):
   ✨ 251 pontos privados duplicados foram separados para garantir visualização 1:1.
   ℹ️  Dica: use --debug-map-matching para ver tentativas detalhadas de re-snap.
   🔢 Pontos unicos original/offset: 301/50 (Δ -251, -83.4% )
   📍 Trajeto original: 3.148 km (linha reta entre pontos GPS)
   🔒 Trajeto com offset: 3.781 km (linha reta entre pontos COM snap)
   📊 Diferença: +0.633 km (+20.1%)

======================================================================
📊 ESTATÍSTICAS FINAIS
======================================================================
Viagens processadas: 1
Distância total: 3.16 km
Combustível total: 51.22 l
CO2 real total: 118326.7 g
CO2 meta total: 608.1 g
Delta CO2: -117718.6 g
Valor E1 total: R$ -5.89

💰 Créditos: R$ 0.00
💸 Débitos: R$ 5.89
📈 Saldo líquido: R$ -5.89

🗺️  MAP MATCHING:
   Pontos processados: 301
   Snaps tentados: 301 (100.0%)
   Snaps bem-sucedidos: 301 (100.0%)
   Snaps forçados (>100m): 301 (100.0%)
   ✅ TODOS os pontos estão em ruas (FORCE_SNAP=True)
======================================================================

💾 Dados agregados salvos em: ../data/offset_batch/vehicles_step_sim_5/run_061.csv
[csv-worker_5] [vehicles_step_sim_5] ===== LOG RUN 061 FIM =====

[csv-worker_5] [vehicles_step_sim_5] ===== LOG RUN 062 INICIO =====
======================================================================
🚗 PROCESSAMENTO SUMO → E1 REGISTRY (OFFSET ALEATÓRIO - veh0)
======================================================================
📄 Entrada: ../data/vehicles_step_sim_5.csv
🏭 Consumo fabricante: 12.0 km/l
💰 Preço carbono: R$ 50.0/ton
⭕ Raio máximo do offset aleatório: 2.0 km
🎲 Offset gerado aleatoriamente:
   Ângulo: 155.6°
   Distância: 1.3783 km
   offset_x (lat): -0.011279°  |  offset_y (lon): 0.005108°
📊 Row stepping: Processando todas as linhas
🗺️  Map matching: ATIVADO (raio 1500m) - pontos snapped para ruas
📐 Cálculo de distância: HAVERSINE PURO dos pontos COM snap (consistência)
======================================================================

📊 Carregando dados SUMO...
   Total de registros no arquivo: 337
   Veículos únicos: 1
   🚙 Vehicle selecionado: carro_1000

🔄 Agregando viagens por vehicle_id...
  📐 SUMO_carro_1000: Calculando distâncias com Haversine direto (SEM routing API)
      Original: 301 pontos → 3.1480 km (Haversine)
      Offset:   301 pontos → 3.5590 km (Haversine)

🚙 Veículo: SUMO_carro_1000
   Modelo: HBEFA4/PC_petrol_Euro-6ab
   Segmentos: 301
   📏 Distância: 3.159 km (city: 3.020, highway: 0.139)
   ⛽ Combustível: 51.224 l
   🏭 CO2 real: 118326.7 g
   🎯 CO2 meta: 608.1 g
   📊 Delta: -117718.6 g
   💰 Valor E1: R$ -5.8859
   🧭 Tentativas map matching: 303

   🔑 OFFSET DETERMINÍSTICO (x=0.006730637169504992°, y=0.002677136234640208°, max=2.0km):
   📍 Start Original:  (40.775644, -73.960687)
   🔒 Start Protegido: (40.782215, -73.957975) ✓ 0.78 km | ✓ MAP MATCHED
   📏 Deslocamento final: 766.5 metros
   📍 End Original:    (40.771236, -73.963813)
   🔒 End Protegido:   (40.777701, -73.961118) ✓ 0.78 km | ✓ MAP MATCHED
   📏 Deslocamento final: 754.7 metros

   📐 ANÁLISE DE DISTÂNCIA DO TRAJETO (HAVERSINE DOS PONTOS ARMAZENADOS):
   ✨ 241 pontos privados duplicados foram separados para garantir visualização 1:1.
   ℹ️  Dica: use --debug-map-matching para ver tentativas detalhadas de re-snap.
   🔢 Pontos unicos original/offset: 301/60 (Δ -241, -80.1% )
   📍 Trajeto original: 3.148 km (linha reta entre pontos GPS)
   🔒 Trajeto com offset: 3.559 km (linha reta entre pontos COM snap)
   📊 Diferença: +0.411 km (+13.1%)

======================================================================
📊 ESTATÍSTICAS FINAIS
======================================================================
Viagens processadas: 1
Distância total: 3.16 km
Combustível total: 51.22 l
CO2 real total: 118326.7 g
CO2 meta total: 608.1 g
Delta CO2: -117718.6 g
Valor E1 total: R$ -5.89

💰 Créditos: R$ 0.00
💸 Débitos: R$ 5.89
📈 Saldo líquido: R$ -5.89

🗺️  MAP MATCHING:
   Pontos processados: 301
   Snaps tentados: 301 (100.0%)
   Snaps bem-sucedidos: 301 (100.0%)
   Snaps forçados (>100m): 301 (100.0%)
   ✅ TODOS os pontos estão em ruas (FORCE_SNAP=True)
======================================================================

💾 Dados agregados salvos em: ../data/offset_batch/vehicles_step_sim_5/run_062.csv
[csv-worker_5] [vehicles_step_sim_5] ===== LOG RUN 062 FIM =====

[csv-worker_5] [vehicles_step_sim_5] ===== LOG RUN 063 INICIO =====
======================================================================
🚗 PROCESSAMENTO SUMO → E1 REGISTRY (OFFSET ALEATÓRIO - veh0)
======================================================================
📄 Entrada: ../data/vehicles_step_sim_5.csv
🏭 Consumo fabricante: 12.0 km/l
💰 Preço carbono: R$ 50.0/ton
⭕ Raio máximo do offset aleatório: 2.0 km
🎲 Offset gerado aleatoriamente:
   Ângulo: 308.6°
   Distância: 0.5495 km
   offset_x (lat): 0.003076°  |  offset_y (lon): -0.003860°
📊 Row stepping: Processando todas as linhas
🗺️  Map matching: ATIVADO (raio 1500m) - pontos snapped para ruas
📐 Cálculo de distância: HAVERSINE PURO dos pontos COM snap (consistência)
======================================================================

📊 Carregando dados SUMO...
   Total de registros no arquivo: 337
   Veículos únicos: 1
   🚙 Vehicle selecionado: carro_1000

🔄 Agregando viagens por vehicle_id...
  📐 SUMO_carro_1000: Calculando distâncias com Haversine direto (SEM routing API)
      Original: 312 pontos → 3.1845 km (Haversine)
      Offset:   312 pontos → 3.6631 km (Haversine)

🚙 Veículo: SUMO_carro_1000
   Modelo: HBEFA4/PC_petrol_Euro-6ab
   Segmentos: 312
   📏 Distância: 3.190 km (city: 2.602, highway: 0.587)
   ⛽ Combustível: 54.577 l
   🏭 CO2 real: 126071.8 g
   🎯 CO2 meta: 614.1 g
   📊 Delta: -125457.8 g
   💰 Valor E1: R$ -6.2729
   🧭 Tentativas map matching: 314

   🔑 OFFSET DETERMINÍSTICO (x=0.003187784394139774°, y=-0.016112916383311377°, max=2.0km):
   📍 Start Original:  (40.775644, -73.960687)
   🔒 Start Protegido: (40.779317, -73.977252) ✓ 1.40 km | ✓ MAP MATCHED
   📏 Deslocamento final: 1455.1 metros
   📍 End Original:    (40.771637, -73.963520)
   🔒 End Protegido:   (40.774797, -73.980536) ✓ 1.40 km | ✓ MAP MATCHED
   📏 Deslocamento final: 1477.0 metros

   📐 ANÁLISE DE DISTÂNCIA DO TRAJETO (HAVERSINE DOS PONTOS ARMAZENADOS):
   ✨ 286 pontos privados duplicados foram separados para garantir visualização 1:1.
   ℹ️  Dica: use --debug-map-matching para ver tentativas detalhadas de re-snap.
   🔢 Pontos unicos original/offset: 312/26 (Δ -286, -91.7% )
   📍 Trajeto original: 3.185 km (linha reta entre pontos GPS)
   🔒 Trajeto com offset: 3.663 km (linha reta entre pontos COM snap)
   📊 Diferença: +0.479 km (+15.0%)

======================================================================
📊 ESTATÍSTICAS FINAIS
======================================================================
Viagens processadas: 1
Distância total: 3.19 km
Combustível total: 54.58 l
CO2 real total: 126071.8 g
CO2 meta total: 614.1 g
Delta CO2: -125457.8 g
Valor E1 total: R$ -6.27

💰 Créditos: R$ 0.00
💸 Débitos: R$ 6.27
📈 Saldo líquido: R$ -6.27

🗺️  MAP MATCHING:
   Pontos processados: 312
   Snaps tentados: 312 (100.0%)
   Snaps bem-sucedidos: 312 (100.0%)
   Snaps forçados (>100m): 312 (100.0%)
   ✅ TODOS os pontos estão em ruas (FORCE_SNAP=True)
======================================================================

💾 Dados agregados salvos em: ../data/offset_batch/vehicles_step_sim_5/run_063.csv
[csv-worker_5] [vehicles_step_sim_5] ===== LOG RUN 063 FIM =====

[csv-worker_5] [vehicles_step_sim_5] ===== LOG RUN 064 INICIO =====
======================================================================
🚗 PROCESSAMENTO SUMO → E1 REGISTRY (OFFSET ALEATÓRIO - veh0)
======================================================================
📄 Entrada: ../data/vehicles_step_sim_5.csv
🏭 Consumo fabricante: 12.0 km/l
💰 Preço carbono: R$ 50.0/ton
⭕ Raio máximo do offset aleatório: 2.0 km
🎲 Offset gerado aleatoriamente:
   Ângulo: 261.7°
   Distância: 1.7523 km
   offset_x (lat): -0.002274°  |  offset_y (lon): -0.015576°
📊 Row stepping: Processando todas as linhas
🗺️  Map matching: ATIVADO (raio 1500m) - pontos snapped para ruas
📐 Cálculo de distância: HAVERSINE PURO dos pontos COM snap (consistência)
======================================================================

📊 Carregando dados SUMO...
   Total de registros no arquivo: 337
   Veículos únicos: 1
   🚙 Vehicle selecionado: carro_1000

🔄 Agregando viagens por vehicle_id...
  📐 SUMO_carro_1000: Calculando distâncias com Haversine direto (SEM routing API)
      Original: 312 pontos → 3.1845 km (Haversine)
      Offset:   312 pontos → 3.7369 km (Haversine)

🚙 Veículo: SUMO_carro_1000
   Modelo: HBEFA4/PC_petrol_Euro-6ab
   Segmentos: 312
   📏 Distância: 3.190 km (city: 2.602, highway: 0.587)
   ⛽ Combustível: 54.577 l
   🏭 CO2 real: 126071.8 g
   🎯 CO2 meta: 614.1 g
   📊 Delta: -125457.8 g
   💰 Valor E1: R$ -6.2729
   🧭 Tentativas map matching: 314

   🔑 OFFSET DETERMINÍSTICO (x=-0.011246312610553505°, y=-0.0120195531008118°, max=2.0km):
   📍 Start Original:  (40.775644, -73.960687)
   🔒 Start Protegido: (40.764376, -73.972955) ✓ 1.61 km | ✓ MAP MATCHED
   📏 Deslocamento final: 1625.7 metros
   📍 End Original:    (40.771637, -73.963520)
   🔒 End Protegido:   (40.760358, -73.975727) ✓ 1.61 km | ✓ MAP MATCHED
   📏 Deslocamento final: 1623.4 metros

   📐 ANÁLISE DE DISTÂNCIA DO TRAJETO (HAVERSINE DOS PONTOS ARMAZENADOS):
   ✨ 253 pontos privados duplicados foram separados para garantir visualização 1:1.
   ℹ️  Dica: use --debug-map-matching para ver tentativas detalhadas de re-snap.
   🔢 Pontos unicos original/offset: 312/59 (Δ -253, -81.1% )
   📍 Trajeto original: 3.185 km (linha reta entre pontos GPS)
   🔒 Trajeto com offset: 3.737 km (linha reta entre pontos COM snap)
   📊 Diferença: +0.552 km (+17.3%)

======================================================================
📊 ESTATÍSTICAS FINAIS
======================================================================
Viagens processadas: 1
Distância total: 3.19 km
Combustível total: 54.58 l
CO2 real total: 126071.8 g
CO2 meta total: 614.1 g
Delta CO2: -125457.8 g
Valor E1 total: R$ -6.27

💰 Créditos: R$ 0.00
💸 Débitos: R$ 6.27
📈 Saldo líquido: R$ -6.27

🗺️  MAP MATCHING:
   Pontos processados: 312
   Snaps tentados: 312 (100.0%)
   Snaps bem-sucedidos: 312 (100.0%)
   Snaps forçados (>100m): 312 (100.0%)
   ✅ TODOS os pontos estão em ruas (FORCE_SNAP=True)
======================================================================

💾 Dados agregados salvos em: ../data/offset_batch/vehicles_step_sim_5/run_064.csv
[csv-worker_5] [vehicles_step_sim_5] ===== LOG RUN 064 FIM =====

[csv-worker_5] [vehicles_step_sim_5] ===== LOG RUN 065 INICIO =====
======================================================================
🚗 PROCESSAMENTO SUMO → E1 REGISTRY (OFFSET ALEATÓRIO - veh0)
======================================================================
📄 Entrada: ../data/vehicles_step_sim_5.csv
🏭 Consumo fabricante: 12.0 km/l
💰 Preço carbono: R$ 50.0/ton
⭕ Raio máximo do offset aleatório: 2.0 km
🎲 Offset gerado aleatoriamente:
   Ângulo: 202.6°
   Distância: 1.4770 km
   offset_x (lat): -0.012248°  |  offset_y (lon): -0.005102°
📊 Row stepping: Processando todas as linhas
🗺️  Map matching: ATIVADO (raio 1500m) - pontos snapped para ruas
📐 Cálculo de distância: HAVERSINE PURO dos pontos COM snap (consistência)
======================================================================

📊 Carregando dados SUMO...
   Total de registros no arquivo: 337
   Veículos únicos: 1
   🚙 Vehicle selecionado: carro_1000

🔄 Agregando viagens por vehicle_id...
  📐 SUMO_carro_1000: Calculando distâncias com Haversine direto (SEM routing API)
      Original: 222 pontos → 1.9688 km (Haversine)
      Offset:   222 pontos → 2.1421 km (Haversine)

🚙 Veículo: SUMO_carro_1000
   Modelo: HBEFA4/PC_petrol_Euro-6ab
   Segmentos: 222
   📏 Distância: 1.973 km (city: 1.973, highway: 0.000)
   ⛽ Combustível: 24.219 l
   🏭 CO2 real: 55946.2 g
   🎯 CO2 meta: 379.8 g
   📊 Delta: -55566.4 g
   💰 Valor E1: R$ -2.7783
   🧭 Tentativas map matching: 224

   🔑 OFFSET DETERMINÍSTICO (x=0.008148969381663259°, y=0.011972118124989632°, max=2.0km):
   📍 Start Original:  (40.775644, -73.960687)
   🔒 Start Protegido: (40.783927, -73.948421) ✓ 1.36 km | ✓ MAP MATCHED
   📏 Deslocamento final: 1385.5 metros
   📍 End Original:    (40.772651, -73.962544)
   🔒 End Protegido:   (40.780819, -73.950790) ✓ 1.36 km | ✓ MAP MATCHED
   📏 Deslocamento final: 1344.9 metros

   📐 ANÁLISE DE DISTÂNCIA DO TRAJETO (HAVERSINE DOS PONTOS ARMAZENADOS):
   ✨ 197 pontos privados duplicados foram separados para garantir visualização 1:1.
   ℹ️  Dica: use --debug-map-matching para ver tentativas detalhadas de re-snap.
   🔢 Pontos unicos original/offset: 221/25 (Δ -196, -88.7% )
   📍 Trajeto original: 1.969 km (linha reta entre pontos GPS)
   🔒 Trajeto com offset: 2.142 km (linha reta entre pontos COM snap)
   📊 Diferença: +0.173 km (+8.8%)

======================================================================
📊 ESTATÍSTICAS FINAIS
======================================================================
Viagens processadas: 1
Distância total: 1.97 km
Combustível total: 24.22 l
CO2 real total: 55946.2 g
CO2 meta total: 379.8 g
Delta CO2: -55566.4 g
Valor E1 total: R$ -2.78

💰 Créditos: R$ 0.00
💸 Débitos: R$ 2.78
📈 Saldo líquido: R$ -2.78

🗺️  MAP MATCHING:
   Pontos processados: 222
   Snaps tentados: 222 (100.0%)
   Snaps bem-sucedidos: 222 (100.0%)
   Snaps forçados (>100m): 222 (100.0%)
   ✅ TODOS os pontos estão em ruas (FORCE_SNAP=True)
======================================================================

💾 Dados agregados salvos em: ../data/offset_batch/vehicles_step_sim_5/run_065.csv
[csv-worker_5] [vehicles_step_sim_5] ===== LOG RUN 065 FIM =====

[csv-worker_5] [vehicles_step_sim_5] ===== LOG RUN 066 INICIO =====
======================================================================
🚗 PROCESSAMENTO SUMO → E1 REGISTRY (OFFSET ALEATÓRIO - veh0)
======================================================================
📄 Entrada: ../data/vehicles_step_sim_5.csv
🏭 Consumo fabricante: 12.0 km/l
💰 Preço carbono: R$ 50.0/ton
⭕ Raio máximo do offset aleatório: 2.0 km
🎲 Offset gerado aleatoriamente:
   Ângulo: 203.9°
   Distância: 1.5649 km
   offset_x (lat): -0.012849°  |  offset_y (lon): -0.005702°
📊 Row stepping: Processando todas as linhas
🗺️  Map matching: ATIVADO (raio 1500m) - pontos snapped para ruas
📐 Cálculo de distância: HAVERSINE PURO dos pontos COM snap (consistência)
======================================================================

📊 Carregando dados SUMO...
   Total de registros no arquivo: 337
   Veículos únicos: 1
   🚙 Vehicle selecionado: carro_1000

🔄 Agregando viagens por vehicle_id...
  📐 SUMO_carro_1000: Calculando distâncias com Haversine direto (SEM routing API)
      Original: 299 pontos → 3.0526 km (Haversine)
      Offset:   299 pontos → 2.6156 km (Haversine)

🚙 Veículo: SUMO_carro_1000
   Modelo: HBEFA4/PC_petrol_Euro-6ab
   Segmentos: 299
   📏 Distância: 3.060 km (city: 3.060, highway: 0.000)
   ⛽ Combustível: 48.384 l
   🏭 CO2 real: 111766.0 g
   🎯 CO2 meta: 589.0 g
   📊 Delta: -111177.0 g
   💰 Valor E1: R$ -5.5588
   🧭 Tentativas map matching: 301

   🔑 OFFSET DETERMINÍSTICO (x=0.012842960504256689°, y=0.0038931530155859985°, max=2.0km):
   📍 Start Original:  (40.775644, -73.960687)
   🔒 Start Protegido: (40.788513, -73.956285) ✓ 1.47 km | ✓ MAP MATCHED
   📏 Deslocamento final: 1479.9 metros
   📍 End Original:    (40.774198, -73.961141)
   🔒 End Protegido:   (40.786655, -73.956678) ✓ 1.47 km | ✓ MAP MATCHED
   📏 Deslocamento final: 1436.8 metros

   📐 ANÁLISE DE DISTÂNCIA DO TRAJETO (HAVERSINE DOS PONTOS ARMAZENADOS):
   ✨ 267 pontos privados duplicados foram separados para garantir visualização 1:1.
   ℹ️  Dica: use --debug-map-matching para ver tentativas detalhadas de re-snap.
   🔢 Pontos unicos original/offset: 299/32 (Δ -267, -89.3% )
   📍 Trajeto original: 3.053 km (linha reta entre pontos GPS)
   🔒 Trajeto com offset: 2.616 km (linha reta entre pontos COM snap)
   📊 Diferença: -0.437 km (-14.3%)

======================================================================
📊 ESTATÍSTICAS FINAIS
======================================================================
Viagens processadas: 1
Distância total: 3.06 km
Combustível total: 48.38 l
CO2 real total: 111766.0 g
CO2 meta total: 589.0 g
Delta CO2: -111177.0 g
Valor E1 total: R$ -5.56

💰 Créditos: R$ 0.00
💸 Débitos: R$ 5.56
📈 Saldo líquido: R$ -5.56

🗺️  MAP MATCHING:
   Pontos processados: 299
   Snaps tentados: 299 (100.0%)
   Snaps bem-sucedidos: 299 (100.0%)
   Snaps forçados (>100m): 299 (100.0%)
   ✅ TODOS os pontos estão em ruas (FORCE_SNAP=True)
======================================================================

💾 Dados agregados salvos em: ../data/offset_batch/vehicles_step_sim_5/run_066.csv
[csv-worker_5] [vehicles_step_sim_5] ===== LOG RUN 066 FIM =====

[csv-worker_5] [vehicles_step_sim_5] ===== LOG RUN 067 INICIO =====
======================================================================
🚗 PROCESSAMENTO SUMO → E1 REGISTRY (OFFSET ALEATÓRIO - veh0)
======================================================================
📄 Entrada: ../data/vehicles_step_sim_5.csv
🏭 Consumo fabricante: 12.0 km/l
💰 Preço carbono: R$ 50.0/ton
⭕ Raio máximo do offset aleatório: 2.0 km
🎲 Offset gerado aleatoriamente:
   Ângulo: 117.6°
   Distância: 1.1026 km
   offset_x (lat): -0.004583°  |  offset_y (lon): 0.008781°
📊 Row stepping: Processando todas as linhas
🗺️  Map matching: ATIVADO (raio 1500m) - pontos snapped para ruas
📐 Cálculo de distância: HAVERSINE PURO dos pontos COM snap (consistência)
======================================================================

📊 Carregando dados SUMO...
   Total de registros no arquivo: 337
   Veículos únicos: 1
   🚙 Vehicle selecionado: carro_1000

🔄 Agregando viagens por vehicle_id...
  📐 SUMO_carro_1000: Calculando distâncias com Haversine direto (SEM routing API)
      Original: 323 pontos → 2.9161 km (Haversine)
      Offset:   323 pontos → 2.2624 km (Haversine)

🚙 Veículo: SUMO_carro_1000
   Modelo: HBEFA4/PC_petrol_Euro-6ab
   Segmentos: 323
   📏 Distância: 2.926 km (city: 2.764, highway: 0.161)
   ⛽ Combustível: 54.094 l
   🏭 CO2 real: 124958.0 g
   🎯 CO2 meta: 563.2 g
   📊 Delta: -124394.9 g
   💰 Valor E1: R$ -6.2197
   🧭 Tentativas map matching: 325

   🔑 OFFSET DETERMINÍSTICO (x=0.004894981999205567°, y=-0.011837624249361712°, max=2.0km):
   📍 Start Original:  (40.775644, -73.960687)
   🔒 Start Protegido: (40.780715, -73.972698) ✓ 1.14 km | ✓ MAP MATCHED
   📏 Deslocamento final: 1159.3 metros
   📍 End Original:    (40.774046, -73.961617)
   🔒 End Protegido:   (40.778872, -73.974037) ✓ 1.14 km | ✓ MAP MATCHED
   📏 Deslocamento final: 1176.9 metros

   📐 ANÁLISE DE DISTÂNCIA DO TRAJETO (HAVERSINE DOS PONTOS ARMAZENADOS):
   ✨ 291 pontos privados duplicados foram separados para garantir visualização 1:1.
   ℹ️  Dica: use --debug-map-matching para ver tentativas detalhadas de re-snap.
   🔢 Pontos unicos original/offset: 320/32 (Δ -288, -90.0% )
   📍 Trajeto original: 2.916 km (linha reta entre pontos GPS)
   🔒 Trajeto com offset: 2.262 km (linha reta entre pontos COM snap)
   📊 Diferença: -0.654 km (-22.4%)

======================================================================
📊 ESTATÍSTICAS FINAIS
======================================================================
Viagens processadas: 1
Distância total: 2.93 km
Combustível total: 54.09 l
CO2 real total: 124958.0 g
CO2 meta total: 563.2 g
Delta CO2: -124394.9 g
Valor E1 total: R$ -6.22

💰 Créditos: R$ 0.00
💸 Débitos: R$ 6.22
📈 Saldo líquido: R$ -6.22

🗺️  MAP MATCHING:
   Pontos processados: 323
   Snaps tentados: 323 (100.0%)
   Snaps bem-sucedidos: 323 (100.0%)
   Snaps forçados (>100m): 323 (100.0%)
   ✅ TODOS os pontos estão em ruas (FORCE_SNAP=True)
======================================================================

💾 Dados agregados salvos em: ../data/offset_batch/vehicles_step_sim_5/run_067.csv
[csv-worker_5] [vehicles_step_sim_5] ===== LOG RUN 067 FIM =====

[csv-worker_5] [vehicles_step_sim_5] ===== LOG RUN 068 INICIO =====
======================================================================
🚗 PROCESSAMENTO SUMO → E1 REGISTRY (OFFSET ALEATÓRIO - veh0)
======================================================================
📄 Entrada: ../data/vehicles_step_sim_5.csv
🏭 Consumo fabricante: 12.0 km/l
💰 Preço carbono: R$ 50.0/ton
⭕ Raio máximo do offset aleatório: 2.0 km
🎲 Offset gerado aleatoriamente:
   Ângulo: 44.9°
   Distância: 1.4971 km
   offset_x (lat): 0.009531°  |  offset_y (lon): 0.009488°
📊 Row stepping: Processando todas as linhas
🗺️  Map matching: ATIVADO (raio 1500m) - pontos snapped para ruas
📐 Cálculo de distância: HAVERSINE PURO dos pontos COM snap (consistência)
======================================================================

📊 Carregando dados SUMO...
   Total de registros no arquivo: 337
   Veículos únicos: 1
   🚙 Vehicle selecionado: carro_1000

🔄 Agregando viagens por vehicle_id...
  📐 SUMO_carro_1000: Calculando distâncias com Haversine direto (SEM routing API)
      Original: 323 pontos → 2.9161 km (Haversine)
      Offset:   323 pontos → 3.7754 km (Haversine)

🚙 Veículo: SUMO_carro_1000
   Modelo: HBEFA4/PC_petrol_Euro-6ab
   Segmentos: 323
   📏 Distância: 2.926 km (city: 2.764, highway: 0.161)
   ⛽ Combustível: 54.094 l
   🏭 CO2 real: 124958.0 g
   🎯 CO2 meta: 563.2 g
   📊 Delta: -124394.9 g
   💰 Valor E1: R$ -6.2197
   🧭 Tentativas map matching: 325

   🔑 OFFSET DETERMINÍSTICO (x=0.0011128171341913944°, y=0.009099539442552717°, max=2.0km):
   📍 Start Original:  (40.775644, -73.960687)
   🔒 Start Protegido: (40.777146, -73.952124) ✓ 0.78 km | ✓ MAP MATCHED
   📏 Deslocamento final: 741.0 metros
   📍 End Original:    (40.774046, -73.961617)
   🔒 End Protegido:   (40.774985, -73.952904) ✓ 0.78 km | ✓ MAP MATCHED
   📏 Deslocamento final: 741.9 metros

   📐 ANÁLISE DE DISTÂNCIA DO TRAJETO (HAVERSINE DOS PONTOS ARMAZENADOS):
   ✨ 286 pontos privados duplicados foram separados para garantir visualização 1:1.
   ℹ️  Dica: use --debug-map-matching para ver tentativas detalhadas de re-snap.
   🔢 Pontos unicos original/offset: 320/37 (Δ -283, -88.4% )
   📍 Trajeto original: 2.916 km (linha reta entre pontos GPS)
   🔒 Trajeto com offset: 3.775 km (linha reta entre pontos COM snap)
   📊 Diferença: +0.859 km (+29.5%)

======================================================================
📊 ESTATÍSTICAS FINAIS
======================================================================
Viagens processadas: 1
Distância total: 2.93 km
Combustível total: 54.09 l
CO2 real total: 124958.0 g
CO2 meta total: 563.2 g
Delta CO2: -124394.9 g
Valor E1 total: R$ -6.22

💰 Créditos: R$ 0.00
💸 Débitos: R$ 6.22
📈 Saldo líquido: R$ -6.22

🗺️  MAP MATCHING:
   Pontos processados: 323
   Snaps tentados: 323 (100.0%)
   Snaps bem-sucedidos: 323 (100.0%)
   Snaps forçados (>100m): 323 (100.0%)
   ✅ TODOS os pontos estão em ruas (FORCE_SNAP=True)
======================================================================

💾 Dados agregados salvos em: ../data/offset_batch/vehicles_step_sim_5/run_068.csv
[csv-worker_5] [vehicles_step_sim_5] ===== LOG RUN 068 FIM =====

[csv-worker_5] [vehicles_step_sim_5] ===== LOG RUN 069 INICIO =====
======================================================================
🚗 PROCESSAMENTO SUMO → E1 REGISTRY (OFFSET ALEATÓRIO - veh0)
======================================================================
📄 Entrada: ../data/vehicles_step_sim_5.csv
🏭 Consumo fabricante: 12.0 km/l
💰 Preço carbono: R$ 50.0/ton
⭕ Raio máximo do offset aleatório: 2.0 km
🎲 Offset gerado aleatoriamente:
   Ângulo: 94.8°
   Distância: 1.4708 km
   offset_x (lat): -0.001101°  |  offset_y (lon): 0.013166°
📊 Row stepping: Processando todas as linhas
🗺️  Map matching: ATIVADO (raio 1500m) - pontos snapped para ruas
📐 Cálculo de distância: HAVERSINE PURO dos pontos COM snap (consistência)
======================================================================

📊 Carregando dados SUMO...
   Total de registros no arquivo: 337
   Veículos únicos: 1
   🚙 Vehicle selecionado: carro_1000

🔄 Agregando viagens por vehicle_id...
  📐 SUMO_carro_1000: Calculando distâncias com Haversine direto (SEM routing API)
      Original: 300 pontos → 3.1542 km (Haversine)
      Offset:   300 pontos → 3.2313 km (Haversine)

🚙 Veículo: SUMO_carro_1000
   Modelo: HBEFA4/PC_petrol_Euro-6ab
   Segmentos: 300
   📏 Distância: 3.158 km (city: 2.541, highway: 0.617)
   ⛽ Combustível: 49.984 l
   🏭 CO2 real: 115462.6 g
   🎯 CO2 meta: 608.0 g
   📊 Delta: -114854.6 g
   💰 Valor E1: R$ -5.7427
   🧭 Tentativas map matching: 302

   🔑 OFFSET DETERMINÍSTICO (x=-0.012166078962807799°, y=-0.012573096102742608°, max=2.0km):
   📍 Start Original:  (40.775644, -73.960687)
   🔒 Start Protegido: (40.763600, -73.973350) ✓ 1.72 km | ✓ MAP MATCHED
   📏 Deslocamento final: 1713.8 metros
   📍 End Original:    (40.773912, -73.961904)
   🔒 End Protegido:   (40.761895, -73.974765) ✓ 1.72 km | ✓ MAP MATCHED
   📏 Deslocamento final: 1721.9 metros

   📐 ANÁLISE DE DISTÂNCIA DO TRAJETO (HAVERSINE DOS PONTOS ARMAZENADOS):
   ✨ 250 pontos privados duplicados foram separados para garantir visualização 1:1.
   ℹ️  Dica: use --debug-map-matching para ver tentativas detalhadas de re-snap.
   🔢 Pontos unicos original/offset: 299/50 (Δ -249, -83.3% )
   📍 Trajeto original: 3.154 km (linha reta entre pontos GPS)
   🔒 Trajeto com offset: 3.231 km (linha reta entre pontos COM snap)
   📊 Diferença: +0.077 km (+2.4%)

======================================================================
📊 ESTATÍSTICAS FINAIS
======================================================================
Viagens processadas: 1
Distância total: 3.16 km
Combustível total: 49.98 l
CO2 real total: 115462.6 g
CO2 meta total: 608.0 g
Delta CO2: -114854.6 g
Valor E1 total: R$ -5.74

💰 Créditos: R$ 0.00
💸 Débitos: R$ 5.74
📈 Saldo líquido: R$ -5.74

🗺️  MAP MATCHING:
   Pontos processados: 300
   Snaps tentados: 300 (100.0%)
   Snaps bem-sucedidos: 300 (100.0%)
   Snaps forçados (>100m): 300 (100.0%)
   ✅ TODOS os pontos estão em ruas (FORCE_SNAP=True)
======================================================================

💾 Dados agregados salvos em: ../data/offset_batch/vehicles_step_sim_5/run_069.csv
[csv-worker_5] [vehicles_step_sim_5] ===== LOG RUN 069 FIM =====

[csv-worker_5] [vehicles_step_sim_5] ===== LOG RUN 070 INICIO =====
======================================================================
🚗 PROCESSAMENTO SUMO → E1 REGISTRY (OFFSET ALEATÓRIO - veh0)
======================================================================
📄 Entrada: ../data/vehicles_step_sim_5.csv
🏭 Consumo fabricante: 12.0 km/l
💰 Preço carbono: R$ 50.0/ton
⭕ Raio máximo do offset aleatório: 2.0 km
🎲 Offset gerado aleatoriamente:
   Ângulo: 327.3°
   Distância: 1.8689 km
   offset_x (lat): 0.014127°  |  offset_y (lon): -0.009071°
📊 Row stepping: Processando todas as linhas
🗺️  Map matching: ATIVADO (raio 1500m) - pontos snapped para ruas
📐 Cálculo de distância: HAVERSINE PURO dos pontos COM snap (consistência)
======================================================================

📊 Carregando dados SUMO...
   Total de registros no arquivo: 337
   Veículos únicos: 1
   🚙 Vehicle selecionado: carro_1000

🔄 Agregando viagens por vehicle_id...
  📐 SUMO_carro_1000: Calculando distâncias com Haversine direto (SEM routing API)
      Original: 323 pontos → 2.9161 km (Haversine)
      Offset:   323 pontos → 3.1449 km (Haversine)

🚙 Veículo: SUMO_carro_1000
   Modelo: HBEFA4/PC_petrol_Euro-6ab
   Segmentos: 323
   📏 Distância: 2.926 km (city: 2.764, highway: 0.161)
   ⛽ Combustível: 54.094 l
   🏭 CO2 real: 124958.0 g
   🎯 CO2 meta: 563.2 g
   📊 Delta: -124394.9 g
   💰 Valor E1: R$ -6.2197
   🧭 Tentativas map matching: 325

   🔑 OFFSET DETERMINÍSTICO (x=0.0006409119973897873°, y=-0.009171055514794456°, max=2.0km):
   📍 Start Original:  (40.775644, -73.960687)
   🔒 Start Protegido: (40.778697, -73.967987) ✓ 0.78 km | ✓ MAP MATCHED
   📏 Deslocamento final: 703.0 metros
   📍 End Original:    (40.774046, -73.961617)
   🔒 End Protegido:   (40.773082, -73.966576) ✓ 0.78 km | ✓ MAP MATCHED
   📏 Deslocamento final: 431.6 metros

   📐 ANÁLISE DE DISTÂNCIA DO TRAJETO (HAVERSINE DOS PONTOS ARMAZENADOS):
   ✨ 293 pontos privados duplicados foram separados para garantir visualização 1:1.
   ℹ️  Dica: use --debug-map-matching para ver tentativas detalhadas de re-snap.
   🔢 Pontos unicos original/offset: 320/30 (Δ -290, -90.6% )
   📍 Trajeto original: 2.916 km (linha reta entre pontos GPS)
   🔒 Trajeto com offset: 3.145 km (linha reta entre pontos COM snap)
   📊 Diferença: +0.229 km (+7.8%)

======================================================================
📊 ESTATÍSTICAS FINAIS
======================================================================
Viagens processadas: 1
Distância total: 2.93 km
Combustível total: 54.09 l
CO2 real total: 124958.0 g
CO2 meta total: 563.2 g
Delta CO2: -124394.9 g
Valor E1 total: R$ -6.22

💰 Créditos: R$ 0.00
💸 Débitos: R$ 6.22
📈 Saldo líquido: R$ -6.22

🗺️  MAP MATCHING:
   Pontos processados: 323
   Snaps tentados: 323 (100.0%)
   Snaps bem-sucedidos: 323 (100.0%)
   Snaps forçados (>100m): 323 (100.0%)
   ✅ TODOS os pontos estão em ruas (FORCE_SNAP=True)
======================================================================

💾 Dados agregados salvos em: ../data/offset_batch/vehicles_step_sim_5/run_070.csv
[csv-worker_5] [vehicles_step_sim_5] ===== LOG RUN 070 FIM =====

[csv-worker_5] [vehicles_step_sim_5] ===== LOG RUN 071 INICIO =====
======================================================================
🚗 PROCESSAMENTO SUMO → E1 REGISTRY (OFFSET ALEATÓRIO - veh0)
======================================================================
📄 Entrada: ../data/vehicles_step_sim_5.csv
🏭 Consumo fabricante: 12.0 km/l
💰 Preço carbono: R$ 50.0/ton
⭕ Raio máximo do offset aleatório: 2.0 km
🎲 Offset gerado aleatoriamente:
   Ângulo: 244.1°
   Distância: 1.3137 km
   offset_x (lat): -0.005158°  |  offset_y (lon): -0.010614°
📊 Row stepping: Processando todas as linhas
🗺️  Map matching: ATIVADO (raio 1500m) - pontos snapped para ruas
📐 Cálculo de distância: HAVERSINE PURO dos pontos COM snap (consistência)
======================================================================

📊 Carregando dados SUMO...
   Total de registros no arquivo: 337
   Veículos únicos: 1
   🚙 Vehicle selecionado: carro_1000

🔄 Agregando viagens por vehicle_id...
  📐 SUMO_carro_1000: Calculando distâncias com Haversine direto (SEM routing API)
      Original: 323 pontos → 2.9161 km (Haversine)
      Offset:   323 pontos → 2.4870 km (Haversine)

🚙 Veículo: SUMO_carro_1000
   Modelo: HBEFA4/PC_petrol_Euro-6ab
   Segmentos: 323
   📏 Distância: 2.926 km (city: 2.764, highway: 0.161)
   ⛽ Combustível: 54.094 l
   🏭 CO2 real: 124958.0 g
   🎯 CO2 meta: 563.2 g
   📊 Delta: -124394.9 g
   💰 Valor E1: R$ -6.2197
   🧭 Tentativas map matching: 325

   🔑 OFFSET DETERMINÍSTICO (x=0.004761596013984627°, y=-0.012443236509080772°, max=2.0km):
   📍 Start Original:  (40.775644, -73.960687)
   🔒 Start Protegido: (40.780715, -73.972698) ✓ 1.18 km | ✓ MAP MATCHED
   📏 Deslocamento final: 1159.3 metros
   📍 End Original:    (40.774046, -73.961617)
   🔒 End Protegido:   (40.778813, -73.974080) ✓ 1.18 km | ✓ MAP MATCHED
   📏 Deslocamento final: 1177.1 metros

   📐 ANÁLISE DE DISTÂNCIA DO TRAJETO (HAVERSINE DOS PONTOS ARMAZENADOS):
   ✨ 290 pontos privados duplicados foram separados para garantir visualização 1:1.
   ℹ️  Dica: use --debug-map-matching para ver tentativas detalhadas de re-snap.
   🔢 Pontos unicos original/offset: 320/33 (Δ -287, -89.7% )
   📍 Trajeto original: 2.916 km (linha reta entre pontos GPS)
   🔒 Trajeto com offset: 2.487 km (linha reta entre pontos COM snap)
   📊 Diferença: -0.429 km (-14.7%)

======================================================================
📊 ESTATÍSTICAS FINAIS
======================================================================
Viagens processadas: 1
Distância total: 2.93 km
Combustível total: 54.09 l
CO2 real total: 124958.0 g
CO2 meta total: 563.2 g
Delta CO2: -124394.9 g
Valor E1 total: R$ -6.22

💰 Créditos: R$ 0.00
💸 Débitos: R$ 6.22
📈 Saldo líquido: R$ -6.22

🗺️  MAP MATCHING:
   Pontos processados: 323
   Snaps tentados: 323 (100.0%)
   Snaps bem-sucedidos: 323 (100.0%)
   Snaps forçados (>100m): 323 (100.0%)
   ✅ TODOS os pontos estão em ruas (FORCE_SNAP=True)
======================================================================

💾 Dados agregados salvos em: ../data/offset_batch/vehicles_step_sim_5/run_071.csv
[csv-worker_5] [vehicles_step_sim_5] ===== LOG RUN 071 FIM =====

[csv-worker_5] [vehicles_step_sim_5] ===== LOG RUN 072 INICIO =====
======================================================================
🚗 PROCESSAMENTO SUMO → E1 REGISTRY (OFFSET ALEATÓRIO - veh0)
======================================================================
📄 Entrada: ../data/vehicles_step_sim_5.csv
🏭 Consumo fabricante: 12.0 km/l
💰 Preço carbono: R$ 50.0/ton
⭕ Raio máximo do offset aleatório: 2.0 km
🎲 Offset gerado aleatoriamente:
   Ângulo: 261.7°
   Distância: 1.7493 km
   offset_x (lat): -0.002258°  |  offset_y (lon): -0.015551°
📊 Row stepping: Processando todas as linhas
🗺️  Map matching: ATIVADO (raio 1500m) - pontos snapped para ruas
📐 Cálculo de distância: HAVERSINE PURO dos pontos COM snap (consistência)
======================================================================

📊 Carregando dados SUMO...
   Total de registros no arquivo: 337
   Veículos únicos: 1
   🚙 Vehicle selecionado: carro_1000

🔄 Agregando viagens por vehicle_id...
  📐 SUMO_carro_1000: Calculando distâncias com Haversine direto (SEM routing API)
      Original: 323 pontos → 2.9161 km (Haversine)
      Offset:   323 pontos → 3.2569 km (Haversine)

🚙 Veículo: SUMO_carro_1000
   Modelo: HBEFA4/PC_petrol_Euro-6ab
   Segmentos: 323
   📏 Distância: 2.926 km (city: 2.764, highway: 0.161)
   ⛽ Combustível: 54.094 l
   🏭 CO2 real: 124958.0 g
   🎯 CO2 meta: 563.2 g
   📊 Delta: -124394.9 g
   💰 Valor E1: R$ -6.2197
   🧭 Tentativas map matching: 325

   🔑 OFFSET DETERMINÍSTICO (x=0.011123075350534086°, y=0.011051093930896283°, max=2.0km):
   📍 Start Original:  (40.775644, -73.960687)
   🔒 Start Protegido: (40.787149, -73.949898) ✓ 1.55 km | ✓ MAP MATCHED
   📏 Deslocamento final: 1570.8 metros
   📍 End Original:    (40.774046, -73.961617)
   🔒 End Protegido:   (40.784908, -73.950755) ✓ 1.55 km | ✓ MAP MATCHED
   📏 Deslocamento final: 1516.8 metros

   📐 ANÁLISE DE DISTÂNCIA DO TRAJETO (HAVERSINE DOS PONTOS ARMAZENADOS):
   ✨ 292 pontos privados duplicados foram separados para garantir visualização 1:1.
   ℹ️  Dica: use --debug-map-matching para ver tentativas detalhadas de re-snap.
   🔢 Pontos unicos original/offset: 320/31 (Δ -289, -90.3% )
   📍 Trajeto original: 2.916 km (linha reta entre pontos GPS)
   🔒 Trajeto com offset: 3.257 km (linha reta entre pontos COM snap)
   📊 Diferença: +0.341 km (+11.7%)

======================================================================
📊 ESTATÍSTICAS FINAIS
======================================================================
Viagens processadas: 1
Distância total: 2.93 km
Combustível total: 54.09 l
CO2 real total: 124958.0 g
CO2 meta total: 563.2 g
Delta CO2: -124394.9 g
Valor E1 total: R$ -6.22

💰 Créditos: R$ 0.00
💸 Débitos: R$ 6.22
📈 Saldo líquido: R$ -6.22

🗺️  MAP MATCHING:
   Pontos processados: 323
   Snaps tentados: 323 (100.0%)
   Snaps bem-sucedidos: 323 (100.0%)
   Snaps forçados (>100m): 323 (100.0%)
   ✅ TODOS os pontos estão em ruas (FORCE_SNAP=True)
======================================================================

💾 Dados agregados salvos em: ../data/offset_batch/vehicles_step_sim_5/run_072.csv
[csv-worker_5] [vehicles_step_sim_5] ===== LOG RUN 072 FIM =====

[csv-worker_5] [vehicles_step_sim_5] ===== LOG RUN 073 INICIO =====
======================================================================
🚗 PROCESSAMENTO SUMO → E1 REGISTRY (OFFSET ALEATÓRIO - veh0)
======================================================================
📄 Entrada: ../data/vehicles_step_sim_5.csv
🏭 Consumo fabricante: 12.0 km/l
💰 Preço carbono: R$ 50.0/ton
⭕ Raio máximo do offset aleatório: 2.0 km
🎲 Offset gerado aleatoriamente:
   Ângulo: 56.9°
   Distância: 0.4492 km
   offset_x (lat): 0.002206°  |  offset_y (lon): 0.003379°
📊 Row stepping: Processando todas as linhas
🗺️  Map matching: ATIVADO (raio 1500m) - pontos snapped para ruas
📐 Cálculo de distância: HAVERSINE PURO dos pontos COM snap (consistência)
======================================================================

📊 Carregando dados SUMO...
   Total de registros no arquivo: 337
   Veículos únicos: 1
   🚙 Vehicle selecionado: carro_1000

🔄 Agregando viagens por vehicle_id...
  📐 SUMO_carro_1000: Calculando distâncias com Haversine direto (SEM routing API)
      Original: 323 pontos → 2.9161 km (Haversine)
      Offset:   323 pontos → 3.0491 km (Haversine)

🚙 Veículo: SUMO_carro_1000
   Modelo: HBEFA4/PC_petrol_Euro-6ab
   Segmentos: 323
   📏 Distância: 2.926 km (city: 2.764, highway: 0.161)
   ⛽ Combustível: 54.094 l
   🏭 CO2 real: 124958.0 g
   🎯 CO2 meta: 563.2 g
   📊 Delta: -124394.9 g
   💰 Valor E1: R$ -6.2197
   🧭 Tentativas map matching: 325

   🔑 OFFSET DETERMINÍSTICO (x=-0.011099831417524556°, y=-0.0055335312171736345°, max=2.0km):
   📍 Start Original:  (40.775644, -73.960687)
   🔒 Start Protegido: (40.764696, -73.966259) ✓ 1.32 km | ✓ MAP MATCHED
   📏 Deslocamento final: 1306.1 metros
   📍 End Original:    (40.774046, -73.961617)
   🔒 End Protegido:   (40.762802, -73.967552) ✓ 1.32 km | ✓ MAP MATCHED
   📏 Deslocamento final: 1347.9 metros

   📐 ANÁLISE DE DISTÂNCIA DO TRAJETO (HAVERSINE DOS PONTOS ARMAZENADOS):
   ✨ 278 pontos privados duplicados foram separados para garantir visualização 1:1.
   ℹ️  Dica: use --debug-map-matching para ver tentativas detalhadas de re-snap.
   🔢 Pontos unicos original/offset: 320/45 (Δ -275, -85.9% )
   📍 Trajeto original: 2.916 km (linha reta entre pontos GPS)
   🔒 Trajeto com offset: 3.049 km (linha reta entre pontos COM snap)
   📊 Diferença: +0.133 km (+4.6%)

======================================================================
📊 ESTATÍSTICAS FINAIS
======================================================================
Viagens processadas: 1
Distância total: 2.93 km
Combustível total: 54.09 l
CO2 real total: 124958.0 g
CO2 meta total: 563.2 g
Delta CO2: -124394.9 g
Valor E1 total: R$ -6.22

💰 Créditos: R$ 0.00
💸 Débitos: R$ 6.22
📈 Saldo líquido: R$ -6.22

🗺️  MAP MATCHING:
   Pontos processados: 323
   Snaps tentados: 323 (100.0%)
   Snaps bem-sucedidos: 323 (100.0%)
   Snaps forçados (>100m): 323 (100.0%)
   ✅ TODOS os pontos estão em ruas (FORCE_SNAP=True)
======================================================================

💾 Dados agregados salvos em: ../data/offset_batch/vehicles_step_sim_5/run_073.csv
[csv-worker_5] [vehicles_step_sim_5] ===== LOG RUN 073 FIM =====

[csv-worker_5] [vehicles_step_sim_5] ===== LOG RUN 074 INICIO =====
======================================================================
🚗 PROCESSAMENTO SUMO → E1 REGISTRY (OFFSET ALEATÓRIO - veh0)
======================================================================
📄 Entrada: ../data/vehicles_step_sim_5.csv
🏭 Consumo fabricante: 12.0 km/l
💰 Preço carbono: R$ 50.0/ton
⭕ Raio máximo do offset aleatório: 2.0 km
🎲 Offset gerado aleatoriamente:
   Ângulo: 150.9°
   Distância: 1.6829 km
   offset_x (lat): -0.013214°  |  offset_y (lon): 0.007344°
📊 Row stepping: Processando todas as linhas
🗺️  Map matching: ATIVADO (raio 1500m) - pontos snapped para ruas
📐 Cálculo de distância: HAVERSINE PURO dos pontos COM snap (consistência)
======================================================================

📊 Carregando dados SUMO...
   Total de registros no arquivo: 337
   Veículos únicos: 1
   🚙 Vehicle selecionado: carro_1000

🔄 Agregando viagens por vehicle_id...
  📐 SUMO_carro_1000: Calculando distâncias com Haversine direto (SEM routing API)
      Original: 299 pontos → 3.0526 km (Haversine)
      Offset:   299 pontos → 3.6079 km (Haversine)

🚙 Veículo: SUMO_carro_1000
   Modelo: HBEFA4/PC_petrol_Euro-6ab
   Segmentos: 299
   📏 Distância: 3.060 km (city: 3.060, highway: 0.000)
   ⛽ Combustível: 48.384 l
   🏭 CO2 real: 111766.0 g
   🎯 CO2 meta: 589.0 g
   📊 Delta: -111177.0 g
   💰 Valor E1: R$ -5.5588
   🧭 Tentativas map matching: 301

   🔑 OFFSET DETERMINÍSTICO (x=0.008233361303246289°, y=0.009249103737925672°, max=2.0km):
   📍 Start Original:  (40.775644, -73.960687)
   🔒 Start Protegido: (40.783895, -73.952242) ✓ 1.20 km | ✓ MAP MATCHED
   📏 Deslocamento final: 1162.1 metros
   📍 End Original:    (40.774198, -73.961141)
   🔒 End Protegido:   (40.782075, -73.951792) ✓ 1.20 km | ✓ MAP MATCHED
   📏 Deslocamento final: 1179.0 metros

   📐 ANÁLISE DE DISTÂNCIA DO TRAJETO (HAVERSINE DOS PONTOS ARMAZENADOS):
   ✨ 265 pontos privados duplicados foram separados para garantir visualização 1:1.
   ℹ️  Dica: use --debug-map-matching para ver tentativas detalhadas de re-snap.
   🔢 Pontos unicos original/offset: 299/34 (Δ -265, -88.6% )
   📍 Trajeto original: 3.053 km (linha reta entre pontos GPS)
   🔒 Trajeto com offset: 3.608 km (linha reta entre pontos COM snap)
   📊 Diferença: +0.555 km (+18.2%)

======================================================================
📊 ESTATÍSTICAS FINAIS
======================================================================
Viagens processadas: 1
Distância total: 3.06 km
Combustível total: 48.38 l
CO2 real total: 111766.0 g
CO2 meta total: 589.0 g
Delta CO2: -111177.0 g
Valor E1 total: R$ -5.56

💰 Créditos: R$ 0.00
💸 Débitos: R$ 5.56
📈 Saldo líquido: R$ -5.56

🗺️  MAP MATCHING:
   Pontos processados: 299
   Snaps tentados: 299 (100.0%)
   Snaps bem-sucedidos: 299 (100.0%)
   Snaps forçados (>100m): 299 (100.0%)
   ✅ TODOS os pontos estão em ruas (FORCE_SNAP=True)
======================================================================

💾 Dados agregados salvos em: ../data/offset_batch/vehicles_step_sim_5/run_074.csv
[csv-worker_5] [vehicles_step_sim_5] ===== LOG RUN 074 FIM =====

[csv-worker_5] [vehicles_step_sim_5] ===== LOG RUN 075 INICIO =====
======================================================================
🚗 PROCESSAMENTO SUMO → E1 REGISTRY (OFFSET ALEATÓRIO - veh0)
======================================================================
📄 Entrada: ../data/vehicles_step_sim_5.csv
🏭 Consumo fabricante: 12.0 km/l
💰 Preço carbono: R$ 50.0/ton
⭕ Raio máximo do offset aleatório: 2.0 km
🎲 Offset gerado aleatoriamente:
   Ângulo: 44.1°
   Distância: 1.2702 km
   offset_x (lat): 0.008191°  |  offset_y (lon): 0.007943°
📊 Row stepping: Processando todas as linhas
🗺️  Map matching: ATIVADO (raio 1500m) - pontos snapped para ruas
📐 Cálculo de distância: HAVERSINE PURO dos pontos COM snap (consistência)
======================================================================

📊 Carregando dados SUMO...
   Total de registros no arquivo: 337
   Veículos únicos: 1
   🚙 Vehicle selecionado: carro_1000

🔄 Agregando viagens por vehicle_id...
  📐 SUMO_carro_1000: Calculando distâncias com Haversine direto (SEM routing API)
      Original: 312 pontos → 3.1845 km (Haversine)
      Offset:   312 pontos → 5.3162 km (Haversine)

🚙 Veículo: SUMO_carro_1000
   Modelo: HBEFA4/PC_petrol_Euro-6ab
   Segmentos: 312
   📏 Distância: 3.190 km (city: 2.602, highway: 0.587)
   ⛽ Combustível: 54.577 l
   🏭 CO2 real: 126071.8 g
   🎯 CO2 meta: 614.1 g
   📊 Delta: -125457.8 g
   💰 Valor E1: R$ -6.2729
   🧭 Tentativas map matching: 314

   🔑 OFFSET DETERMINÍSTICO (x=0.015116933185653898°, y=0.0009129481781126369°, max=2.0km):
   📍 Start Original:  (40.775644, -73.960687)
   🔒 Start Protegido: (40.790339, -73.960016) ✓ 1.68 km | ✓ MAP MATCHED
   📏 Deslocamento final: 1636.8 metros
   📍 End Original:    (40.771637, -73.963520)
   🔒 End Protegido:   (40.783555, -73.964557) ✓ 1.68 km | ✓ MAP MATCHED
   📏 Deslocamento final: 1329.6 metros

   📐 ANÁLISE DE DISTÂNCIA DO TRAJETO (HAVERSINE DOS PONTOS ARMAZENADOS):
   ✨ 272 pontos privados duplicados foram separados para garantir visualização 1:1.
   ℹ️  Dica: use --debug-map-matching para ver tentativas detalhadas de re-snap.
   🔢 Pontos unicos original/offset: 312/40 (Δ -272, -87.2% )
   📍 Trajeto original: 3.185 km (linha reta entre pontos GPS)
   🔒 Trajeto com offset: 5.316 km (linha reta entre pontos COM snap)
   📊 Diferença: +2.132 km (+66.9%)

======================================================================
📊 ESTATÍSTICAS FINAIS
======================================================================
Viagens processadas: 1
Distância total: 3.19 km
Combustível total: 54.58 l
CO2 real total: 126071.8 g
CO2 meta total: 614.1 g
Delta CO2: -125457.8 g
Valor E1 total: R$ -6.27

💰 Créditos: R$ 0.00
💸 Débitos: R$ 6.27
📈 Saldo líquido: R$ -6.27

🗺️  MAP MATCHING:
   Pontos processados: 312
   Snaps tentados: 312 (100.0%)
   Snaps bem-sucedidos: 312 (100.0%)
   Snaps forçados (>100m): 312 (100.0%)
   ✅ TODOS os pontos estão em ruas (FORCE_SNAP=True)
======================================================================

💾 Dados agregados salvos em: ../data/offset_batch/vehicles_step_sim_5/run_075.csv
[csv-worker_5] [vehicles_step_sim_5] ===== LOG RUN 075 FIM =====

[csv-worker_5] [vehicles_step_sim_5] ===== LOG RUN 076 INICIO =====
======================================================================
🚗 PROCESSAMENTO SUMO → E1 REGISTRY (OFFSET ALEATÓRIO - veh0)
======================================================================
📄 Entrada: ../data/vehicles_step_sim_5.csv
🏭 Consumo fabricante: 12.0 km/l
💰 Preço carbono: R$ 50.0/ton
⭕ Raio máximo do offset aleatório: 2.0 km
🎲 Offset gerado aleatoriamente:
   Ângulo: 234.7°
   Distância: 0.7946 km
   offset_x (lat): -0.004126°  |  offset_y (lon): -0.005824°
📊 Row stepping: Processando todas as linhas
🗺️  Map matching: ATIVADO (raio 1500m) - pontos snapped para ruas
📐 Cálculo de distância: HAVERSINE PURO dos pontos COM snap (consistência)
======================================================================

📊 Carregando dados SUMO...
  📐 SUMO_carro_1000: Calculando distâncias com Haversine direto (SEM routing API)
      Original: 324 pontos → 3.1629 km (Haversine)
      Offset:   324 pontos → 3.8641 km (Haversine)

🚙 Veículo: SUMO_carro_1000
   Modelo: HBEFA4/PC_petrol_Euro-6ab
   Segmentos: 324
   📏 Distância: 3.166 km (city: 3.024, highway: 0.142)
   ⛽ Combustível: 49.530 l
   🏭 CO2 real: 114414.1 g
   🎯 CO2 meta: 609.4 g
   📊 Delta: -113804.6 g
   💰 Valor E1: R$ -5.6902
   🧭 Tentativas map matching: 326

   🔑 OFFSET DETERMINÍSTICO (x=0.0015638107182112824°, y=-0.001993703402950094°, max=2.0km):
   📍 Start Original:  (40.775644, -73.960687)
   🔒 Start Protegido: (40.777636, -73.963132) ✓ 0.24 km | ✓ MAP MATCHED
   📏 Deslocamento final: 302.7 metros
   📍 End Original:    (40.772251, -73.963071)
   🔒 End Protegido:   (40.774371, -73.965525) ✓ 0.24 km | ✓ MAP MATCHED
   📏 Deslocamento final: 313.9 metros

   📐 ANÁLISE DE DISTÂNCIA DO TRAJETO (HAVERSINE DOS PONTOS ARMAZENADOS):
   ✨ 279 pontos privados duplicados foram separados para garantir visualização 1:1.
   ℹ️  Dica: use --debug-map-matching para ver tentativas detalhadas de re-snap.
   🔢 Pontos unicos original/offset: 324/45 (Δ -279, -86.1% )
   📍 Trajeto original: 3.163 km (linha reta entre pontos GPS)
   🔒 Trajeto com offset: 3.864 km (linha reta entre pontos COM snap)
   📊 Diferença: +0.701 km (+22.2%)

======================================================================
📊 ESTATÍSTICAS FINAIS
======================================================================
Viagens processadas: 1
Distância total: 3.17 km
Combustível total: 49.53 l
CO2 real total: 114414.1 g
CO2 meta total: 609.4 g
Delta CO2: -113804.6 g
Valor E1 total: R$ -5.69

💰 Créditos: R$ 0.00
💸 Débitos: R$ 5.69
📈 Saldo líquido: R$ -5.69

🗺️  MAP MATCHING:
   Pontos processados: 324
   Snaps tentados: 324 (100.0%)
   Snaps bem-sucedidos: 324 (100.0%)
   Snaps forçados (>100m): 324 (100.0%)
   ✅ TODOS os pontos estão em ruas (FORCE_SNAP=True)
======================================================================

💾 Dados agregados salvos em: ../data/offset_batch/vehicles_step_sim_5/run_076.csv
[csv-worker_5] [vehicles_step_sim_5] ===== LOG RUN 076 FIM =====

[csv-worker_5] [vehicles_step_sim_5] ===== LOG RUN 077 INICIO =====
======================================================================
🚗 PROCESSAMENTO SUMO → E1 REGISTRY (OFFSET ALEATÓRIO - veh0)
======================================================================
📄 Entrada: ../data/vehicles_step_sim_5.csv
🏭 Consumo fabricante: 12.0 km/l
💰 Preço carbono: R$ 50.0/ton
⭕ Raio máximo do offset aleatório: 2.0 km
🎲 Offset gerado aleatoriamente:
   Ângulo: 203.2°
   Distância: 1.1730 km
   offset_x (lat): -0.009688°  |  offset_y (lon): -0.004144°
📊 Row stepping: Processando todas as linhas
🗺️  Map matching: ATIVADO (raio 1500m) - pontos snapped para ruas
📐 Cálculo de distância: HAVERSINE PURO dos pontos COM snap (consistência)
======================================================================

📊 Carregando dados SUMO...
   Total de registros no arquivo: 337
   Veículos únicos: 1
   🚙 Vehicle selecionado: carro_1000

🔄 Agregando viagens por vehicle_id...
  📐 SUMO_carro_1000: Calculando distâncias com Haversine direto (SEM routing API)
      Original: 312 pontos → 3.1845 km (Haversine)
      Offset:   312 pontos → 4.4570 km (Haversine)

🚙 Veículo: SUMO_carro_1000
   Modelo: HBEFA4/PC_petrol_Euro-6ab
   Segmentos: 312
   📏 Distância: 3.190 km (city: 2.602, highway: 0.587)
   ⛽ Combustível: 54.577 l
   🏭 CO2 real: 126071.8 g
   🎯 CO2 meta: 614.1 g
   📊 Delta: -125457.8 g
   💰 Valor E1: R$ -6.2729
   🧭 Tentativas map matching: 314

   🔑 OFFSET DETERMINÍSTICO (x=-0.01454414070957992°, y=-0.006116360999202848°, max=2.0km):
   📍 Start Original:  (40.775644, -73.960687)
   🔒 Start Protegido: (40.760991, -73.967002) ✓ 1.70 km | ✓ MAP MATCHED
   📏 Deslocamento final: 1715.8 metros
   📍 End Original:    (40.771637, -73.963520)
   🔒 End Protegido:   (40.757042, -73.969704) ✓ 1.70 km | ✓ MAP MATCHED
   📏 Deslocamento final: 1706.3 metros

   📐 ANÁLISE DE DISTÂNCIA DO TRAJETO (HAVERSINE DOS PONTOS ARMAZENADOS):
   ✨ 259 pontos privados duplicados foram separados para garantir visualização 1:1.
   ℹ️  Dica: use --debug-map-matching para ver tentativas detalhadas de re-snap.
   🔢 Pontos unicos original/offset: 312/53 (Δ -259, -83.0% )
   📍 Trajeto original: 3.185 km (linha reta entre pontos GPS)
   🔒 Trajeto com offset: 4.457 km (linha reta entre pontos COM snap)
   📊 Diferença: +1.273 km (+40.0%)

======================================================================
📊 ESTATÍSTICAS FINAIS
======================================================================
Viagens processadas: 1
Distância total: 3.19 km
Combustível total: 54.58 l
CO2 real total: 126071.8 g
CO2 meta total: 614.1 g
Delta CO2: -125457.8 g
Valor E1 total: R$ -6.27

💰 Créditos: R$ 0.00
💸 Débitos: R$ 6.27
📈 Saldo líquido: R$ -6.27

🗺️  MAP MATCHING:
   Pontos processados: 312
   Snaps tentados: 312 (100.0%)
   Snaps bem-sucedidos: 312 (100.0%)
   Snaps forçados (>100m): 312 (100.0%)
   ✅ TODOS os pontos estão em ruas (FORCE_SNAP=True)
======================================================================

💾 Dados agregados salvos em: ../data/offset_batch/vehicles_step_sim_5/run_077.csv
[csv-worker_5] [vehicles_step_sim_5] ===== LOG RUN 077 FIM =====

[csv-worker_5] [vehicles_step_sim_5] ===== LOG RUN 078 INICIO =====
======================================================================
🚗 PROCESSAMENTO SUMO → E1 REGISTRY (OFFSET ALEATÓRIO - veh0)
======================================================================
📄 Entrada: ../data/vehicles_step_sim_5.csv
🏭 Consumo fabricante: 12.0 km/l
💰 Preço carbono: R$ 50.0/ton
⭕ Raio máximo do offset aleatório: 2.0 km
🎲 Offset gerado aleatoriamente:
   Ângulo: 280.9°
   Distância: 1.9730 km
   offset_x (lat): 0.003342°  |  offset_y (lon): -0.017406°
📊 Row stepping: Processando todas as linhas
🗺️  Map matching: ATIVADO (raio 1500m) - pontos snapped para ruas
📐 Cálculo de distância: HAVERSINE PURO dos pontos COM snap (consistência)
======================================================================

📊 Carregando dados SUMO...
   Total de registros no arquivo: 337
   Veículos únicos: 1
   🚙 Vehicle selecionado: carro_1000

🔄 Agregando viagens por vehicle_id...
  📐 SUMO_carro_1000: Calculando distâncias com Haversine direto (SEM routing API)
      Original: 299 pontos → 3.0526 km (Haversine)
      Offset:   299 pontos → 3.2077 km (Haversine)

🚙 Veículo: SUMO_carro_1000
   Modelo: HBEFA4/PC_petrol_Euro-6ab
   Segmentos: 299
   📏 Distância: 3.060 km (city: 3.060, highway: 0.000)
   ⛽ Combustível: 48.384 l
   🏭 CO2 real: 111766.0 g
   🎯 CO2 meta: 589.0 g
   📊 Delta: -111177.0 g
   💰 Valor E1: R$ -5.5588
   🧭 Tentativas map matching: 301

   🔑 OFFSET DETERMINÍSTICO (x=-0.0018910830486813654°, y=-0.0034564466040630307°, max=2.0km):
   📍 Start Original:  (40.775644, -73.960687)
   🔒 Start Protegido: (40.773783, -73.964125) ✓ 0.36 km | ✓ MAP MATCHED
   📏 Deslocamento final: 356.2 metros
   📍 End Original:    (40.774198, -73.961141)
   🔒 End Protegido:   (40.772416, -73.964824) ✓ 0.36 km | ✓ MAP MATCHED
   📏 Deslocamento final: 368.4 metros

   📐 ANÁLISE DE DISTÂNCIA DO TRAJETO (HAVERSINE DOS PONTOS ARMAZENADOS):
   ✨ 254 pontos privados duplicados foram separados para garantir visualização 1:1.
   ℹ️  Dica: use --debug-map-matching para ver tentativas detalhadas de re-snap.
   🔢 Pontos unicos original/offset: 299/45 (Δ -254, -84.9% )
   📍 Trajeto original: 3.053 km (linha reta entre pontos GPS)
   🔒 Trajeto com offset: 3.208 km (linha reta entre pontos COM snap)
   📊 Diferença: +0.155 km (+5.1%)

======================================================================
📊 ESTATÍSTICAS FINAIS
======================================================================
Viagens processadas: 1
Distância total: 3.06 km
Combustível total: 48.38 l
CO2 real total: 111766.0 g
CO2 meta total: 589.0 g
Delta CO2: -111177.0 g
Valor E1 total: R$ -5.56

💰 Créditos: R$ 0.00
💸 Débitos: R$ 5.56
📈 Saldo líquido: R$ -5.56

🗺️  MAP MATCHING:
   Pontos processados: 299
   Snaps tentados: 299 (100.0%)
   Snaps bem-sucedidos: 299 (100.0%)
   Snaps forçados (>100m): 299 (100.0%)
   ✅ TODOS os pontos estão em ruas (FORCE_SNAP=True)
======================================================================

💾 Dados agregados salvos em: ../data/offset_batch/vehicles_step_sim_5/run_078.csv
[csv-worker_5] [vehicles_step_sim_5] ===== LOG RUN 078 FIM =====

[csv-worker_5] [vehicles_step_sim_5] ===== LOG RUN 079 INICIO =====
======================================================================
🚗 PROCESSAMENTO SUMO → E1 REGISTRY (OFFSET ALEATÓRIO - veh0)
======================================================================
📄 Entrada: ../data/vehicles_step_sim_5.csv
🏭 Consumo fabricante: 12.0 km/l
💰 Preço carbono: R$ 50.0/ton
⭕ Raio máximo do offset aleatório: 2.0 km
🎲 Offset gerado aleatoriamente:
   Ângulo: 334.3°
   Distância: 1.3027 km
   offset_x (lat): 0.010544°  |  offset_y (lon): -0.005075°
📊 Row stepping: Processando todas as linhas
🗺️  Map matching: ATIVADO (raio 1500m) - pontos snapped para ruas
📐 Cálculo de distância: HAVERSINE PURO dos pontos COM snap (consistência)
======================================================================

📊 Carregando dados SUMO...
   Total de registros no arquivo: 337
   Veículos únicos: 1
   🚙 Vehicle selecionado: carro_1000

🔄 Agregando viagens por vehicle_id...
  📐 SUMO_carro_1000: Calculando distâncias com Haversine direto (SEM routing API)
      Original: 301 pontos → 3.1480 km (Haversine)
      Offset:   301 pontos → 2.9059 km (Haversine)

🚙 Veículo: SUMO_carro_1000
   Modelo: HBEFA4/PC_petrol_Euro-6ab
   Segmentos: 301
   📏 Distância: 3.159 km (city: 3.020, highway: 0.139)
   ⛽ Combustível: 51.224 l
   🏭 CO2 real: 118326.7 g
   🎯 CO2 meta: 608.1 g
   📊 Delta: -117718.6 g
   💰 Valor E1: R$ -5.8859
   🧭 Tentativas map matching: 303

   🔑 OFFSET DETERMINÍSTICO (x=-0.017577743055670548°, y=-0.002204606698920225°, max=2.0km):
   📍 Start Original:  (40.775644, -73.960687)
   🔒 Start Protegido: (40.758211, -73.962996) ✓ 1.97 km | ✓ MAP MATCHED
   📏 Deslocamento final: 1950.4 metros
   📍 End Original:    (40.771236, -73.963813)
   🔒 End Protegido:   (40.753820, -73.966028) ✓ 1.97 km | ✓ MAP MATCHED
   📏 Deslocamento final: 1947.7 metros

   📐 ANÁLISE DE DISTÂNCIA DO TRAJETO (HAVERSINE DOS PONTOS ARMAZENADOS):
   ✨ 258 pontos privados duplicados foram separados para garantir visualização 1:1.
   ℹ️  Dica: use --debug-map-matching para ver tentativas detalhadas de re-snap.
   🔢 Pontos unicos original/offset: 301/43 (Δ -258, -85.7% )
   📍 Trajeto original: 3.148 km (linha reta entre pontos GPS)
   🔒 Trajeto com offset: 2.906 km (linha reta entre pontos COM snap)
   📊 Diferença: -0.242 km (-7.7%)

======================================================================
📊 ESTATÍSTICAS FINAIS
======================================================================
Viagens processadas: 1
Distância total: 3.16 km
Combustível total: 51.22 l
CO2 real total: 118326.7 g
CO2 meta total: 608.1 g
Delta CO2: -117718.6 g
Valor E1 total: R$ -5.89

💰 Créditos: R$ 0.00
💸 Débitos: R$ 5.89
📈 Saldo líquido: R$ -5.89

🗺️  MAP MATCHING:
   Pontos processados: 301
   Snaps tentados: 301 (100.0%)
   Snaps bem-sucedidos: 301 (100.0%)
   Snaps forçados (>100m): 301 (100.0%)
   ✅ TODOS os pontos estão em ruas (FORCE_SNAP=True)
======================================================================

💾 Dados agregados salvos em: ../data/offset_batch/vehicles_step_sim_5/run_079.csv
[csv-worker_5] [vehicles_step_sim_5] ===== LOG RUN 079 FIM =====

[csv-worker_5] [vehicles_step_sim_5] ===== LOG RUN 080 INICIO =====
======================================================================
🚗 PROCESSAMENTO SUMO → E1 REGISTRY (OFFSET ALEATÓRIO - veh0)
======================================================================
📄 Entrada: ../data/vehicles_step_sim_5.csv
🏭 Consumo fabricante: 12.0 km/l
💰 Preço carbono: R$ 50.0/ton
⭕ Raio máximo do offset aleatório: 2.0 km
🎲 Offset gerado aleatoriamente:
   Ângulo: 59.2°
   Distância: 1.4320 km
   offset_x (lat): 0.006582°  |  offset_y (lon): 0.011052°
📊 Row stepping: Processando todas as linhas
🗺️  Map matching: ATIVADO (raio 1500m) - pontos snapped para ruas
📐 Cálculo de distância: HAVERSINE PURO dos pontos COM snap (consistência)
======================================================================

📊 Carregando dados SUMO...
   Total de registros no arquivo: 337
   Veículos únicos: 1
   🚙 Vehicle selecionado: carro_1000

🔄 Agregando viagens por vehicle_id...
  📐 SUMO_carro_1000: Calculando distâncias com Haversine direto (SEM routing API)
      Original: 312 pontos → 3.1845 km (Haversine)
      Offset:   312 pontos → 3.9105 km (Haversine)

🚙 Veículo: SUMO_carro_1000
   Modelo: HBEFA4/PC_petrol_Euro-6ab
   Segmentos: 312
   📏 Distância: 3.190 km (city: 2.602, highway: 0.587)
   ⛽ Combustível: 54.577 l
   🏭 CO2 real: 126071.8 g
   🎯 CO2 meta: 614.1 g
   📊 Delta: -125457.8 g
   💰 Valor E1: R$ -6.2729
   🧭 Tentativas map matching: 314

   🔑 OFFSET DETERMINÍSTICO (x=0.015461649799659046°, y=0.007994670673579339°, max=2.0km):
   📍 Start Original:  (40.775644, -73.960687)
   🔒 Start Protegido: (40.790909, -73.953015) ✓ 1.85 km | ✓ MAP MATCHED
   📏 Deslocamento final: 1818.3 metros
   📍 End Original:    (40.771637, -73.963520)
   🔒 End Protegido:   (40.787192, -73.956151) ✓ 1.85 km | ✓ MAP MATCHED
   📏 Deslocamento final: 1839.7 metros

   📐 ANÁLISE DE DISTÂNCIA DO TRAJETO (HAVERSINE DOS PONTOS ARMAZENADOS):
   ✨ 269 pontos privados duplicados foram separados para garantir visualização 1:1.
   ℹ️  Dica: use --debug-map-matching para ver tentativas detalhadas de re-snap.
   🔢 Pontos unicos original/offset: 312/43 (Δ -269, -86.2% )
   📍 Trajeto original: 3.185 km (linha reta entre pontos GPS)
   🔒 Trajeto com offset: 3.911 km (linha reta entre pontos COM snap)
   📊 Diferença: +0.726 km (+22.8%)

======================================================================
📊 ESTATÍSTICAS FINAIS
======================================================================
Viagens processadas: 1
Distância total: 3.19 km
Combustível total: 54.58 l
CO2 real total: 126071.8 g
CO2 meta total: 614.1 g
Delta CO2: -125457.8 g
Valor E1 total: R$ -6.27

💰 Créditos: R$ 0.00
💸 Débitos: R$ 6.27
📈 Saldo líquido: R$ -6.27

🗺️  MAP MATCHING:
   Pontos processados: 312
   Snaps tentados: 312 (100.0%)
   Snaps bem-sucedidos: 312 (100.0%)
   Snaps forçados (>100m): 312 (100.0%)
   ✅ TODOS os pontos estão em ruas (FORCE_SNAP=True)
======================================================================

💾 Dados agregados salvos em: ../data/offset_batch/vehicles_step_sim_5/run_080.csv
[csv-worker_5] [vehicles_step_sim_5] ===== LOG RUN 080 FIM =====

[csv-worker_5] [vehicles_step_sim_5] ===== LOG RUN 081 INICIO =====
======================================================================
🚗 PROCESSAMENTO SUMO → E1 REGISTRY (OFFSET ALEATÓRIO - veh0)
======================================================================
📄 Entrada: ../data/vehicles_step_sim_5.csv
🏭 Consumo fabricante: 12.0 km/l
💰 Preço carbono: R$ 50.0/ton
⭕ Raio máximo do offset aleatório: 2.0 km
🎲 Offset gerado aleatoriamente:
   Ângulo: 6.7°
   Distância: 1.1037 km
   offset_x (lat): 0.009846°  |  offset_y (lon): 0.001164°
📊 Row stepping: Processando todas as linhas
🗺️  Map matching: ATIVADO (raio 1500m) - pontos snapped para ruas
📐 Cálculo de distância: HAVERSINE PURO dos pontos COM snap (consistência)
======================================================================

📊 Carregando dados SUMO...
   Total de registros no arquivo: 337
   Veículos únicos: 1
   🚙 Vehicle selecionado: carro_1000

🔄 Agregando viagens por vehicle_id...
  📐 SUMO_carro_1000: Calculando distâncias com Haversine direto (SEM routing API)
      Original: 324 pontos → 3.1629 km (Haversine)
      Offset:   324 pontos → 6.2531 km (Haversine)

🚙 Veículo: SUMO_carro_1000
   Modelo: HBEFA4/PC_petrol_Euro-6ab
   Segmentos: 324
   📏 Distância: 3.166 km (city: 3.024, highway: 0.142)
   ⛽ Combustível: 49.530 l
   🏭 CO2 real: 114414.1 g
   🎯 CO2 meta: 609.4 g
   📊 Delta: -113804.6 g
   💰 Valor E1: R$ -5.6902
   🧭 Tentativas map matching: 326

   🔑 OFFSET DETERMINÍSTICO (x=0.012375539300140872°, y=-0.0034216847615138905°, max=2.0km):
   📍 Start Original:  (40.775644, -73.960687)
   🔒 Start Protegido: (40.789067, -73.966601) ✓ 1.41 km | ✓ MAP MATCHED
   📏 Deslocamento final: 1575.3 metros
   📍 End Original:    (40.772251, -73.963071)
   🔒 End Protegido:   (40.784244, -73.966778) ✓ 1.41 km | ✓ MAP MATCHED
   📏 Deslocamento final: 1371.2 metros

   📐 ANÁLISE DE DISTÂNCIA DO TRAJETO (HAVERSINE DOS PONTOS ARMAZENADOS):
   ✨ 273 pontos privados duplicados foram separados para garantir visualização 1:1.
   ℹ️  Dica: use --debug-map-matching para ver tentativas detalhadas de re-snap.
   🔢 Pontos unicos original/offset: 324/51 (Δ -273, -84.3% )
   📍 Trajeto original: 3.163 km (linha reta entre pontos GPS)
   🔒 Trajeto com offset: 6.253 km (linha reta entre pontos COM snap)
   📊 Diferença: +3.090 km (+97.7%)

======================================================================
📊 ESTATÍSTICAS FINAIS
======================================================================
Viagens processadas: 1
Distância total: 3.17 km
Combustível total: 49.53 l
CO2 real total: 114414.1 g
CO2 meta total: 609.4 g
Delta CO2: -113804.6 g
Valor E1 total: R$ -5.69

💰 Créditos: R$ 0.00
💸 Débitos: R$ 5.69
📈 Saldo líquido: R$ -5.69

🗺️  MAP MATCHING:
   Pontos processados: 324
   Snaps tentados: 324 (100.0%)
   Snaps bem-sucedidos: 324 (100.0%)
   Snaps forçados (>100m): 324 (100.0%)
   ✅ TODOS os pontos estão em ruas (FORCE_SNAP=True)
======================================================================

💾 Dados agregados salvos em: ../data/offset_batch/vehicles_step_sim_5/run_081.csv
[csv-worker_5] [vehicles_step_sim_5] ===== LOG RUN 081 FIM =====

[csv-worker_5] [vehicles_step_sim_5] ===== LOG RUN 082 INICIO =====
======================================================================
🚗 PROCESSAMENTO SUMO → E1 REGISTRY (OFFSET ALEATÓRIO - veh0)
======================================================================
📄 Entrada: ../data/vehicles_step_sim_5.csv
🏭 Consumo fabricante: 12.0 km/l
💰 Preço carbono: R$ 50.0/ton
⭕ Raio máximo do offset aleatório: 2.0 km
🎲 Offset gerado aleatoriamente:
   Ângulo: 31.0°
   Distância: 1.0821 km
   offset_x (lat): 0.008334°  |  offset_y (lon): 0.005004°
📊 Row stepping: Processando todas as linhas
🗺️  Map matching: ATIVADO (raio 1500m) - pontos snapped para ruas
📐 Cálculo de distância: HAVERSINE PURO dos pontos COM snap (consistência)
======================================================================

📊 Carregando dados SUMO...
   Total de registros no arquivo: 337
   Veículos únicos: 1
   🚙 Vehicle selecionado: carro_1000

🔄 Agregando viagens por vehicle_id...
  📐 SUMO_carro_1000: Calculando distâncias com Haversine direto (SEM routing API)
      Original: 324 pontos → 3.1629 km (Haversine)
      Offset:   324 pontos → 3.4530 km (Haversine)

🚙 Veículo: SUMO_carro_1000
   Modelo: HBEFA4/PC_petrol_Euro-6ab
   Segmentos: 324
   📏 Distância: 3.166 km (city: 3.024, highway: 0.142)
   ⛽ Combustível: 49.530 l
   🏭 CO2 real: 114414.1 g
   🎯 CO2 meta: 609.4 g
   📊 Delta: -113804.6 g
   💰 Valor E1: R$ -5.6902
   🧭 Tentativas map matching: 326

   🔑 OFFSET DETERMINÍSTICO (x=0.016474264482636256°, y=-0.006610263903892533°, max=2.0km):
   📍 Start Original:  (40.775644, -73.960687)
   🔒 Start Protegido: (40.792135, -73.967894) ✓ 1.92 km | ✓ MAP MATCHED
   📏 Deslocamento final: 1933.8 metros
   📍 End Original:    (40.772251, -73.963071)
   🔒 End Protegido:   (40.788996, -73.970184) ✓ 1.92 km | ✓ MAP MATCHED
   📏 Deslocamento final: 1958.2 metros

   📐 ANÁLISE DE DISTÂNCIA DO TRAJETO (HAVERSINE DOS PONTOS ARMAZENADOS):
   ✨ 280 pontos privados duplicados foram separados para garantir visualização 1:1.
   ℹ️  Dica: use --debug-map-matching para ver tentativas detalhadas de re-snap.
   🔢 Pontos unicos original/offset: 324/44 (Δ -280, -86.4% )
   📍 Trajeto original: 3.163 km (linha reta entre pontos GPS)
   🔒 Trajeto com offset: 3.453 km (linha reta entre pontos COM snap)
   📊 Diferença: +0.290 km (+9.2%)

======================================================================
📊 ESTATÍSTICAS FINAIS
======================================================================
Viagens processadas: 1
Distância total: 3.17 km
Combustível total: 49.53 l
CO2 real total: 114414.1 g
CO2 meta total: 609.4 g
Delta CO2: -113804.6 g
Valor E1 total: R$ -5.69

💰 Créditos: R$ 0.00
💸 Débitos: R$ 5.69
📈 Saldo líquido: R$ -5.69

🗺️  MAP MATCHING:
   Pontos processados: 324
   Snaps tentados: 324 (100.0%)
   Snaps bem-sucedidos: 324 (100.0%)
   Snaps forçados (>100m): 324 (100.0%)
   ✅ TODOS os pontos estão em ruas (FORCE_SNAP=True)
======================================================================

💾 Dados agregados salvos em: ../data/offset_batch/vehicles_step_sim_5/run_082.csv
[csv-worker_5] [vehicles_step_sim_5] ===== LOG RUN 082 FIM =====

[csv-worker_5] [vehicles_step_sim_5] ===== LOG RUN 083 INICIO =====
======================================================================
🚗 PROCESSAMENTO SUMO → E1 REGISTRY (OFFSET ALEATÓRIO - veh0)
======================================================================
📄 Entrada: ../data/vehicles_step_sim_5.csv
🏭 Consumo fabricante: 12.0 km/l
💰 Preço carbono: R$ 50.0/ton
⭕ Raio máximo do offset aleatório: 2.0 km
🎲 Offset gerado aleatoriamente:
   Ângulo: 65.1°
   Distância: 1.4717 km
   offset_x (lat): 0.005558°  |  offset_y (lon): 0.011995°
📊 Row stepping: Processando todas as linhas
🗺️  Map matching: ATIVADO (raio 1500m) - pontos snapped para ruas
📐 Cálculo de distância: HAVERSINE PURO dos pontos COM snap (consistência)
======================================================================

📊 Carregando dados SUMO...
   Total de registros no arquivo: 337
   Veículos únicos: 1
   🚙 Vehicle selecionado: carro_1000

🔄 Agregando viagens por vehicle_id...
  📐 SUMO_carro_1000: Calculando distâncias com Haversine direto (SEM routing API)
      Original: 324 pontos → 3.1629 km (Haversine)
      Offset:   324 pontos → 6.1322 km (Haversine)

🚙 Veículo: SUMO_carro_1000
   Modelo: HBEFA4/PC_petrol_Euro-6ab
   Segmentos: 324
   📏 Distância: 3.166 km (city: 3.024, highway: 0.142)
   ⛽ Combustível: 49.530 l
   🏭 CO2 real: 114414.1 g
   🎯 CO2 meta: 609.4 g
   📊 Delta: -113804.6 g
   💰 Valor E1: R$ -5.6902
   🧭 Tentativas map matching: 326

   🔑 OFFSET DETERMINÍSTICO (x=-0.0007757038857941443°, y=-0.010618800448372216°, max=2.0km):
   📍 Start Original:  (40.775644, -73.960687)
   🔒 Start Protegido: (40.776518, -73.975750) ✓ 0.90 km | ✓ MAP MATCHED
   📏 Deslocamento final: 1273.6 metros
   📍 End Original:    (40.772251, -73.963071)
   🔒 End Protegido:   (40.769902, -73.974741) ✓ 0.90 km | ✓ MAP MATCHED
   📏 Deslocamento final: 1018.0 metros

   📐 ANÁLISE DE DISTÂNCIA DO TRAJETO (HAVERSINE DOS PONTOS ARMAZENADOS):
   ✨ 283 pontos privados duplicados foram separados para garantir visualização 1:1.
   ℹ️  Dica: use --debug-map-matching para ver tentativas detalhadas de re-snap.
   🔢 Pontos unicos original/offset: 324/41 (Δ -283, -87.3% )
   📍 Trajeto original: 3.163 km (linha reta entre pontos GPS)
   🔒 Trajeto com offset: 6.132 km (linha reta entre pontos COM snap)
   📊 Diferença: +2.969 km (+93.9%)

======================================================================
📊 ESTATÍSTICAS FINAIS
======================================================================
Viagens processadas: 1
Distância total: 3.17 km
Combustível total: 49.53 l
CO2 real total: 114414.1 g
CO2 meta total: 609.4 g
Delta CO2: -113804.6 g
Valor E1 total: R$ -5.69

💰 Créditos: R$ 0.00
💸 Débitos: R$ 5.69
📈 Saldo líquido: R$ -5.69

🗺️  MAP MATCHING:
   Pontos processados: 324
   Snaps tentados: 324 (100.0%)
   Snaps bem-sucedidos: 324 (100.0%)
   Snaps forçados (>100m): 324 (100.0%)
   ✅ TODOS os pontos estão em ruas (FORCE_SNAP=True)
======================================================================

💾 Dados agregados salvos em: ../data/offset_batch/vehicles_step_sim_5/run_083.csv
[csv-worker_5] [vehicles_step_sim_5] ===== LOG RUN 083 FIM =====

[csv-worker_5] [vehicles_step_sim_5] ===== LOG RUN 084 INICIO =====
======================================================================
🚗 PROCESSAMENTO SUMO → E1 REGISTRY (OFFSET ALEATÓRIO - veh0)
======================================================================
📄 Entrada: ../data/vehicles_step_sim_5.csv
🏭 Consumo fabricante: 12.0 km/l
💰 Preço carbono: R$ 50.0/ton
⭕ Raio máximo do offset aleatório: 2.0 km
🎲 Offset gerado aleatoriamente:
   Ângulo: 133.7°
   Distância: 1.2945 km
   offset_x (lat): -0.008028°  |  offset_y (lon): 0.008413°
📊 Row stepping: Processando todas as linhas
🗺️  Map matching: ATIVADO (raio 1500m) - pontos snapped para ruas
📐 Cálculo de distância: HAVERSINE PURO dos pontos COM snap (consistência)
======================================================================

📊 Carregando dados SUMO...
   Total de registros no arquivo: 337
   Veículos únicos: 1
   🚙 Vehicle selecionado: carro_1000

🔄 Agregando viagens por vehicle_id...
  📐 SUMO_carro_1000: Calculando distâncias com Haversine direto (SEM routing API)
      Original: 324 pontos → 3.1629 km (Haversine)
      Offset:   324 pontos → 3.6437 km (Haversine)

🚙 Veículo: SUMO_carro_1000
   Modelo: HBEFA4/PC_petrol_Euro-6ab
   Segmentos: 324
   📏 Distância: 3.166 km (city: 3.024, highway: 0.142)
   ⛽ Combustível: 49.530 l
   🏭 CO2 real: 114414.1 g
   🎯 CO2 meta: 609.4 g
   📊 Delta: -113804.6 g
   💰 Valor E1: R$ -5.6902
   🧭 Tentativas map matching: 326

   🔑 OFFSET DETERMINÍSTICO (x=0.0004884916594856598°, y=0.014845642289035474°, max=2.0km):
   📍 Start Original:  (40.775644, -73.960687)
   🔒 Start Protegido: (40.776548, -73.946505) ✓ 1.25 km | ✓ MAP MATCHED
   📏 Deslocamento final: 1199.8 metros
   📍 End Original:    (40.772251, -73.963071)
   🔒 End Protegido:   (40.773289, -73.948882) ✓ 1.25 km | ✓ MAP MATCHED
   📏 Deslocamento final: 1201.8 metros

   📐 ANÁLISE DE DISTÂNCIA DO TRAJETO (HAVERSINE DOS PONTOS ARMAZENADOS):
   ✨ 268 pontos privados duplicados foram separados para garantir visualização 1:1.
   ℹ️  Dica: use --debug-map-matching para ver tentativas detalhadas de re-snap.
   🔢 Pontos unicos original/offset: 324/56 (Δ -268, -82.7% )
   📍 Trajeto original: 3.163 km (linha reta entre pontos GPS)
   🔒 Trajeto com offset: 3.644 km (linha reta entre pontos COM snap)
   📊 Diferença: +0.481 km (+15.2%)

======================================================================
📊 ESTATÍSTICAS FINAIS
======================================================================
Viagens processadas: 1
Distância total: 3.17 km
Combustível total: 49.53 l
CO2 real total: 114414.1 g
CO2 meta total: 609.4 g
Delta CO2: -113804.6 g
Valor E1 total: R$ -5.69

💰 Créditos: R$ 0.00
💸 Débitos: R$ 5.69
📈 Saldo líquido: R$ -5.69

🗺️  MAP MATCHING:
   Pontos processados: 324
   Snaps tentados: 324 (100.0%)
   Snaps bem-sucedidos: 324 (100.0%)
   Snaps forçados (>100m): 324 (100.0%)
   ✅ TODOS os pontos estão em ruas (FORCE_SNAP=True)
======================================================================

💾 Dados agregados salvos em: ../data/offset_batch/vehicles_step_sim_5/run_084.csv
[csv-worker_5] [vehicles_step_sim_5] ===== LOG RUN 084 FIM =====

[csv-worker_5] [vehicles_step_sim_5] ===== LOG RUN 085 INICIO =====
======================================================================
🚗 PROCESSAMENTO SUMO → E1 REGISTRY (OFFSET ALEATÓRIO - veh0)
======================================================================
📄 Entrada: ../data/vehicles_step_sim_5.csv
🏭 Consumo fabricante: 12.0 km/l
💰 Preço carbono: R$ 50.0/ton
⭕ Raio máximo do offset aleatório: 2.0 km
🎲 Offset gerado aleatoriamente:
   Ângulo: 298.9°
   Distância: 1.8964 km
   offset_x (lat): 0.008228°  |  offset_y (lon): -0.014917°
📊 Row stepping: Processando todas as linhas
🗺️  Map matching: ATIVADO (raio 1500m) - pontos snapped para ruas
📐 Cálculo de distância: HAVERSINE PURO dos pontos COM snap (consistência)
======================================================================

📊 Carregando dados SUMO...
   Total de registros no arquivo: 337
   Veículos únicos: 1
   🚙 Vehicle selecionado: carro_1000

🔄 Agregando viagens por vehicle_id...
  📐 SUMO_carro_1000: Calculando distâncias com Haversine direto (SEM routing API)
      Original: 301 pontos → 3.1480 km (Haversine)
      Offset:   301 pontos → 4.0857 km (Haversine)

🚙 Veículo: SUMO_carro_1000
   Modelo: HBEFA4/PC_petrol_Euro-6ab
   Segmentos: 301
   📏 Distância: 3.159 km (city: 3.020, highway: 0.139)
   ⛽ Combustível: 51.224 l
   🏭 CO2 real: 118326.7 g
   🎯 CO2 meta: 608.1 g
   📊 Delta: -117718.6 g
   💰 Valor E1: R$ -5.8859
   🧭 Tentativas map matching: 303

   🔑 OFFSET DETERMINÍSTICO (x=0.013187429009756182°, y=0.01166573658893375°, max=2.0km):
   📍 Start Original:  (40.775644, -73.960687)
   🔒 Start Protegido: (40.788574, -73.948964) ✓ 1.77 km | ✓ MAP MATCHED
   📏 Deslocamento final: 1746.0 metros
   📍 End Original:    (40.771236, -73.963813)
   🔒 End Protegido:   (40.784513, -73.951930) ✓ 1.77 km | ✓ MAP MATCHED
   📏 Deslocamento final: 1785.5 metros

   📐 ANÁLISE DE DISTÂNCIA DO TRAJETO (HAVERSINE DOS PONTOS ARMAZENADOS):
   ✨ 241 pontos privados duplicados foram separados para garantir visualização 1:1.
   ℹ️  Dica: use --debug-map-matching para ver tentativas detalhadas de re-snap.
   🔢 Pontos unicos original/offset: 301/60 (Δ -241, -80.1% )
   📍 Trajeto original: 3.148 km (linha reta entre pontos GPS)
   🔒 Trajeto com offset: 4.086 km (linha reta entre pontos COM snap)
   📊 Diferença: +0.938 km (+29.8%)

======================================================================
📊 ESTATÍSTICAS FINAIS
======================================================================
Viagens processadas: 1
Distância total: 3.16 km
Combustível total: 51.22 l
CO2 real total: 118326.7 g
CO2 meta total: 608.1 g
Delta CO2: -117718.6 g
Valor E1 total: R$ -5.89

💰 Créditos: R$ 0.00
💸 Débitos: R$ 5.89
📈 Saldo líquido: R$ -5.89

🗺️  MAP MATCHING:
   Pontos processados: 301
   Snaps tentados: 301 (100.0%)
   Snaps bem-sucedidos: 301 (100.0%)
   Snaps forçados (>100m): 301 (100.0%)
   ✅ TODOS os pontos estão em ruas (FORCE_SNAP=True)
======================================================================

💾 Dados agregados salvos em: ../data/offset_batch/vehicles_step_sim_5/run_085.csv
[csv-worker_5] [vehicles_step_sim_5] ===== LOG RUN 085 FIM =====

[csv-worker_5] [vehicles_step_sim_5] ===== LOG RUN 086 INICIO =====
======================================================================
🚗 PROCESSAMENTO SUMO → E1 REGISTRY (OFFSET ALEATÓRIO - veh0)
======================================================================
📄 Entrada: ../data/vehicles_step_sim_5.csv
🏭 Consumo fabricante: 12.0 km/l
💰 Preço carbono: R$ 50.0/ton
⭕ Raio máximo do offset aleatório: 2.0 km
🎲 Offset gerado aleatoriamente:
   Ângulo: 212.2°
   Distância: 1.4036 km
   offset_x (lat): -0.010673°  |  offset_y (lon): -0.006712°
📊 Row stepping: Processando todas as linhas
🗺️  Map matching: ATIVADO (raio 1500m) - pontos snapped para ruas
📐 Cálculo de distância: HAVERSINE PURO dos pontos COM snap (consistência)
======================================================================

📊 Carregando dados SUMO...
   Total de registros no arquivo: 337
   Veículos únicos: 1
   🚙 Vehicle selecionado: carro_1000

🔄 Agregando viagens por vehicle_id...
  📐 SUMO_carro_1000: Calculando distâncias com Haversine direto (SEM routing API)
      Original: 301 pontos → 3.1480 km (Haversine)
      Offset:   301 pontos → 2.4071 km (Haversine)

🚙 Veículo: SUMO_carro_1000
   Modelo: HBEFA4/PC_petrol_Euro-6ab
   Segmentos: 301
   📏 Distância: 3.159 km (city: 3.020, highway: 0.139)
   ⛽ Combustível: 51.224 l
   🏭 CO2 real: 118326.7 g
   🎯 CO2 meta: 608.1 g
   📊 Delta: -117718.6 g
   💰 Valor E1: R$ -5.8859
   🧭 Tentativas map matching: 303

   🔑 OFFSET DETERMINÍSTICO (x=-0.0010279632390724248°, y=0.0006907546862091693°, max=2.0km):
   📍 Start Original:  (40.775644, -73.960687)
   🔒 Start Protegido: (40.774326, -73.959507) ✓ 0.13 km | ✓ MAP MATCHED
   📏 Deslocamento final: 177.3 metros
   📍 End Original:    (40.771236, -73.963813)
   🔒 End Protegido:   (40.769795, -73.962807) ✓ 0.13 km | ✓ MAP MATCHED
   📏 Deslocamento final: 181.4 metros

   📐 ANÁLISE DE DISTÂNCIA DO TRAJETO (HAVERSINE DOS PONTOS ARMAZENADOS):
   ✨ 266 pontos privados duplicados foram separados para garantir visualização 1:1.
   ℹ️  Dica: use --debug-map-matching para ver tentativas detalhadas de re-snap.
   🔢 Pontos unicos original/offset: 301/35 (Δ -266, -88.4% )
   📍 Trajeto original: 3.148 km (linha reta entre pontos GPS)
   🔒 Trajeto com offset: 2.407 km (linha reta entre pontos COM snap)
   📊 Diferença: -0.741 km (-23.5%)

======================================================================
📊 ESTATÍSTICAS FINAIS
======================================================================
Viagens processadas: 1
Distância total: 3.16 km
Combustível total: 51.22 l
CO2 real total: 118326.7 g
CO2 meta total: 608.1 g
Delta CO2: -117718.6 g
Valor E1 total: R$ -5.89

💰 Créditos: R$ 0.00
💸 Débitos: R$ 5.89
📈 Saldo líquido: R$ -5.89

🗺️  MAP MATCHING:
   Pontos processados: 301
   Snaps tentados: 301 (100.0%)
   Snaps bem-sucedidos: 301 (100.0%)
   Snaps forçados (>100m): 243 (80.7%)
   ✅ TODOS os pontos estão em ruas (FORCE_SNAP=True)
======================================================================

💾 Dados agregados salvos em: ../data/offset_batch/vehicles_step_sim_5/run_086.csv
[csv-worker_5] [vehicles_step_sim_5] ===== LOG RUN 086 FIM =====

[csv-worker_5] [vehicles_step_sim_5] ===== LOG RUN 087 INICIO =====
======================================================================
🚗 PROCESSAMENTO SUMO → E1 REGISTRY (OFFSET ALEATÓRIO - veh0)
======================================================================
📄 Entrada: ../data/vehicles_step_sim_5.csv
🏭 Consumo fabricante: 12.0 km/l
💰 Preço carbono: R$ 50.0/ton
⭕ Raio máximo do offset aleatório: 2.0 km
🎲 Offset gerado aleatoriamente:
   Ângulo: 264.2°
   Distância: 0.6515 km
   offset_x (lat): -0.000596°  |  offset_y (lon): -0.005822°
📊 Row stepping: Processando todas as linhas
🗺️  Map matching: ATIVADO (raio 1500m) - pontos snapped para ruas
📐 Cálculo de distância: HAVERSINE PURO dos pontos COM snap (consistência)
======================================================================

📊 Carregando dados SUMO...
   Total de registros no arquivo: 337
   Veículos únicos: 1
   🚙 Vehicle selecionado: carro_1000

🔄 Agregando viagens por vehicle_id...
  📐 SUMO_carro_1000: Calculando distâncias com Haversine direto (SEM routing API)
      Original: 312 pontos → 3.1845 km (Haversine)
      Offset:   312 pontos → 4.9524 km (Haversine)

🚙 Veículo: SUMO_carro_1000
   Modelo: HBEFA4/PC_petrol_Euro-6ab
   Segmentos: 312
   📏 Distância: 3.190 km (city: 2.602, highway: 0.587)
   ⛽ Combustível: 54.577 l
   🏭 CO2 real: 126071.8 g
   🎯 CO2 meta: 614.1 g
   📊 Delta: -125457.8 g
   💰 Valor E1: R$ -6.2729
   🧭 Tentativas map matching: 314

   🔑 OFFSET DETERMINÍSTICO (x=0.003063753629350683°, y=-0.007751546193765638°, max=2.0km):
   📍 Start Original:  (40.775644, -73.960687)
   🔒 Start Protegido: (40.778907, -73.968491) ✓ 0.74 km | ✓ MAP MATCHED
   📏 Deslocamento final: 751.5 metros
   📍 End Original:    (40.771637, -73.963520)
   🔒 End Protegido:   (40.776518, -73.975750) ✓ 0.74 km | ✓ MAP MATCHED
   📏 Deslocamento final: 1165.5 metros

   📐 ANÁLISE DE DISTÂNCIA DO TRAJETO (HAVERSINE DOS PONTOS ARMAZENADOS):
   ✨ 277 pontos privados duplicados foram separados para garantir visualização 1:1.
   ℹ️  Dica: use --debug-map-matching para ver tentativas detalhadas de re-snap.
   🔢 Pontos unicos original/offset: 312/35 (Δ -277, -88.8% )
   📍 Trajeto original: 3.185 km (linha reta entre pontos GPS)
   🔒 Trajeto com offset: 4.952 km (linha reta entre pontos COM snap)
   📊 Diferença: +1.768 km (+55.5%)

======================================================================
📊 ESTATÍSTICAS FINAIS
======================================================================
Viagens processadas: 1
Distância total: 3.19 km
Combustível total: 54.58 l
CO2 real total: 126071.8 g
CO2 meta total: 614.1 g
Delta CO2: -125457.8 g
Valor E1 total: R$ -6.27

💰 Créditos: R$ 0.00
💸 Débitos: R$ 6.27
📈 Saldo líquido: R$ -6.27

🗺️  MAP MATCHING:
   Pontos processados: 312
   Snaps tentados: 312 (100.0%)
   Snaps bem-sucedidos: 312 (100.0%)
   Snaps forçados (>100m): 312 (100.0%)
   ✅ TODOS os pontos estão em ruas (FORCE_SNAP=True)
======================================================================

💾 Dados agregados salvos em: ../data/offset_batch/vehicles_step_sim_5/run_087.csv
[csv-worker_5] [vehicles_step_sim_5] ===== LOG RUN 087 FIM =====

[csv-worker_5] [vehicles_step_sim_5] ===== LOG RUN 088 INICIO =====
======================================================================
🚗 PROCESSAMENTO SUMO → E1 REGISTRY (OFFSET ALEATÓRIO - veh0)
======================================================================
📄 Entrada: ../data/vehicles_step_sim_5.csv
🏭 Consumo fabricante: 12.0 km/l
💰 Preço carbono: R$ 50.0/ton
⭕ Raio máximo do offset aleatório: 2.0 km
🎲 Offset gerado aleatoriamente:
   Ângulo: 287.4°
   Distância: 0.6526 km
   offset_x (lat): 0.001750°  |  offset_y (lon): -0.005595°
📊 Row stepping: Processando todas as linhas
🗺️  Map matching: ATIVADO (raio 1500m) - pontos snapped para ruas
📐 Cálculo de distância: HAVERSINE PURO dos pontos COM snap (consistência)
======================================================================

📊 Carregando dados SUMO...
   Total de registros no arquivo: 337
   Veículos únicos: 1
   🚙 Vehicle selecionado: carro_1000

🔄 Agregando viagens por vehicle_id...
  📐 SUMO_carro_1000: Calculando distâncias com Haversine direto (SEM routing API)
      Original: 312 pontos → 3.1845 km (Haversine)
      Offset:   312 pontos → 3.4620 km (Haversine)

🚙 Veículo: SUMO_carro_1000
   Modelo: HBEFA4/PC_petrol_Euro-6ab
   Segmentos: 312
   📏 Distância: 3.190 km (city: 2.602, highway: 0.587)
   ⛽ Combustível: 54.577 l
   🏭 CO2 real: 126071.8 g
   🎯 CO2 meta: 614.1 g
   📊 Delta: -125457.8 g
   💰 Valor E1: R$ -6.2729
   🧭 Tentativas map matching: 314

   🔑 OFFSET DETERMINÍSTICO (x=-0.0009802284208085747°, y=0.01166807207478137°, max=2.0km):
   📍 Start Original:  (40.775644, -73.960687)
   🔒 Start Protegido: (40.774668, -73.948211) ✓ 0.99 km | ✓ MAP MATCHED
   📏 Deslocamento final: 1057.3 metros
   📍 End Original:    (40.771637, -73.963520)
   🔒 End Protegido:   (40.770784, -73.951112) ✓ 0.99 km | ✓ MAP MATCHED
   📏 Deslocamento final: 1050.4 metros

   📐 ANÁLISE DE DISTÂNCIA DO TRAJETO (HAVERSINE DOS PONTOS ARMAZENADOS):
   ✨ 269 pontos privados duplicados foram separados para garantir visualização 1:1.
   ℹ️  Dica: use --debug-map-matching para ver tentativas detalhadas de re-snap.
   🔢 Pontos unicos original/offset: 312/43 (Δ -269, -86.2% )
   📍 Trajeto original: 3.185 km (linha reta entre pontos GPS)
   🔒 Trajeto com offset: 3.462 km (linha reta entre pontos COM snap)
   📊 Diferença: +0.277 km (+8.7%)

======================================================================
📊 ESTATÍSTICAS FINAIS
======================================================================
Viagens processadas: 1
Distância total: 3.19 km
Combustível total: 54.58 l
CO2 real total: 126071.8 g
CO2 meta total: 614.1 g
Delta CO2: -125457.8 g
Valor E1 total: R$ -6.27

💰 Créditos: R$ 0.00
💸 Débitos: R$ 6.27
📈 Saldo líquido: R$ -6.27

🗺️  MAP MATCHING:
   Pontos processados: 312
   Snaps tentados: 312 (100.0%)
   Snaps bem-sucedidos: 312 (100.0%)
   Snaps forçados (>100m): 312 (100.0%)
   ✅ TODOS os pontos estão em ruas (FORCE_SNAP=True)
======================================================================

💾 Dados agregados salvos em: ../data/offset_batch/vehicles_step_sim_5/run_088.csv
[csv-worker_5] [vehicles_step_sim_5] ===== LOG RUN 088 FIM =====

[csv-worker_5] [vehicles_step_sim_5] ===== LOG RUN 089 INICIO =====
======================================================================
🚗 PROCESSAMENTO SUMO → E1 REGISTRY (OFFSET ALEATÓRIO - veh0)
======================================================================
📄 Entrada: ../data/vehicles_step_sim_5.csv
🏭 Consumo fabricante: 12.0 km/l
💰 Preço carbono: R$ 50.0/ton
⭕ Raio máximo do offset aleatório: 2.0 km
🎲 Offset gerado aleatoriamente:
   Ângulo: 315.2°
   Distância: 0.4980 km
   offset_x (lat): 0.003177°  |  offset_y (lon): -0.003150°
📊 Row stepping: Processando todas as linhas
🗺️  Map matching: ATIVADO (raio 1500m) - pontos snapped para ruas
📐 Cálculo de distância: HAVERSINE PURO dos pontos COM snap (consistência)
======================================================================

📊 Carregando dados SUMO...
   Total de registros no arquivo: 337
   Veículos únicos: 1
   🚙 Vehicle selecionado: carro_1000

🔄 Agregando viagens por vehicle_id...
  📐 SUMO_carro_1000: Calculando distâncias com Haversine direto (SEM routing API)
      Original: 299 pontos → 3.0526 km (Haversine)
      Offset:   299 pontos → 4.3731 km (Haversine)

🚙 Veículo: SUMO_carro_1000
   Modelo: HBEFA4/PC_petrol_Euro-6ab
   Segmentos: 299
   📏 Distância: 3.060 km (city: 3.060, highway: 0.000)
   ⛽ Combustível: 48.384 l
   🏭 CO2 real: 111766.0 g
   🎯 CO2 meta: 589.0 g
   📊 Delta: -111177.0 g
   💰 Valor E1: R$ -5.5588
   🧭 Tentativas map matching: 301

   🔑 OFFSET DETERMINÍSTICO (x=-0.008539441825980638°, y=0.009178384463687341°, max=2.0km):
   📍 Start Original:  (40.775644, -73.960687)
   🔒 Start Protegido: (40.766804, -73.951538) ✓ 1.23 km | ✓ MAP MATCHED
   📏 Deslocamento final: 1250.3 metros
   📍 End Original:    (40.774198, -73.961141)
   🔒 End Protegido:   (40.765608, -73.951827) ✓ 1.23 km | ✓ MAP MATCHED
   📏 Deslocamento final: 1237.3 metros

   📐 ANÁLISE DE DISTÂNCIA DO TRAJETO (HAVERSINE DOS PONTOS ARMAZENADOS):
   ✨ 268 pontos privados duplicados foram separados para garantir visualização 1:1.
   ℹ️  Dica: use --debug-map-matching para ver tentativas detalhadas de re-snap.
   🔢 Pontos unicos original/offset: 299/31 (Δ -268, -89.6% )
   📍 Trajeto original: 3.053 km (linha reta entre pontos GPS)
   🔒 Trajeto com offset: 4.373 km (linha reta entre pontos COM snap)
   📊 Diferença: +1.321 km (+43.3%)

======================================================================
📊 ESTATÍSTICAS FINAIS
======================================================================
Viagens processadas: 1
Distância total: 3.06 km
Combustível total: 48.38 l
CO2 real total: 111766.0 g
CO2 meta total: 589.0 g
Delta CO2: -111177.0 g
Valor E1 total: R$ -5.56

💰 Créditos: R$ 0.00
💸 Débitos: R$ 5.56
📈 Saldo líquido: R$ -5.56

🗺️  MAP MATCHING:
   Pontos processados: 299
   Snaps tentados: 299 (100.0%)
   Snaps bem-sucedidos: 299 (100.0%)
   Snaps forçados (>100m): 299 (100.0%)
   ✅ TODOS os pontos estão em ruas (FORCE_SNAP=True)
======================================================================

💾 Dados agregados salvos em: ../data/offset_batch/vehicles_step_sim_5/run_089.csv
[csv-worker_5] [vehicles_step_sim_5] ===== LOG RUN 089 FIM =====

[csv-worker_5] [vehicles_step_sim_5] ===== LOG RUN 090 INICIO =====
======================================================================
🚗 PROCESSAMENTO SUMO → E1 REGISTRY (OFFSET ALEATÓRIO - veh0)
======================================================================
📄 Entrada: ../data/vehicles_step_sim_5.csv
🏭 Consumo fabricante: 12.0 km/l
💰 Preço carbono: R$ 50.0/ton
⭕ Raio máximo do offset aleatório: 2.0 km
🎲 Offset gerado aleatoriamente:
   Ângulo: 129.1°
   Distância: 1.4804 km
   offset_x (lat): -0.008394°  |  offset_y (lon): 0.010314°
📊 Row stepping: Processando todas as linhas
🗺️  Map matching: ATIVADO (raio 1500m) - pontos snapped para ruas
📐 Cálculo de distância: HAVERSINE PURO dos pontos COM snap (consistência)
======================================================================

📊 Carregando dados SUMO...
   Total de registros no arquivo: 337
   Veículos únicos: 1
   🚙 Vehicle selecionado: carro_1000

🔄 Agregando viagens por vehicle_id...
  📐 SUMO_carro_1000: Calculando distâncias com Haversine direto (SEM routing API)
      Original: 299 pontos → 3.0526 km (Haversine)
      Offset:   299 pontos → 5.6557 km (Haversine)

🚙 Veículo: SUMO_carro_1000
   Modelo: HBEFA4/PC_petrol_Euro-6ab
   Segmentos: 299
   📏 Distância: 3.060 km (city: 3.060, highway: 0.000)
   ⛽ Combustível: 48.384 l
   🏭 CO2 real: 111766.0 g
   🎯 CO2 meta: 589.0 g
   📊 Delta: -111177.0 g
   💰 Valor E1: R$ -5.5588
   🧭 Tentativas map matching: 301

   🔑 OFFSET DETERMINÍSTICO (x=0.008177826410252224°, y=-0.0045268106425387965°, max=2.0km):
   📍 Start Original:  (40.775644, -73.960687)
   🔒 Start Protegido: (40.783767, -73.965267) ✓ 0.99 km | ✓ MAP MATCHED
   📏 Deslocamento final: 983.3 metros
   📍 End Original:    (40.774198, -73.961141)
   🔒 End Protegido:   (40.783673, -73.964935) ✓ 0.99 km | ✓ MAP MATCHED
   📏 Deslocamento final: 1102.1 metros

   📐 ANÁLISE DE DISTÂNCIA DO TRAJETO (HAVERSINE DOS PONTOS ARMAZENADOS):
   ✨ 258 pontos privados duplicados foram separados para garantir visualização 1:1.
   ℹ️  Dica: use --debug-map-matching para ver tentativas detalhadas de re-snap.
   🔢 Pontos unicos original/offset: 299/41 (Δ -258, -86.3% )
   📍 Trajeto original: 3.053 km (linha reta entre pontos GPS)
   🔒 Trajeto com offset: 5.656 km (linha reta entre pontos COM snap)
   📊 Diferença: +2.603 km (+85.3%)

======================================================================
📊 ESTATÍSTICAS FINAIS
======================================================================
Viagens processadas: 1
Distância total: 3.06 km
Combustível total: 48.38 l
CO2 real total: 111766.0 g
CO2 meta total: 589.0 g
Delta CO2: -111177.0 g
Valor E1 total: R$ -5.56

💰 Créditos: R$ 0.00
💸 Débitos: R$ 5.56
📈 Saldo líquido: R$ -5.56

🗺️  MAP MATCHING:
   Pontos processados: 299
   Snaps tentados: 299 (100.0%)
   Snaps bem-sucedidos: 299 (100.0%)
   Snaps forçados (>100m): 299 (100.0%)
   ✅ TODOS os pontos estão em ruas (FORCE_SNAP=True)
======================================================================

💾 Dados agregados salvos em: ../data/offset_batch/vehicles_step_sim_5/run_090.csv
[csv-worker_5] [vehicles_step_sim_5] ===== LOG RUN 090 FIM =====

[csv-worker_5] [vehicles_step_sim_5] ===== LOG RUN 091 INICIO =====
======================================================================
🚗 PROCESSAMENTO SUMO → E1 REGISTRY (OFFSET ALEATÓRIO - veh0)
======================================================================
📄 Entrada: ../data/vehicles_step_sim_5.csv
🏭 Consumo fabricante: 12.0 km/l
💰 Preço carbono: R$ 50.0/ton
⭕ Raio máximo do offset aleatório: 2.0 km
🎲 Offset gerado aleatoriamente:
   Ângulo: 186.7°
   Distância: 1.2981 km
   offset_x (lat): -0.011580°  |  offset_y (lon): -0.001368°
📊 Row stepping: Processando todas as linhas
🗺️  Map matching: ATIVADO (raio 1500m) - pontos snapped para ruas
📐 Cálculo de distância: HAVERSINE PURO dos pontos COM snap (consistência)
======================================================================

📊 Carregando dados SUMO...
   Total de registros no arquivo: 337
   Veículos únicos: 1
   🚙 Vehicle selecionado: carro_1000

🔄 Agregando viagens por vehicle_id...
  📐 SUMO_carro_1000: Calculando distâncias com Haversine direto (SEM routing API)
      Original: 300 pontos → 3.1542 km (Haversine)
      Offset:   300 pontos → 3.2326 km (Haversine)

🚙 Veículo: SUMO_carro_1000
   Modelo: HBEFA4/PC_petrol_Euro-6ab
   Segmentos: 300
   📏 Distância: 3.158 km (city: 2.541, highway: 0.617)
   ⛽ Combustível: 49.984 l
   🏭 CO2 real: 115462.6 g
   🎯 CO2 meta: 608.0 g
   📊 Delta: -114854.6 g
   💰 Valor E1: R$ -5.7427
   🧭 Tentativas map matching: 302

   🔑 OFFSET DETERMINÍSTICO (x=-0.014542506599790183°, y=-0.006547668106837644°, max=2.0km):
   📍 Start Original:  (40.775644, -73.960687)
   🔒 Start Protegido: (40.760999, -73.967172) ✓ 1.71 km | ✓ MAP MATCHED
   📏 Deslocamento final: 1719.5 metros
   📍 End Original:    (40.773912, -73.961904)
   🔒 End Protegido:   (40.759241, -73.968332) ✓ 1.71 km | ✓ MAP MATCHED
   📏 Deslocamento final: 1720.8 metros

   📐 ANÁLISE DE DISTÂNCIA DO TRAJETO (HAVERSINE DOS PONTOS ARMAZENADOS):
   ✨ 254 pontos privados duplicados foram separados para garantir visualização 1:1.
   ℹ️  Dica: use --debug-map-matching para ver tentativas detalhadas de re-snap.
   🔢 Pontos unicos original/offset: 299/46 (Δ -253, -84.6% )
   📍 Trajeto original: 3.154 km (linha reta entre pontos GPS)
   🔒 Trajeto com offset: 3.233 km (linha reta entre pontos COM snap)
   📊 Diferença: +0.078 km (+2.5%)

======================================================================
📊 ESTATÍSTICAS FINAIS
======================================================================
Viagens processadas: 1
Distância total: 3.16 km
Combustível total: 49.98 l
CO2 real total: 115462.6 g
CO2 meta total: 608.0 g
Delta CO2: -114854.6 g
Valor E1 total: R$ -5.74

💰 Créditos: R$ 0.00
💸 Débitos: R$ 5.74
📈 Saldo líquido: R$ -5.74

🗺️  MAP MATCHING:
   Pontos processados: 300
   Snaps tentados: 300 (100.0%)
   Snaps bem-sucedidos: 300 (100.0%)
   Snaps forçados (>100m): 300 (100.0%)
   ✅ TODOS os pontos estão em ruas (FORCE_SNAP=True)
======================================================================

💾 Dados agregados salvos em: ../data/offset_batch/vehicles_step_sim_5/run_091.csv
[csv-worker_5] [vehicles_step_sim_5] ===== LOG RUN 091 FIM =====

[csv-worker_5] [vehicles_step_sim_5] ===== LOG RUN 092 INICIO =====
======================================================================
🚗 PROCESSAMENTO SUMO → E1 REGISTRY (OFFSET ALEATÓRIO - veh0)
======================================================================
📄 Entrada: ../data/vehicles_step_sim_5.csv
🏭 Consumo fabricante: 12.0 km/l
💰 Preço carbono: R$ 50.0/ton
⭕ Raio máximo do offset aleatório: 2.0 km
🎲 Offset gerado aleatoriamente:
   Ângulo: 242.5°
   Distância: 0.8944 km
   offset_x (lat): -0.003706°  |  offset_y (lon): -0.007128°
📊 Row stepping: Processando todas as linhas
🗺️  Map matching: ATIVADO (raio 1500m) - pontos snapped para ruas
📐 Cálculo de distância: HAVERSINE PURO dos pontos COM snap (consistência)
======================================================================

📊 Carregando dados SUMO...
   Total de registros no arquivo: 337
   Veículos únicos: 1
   🚙 Vehicle selecionado: carro_1000

🔄 Agregando viagens por vehicle_id...
  📐 SUMO_carro_1000: Calculando distâncias com Haversine direto (SEM routing API)
      Original: 323 pontos → 2.9161 km (Haversine)
      Offset:   323 pontos → 3.0790 km (Haversine)

🚙 Veículo: SUMO_carro_1000
   Modelo: HBEFA4/PC_petrol_Euro-6ab
   Segmentos: 323
   📏 Distância: 2.926 km (city: 2.764, highway: 0.161)
   ⛽ Combustível: 54.094 l
   🏭 CO2 real: 124958.0 g
   🎯 CO2 meta: 563.2 g
   📊 Delta: -124394.9 g
   💰 Valor E1: R$ -6.2197
   🧭 Tentativas map matching: 325

   🔑 OFFSET DETERMINÍSTICO (x=-0.006299135975558901°, y=-0.011165289351142223°, max=2.0km):
   📍 Start Original:  (40.775644, -73.960687)
   🔒 Start Protegido: (40.768818, -73.971982) ✓ 1.17 km | ✓ MAP MATCHED
   📏 Deslocamento final: 1218.2 metros
   📍 End Original:    (40.774046, -73.961617)
   🔒 End Protegido:   (40.768815, -73.972180) ✓ 1.17 km | ✓ MAP MATCHED
   📏 Deslocamento final: 1064.0 metros

   📐 ANÁLISE DE DISTÂNCIA DO TRAJETO (HAVERSINE DOS PONTOS ARMAZENADOS):
   ✨ 272 pontos privados duplicados foram separados para garantir visualização 1:1.
   ℹ️  Dica: use --debug-map-matching para ver tentativas detalhadas de re-snap.
   🔢 Pontos unicos original/offset: 320/51 (Δ -269, -84.1% )
   📍 Trajeto original: 2.916 km (linha reta entre pontos GPS)
   🔒 Trajeto com offset: 3.079 km (linha reta entre pontos COM snap)
   📊 Diferença: +0.163 km (+5.6%)

======================================================================
📊 ESTATÍSTICAS FINAIS
======================================================================
Viagens processadas: 1
Distância total: 2.93 km
Combustível total: 54.09 l
CO2 real total: 124958.0 g
CO2 meta total: 563.2 g
Delta CO2: -124394.9 g
Valor E1 total: R$ -6.22

💰 Créditos: R$ 0.00
💸 Débitos: R$ 6.22
📈 Saldo líquido: R$ -6.22

🗺️  MAP MATCHING:
   Pontos processados: 323
   Snaps tentados: 323 (100.0%)
   Snaps bem-sucedidos: 323 (100.0%)
   Snaps forçados (>100m): 323 (100.0%)
   ✅ TODOS os pontos estão em ruas (FORCE_SNAP=True)
======================================================================

💾 Dados agregados salvos em: ../data/offset_batch/vehicles_step_sim_5/run_092.csv
[csv-worker_5] [vehicles_step_sim_5] ===== LOG RUN 092 FIM =====

[csv-worker_5] [vehicles_step_sim_5] ===== LOG RUN 093 INICIO =====
======================================================================
🚗 PROCESSAMENTO SUMO → E1 REGISTRY (OFFSET ALEATÓRIO - veh0)
======================================================================
📄 Entrada: ../data/vehicles_step_sim_5.csv
🏭 Consumo fabricante: 12.0 km/l
💰 Preço carbono: R$ 50.0/ton
⭕ Raio máximo do offset aleatório: 2.0 km
🎲 Offset gerado aleatoriamente:
   Ângulo: 60.4°
   Distância: 1.2471 km
   offset_x (lat): 0.005540°  |  offset_y (lon): 0.009737°
📊 Row stepping: Processando todas as linhas
🗺️  Map matching: ATIVADO (raio 1500m) - pontos snapped para ruas
📐 Cálculo de distância: HAVERSINE PURO dos pontos COM snap (consistência)
======================================================================

📊 Carregando dados SUMO...
   Total de registros no arquivo: 337
   Veículos únicos: 1
   🚙 Vehicle selecionado: carro_1000

🔄 Agregando viagens por vehicle_id...
  📐 SUMO_carro_1000: Calculando distâncias com Haversine direto (SEM routing API)
      Original: 323 pontos → 2.9161 km (Haversine)
      Offset:   323 pontos → 2.5867 km (Haversine)

🚙 Veículo: SUMO_carro_1000
   Modelo: HBEFA4/PC_petrol_Euro-6ab
   Segmentos: 323
   📏 Distância: 2.926 km (city: 2.764, highway: 0.161)
   ⛽ Combustível: 54.094 l
   🏭 CO2 real: 124958.0 g
   🎯 CO2 meta: 563.2 g
   📊 Delta: -124394.9 g
   💰 Valor E1: R$ -6.2197
   🧭 Tentativas map matching: 325

   🔑 OFFSET DETERMINÍSTICO (x=-0.013162402299048524°, y=0.004557549699260872°, max=2.0km):
   📍 Start Original:  (40.775644, -73.960687)
   🔒 Start Protegido: (40.762990, -73.956580) ✓ 1.51 km | ✓ MAP MATCHED
   📏 Deslocamento final: 1450.6 metros
   📍 End Original:    (40.774046, -73.961617)
   🔒 End Protegido:   (40.760823, -73.957064) ✓ 1.51 km | ✓ MAP MATCHED
   📏 Deslocamento final: 1521.1 metros

   📐 ANÁLISE DE DISTÂNCIA DO TRAJETO (HAVERSINE DOS PONTOS ARMAZENADOS):
   ✨ 264 pontos privados duplicados foram separados para garantir visualização 1:1.
   ℹ️  Dica: use --debug-map-matching para ver tentativas detalhadas de re-snap.
   🔢 Pontos unicos original/offset: 320/59 (Δ -261, -81.6% )
   📍 Trajeto original: 2.916 km (linha reta entre pontos GPS)
   🔒 Trajeto com offset: 2.587 km (linha reta entre pontos COM snap)
   📊 Diferença: -0.329 km (-11.3%)

======================================================================
📊 ESTATÍSTICAS FINAIS
======================================================================
Viagens processadas: 1
Distância total: 2.93 km
Combustível total: 54.09 l
CO2 real total: 124958.0 g
CO2 meta total: 563.2 g
Delta CO2: -124394.9 g
Valor E1 total: R$ -6.22

💰 Créditos: R$ 0.00
💸 Débitos: R$ 6.22
📈 Saldo líquido: R$ -6.22

🗺️  MAP MATCHING:
   Pontos processados: 323
   Snaps tentados: 323 (100.0%)
   Snaps bem-sucedidos: 323 (100.0%)
   Snaps forçados (>100m): 323 (100.0%)
   ✅ TODOS os pontos estão em ruas (FORCE_SNAP=True)
======================================================================

💾 Dados agregados salvos em: ../data/offset_batch/vehicles_step_sim_5/run_093.csv
[csv-worker_5] [vehicles_step_sim_5] ===== LOG RUN 093 FIM =====

[csv-worker_5] [vehicles_step_sim_5] ===== LOG RUN 094 INICIO =====
======================================================================
🚗 PROCESSAMENTO SUMO → E1 REGISTRY (OFFSET ALEATÓRIO - veh0)
======================================================================
📄 Entrada: ../data/vehicles_step_sim_5.csv
🏭 Consumo fabricante: 12.0 km/l
💰 Preço carbono: R$ 50.0/ton
⭕ Raio máximo do offset aleatório: 2.0 km
🎲 Offset gerado aleatoriamente:
   Ângulo: 306.9°
   Distância: 1.6059 km
   offset_x (lat): 0.008660°  |  offset_y (lon): -0.011538°
📊 Row stepping: Processando todas as linhas
🗺️  Map matching: ATIVADO (raio 1500m) - pontos snapped para ruas
📐 Cálculo de distância: HAVERSINE PURO dos pontos COM snap (consistência)
======================================================================

📊 Carregando dados SUMO...
   Total de registros no arquivo: 337
   Veículos únicos: 1
   🚙 Vehicle selecionado: carro_1000

🔄 Agregando viagens por vehicle_id...
  📐 SUMO_carro_1000: Calculando distâncias com Haversine direto (SEM routing API)
      Original: 301 pontos → 3.1480 km (Haversine)
      Offset:   301 pontos → 3.4781 km (Haversine)

🚙 Veículo: SUMO_carro_1000
   Modelo: HBEFA4/PC_petrol_Euro-6ab
   Segmentos: 301
   📏 Distância: 3.159 km (city: 3.020, highway: 0.139)
   ⛽ Combustível: 51.224 l
   🏭 CO2 real: 118326.7 g
   🎯 CO2 meta: 608.1 g
   📊 Delta: -117718.6 g
   💰 Valor E1: R$ -5.8859
   🧭 Tentativas map matching: 303

   🔑 OFFSET DETERMINÍSTICO (x=-0.008804354179292198°, y=-0.015335364212268386°, max=2.0km):
   📍 Start Original:  (40.775644, -73.960687)
   🔒 Start Protegido: (40.765881, -73.976720) ✓ 1.62 km | ✓ MAP MATCHED
   📏 Deslocamento final: 1734.3 metros
   📍 End Original:    (40.771236, -73.963813)
   🔒 End Protegido:   (40.762453, -73.978734) ✓ 1.62 km | ✓ MAP MATCHED
   📏 Deslocamento final: 1593.2 metros

   📐 ANÁLISE DE DISTÂNCIA DO TRAJETO (HAVERSINE DOS PONTOS ARMAZENADOS):
   ✨ 273 pontos privados duplicados foram separados para garantir visualização 1:1.
   ℹ️  Dica: use --debug-map-matching para ver tentativas detalhadas de re-snap.
   🔢 Pontos unicos original/offset: 301/28 (Δ -273, -90.7% )
   📍 Trajeto original: 3.148 km (linha reta entre pontos GPS)
   🔒 Trajeto com offset: 3.478 km (linha reta entre pontos COM snap)
   📊 Diferença: +0.330 km (+10.5%)

======================================================================
📊 ESTATÍSTICAS FINAIS
======================================================================
Viagens processadas: 1
Distância total: 3.16 km
Combustível total: 51.22 l
CO2 real total: 118326.7 g
CO2 meta total: 608.1 g
Delta CO2: -117718.6 g
Valor E1 total: R$ -5.89

💰 Créditos: R$ 0.00
💸 Débitos: R$ 5.89
📈 Saldo líquido: R$ -5.89

🗺️  MAP MATCHING:
   Pontos processados: 301
   Snaps tentados: 301 (100.0%)
   Snaps bem-sucedidos: 301 (100.0%)
   Snaps forçados (>100m): 301 (100.0%)
   ✅ TODOS os pontos estão em ruas (FORCE_SNAP=True)
======================================================================

💾 Dados agregados salvos em: ../data/offset_batch/vehicles_step_sim_5/run_094.csv
[csv-worker_5] [vehicles_step_sim_5] ===== LOG RUN 094 FIM =====

[csv-worker_5] [vehicles_step_sim_5] ===== LOG RUN 095 INICIO =====
======================================================================
🚗 PROCESSAMENTO SUMO → E1 REGISTRY (OFFSET ALEATÓRIO - veh0)
======================================================================
📄 Entrada: ../data/vehicles_step_sim_5.csv
🏭 Consumo fabricante: 12.0 km/l
💰 Preço carbono: R$ 50.0/ton
⭕ Raio máximo do offset aleatório: 2.0 km
🎲 Offset gerado aleatoriamente:
   Ângulo: 209.3°
   Distância: 1.5273 km
   offset_x (lat): -0.011964°  |  offset_y (lon): -0.006715°
📊 Row stepping: Processando todas as linhas
🗺️  Map matching: ATIVADO (raio 1500m) - pontos snapped para ruas
📐 Cálculo de distância: HAVERSINE PURO dos pontos COM snap (consistência)
======================================================================

📊 Carregando dados SUMO...
   Total de registros no arquivo: 337
   Veículos únicos: 1
   🚙 Vehicle selecionado: carro_1000

🔄 Agregando viagens por vehicle_id...
  📐 SUMO_carro_1000: Calculando distâncias com Haversine direto (SEM routing API)
      Original: 324 pontos → 3.1629 km (Haversine)
      Offset:   324 pontos → 3.3190 km (Haversine)

🚙 Veículo: SUMO_carro_1000
   Modelo: HBEFA4/PC_petrol_Euro-6ab
   Segmentos: 324
   📏 Distância: 3.166 km (city: 3.024, highway: 0.142)
   ⛽ Combustível: 49.530 l
   🏭 CO2 real: 114414.1 g
   🎯 CO2 meta: 609.4 g
   📊 Delta: -113804.6 g
   💰 Valor E1: R$ -5.6902
   🧭 Tentativas map matching: 326

   🔑 OFFSET DETERMINÍSTICO (x=-0.005307994318008083°, y=-0.013307878134449006°, max=2.0km):
   📍 Start Original:  (40.775644, -73.960687)
   🔒 Start Protegido: (40.769902, -73.974741) ✓ 1.27 km | ✓ MAP MATCHED
   📏 Deslocamento final: 1346.1 metros
   📍 End Original:    (40.772251, -73.963071)
   🔒 End Protegido:   (40.766041, -73.977098) ✓ 1.27 km | ✓ MAP MATCHED
   📏 Deslocamento final: 1369.8 metros

   📐 ANÁLISE DE DISTÂNCIA DO TRAJETO (HAVERSINE DOS PONTOS ARMAZENADOS):
   ✨ 269 pontos privados duplicados foram separados para garantir visualização 1:1.
   ℹ️  Dica: use --debug-map-matching para ver tentativas detalhadas de re-snap.
   🔢 Pontos unicos original/offset: 324/55 (Δ -269, -83.0% )
   📍 Trajeto original: 3.163 km (linha reta entre pontos GPS)
   🔒 Trajeto com offset: 3.319 km (linha reta entre pontos COM snap)
   📊 Diferença: +0.156 km (+4.9%)

======================================================================
📊 ESTATÍSTICAS FINAIS
======================================================================
Viagens processadas: 1
Distância total: 3.17 km
Combustível total: 49.53 l
CO2 real total: 114414.1 g
CO2 meta total: 609.4 g
Delta CO2: -113804.6 g
Valor E1 total: R$ -5.69

💰 Créditos: R$ 0.00
💸 Débitos: R$ 5.69
📈 Saldo líquido: R$ -5.69

🗺️  MAP MATCHING:
   Pontos processados: 324
   Snaps tentados: 324 (100.0%)
   Snaps bem-sucedidos: 324 (100.0%)
   Snaps forçados (>100m): 324 (100.0%)
   ✅ TODOS os pontos estão em ruas (FORCE_SNAP=True)
======================================================================

💾 Dados agregados salvos em: ../data/offset_batch/vehicles_step_sim_5/run_095.csv
[csv-worker_5] [vehicles_step_sim_5] ===== LOG RUN 095 FIM =====

[csv-worker_5] [vehicles_step_sim_5] ===== LOG RUN 096 INICIO =====
======================================================================
🚗 PROCESSAMENTO SUMO → E1 REGISTRY (OFFSET ALEATÓRIO - veh0)
======================================================================
📄 Entrada: ../data/vehicles_step_sim_5.csv
🏭 Consumo fabricante: 12.0 km/l
💰 Preço carbono: R$ 50.0/ton
⭕ Raio máximo do offset aleatório: 2.0 km
🎲 Offset gerado aleatoriamente:
   Ângulo: 133.7°
   Distância: 0.5109 km
   offset_x (lat): -0.003171°  |  offset_y (lon): 0.003318°
📊 Row stepping: Processando todas as linhas
🗺️  Map matching: ATIVADO (raio 1500m) - pontos snapped para ruas
📐 Cálculo de distância: HAVERSINE PURO dos pontos COM snap (consistência)
======================================================================

📊 Carregando dados SUMO...
   Total de registros no arquivo: 337
   Veículos únicos: 1
   🚙 Vehicle selecionado: carro_1000

🔄 Agregando viagens por vehicle_id...
  📐 SUMO_carro_1000: Calculando distâncias com Haversine direto (SEM routing API)
      Original: 324 pontos → 3.1629 km (Haversine)
      Offset:   324 pontos → 3.5399 km (Haversine)

🚙 Veículo: SUMO_carro_1000
   Modelo: HBEFA4/PC_petrol_Euro-6ab
   Segmentos: 324
   📏 Distância: 3.166 km (city: 3.024, highway: 0.142)
   ⛽ Combustível: 49.530 l
   🏭 CO2 real: 114414.1 g
   🎯 CO2 meta: 609.4 g
   📊 Delta: -113804.6 g
   💰 Valor E1: R$ -5.6902
   🧭 Tentativas map matching: 326

   🔑 OFFSET DETERMINÍSTICO (x=-0.007368141708486591°, y=0.0084491132593114°, max=2.0km):
   📍 Start Original:  (40.775644, -73.960687)
   🔒 Start Protegido: (40.768117, -73.952658) ✓ 1.09 km | ✓ MAP MATCHED
   📏 Deslocamento final: 1077.0 metros
   📍 End Original:    (40.772251, -73.963071)
   🔒 End Protegido:   (40.764990, -73.955116) ✓ 1.09 km | ✓ MAP MATCHED
   📏 Deslocamento final: 1050.2 metros

   📐 ANÁLISE DE DISTÂNCIA DO TRAJETO (HAVERSINE DOS PONTOS ARMAZENADOS):
   ✨ 264 pontos privados duplicados foram separados para garantir visualização 1:1.
   ℹ️  Dica: use --debug-map-matching para ver tentativas detalhadas de re-snap.
   🔢 Pontos unicos original/offset: 324/60 (Δ -264, -81.5% )
   📍 Trajeto original: 3.163 km (linha reta entre pontos GPS)
   🔒 Trajeto com offset: 3.540 km (linha reta entre pontos COM snap)
   📊 Diferença: +0.377 km (+11.9%)

======================================================================
📊 ESTATÍSTICAS FINAIS
======================================================================
Viagens processadas: 1
Distância total: 3.17 km
Combustível total: 49.53 l
CO2 real total: 114414.1 g
CO2 meta total: 609.4 g
Delta CO2: -113804.6 g
Valor E1 total: R$ -5.69

💰 Créditos: R$ 0.00
💸 Débitos: R$ 5.69
📈 Saldo líquido: R$ -5.69

🗺️  MAP MATCHING:
   Pontos processados: 324
   Snaps tentados: 324 (100.0%)
   Snaps bem-sucedidos: 324 (100.0%)
   Snaps forçados (>100m): 324 (100.0%)
   ✅ TODOS os pontos estão em ruas (FORCE_SNAP=True)
======================================================================

💾 Dados agregados salvos em: ../data/offset_batch/vehicles_step_sim_5/run_096.csv
[csv-worker_5] [vehicles_step_sim_5] ===== LOG RUN 096 FIM =====

[csv-worker_5] [vehicles_step_sim_5] ===== LOG RUN 097 INICIO =====
======================================================================
🚗 PROCESSAMENTO SUMO → E1 REGISTRY (OFFSET ALEATÓRIO - veh0)
======================================================================
📄 Entrada: ../data/vehicles_step_sim_5.csv
🏭 Consumo fabricante: 12.0 km/l
💰 Preço carbono: R$ 50.0/ton
⭕ Raio máximo do offset aleatório: 2.0 km
🎲 Offset gerado aleatoriamente:
   Ângulo: 321.3°
   Distância: 1.1007 km
   offset_x (lat): 0.007714°  |  offset_y (lon): -0.006186°
📊 Row stepping: Processando todas as linhas
🗺️  Map matching: ATIVADO (raio 1500m) - pontos snapped para ruas
📐 Cálculo de distância: HAVERSINE PURO dos pontos COM snap (consistência)
======================================================================

📊 Carregando dados SUMO...
   Total de registros no arquivo: 337
   Veículos únicos: 1
   🚙 Vehicle selecionado: carro_1000

🔄 Agregando viagens por vehicle_id...
  📐 SUMO_carro_1000: Calculando distâncias com Haversine direto (SEM routing API)
      Original: 323 pontos → 2.9161 km (Haversine)
      Offset:   323 pontos → 3.5004 km (Haversine)

🚙 Veículo: SUMO_carro_1000
   Modelo: HBEFA4/PC_petrol_Euro-6ab
   Segmentos: 323
   📏 Distância: 2.926 km (city: 2.764, highway: 0.161)
   ⛽ Combustível: 54.094 l
   🏭 CO2 real: 124958.0 g
   🎯 CO2 meta: 563.2 g
   📊 Delta: -124394.9 g
   💰 Valor E1: R$ -6.2197
   🧭 Tentativas map matching: 325

   🔑 OFFSET DETERMINÍSTICO (x=0.009130995755012796°, y=-1.8825302759194526e-05°, max=2.0km):
   📍 Start Original:  (40.775644, -73.960687)
   🔒 Start Protegido: (40.784023, -73.958603) ✓ 1.02 km | ✓ MAP MATCHED
   📏 Deslocamento final: 949.2 metros
   📍 End Original:    (40.774046, -73.961617)
   🔒 End Protegido:   (40.782782, -73.963610) ✓ 1.02 km | ✓ MAP MATCHED
   📏 Deslocamento final: 987.0 metros

   📐 ANÁLISE DE DISTÂNCIA DO TRAJETO (HAVERSINE DOS PONTOS ARMAZENADOS):
   ✨ 275 pontos privados duplicados foram separados para garantir visualização 1:1.
   ℹ️  Dica: use --debug-map-matching para ver tentativas detalhadas de re-snap.
   🔢 Pontos unicos original/offset: 320/48 (Δ -272, -85.0% )
   📍 Trajeto original: 2.916 km (linha reta entre pontos GPS)
   🔒 Trajeto com offset: 3.500 km (linha reta entre pontos COM snap)
   📊 Diferença: +0.584 km (+20.0%)

======================================================================
📊 ESTATÍSTICAS FINAIS
======================================================================
Viagens processadas: 1
Distância total: 2.93 km
Combustível total: 54.09 l
CO2 real total: 124958.0 g
CO2 meta total: 563.2 g
Delta CO2: -124394.9 g
Valor E1 total: R$ -6.22

💰 Créditos: R$ 0.00
💸 Débitos: R$ 6.22
📈 Saldo líquido: R$ -6.22

🗺️  MAP MATCHING:
   Pontos processados: 323
   Snaps tentados: 323 (100.0%)
   Snaps bem-sucedidos: 323 (100.0%)
   Snaps forçados (>100m): 323 (100.0%)
   ✅ TODOS os pontos estão em ruas (FORCE_SNAP=True)
======================================================================

💾 Dados agregados salvos em: ../data/offset_batch/vehicles_step_sim_5/run_097.csv
[csv-worker_5] [vehicles_step_sim_5] ===== LOG RUN 097 FIM =====

[csv-worker_5] [vehicles_step_sim_5] ===== LOG RUN 098 INICIO =====
======================================================================
🚗 PROCESSAMENTO SUMO → E1 REGISTRY (OFFSET ALEATÓRIO - veh0)
======================================================================
📄 Entrada: ../data/vehicles_step_sim_5.csv
🏭 Consumo fabricante: 12.0 km/l
💰 Preço carbono: R$ 50.0/ton
⭕ Raio máximo do offset aleatório: 2.0 km
🎲 Offset gerado aleatoriamente:
   Ângulo: 223.9°
   Distância: 1.8671 km
   offset_x (lat): -0.012095°  |  offset_y (lon): -0.011620°
📊 Row stepping: Processando todas as linhas
🗺️  Map matching: ATIVADO (raio 1500m) - pontos snapped para ruas
📐 Cálculo de distância: HAVERSINE PURO dos pontos COM snap (consistência)
======================================================================

📊 Carregando dados SUMO...
   Total de registros no arquivo: 337
   Veículos únicos: 1
   🚙 Vehicle selecionado: carro_1000

🔄 Agregando viagens por vehicle_id...
  📐 SUMO_carro_1000: Calculando distâncias com Haversine direto (SEM routing API)
      Original: 323 pontos → 2.9161 km (Haversine)
      Offset:   323 pontos → 2.8036 km (Haversine)

🚙 Veículo: SUMO_carro_1000
   Modelo: HBEFA4/PC_petrol_Euro-6ab
   Segmentos: 323
   📏 Distância: 2.926 km (city: 2.764, highway: 0.161)
   ⛽ Combustível: 54.094 l
   🏭 CO2 real: 124958.0 g
   🎯 CO2 meta: 563.2 g
   📊 Delta: -124394.9 g
   💰 Valor E1: R$ -6.2197
   🧭 Tentativas map matching: 325

   🔑 OFFSET DETERMINÍSTICO (x=0.0029931915407487375°, y=-0.0047194153321596525°, max=2.0km):
   📍 Start Original:  (40.775644, -73.960687)
   🔒 Start Protegido: (40.778096, -73.965647) ✓ 0.52 km | ✓ MAP MATCHED
   📏 Deslocamento final: 499.4 metros
   📍 End Original:    (40.774046, -73.961617)
   🔒 End Protegido:   (40.778140, -73.966184) ✓ 0.52 km | ✓ MAP MATCHED
   📏 Deslocamento final: 596.6 metros

   📐 ANÁLISE DE DISTÂNCIA DO TRAJETO (HAVERSINE DOS PONTOS ARMAZENADOS):
   ✨ 281 pontos privados duplicados foram separados para garantir visualização 1:1.
   ℹ️  Dica: use --debug-map-matching para ver tentativas detalhadas de re-snap.
   🔢 Pontos unicos original/offset: 320/42 (Δ -278, -86.9% )
   📍 Trajeto original: 2.916 km (linha reta entre pontos GPS)
   🔒 Trajeto com offset: 2.804 km (linha reta entre pontos COM snap)
   📊 Diferença: -0.113 km (-3.9%)

======================================================================
📊 ESTATÍSTICAS FINAIS
======================================================================
Viagens processadas: 1
Distância total: 2.93 km
Combustível total: 54.09 l
CO2 real total: 124958.0 g
CO2 meta total: 563.2 g
Delta CO2: -124394.9 g
Valor E1 total: R$ -6.22

💰 Créditos: R$ 0.00
💸 Débitos: R$ 6.22
📈 Saldo líquido: R$ -6.22

🗺️  MAP MATCHING:
   Pontos processados: 323
   Snaps tentados: 323 (100.0%)
   Snaps bem-sucedidos: 323 (100.0%)
   Snaps forçados (>100m): 323 (100.0%)
   ✅ TODOS os pontos estão em ruas (FORCE_SNAP=True)
======================================================================

💾 Dados agregados salvos em: ../data/offset_batch/vehicles_step_sim_5/run_098.csv
[csv-worker_5] [vehicles_step_sim_5] ===== LOG RUN 098 FIM =====

[csv-worker_5] [vehicles_step_sim_5] ===== LOG RUN 099 INICIO =====
======================================================================
🚗 PROCESSAMENTO SUMO → E1 REGISTRY (OFFSET ALEATÓRIO - veh0)
======================================================================
📄 Entrada: ../data/vehicles_step_sim_5.csv
🏭 Consumo fabricante: 12.0 km/l
💰 Preço carbono: R$ 50.0/ton
⭕ Raio máximo do offset aleatório: 2.0 km
🎲 Offset gerado aleatoriamente:
   Ângulo: 191.1°
   Distância: 1.1723 km
   offset_x (lat): -0.010336°  |  offset_y (lon): -0.002019°
📊 Row stepping: Processando todas as linhas
🗺️  Map matching: ATIVADO (raio 1500m) - pontos snapped para ruas
📐 Cálculo de distância: HAVERSINE PURO dos pontos COM snap (consistência)
======================================================================

📊 Carregando dados SUMO...
   Total de registros no arquivo: 337
   Veículos únicos: 1
   🚙 Vehicle selecionado: carro_1000

🔄 Agregando viagens por vehicle_id...
  📐 SUMO_carro_1000: Calculando distâncias com Haversine direto (SEM routing API)
      Original: 323 pontos → 2.9161 km (Haversine)
      Offset:   323 pontos → 3.7641 km (Haversine)

🚙 Veículo: SUMO_carro_1000
   Modelo: HBEFA4/PC_petrol_Euro-6ab
   Segmentos: 323
   📏 Distância: 2.926 km (city: 2.764, highway: 0.161)
   ⛽ Combustível: 54.094 l
   🏭 CO2 real: 124958.0 g
   🎯 CO2 meta: 563.2 g
   📊 Delta: -124394.9 g
   💰 Valor E1: R$ -6.2197
   🧭 Tentativas map matching: 325

   🔑 OFFSET DETERMINÍSTICO (x=0.010106353836522492°, y=-0.003359791564860738°, max=2.0km):
   📍 Start Original:  (40.775644, -73.960687)
   🔒 Start Protegido: (40.783673, -73.964935) ✓ 1.16 km | ✓ MAP MATCHED
   📏 Deslocamento final: 962.9 metros
   📍 End Original:    (40.774046, -73.961617)
   🔒 End Protegido:   (40.783767, -73.965267) ✓ 1.16 km | ✓ MAP MATCHED
   📏 Deslocamento final: 1125.1 metros

   📐 ANÁLISE DE DISTÂNCIA DO TRAJETO (HAVERSINE DOS PONTOS ARMAZENADOS):
   ✨ 287 pontos privados duplicados foram separados para garantir visualização 1:1.
   ℹ️  Dica: use --debug-map-matching para ver tentativas detalhadas de re-snap.
   🔢 Pontos unicos original/offset: 320/36 (Δ -284, -88.8% )
   📍 Trajeto original: 2.916 km (linha reta entre pontos GPS)
   🔒 Trajeto com offset: 3.764 km (linha reta entre pontos COM snap)
   📊 Diferença: +0.848 km (+29.1%)

======================================================================
📊 ESTATÍSTICAS FINAIS
======================================================================
Viagens processadas: 1
Distância total: 2.93 km
Combustível total: 54.09 l
CO2 real total: 124958.0 g
CO2 meta total: 563.2 g
Delta CO2: -124394.9 g
Valor E1 total: R$ -6.22

💰 Créditos: R$ 0.00
💸 Débitos: R$ 6.22
📈 Saldo líquido: R$ -6.22

🗺️  MAP MATCHING:
   Pontos processados: 323
   Snaps tentados: 323 (100.0%)
   Snaps bem-sucedidos: 323 (100.0%)
   Snaps forçados (>100m): 323 (100.0%)
   ✅ TODOS os pontos estão em ruas (FORCE_SNAP=True)
======================================================================

💾 Dados agregados salvos em: ../data/offset_batch/vehicles_step_sim_5/run_099.csv
[csv-worker_5] [vehicles_step_sim_5] ===== LOG RUN 099 FIM =====

[csv-worker_5] [vehicles_step_sim_5] ===== LOG RUN 100 INICIO =====
======================================================================
🚗 PROCESSAMENTO SUMO → E1 REGISTRY (OFFSET ALEATÓRIO - veh0)
======================================================================
📄 Entrada: ../data/vehicles_step_sim_5.csv
🏭 Consumo fabricante: 12.0 km/l
💰 Preço carbono: R$ 50.0/ton
⭕ Raio máximo do offset aleatório: 2.0 km
🎲 Offset gerado aleatoriamente:
   Ângulo: 242.3°
   Distância: 0.8745 km
   offset_x (lat): -0.003649°  |  offset_y (lon): -0.006957°
📊 Row stepping: Processando todas as linhas
🗺️  Map matching: ATIVADO (raio 1500m) - pontos snapped para ruas
📐 Cálculo de distância: HAVERSINE PURO dos pontos COM snap (consistência)
======================================================================

📊 Carregando dados SUMO...
   Total de registros no arquivo: 337
   Veículos únicos: 1
   🚙 Vehicle selecionado: carro_1000

🔄 Agregando viagens por vehicle_id...
  📐 SUMO_carro_1000: Calculando distâncias com Haversine direto (SEM routing API)
      Original: 337 pontos → 3.3706 km (Haversine)
      Offset:   337 pontos → 3.4512 km (Haversine)

🚙 Veículo: SUMO_carro_1000
   Modelo: HBEFA4/PC_petrol_Euro-6ab
   Segmentos: 337
   📏 Distância: 3.379 km (city: 3.069, highway: 0.310)
   ⛽ Combustível: 58.616 l
   🏭 CO2 real: 135402.3 g
   🎯 CO2 meta: 650.5 g
   📊 Delta: -134751.8 g
   💰 Valor E1: R$ -6.7376
   🧭 Tentativas map matching: 339

   🔑 OFFSET DETERMINÍSTICO (x=-0.0036487638955118927°, y=-0.006956747302909368°, max=2.0km):
   📍 Start Original:  (40.775644, -73.960687)
   🔒 Start Protegido: (40.771838, -73.967489) ✓ 0.71 km | ✓ MAP MATCHED
   📏 Deslocamento final: 712.9 metros
   📍 End Original:    (40.774801, -73.960637)
   🔒 End Protegido:   (40.771107, -73.967897) ✓ 0.71 km | ✓ MAP MATCHED
   📏 Deslocamento final: 737.3 metros

   📐 ANÁLISE DE DISTÂNCIA DO TRAJETO (HAVERSINE DOS PONTOS ARMAZENADOS):
   ✨ 257 pontos privados duplicados foram separados para garantir visualização 1:1.
   ℹ️  Dica: use --debug-map-matching para ver tentativas detalhadas de re-snap.
   🔢 Pontos unicos original/offset: 337/80 (Δ -257, -76.3% )
   📍 Trajeto original: 3.371 km (linha reta entre pontos GPS)
   🔒 Trajeto com offset: 3.451 km (linha reta entre pontos COM snap)
   📊 Diferença: +0.081 km (+2.4%)

======================================================================
📊 ESTATÍSTICAS FINAIS
======================================================================
Viagens processadas: 1
Distância total: 3.38 km
Combustível total: 58.62 l
CO2 real total: 135402.3 g
CO2 meta total: 650.5 g
Delta CO2: -134751.8 g
Valor E1 total: R$ -6.74

💰 Créditos: R$ 0.00
💸 Débitos: R$ 6.74
📈 Saldo líquido: R$ -6.74

🗺️  MAP MATCHING:
   Pontos processados: 337
   Snaps tentados: 337 (100.0%)
   Snaps bem-sucedidos: 337 (100.0%)
   Snaps forçados (>100m): 337 (100.0%)
   ✅ TODOS os pontos estão em ruas (FORCE_SNAP=True)
======================================================================

💾 Dados agregados salvos em: ../data/offset_batch/vehicles_step_sim_5/run_100.csv
[csv-worker_5] [vehicles_step_sim_5] ===== LOG RUN 100 FIM =====

FIM CSV: vehicles_step_sim_5
